session_id,method,domain,origin,register,category,expected,extracted,true_positives,precision,recall,f1,resume_tokens,total_tokens,compression_ratio,extract_ms,node_count
data_migration,tokenmizer_v0.5.2,data/sql,synthetic,unspecified,completed_tasks,2,2,2,1.0,1.0,1.0,137,178,1.3,242.07656500038865,13
data_migration,tokenmizer_v0.5.2,data/sql,synthetic,unspecified,pending_tasks,1,1,1,1.0,1.0,1.0,137,178,1.3,242.07656500038865,13
data_migration,tokenmizer_v0.5.2,data/sql,synthetic,unspecified,decisions,4,4,4,1.0,1.0,1.0,137,178,1.3,242.07656500038865,13
data_migration,tokenmizer_v0.5.2,data/sql,synthetic,unspecified,files,4,4,4,1.0,1.0,1.0,137,178,1.3,242.07656500038865,13
data_migration,tokenmizer_v0.5.2,data/sql,synthetic,unspecified,errors,1,2,1,0.5,1.0,0.6667,137,178,1.3,242.07656500038865,13
data_migration,graphiti_style,data/sql,synthetic,unspecified,completed_tasks,2,5,2,0.4,1.0,0.5714,137,178,1.3,0.6110200001785415,17
data_migration,graphiti_style,data/sql,synthetic,unspecified,pending_tasks,1,3,1,0.3333,1.0,0.5,137,178,1.3,0.6110200001785415,17
data_migration,graphiti_style,data/sql,synthetic,unspecified,decisions,4,5,4,1.0,1.0,1.0,137,178,1.3,0.6110200001785415,17
data_migration,graphiti_style,data/sql,synthetic,unspecified,files,4,4,4,1.0,1.0,1.0,137,178,1.3,0.6110200001785415,17
data_migration,graphiti_style,data/sql,synthetic,unspecified,errors,1,0,0,1.0,0.0,0.0,137,178,1.3,0.6110200001785415,17
data_migration,graphrag_style,data/sql,synthetic,unspecified,completed_tasks,2,1,1,1.0,0.5,0.6667,73,178,2.44,0.5307279998305603,10
data_migration,graphrag_style,data/sql,synthetic,unspecified,pending_tasks,1,0,0,1.0,0.0,0.0,73,178,2.44,0.5307279998305603,10
data_migration,graphrag_style,data/sql,synthetic,unspecified,decisions,4,5,4,1.0,1.0,1.0,73,178,2.44,0.5307279998305603,10
data_migration,graphrag_style,data/sql,synthetic,unspecified,files,4,4,4,1.0,1.0,1.0,73,178,2.44,0.5307279998305603,10
data_migration,graphrag_style,data/sql,synthetic,unspecified,errors,1,0,0,1.0,0.0,0.0,73,178,2.44,0.5307279998305603,10
data_migration,mem0_style,data/sql,synthetic,unspecified,completed_tasks,2,4,2,0.5,1.0,0.6667,129,178,1.38,0.5259720001049573,15
data_migration,mem0_style,data/sql,synthetic,unspecified,pending_tasks,1,3,1,0.3333,1.0,0.5,129,178,1.38,0.5259720001049573,15
data_migration,mem0_style,data/sql,synthetic,unspecified,decisions,4,4,4,1.0,1.0,1.0,129,178,1.38,0.5259720001049573,15
data_migration,mem0_style,data/sql,synthetic,unspecified,files,4,4,4,1.0,1.0,1.0,129,178,1.38,0.5259720001049573,15
data_migration,mem0_style,data/sql,synthetic,unspecified,errors,1,0,0,1.0,0.0,0.0,129,178,1.38,0.5259720001049573,15
data_migration,memgpt_style,data/sql,synthetic,unspecified,completed_tasks,2,3,2,0.6667,1.0,0.8,79,178,2.25,0.2203979993282701,10
data_migration,memgpt_style,data/sql,synthetic,unspecified,pending_tasks,1,2,1,0.5,1.0,0.6667,79,178,2.25,0.2203979993282701,10
data_migration,memgpt_style,data/sql,synthetic,unspecified,decisions,4,2,1,1.0,0.25,0.4,79,178,2.25,0.2203979993282701,10
data_migration,memgpt_style,data/sql,synthetic,unspecified,files,4,3,3,1.0,0.75,0.8571,79,178,2.25,0.2203979993282701,10
data_migration,memgpt_style,data/sql,synthetic,unspecified,errors,1,0,0,1.0,0.0,0.0,79,178,2.25,0.2203979993282701,10
data_migration,sliding_window_10,data/sql,synthetic,unspecified,completed_tasks,2,14,2,0.1429,1.0,0.25,183,178,0.97,0.005307999344950076,14
data_migration,sliding_window_10,data/sql,synthetic,unspecified,pending_tasks,1,14,1,0.0714,1.0,0.1333,183,178,0.97,0.005307999344950076,14
data_migration,sliding_window_10,data/sql,synthetic,unspecified,decisions,4,14,4,0.3571,1.0,0.5263,183,178,0.97,0.005307999344950076,14
data_migration,sliding_window_10,data/sql,synthetic,unspecified,files,4,14,4,0.3571,1.0,0.5263,183,178,0.97,0.005307999344950076,14
data_migration,sliding_window_10,data/sql,synthetic,unspecified,errors,1,14,1,0.0714,1.0,0.1333,183,178,0.97,0.005307999344950076,14
data_migration,naive_truncation,data/sql,synthetic,unspecified,completed_tasks,2,14,2,0.1429,1.0,0.25,183,178,0.97,0.012945999515068252,14
data_migration,naive_truncation,data/sql,synthetic,unspecified,pending_tasks,1,14,1,0.0714,1.0,0.1333,183,178,0.97,0.012945999515068252,14
data_migration,naive_truncation,data/sql,synthetic,unspecified,decisions,4,14,4,0.3571,1.0,0.5263,183,178,0.97,0.012945999515068252,14
data_migration,naive_truncation,data/sql,synthetic,unspecified,files,4,14,4,0.3571,1.0,0.5263,183,178,0.97,0.012945999515068252,14
data_migration,naive_truncation,data/sql,synthetic,unspecified,errors,1,14,1,0.0714,1.0,0.1333,183,178,0.97,0.012945999515068252,14
data_migration,naive_summary,data/sql,synthetic,unspecified,completed_tasks,2,14,2,0.1429,1.0,0.25,183,178,0.97,0.018714999896474183,14
data_migration,naive_summary,data/sql,synthetic,unspecified,pending_tasks,1,14,1,0.0714,1.0,0.1333,183,178,0.97,0.018714999896474183,14
data_migration,naive_summary,data/sql,synthetic,unspecified,decisions,4,14,4,0.3571,1.0,0.5263,183,178,0.97,0.018714999896474183,14
data_migration,naive_summary,data/sql,synthetic,unspecified,files,4,14,4,0.3571,1.0,0.5263,183,178,0.97,0.018714999896474183,14
data_migration,naive_summary,data/sql,synthetic,unspecified,errors,1,14,1,0.0714,1.0,0.1333,183,178,0.97,0.018714999896474183,14
fastapi_auth,tokenmizer_v0.5.2,backend/python,synthetic,unspecified,completed_tasks,7,7,7,1.0,1.0,1.0,184,347,1.89,229.50046900041343,22
fastapi_auth,tokenmizer_v0.5.2,backend/python,synthetic,unspecified,pending_tasks,3,3,3,1.0,1.0,1.0,184,347,1.89,229.50046900041343,22
fastapi_auth,tokenmizer_v0.5.2,backend/python,synthetic,unspecified,decisions,5,5,5,1.0,1.0,1.0,184,347,1.89,229.50046900041343,22
fastapi_auth,tokenmizer_v0.5.2,backend/python,synthetic,unspecified,files,6,6,6,1.0,1.0,1.0,184,347,1.89,229.50046900041343,22
fastapi_auth,tokenmizer_v0.5.2,backend/python,synthetic,unspecified,errors,2,1,2,1.0,1.0,1.0,184,347,1.89,229.50046900041343,22
fastapi_auth,graphiti_style,backend/python,synthetic,unspecified,completed_tasks,7,7,6,0.5714,0.8571,0.6857,177,347,1.96,0.9449400004086783,23
fastapi_auth,graphiti_style,backend/python,synthetic,unspecified,pending_tasks,3,4,2,0.5,0.6667,0.5714,177,347,1.96,0.9449400004086783,23
fastapi_auth,graphiti_style,backend/python,synthetic,unspecified,decisions,5,5,2,0.4,0.4,0.4,177,347,1.96,0.9449400004086783,23
fastapi_auth,graphiti_style,backend/python,synthetic,unspecified,files,6,6,6,1.0,1.0,1.0,177,347,1.96,0.9449400004086783,23
fastapi_auth,graphiti_style,backend/python,synthetic,unspecified,errors,2,1,1,1.0,0.5,0.6667,177,347,1.96,0.9449400004086783,23
fastapi_auth,graphrag_style,backend/python,synthetic,unspecified,completed_tasks,7,2,2,1.0,0.2857,0.4444,109,347,3.18,0.6953350002731895,15
fastapi_auth,graphrag_style,backend/python,synthetic,unspecified,pending_tasks,3,0,0,1.0,0.0,0.0,109,347,3.18,0.6953350002731895,15
fastapi_auth,graphrag_style,backend/python,synthetic,unspecified,decisions,5,6,3,0.6667,0.6,0.6316,109,347,3.18,0.6953350002731895,15
fastapi_auth,graphrag_style,backend/python,synthetic,unspecified,files,6,6,6,1.0,1.0,1.0,109,347,3.18,0.6953350002731895,15
fastapi_auth,graphrag_style,backend/python,synthetic,unspecified,errors,2,1,1,1.0,0.5,0.6667,109,347,3.18,0.6953350002731895,15
fastapi_auth,mem0_style,backend/python,synthetic,unspecified,completed_tasks,7,6,5,0.5,0.7143,0.5882,154,347,2.25,0.9870550002233358,21
fastapi_auth,mem0_style,backend/python,synthetic,unspecified,pending_tasks,3,4,2,0.5,0.6667,0.5714,154,347,2.25,0.9870550002233358,21
fastapi_auth,mem0_style,backend/python,synthetic,unspecified,decisions,5,4,1,0.25,0.2,0.2222,154,347,2.25,0.9870550002233358,21
fastapi_auth,mem0_style,backend/python,synthetic,unspecified,files,6,6,6,1.0,1.0,1.0,154,347,2.25,0.9870550002233358,21
fastapi_auth,mem0_style,backend/python,synthetic,unspecified,errors,2,1,1,1.0,0.5,0.6667,154,347,2.25,0.9870550002233358,21
fastapi_auth,memgpt_style,backend/python,synthetic,unspecified,completed_tasks,7,1,0,0.0,0.0,0.0,82,347,4.23,0.41107199922407744,12
fastapi_auth,memgpt_style,backend/python,synthetic,unspecified,pending_tasks,3,4,2,0.5,0.6667,0.5714,82,347,4.23,0.41107199922407744,12
fastapi_auth,memgpt_style,backend/python,synthetic,unspecified,decisions,5,3,1,0.3333,0.2,0.25,82,347,4.23,0.41107199922407744,12
fastapi_auth,memgpt_style,backend/python,synthetic,unspecified,files,6,4,4,1.0,0.6667,0.8,82,347,4.23,0.41107199922407744,12
fastapi_auth,memgpt_style,backend/python,synthetic,unspecified,errors,2,0,0,1.0,0.0,0.0,82,347,4.23,0.41107199922407744,12
fastapi_auth,sliding_window_10,backend/python,synthetic,unspecified,completed_tasks,7,13,2,0.1538,0.2857,0.2,204,347,1.7,0.0032670004657120444,13
fastapi_auth,sliding_window_10,backend/python,synthetic,unspecified,pending_tasks,3,13,3,0.3077,1.0,0.4706,204,347,1.7,0.0032670004657120444,13
fastapi_auth,sliding_window_10,backend/python,synthetic,unspecified,decisions,5,13,1,0.0769,0.2,0.1111,204,347,1.7,0.0032670004657120444,13
fastapi_auth,sliding_window_10,backend/python,synthetic,unspecified,files,6,13,5,0.3846,0.8333,0.5263,204,347,1.7,0.0032670004657120444,13
fastapi_auth,sliding_window_10,backend/python,synthetic,unspecified,errors,2,13,2,0.0769,1.0,0.1429,204,347,1.7,0.0032670004657120444,13
fastapi_auth,naive_truncation,backend/python,synthetic,unspecified,completed_tasks,7,17,7,0.2353,1.0,0.381,306,347,1.13,0.011828999959107023,17
fastapi_auth,naive_truncation,backend/python,synthetic,unspecified,pending_tasks,3,17,3,0.2353,1.0,0.381,306,347,1.13,0.011828999959107023,17
fastapi_auth,naive_truncation,backend/python,synthetic,unspecified,decisions,5,17,4,0.2353,0.8,0.3636,306,347,1.13,0.011828999959107023,17
fastapi_auth,naive_truncation,backend/python,synthetic,unspecified,files,6,17,5,0.4118,0.8333,0.5512,306,347,1.13,0.011828999959107023,17
fastapi_auth,naive_truncation,backend/python,synthetic,unspecified,errors,2,17,2,0.0588,1.0,0.1111,306,347,1.13,0.011828999959107023,17
fastapi_auth,naive_summary,backend/python,synthetic,unspecified,completed_tasks,7,11,6,0.3636,0.8571,0.5106,234,347,1.48,0.030780000088270754,11
fastapi_auth,naive_summary,backend/python,synthetic,unspecified,pending_tasks,3,11,2,0.2727,0.6667,0.3871,234,347,1.48,0.030780000088270754,11
fastapi_auth,naive_summary,backend/python,synthetic,unspecified,decisions,5,11,5,0.4545,1.0,0.625,234,347,1.48,0.030780000088270754,11
fastapi_auth,naive_summary,backend/python,synthetic,unspecified,files,6,11,5,0.4545,0.8333,0.5882,234,347,1.48,0.030780000088270754,11
fastapi_auth,naive_summary,backend/python,synthetic,unspecified,errors,2,11,2,0.0909,1.0,0.1667,234,347,1.48,0.030780000088270754,11
flaky_ci,tokenmizer_v0.5.2,devops/ci,synthetic,unspecified,completed_tasks,3,3,3,1.0,1.0,1.0,98,169,1.72,219.0973730002952,11
flaky_ci,tokenmizer_v0.5.2,devops/ci,synthetic,unspecified,pending_tasks,1,1,1,1.0,1.0,1.0,98,169,1.72,219.0973730002952,11
flaky_ci,tokenmizer_v0.5.2,devops/ci,synthetic,unspecified,files,2,2,2,1.0,1.0,1.0,98,169,1.72,219.0973730002952,11
flaky_ci,tokenmizer_v0.5.2,devops/ci,synthetic,unspecified,errors,4,5,4,1.0,1.0,1.0,98,169,1.72,219.0973730002952,11
flaky_ci,graphiti_style,devops/ci,synthetic,unspecified,completed_tasks,3,4,3,0.75,1.0,0.8571,81,169,2.09,0.47491900022578193,7
flaky_ci,graphiti_style,devops/ci,synthetic,unspecified,pending_tasks,1,1,1,1.0,1.0,1.0,81,169,2.09,0.47491900022578193,7
flaky_ci,graphiti_style,devops/ci,synthetic,unspecified,files,2,2,2,1.0,1.0,1.0,81,169,2.09,0.47491900022578193,7
flaky_ci,graphiti_style,devops/ci,synthetic,unspecified,errors,4,0,0,1.0,0.0,0.0,81,169,2.09,0.47491900022578193,7
flaky_ci,graphrag_style,devops/ci,synthetic,unspecified,completed_tasks,3,0,0,1.0,0.0,0.0,39,169,4.33,0.22849700053484412,3
flaky_ci,graphrag_style,devops/ci,synthetic,unspecified,pending_tasks,1,0,0,1.0,0.0,0.0,39,169,4.33,0.22849700053484412,3
flaky_ci,graphrag_style,devops/ci,synthetic,unspecified,files,2,2,2,1.0,1.0,1.0,39,169,4.33,0.22849700053484412,3
flaky_ci,graphrag_style,devops/ci,synthetic,unspecified,errors,4,1,2,1.0,0.5,0.6667,39,169,4.33,0.22849700053484412,3
flaky_ci,mem0_style,devops/ci,synthetic,unspecified,completed_tasks,3,3,3,1.0,1.0,1.0,76,169,2.22,0.42982600007235305,6
flaky_ci,mem0_style,devops/ci,synthetic,unspecified,pending_tasks,1,1,1,1.0,1.0,1.0,76,169,2.22,0.42982600007235305,6
flaky_ci,mem0_style,devops/ci,synthetic,unspecified,files,2,2,2,1.0,1.0,1.0,76,169,2.22,0.42982600007235305,6
flaky_ci,mem0_style,devops/ci,synthetic,unspecified,errors,4,0,0,1.0,0.0,0.0,76,169,2.22,0.42982600007235305,6
flaky_ci,memgpt_style,devops/ci,synthetic,unspecified,completed_tasks,3,4,3,0.75,1.0,0.8571,81,169,2.09,0.2523260000089067,7
flaky_ci,memgpt_style,devops/ci,synthetic,unspecified,pending_tasks,1,1,1,1.0,1.0,1.0,81,169,2.09,0.2523260000089067,7
flaky_ci,memgpt_style,devops/ci,synthetic,unspecified,files,2,2,2,1.0,1.0,1.0,81,169,2.09,0.2523260000089067,7
flaky_ci,memgpt_style,devops/ci,synthetic,unspecified,errors,4,0,0,1.0,0.0,0.0,81,169,2.09,0.2523260000089067,7
flaky_ci,sliding_window_10,devops/ci,synthetic,unspecified,completed_tasks,3,11,3,0.3636,1.0,0.5333,172,169,0.98,0.0039019996620481834,11
flaky_ci,sliding_window_10,devops/ci,synthetic,unspecified,pending_tasks,1,11,1,0.0909,1.0,0.1667,172,169,0.98,0.0039019996620481834,11
flaky_ci,sliding_window_10,devops/ci,synthetic,unspecified,decisions,0,11,0,0.0,1.0,0.0,172,169,0.98,0.0039019996620481834,11
flaky_ci,sliding_window_10,devops/ci,synthetic,unspecified,files,2,11,2,0.3636,1.0,0.5333,172,169,0.98,0.0039019996620481834,11
flaky_ci,sliding_window_10,devops/ci,synthetic,unspecified,errors,4,11,4,0.4545,1.0,0.625,172,169,0.98,0.0039019996620481834,11
flaky_ci,naive_truncation,devops/ci,synthetic,unspecified,completed_tasks,3,11,3,0.3636,1.0,0.5333,172,169,0.98,0.007020000339252874,11
flaky_ci,naive_truncation,devops/ci,synthetic,unspecified,pending_tasks,1,11,1,0.0909,1.0,0.1667,172,169,0.98,0.007020000339252874,11
flaky_ci,naive_truncation,devops/ci,synthetic,unspecified,decisions,0,11,0,0.0,1.0,0.0,172,169,0.98,0.007020000339252874,11
flaky_ci,naive_truncation,devops/ci,synthetic,unspecified,files,2,11,2,0.3636,1.0,0.5333,172,169,0.98,0.007020000339252874,11
flaky_ci,naive_truncation,devops/ci,synthetic,unspecified,errors,4,11,4,0.4545,1.0,0.625,172,169,0.98,0.007020000339252874,11
flaky_ci,naive_summary,devops/ci,synthetic,unspecified,completed_tasks,3,11,3,0.3636,1.0,0.5333,172,169,0.98,0.01857999995991122,11
flaky_ci,naive_summary,devops/ci,synthetic,unspecified,pending_tasks,1,11,1,0.0909,1.0,0.1667,172,169,0.98,0.01857999995991122,11
flaky_ci,naive_summary,devops/ci,synthetic,unspecified,decisions,0,11,0,0.0,1.0,0.0,172,169,0.98,0.01857999995991122,11
flaky_ci,naive_summary,devops/ci,synthetic,unspecified,files,2,11,2,0.3636,1.0,0.5333,172,169,0.98,0.01857999995991122,11
flaky_ci,naive_summary,devops/ci,synthetic,unspecified,errors,4,11,4,0.4545,1.0,0.625,172,169,0.98,0.01857999995991122,11
frontend_perf,tokenmizer_v0.5.2,frontend/react,synthetic,unspecified,completed_tasks,1,1,1,1.0,1.0,1.0,74,150,2.03,215.4536719999669,9
frontend_perf,tokenmizer_v0.5.2,frontend/react,synthetic,unspecified,pending_tasks,1,1,1,1.0,1.0,1.0,74,150,2.03,215.4536719999669,9
frontend_perf,tokenmizer_v0.5.2,frontend/react,synthetic,unspecified,decisions,2,2,2,1.0,1.0,1.0,74,150,2.03,215.4536719999669,9
frontend_perf,tokenmizer_v0.5.2,frontend/react,synthetic,unspecified,files,5,5,5,1.0,1.0,1.0,74,150,2.03,215.4536719999669,9
frontend_perf,graphiti_style,frontend/react,synthetic,unspecified,completed_tasks,1,3,1,0.3333,1.0,0.5,74,150,2.03,0.704476999999315,11
frontend_perf,graphiti_style,frontend/react,synthetic,unspecified,pending_tasks,1,1,1,1.0,1.0,1.0,74,150,2.03,0.704476999999315,11
frontend_perf,graphiti_style,frontend/react,synthetic,unspecified,decisions,2,2,2,1.0,1.0,1.0,74,150,2.03,0.704476999999315,11
frontend_perf,graphiti_style,frontend/react,synthetic,unspecified,files,5,5,1,0.2,0.2,0.2,74,150,2.03,0.704476999999315,11
frontend_perf,graphrag_style,frontend/react,synthetic,unspecified,completed_tasks,1,1,1,1.0,1.0,1.0,74,150,2.03,0.3784519994951552,8
frontend_perf,graphrag_style,frontend/react,synthetic,unspecified,pending_tasks,1,0,0,1.0,0.0,0.0,74,150,2.03,0.3784519994951552,8
frontend_perf,graphrag_style,frontend/react,synthetic,unspecified,decisions,2,2,2,1.0,1.0,1.0,74,150,2.03,0.3784519994951552,8
frontend_perf,graphrag_style,frontend/react,synthetic,unspecified,files,5,5,1,0.2,0.2,0.2,74,150,2.03,0.3784519994951552,8
frontend_perf,mem0_style,frontend/react,synthetic,unspecified,completed_tasks,1,3,1,0.3333,1.0,0.5,73,150,2.05,0.6762969996998436,11
frontend_perf,mem0_style,frontend/react,synthetic,unspecified,pending_tasks,1,1,1,1.0,1.0,1.0,73,150,2.05,0.6762969996998436,11
frontend_perf,mem0_style,frontend/react,synthetic,unspecified,decisions,2,2,2,1.0,1.0,1.0,73,150,2.05,0.6762969996998436,11
frontend_perf,mem0_style,frontend/react,synthetic,unspecified,files,5,5,1,0.2,0.2,0.2,73,150,2.05,0.6762969996998436,11
frontend_perf,memgpt_style,frontend/react,synthetic,unspecified,completed_tasks,1,2,1,0.5,1.0,0.6667,58,150,2.59,0.41537800007063197,7
frontend_perf,memgpt_style,frontend/react,synthetic,unspecified,pending_tasks,1,1,1,1.0,1.0,1.0,58,150,2.59,0.41537800007063197,7
frontend_perf,memgpt_style,frontend/react,synthetic,unspecified,decisions,2,1,1,1.0,0.5,0.6667,58,150,2.59,0.41537800007063197,7
frontend_perf,memgpt_style,frontend/react,synthetic,unspecified,files,5,3,1,0.3333,0.2,0.25,58,150,2.59,0.41537800007063197,7
frontend_perf,sliding_window_10,frontend/react,synthetic,unspecified,completed_tasks,1,12,1,0.1667,1.0,0.2857,154,150,0.97,0.007701999493292533,12
frontend_perf,sliding_window_10,frontend/react,synthetic,unspecified,pending_tasks,1,12,1,0.0833,1.0,0.1538,154,150,0.97,0.007701999493292533,12
frontend_perf,sliding_window_10,frontend/react,synthetic,unspecified,decisions,2,12,2,0.25,1.0,0.4,154,150,0.97,0.007701999493292533,12
frontend_perf,sliding_window_10,frontend/react,synthetic,unspecified,files,5,12,5,0.25,1.0,0.4,154,150,0.97,0.007701999493292533,12
frontend_perf,sliding_window_10,frontend/react,synthetic,unspecified,errors,0,12,0,0.0,1.0,0.0,154,150,0.97,0.007701999493292533,12
frontend_perf,naive_truncation,frontend/react,synthetic,unspecified,completed_tasks,1,12,1,0.1667,1.0,0.2857,154,150,0.97,0.013279000086185988,12
frontend_perf,naive_truncation,frontend/react,synthetic,unspecified,pending_tasks,1,12,1,0.0833,1.0,0.1538,154,150,0.97,0.013279000086185988,12
frontend_perf,naive_truncation,frontend/react,synthetic,unspecified,decisions,2,12,2,0.25,1.0,0.4,154,150,0.97,0.013279000086185988,12
frontend_perf,naive_truncation,frontend/react,synthetic,unspecified,files,5,12,5,0.25,1.0,0.4,154,150,0.97,0.013279000086185988,12
frontend_perf,naive_truncation,frontend/react,synthetic,unspecified,errors,0,12,0,0.0,1.0,0.0,154,150,0.97,0.013279000086185988,12
frontend_perf,naive_summary,frontend/react,synthetic,unspecified,completed_tasks,1,12,1,0.1667,1.0,0.2857,154,150,0.97,0.03819799985649297,12
frontend_perf,naive_summary,frontend/react,synthetic,unspecified,pending_tasks,1,12,1,0.0833,1.0,0.1538,154,150,0.97,0.03819799985649297,12
frontend_perf,naive_summary,frontend/react,synthetic,unspecified,decisions,2,12,2,0.25,1.0,0.4,154,150,0.97,0.03819799985649297,12
frontend_perf,naive_summary,frontend/react,synthetic,unspecified,files,5,12,5,0.25,1.0,0.4,154,150,0.97,0.03819799985649297,12
frontend_perf,naive_summary,frontend/react,synthetic,unspecified,errors,0,12,0,0.0,1.0,0.0,154,150,0.97,0.03819799985649297,12
gen_backend_go_001,tokenmizer_v0.5.2,backend/go,synthetic,semi,completed_tasks,7,7,7,1.0,1.0,1.0,202,397,1.97,247.4310070001593,21
gen_backend_go_001,tokenmizer_v0.5.2,backend/go,synthetic,semi,pending_tasks,3,3,3,1.0,1.0,1.0,202,397,1.97,247.4310070001593,21
gen_backend_go_001,tokenmizer_v0.5.2,backend/go,synthetic,semi,decisions,4,4,4,1.0,1.0,1.0,202,397,1.97,247.4310070001593,21
gen_backend_go_001,tokenmizer_v0.5.2,backend/go,synthetic,semi,files,4,4,4,1.0,1.0,1.0,202,397,1.97,247.4310070001593,21
gen_backend_go_001,tokenmizer_v0.5.2,backend/go,synthetic,semi,errors,3,3,3,1.0,1.0,1.0,202,397,1.97,247.4310070001593,21
gen_backend_go_001,graphiti_style,backend/go,synthetic,semi,completed_tasks,7,5,5,1.0,0.7143,0.8333,174,397,2.28,1.007980999929714,19
gen_backend_go_001,graphiti_style,backend/go,synthetic,semi,pending_tasks,3,3,0,0.0,0.0,0.0,174,397,2.28,1.007980999929714,19
gen_backend_go_001,graphiti_style,backend/go,synthetic,semi,decisions,4,5,4,0.8,1.0,0.8889,174,397,2.28,1.007980999929714,19
gen_backend_go_001,graphiti_style,backend/go,synthetic,semi,files,4,3,3,1.0,0.75,0.8571,174,397,2.28,1.007980999929714,19
gen_backend_go_001,graphiti_style,backend/go,synthetic,semi,errors,3,3,3,1.0,1.0,1.0,174,397,2.28,1.007980999929714,19
gen_backend_go_001,graphrag_style,backend/go,synthetic,semi,completed_tasks,7,0,0,1.0,0.0,0.0,74,397,5.36,0.5480740001075901,10
gen_backend_go_001,graphrag_style,backend/go,synthetic,semi,pending_tasks,3,2,0,0.0,0.0,0.0,74,397,5.36,0.5480740001075901,10
gen_backend_go_001,graphrag_style,backend/go,synthetic,semi,decisions,4,5,4,0.8,1.0,0.8889,74,397,5.36,0.5480740001075901,10
gen_backend_go_001,graphrag_style,backend/go,synthetic,semi,files,4,3,3,1.0,0.75,0.8571,74,397,5.36,0.5480740001075901,10
gen_backend_go_001,graphrag_style,backend/go,synthetic,semi,errors,3,0,0,1.0,0.0,0.0,74,397,5.36,0.5480740001075901,10
gen_backend_go_001,mem0_style,backend/go,synthetic,semi,completed_tasks,7,5,5,1.0,0.7143,0.8333,170,397,2.34,1.0078750001412118,18
gen_backend_go_001,mem0_style,backend/go,synthetic,semi,pending_tasks,3,2,0,0.0,0.0,0.0,170,397,2.34,1.0078750001412118,18
gen_backend_go_001,mem0_style,backend/go,synthetic,semi,decisions,4,5,4,0.8,1.0,0.8889,170,397,2.34,1.0078750001412118,18
gen_backend_go_001,mem0_style,backend/go,synthetic,semi,files,4,3,3,1.0,0.75,0.8571,170,397,2.34,1.0078750001412118,18
gen_backend_go_001,mem0_style,backend/go,synthetic,semi,errors,3,3,3,1.0,1.0,1.0,170,397,2.34,1.0078750001412118,18
gen_backend_go_001,memgpt_style,backend/go,synthetic,semi,completed_tasks,7,0,0,1.0,0.0,0.0,51,397,7.78,0.36176199955662014,7
gen_backend_go_001,memgpt_style,backend/go,synthetic,semi,pending_tasks,3,2,0,0.0,0.0,0.0,51,397,7.78,0.36176199955662014,7
gen_backend_go_001,memgpt_style,backend/go,synthetic,semi,decisions,4,2,1,0.5,0.25,0.3333,51,397,7.78,0.36176199955662014,7
gen_backend_go_001,memgpt_style,backend/go,synthetic,semi,files,4,2,3,1.0,0.75,0.8571,51,397,7.78,0.36176199955662014,7
gen_backend_go_001,memgpt_style,backend/go,synthetic,semi,errors,3,1,1,1.0,0.3333,0.5,51,397,7.78,0.36176199955662014,7
gen_backend_go_001,sliding_window_10,backend/go,synthetic,semi,completed_tasks,7,10,1,0.1,0.1429,0.1176,108,397,3.68,0.004974000148649793,10
gen_backend_go_001,sliding_window_10,backend/go,synthetic,semi,pending_tasks,3,10,2,0.2,0.6667,0.3077,108,397,3.68,0.004974000148649793,10
gen_backend_go_001,sliding_window_10,backend/go,synthetic,semi,decisions,4,10,0,0.0,0.0,0.0,108,397,3.68,0.004974000148649793,10
gen_backend_go_001,sliding_window_10,backend/go,synthetic,semi,files,4,10,1,0.1,0.25,0.1429,108,397,3.68,0.004974000148649793,10
gen_backend_go_001,sliding_window_10,backend/go,synthetic,semi,errors,3,10,1,0.1,0.3333,0.1538,108,397,3.68,0.004974000148649793,10
gen_backend_go_001,naive_truncation,backend/go,synthetic,semi,completed_tasks,7,28,5,0.1786,0.7143,0.2857,309,397,1.28,0.01933699968503788,28
gen_backend_go_001,naive_truncation,backend/go,synthetic,semi,pending_tasks,3,28,3,0.1071,1.0,0.1935,309,397,1.28,0.01933699968503788,28
gen_backend_go_001,naive_truncation,backend/go,synthetic,semi,decisions,4,28,2,0.0714,0.5,0.125,309,397,1.28,0.01933699968503788,28
gen_backend_go_001,naive_truncation,backend/go,synthetic,semi,files,4,28,4,0.1429,1.0,0.25,309,397,1.28,0.01933699968503788,28
gen_backend_go_001,naive_truncation,backend/go,synthetic,semi,errors,3,28,2,0.0714,0.6667,0.129,309,397,1.28,0.01933699968503788,28
gen_backend_go_001,naive_summary,backend/go,synthetic,semi,completed_tasks,7,19,3,0.1579,0.4286,0.2308,190,397,2.09,0.05014300040784292,19
gen_backend_go_001,naive_summary,backend/go,synthetic,semi,pending_tasks,3,19,0,0.0,0.0,0.0,190,397,2.09,0.05014300040784292,19
gen_backend_go_001,naive_summary,backend/go,synthetic,semi,decisions,4,19,3,0.1579,0.75,0.2609,190,397,2.09,0.05014300040784292,19
gen_backend_go_001,naive_summary,backend/go,synthetic,semi,files,4,19,2,0.0526,0.5,0.0952,190,397,2.09,0.05014300040784292,19
gen_backend_go_001,naive_summary,backend/go,synthetic,semi,errors,3,19,2,0.1053,0.6667,0.1818,190,397,2.09,0.05014300040784292,19
gen_backend_go_002,tokenmizer_v0.5.2,backend/go,synthetic,semi,completed_tasks,7,7,7,1.0,1.0,1.0,165,269,1.63,217.4863620002725,15
gen_backend_go_002,tokenmizer_v0.5.2,backend/go,synthetic,semi,pending_tasks,1,1,1,1.0,1.0,1.0,165,269,1.63,217.4863620002725,15
gen_backend_go_002,tokenmizer_v0.5.2,backend/go,synthetic,semi,decisions,2,2,2,1.0,1.0,1.0,165,269,1.63,217.4863620002725,15
gen_backend_go_002,tokenmizer_v0.5.2,backend/go,synthetic,semi,files,2,2,2,1.0,1.0,1.0,165,269,1.63,217.4863620002725,15
gen_backend_go_002,tokenmizer_v0.5.2,backend/go,synthetic,semi,errors,2,3,2,0.6667,1.0,0.8,165,269,1.63,217.4863620002725,15
gen_backend_go_002,graphiti_style,backend/go,synthetic,semi,completed_tasks,7,6,6,1.0,0.8571,0.9231,156,269,1.72,0.6780310004614876,13
gen_backend_go_002,graphiti_style,backend/go,synthetic,semi,pending_tasks,1,1,1,1.0,1.0,1.0,156,269,1.72,0.6780310004614876,13
gen_backend_go_002,graphiti_style,backend/go,synthetic,semi,decisions,2,2,1,0.5,0.5,0.5,156,269,1.72,0.6780310004614876,13
gen_backend_go_002,graphiti_style,backend/go,synthetic,semi,files,2,2,2,1.0,1.0,1.0,156,269,1.72,0.6780310004614876,13
gen_backend_go_002,graphiti_style,backend/go,synthetic,semi,errors,2,2,2,1.0,1.0,1.0,156,269,1.72,0.6780310004614876,13
gen_backend_go_002,graphrag_style,backend/go,synthetic,semi,completed_tasks,7,0,0,1.0,0.0,0.0,60,269,4.48,0.35754399959841976,6
gen_backend_go_002,graphrag_style,backend/go,synthetic,semi,pending_tasks,1,0,0,1.0,0.0,0.0,60,269,4.48,0.35754399959841976,6
gen_backend_go_002,graphrag_style,backend/go,synthetic,semi,decisions,2,2,1,0.5,0.5,0.5,60,269,4.48,0.35754399959841976,6
gen_backend_go_002,graphrag_style,backend/go,synthetic,semi,files,2,2,2,1.0,1.0,1.0,60,269,4.48,0.35754399959841976,6
gen_backend_go_002,graphrag_style,backend/go,synthetic,semi,errors,2,2,2,1.0,1.0,1.0,60,269,4.48,0.35754399959841976,6
gen_backend_go_002,mem0_style,backend/go,synthetic,semi,completed_tasks,7,6,6,1.0,0.8571,0.9231,155,269,1.74,0.7521999996242812,13
gen_backend_go_002,mem0_style,backend/go,synthetic,semi,pending_tasks,1,1,1,1.0,1.0,1.0,155,269,1.74,0.7521999996242812,13
gen_backend_go_002,mem0_style,backend/go,synthetic,semi,decisions,2,2,1,0.5,0.5,0.5,155,269,1.74,0.7521999996242812,13
gen_backend_go_002,mem0_style,backend/go,synthetic,semi,files,2,2,2,1.0,1.0,1.0,155,269,1.74,0.7521999996242812,13
gen_backend_go_002,mem0_style,backend/go,synthetic,semi,errors,2,2,2,1.0,1.0,1.0,155,269,1.74,0.7521999996242812,13
gen_backend_go_002,memgpt_style,backend/go,synthetic,semi,completed_tasks,7,2,2,1.0,0.2857,0.4444,82,269,3.28,0.2678889995877398,6
gen_backend_go_002,memgpt_style,backend/go,synthetic,semi,pending_tasks,1,1,1,1.0,1.0,1.0,82,269,3.28,0.2678889995877398,6
gen_backend_go_002,memgpt_style,backend/go,synthetic,semi,decisions,2,1,1,1.0,0.5,0.6667,82,269,3.28,0.2678889995877398,6
gen_backend_go_002,memgpt_style,backend/go,synthetic,semi,files,2,1,1,1.0,0.5,0.6667,82,269,3.28,0.2678889995877398,6
gen_backend_go_002,memgpt_style,backend/go,synthetic,semi,errors,2,1,1,1.0,0.5,0.6667,82,269,3.28,0.2678889995877398,6
gen_backend_go_002,sliding_window_10,backend/go,synthetic,semi,completed_tasks,7,13,3,0.2308,0.4286,0.3,137,269,1.96,0.004202999662084039,13
gen_backend_go_002,sliding_window_10,backend/go,synthetic,semi,pending_tasks,1,13,1,0.0769,1.0,0.1429,137,269,1.96,0.004202999662084039,13
gen_backend_go_002,sliding_window_10,backend/go,synthetic,semi,decisions,2,13,2,0.1538,1.0,0.2667,137,269,1.96,0.004202999662084039,13
gen_backend_go_002,sliding_window_10,backend/go,synthetic,semi,files,2,13,1,0.0769,0.5,0.1333,137,269,1.96,0.004202999662084039,13
gen_backend_go_002,sliding_window_10,backend/go,synthetic,semi,errors,2,13,1,0.0769,0.5,0.1333,137,269,1.96,0.004202999662084039,13
gen_backend_go_002,naive_truncation,backend/go,synthetic,semi,completed_tasks,7,25,7,0.28,1.0,0.4375,281,269,0.96,0.011244999768678099,25
gen_backend_go_002,naive_truncation,backend/go,synthetic,semi,pending_tasks,1,25,1,0.04,1.0,0.0769,281,269,0.96,0.011244999768678099,25
gen_backend_go_002,naive_truncation,backend/go,synthetic,semi,decisions,2,25,2,0.08,1.0,0.1481,281,269,0.96,0.011244999768678099,25
gen_backend_go_002,naive_truncation,backend/go,synthetic,semi,files,2,25,2,0.08,1.0,0.1481,281,269,0.96,0.011244999768678099,25
gen_backend_go_002,naive_truncation,backend/go,synthetic,semi,errors,2,25,2,0.08,1.0,0.1481,281,269,0.96,0.011244999768678099,25
gen_backend_go_002,naive_summary,backend/go,synthetic,semi,completed_tasks,7,17,6,0.3529,0.8571,0.5,192,269,1.4,0.023798000256647356,17
gen_backend_go_002,naive_summary,backend/go,synthetic,semi,pending_tasks,1,17,0,0.0,0.0,0.0,192,269,1.4,0.023798000256647356,17
gen_backend_go_002,naive_summary,backend/go,synthetic,semi,decisions,2,17,0,0.0,0.0,0.0,192,269,1.4,0.023798000256647356,17
gen_backend_go_002,naive_summary,backend/go,synthetic,semi,files,2,17,1,0.0588,0.5,0.1053,192,269,1.4,0.023798000256647356,17
gen_backend_go_002,naive_summary,backend/go,synthetic,semi,errors,2,17,1,0.0588,0.5,0.1053,192,269,1.4,0.023798000256647356,17
gen_backend_go_003,tokenmizer_v0.5.2,backend/go,synthetic,semi,completed_tasks,4,4,4,1.0,1.0,1.0,138,284,2.06,217.06509500018,16
gen_backend_go_003,tokenmizer_v0.5.2,backend/go,synthetic,semi,pending_tasks,1,1,1,1.0,1.0,1.0,138,284,2.06,217.06509500018,16
gen_backend_go_003,tokenmizer_v0.5.2,backend/go,synthetic,semi,decisions,4,4,4,1.0,1.0,1.0,138,284,2.06,217.06509500018,16
gen_backend_go_003,tokenmizer_v0.5.2,backend/go,synthetic,semi,files,6,6,6,1.0,1.0,1.0,138,284,2.06,217.06509500018,16
gen_backend_go_003,tokenmizer_v0.5.2,backend/go,synthetic,semi,errors,1,1,1,1.0,1.0,1.0,138,284,2.06,217.06509500018,16
gen_backend_go_003,graphiti_style,backend/go,synthetic,semi,completed_tasks,4,3,3,1.0,0.75,0.8571,134,284,2.12,0.7757359999231994,15
gen_backend_go_003,graphiti_style,backend/go,synthetic,semi,pending_tasks,1,1,1,1.0,1.0,1.0,134,284,2.12,0.7757359999231994,15
gen_backend_go_003,graphiti_style,backend/go,synthetic,semi,decisions,4,5,3,0.6,0.75,0.6667,134,284,2.12,0.7757359999231994,15
gen_backend_go_003,graphiti_style,backend/go,synthetic,semi,files,6,5,5,1.0,0.8333,0.9091,134,284,2.12,0.7757359999231994,15
gen_backend_go_003,graphiti_style,backend/go,synthetic,semi,errors,1,1,1,1.0,1.0,1.0,134,284,2.12,0.7757359999231994,15
gen_backend_go_003,graphrag_style,backend/go,synthetic,semi,completed_tasks,4,0,0,1.0,0.0,0.0,73,284,3.89,0.3943550000258256,10
gen_backend_go_003,graphrag_style,backend/go,synthetic,semi,pending_tasks,1,0,0,1.0,0.0,0.0,73,284,3.89,0.3943550000258256,10
gen_backend_go_003,graphrag_style,backend/go,synthetic,semi,decisions,4,5,3,0.6,0.75,0.6667,73,284,3.89,0.3943550000258256,10
gen_backend_go_003,graphrag_style,backend/go,synthetic,semi,files,6,5,5,1.0,0.8333,0.9091,73,284,3.89,0.3943550000258256,10
gen_backend_go_003,graphrag_style,backend/go,synthetic,semi,errors,1,0,0,1.0,0.0,0.0,73,284,3.89,0.3943550000258256,10
gen_backend_go_003,mem0_style,backend/go,synthetic,semi,completed_tasks,4,3,3,1.0,0.75,0.8571,133,284,2.14,0.8675119997860747,15
gen_backend_go_003,mem0_style,backend/go,synthetic,semi,pending_tasks,1,1,1,1.0,1.0,1.0,133,284,2.14,0.8675119997860747,15
gen_backend_go_003,mem0_style,backend/go,synthetic,semi,decisions,4,5,3,0.6,0.75,0.6667,133,284,2.14,0.8675119997860747,15
gen_backend_go_003,mem0_style,backend/go,synthetic,semi,files,6,5,5,1.0,0.8333,0.9091,133,284,2.14,0.8675119997860747,15
gen_backend_go_003,mem0_style,backend/go,synthetic,semi,errors,1,1,1,1.0,1.0,1.0,133,284,2.14,0.8675119997860747,15
gen_backend_go_003,memgpt_style,backend/go,synthetic,semi,completed_tasks,4,3,3,1.0,0.75,0.8571,72,284,3.94,0.2732090006247745,8
gen_backend_go_003,memgpt_style,backend/go,synthetic,semi,pending_tasks,1,0,0,1.0,0.0,0.0,72,284,3.94,0.2732090006247745,8
gen_backend_go_003,memgpt_style,backend/go,synthetic,semi,decisions,4,1,0,0.0,0.0,0.0,72,284,3.94,0.2732090006247745,8
gen_backend_go_003,memgpt_style,backend/go,synthetic,semi,files,6,4,4,1.0,0.6667,0.8,72,284,3.94,0.2732090006247745,8
gen_backend_go_003,memgpt_style,backend/go,synthetic,semi,errors,1,0,0,1.0,0.0,0.0,72,284,3.94,0.2732090006247745,8
gen_backend_go_003,sliding_window_10,backend/go,synthetic,semi,completed_tasks,4,14,3,0.2143,0.75,0.3333,156,284,1.82,0.004529999387159478,14
gen_backend_go_003,sliding_window_10,backend/go,synthetic,semi,pending_tasks,1,14,1,0.0714,1.0,0.1333,156,284,1.82,0.004529999387159478,14
gen_backend_go_003,sliding_window_10,backend/go,synthetic,semi,decisions,4,14,1,0.0714,0.25,0.1111,156,284,1.82,0.004529999387159478,14
gen_backend_go_003,sliding_window_10,backend/go,synthetic,semi,files,6,14,4,0.2857,0.6667,0.4,156,284,1.82,0.004529999387159478,14
gen_backend_go_003,sliding_window_10,backend/go,synthetic,semi,errors,1,14,0,0.0,0.0,0.0,156,284,1.82,0.004529999387159478,14
gen_backend_go_003,naive_truncation,backend/go,synthetic,semi,completed_tasks,4,27,4,0.1481,1.0,0.2581,295,284,0.96,0.01521299964224454,27
gen_backend_go_003,naive_truncation,backend/go,synthetic,semi,pending_tasks,1,27,1,0.037,1.0,0.0714,295,284,0.96,0.01521299964224454,27
gen_backend_go_003,naive_truncation,backend/go,synthetic,semi,decisions,4,27,4,0.1481,1.0,0.2581,295,284,0.96,0.01521299964224454,27
gen_backend_go_003,naive_truncation,backend/go,synthetic,semi,files,6,27,6,0.2222,1.0,0.3636,295,284,0.96,0.01521299964224454,27
gen_backend_go_003,naive_truncation,backend/go,synthetic,semi,errors,1,27,1,0.037,1.0,0.0714,295,284,0.96,0.01521299964224454,27
gen_backend_go_003,naive_summary,backend/go,synthetic,semi,completed_tasks,4,16,1,0.0625,0.25,0.1,172,284,1.65,0.027454999326437246,16
gen_backend_go_003,naive_summary,backend/go,synthetic,semi,pending_tasks,1,16,1,0.0625,1.0,0.1176,172,284,1.65,0.027454999326437246,16
gen_backend_go_003,naive_summary,backend/go,synthetic,semi,decisions,4,16,4,0.25,1.0,0.4,172,284,1.65,0.027454999326437246,16
gen_backend_go_003,naive_summary,backend/go,synthetic,semi,files,6,16,2,0.125,0.3333,0.1818,172,284,1.65,0.027454999326437246,16
gen_backend_go_003,naive_summary,backend/go,synthetic,semi,errors,1,16,1,0.0625,1.0,0.1176,172,284,1.65,0.027454999326437246,16
gen_backend_go_004,tokenmizer_v0.5.2,backend/go,synthetic,semi,completed_tasks,7,7,7,1.0,1.0,1.0,148,298,2.01,227.5325979999252,16
gen_backend_go_004,tokenmizer_v0.5.2,backend/go,synthetic,semi,pending_tasks,3,3,3,1.0,1.0,1.0,148,298,2.01,227.5325979999252,16
gen_backend_go_004,tokenmizer_v0.5.2,backend/go,synthetic,semi,decisions,3,3,3,1.0,1.0,1.0,148,298,2.01,227.5325979999252,16
gen_backend_go_004,tokenmizer_v0.5.2,backend/go,synthetic,semi,files,2,2,2,1.0,1.0,1.0,148,298,2.01,227.5325979999252,16
gen_backend_go_004,tokenmizer_v0.5.2,backend/go,synthetic,semi,errors,1,1,1,1.0,1.0,1.0,148,298,2.01,227.5325979999252,16
gen_backend_go_004,graphiti_style,backend/go,synthetic,semi,completed_tasks,7,6,6,1.0,0.8571,0.9231,159,298,1.87,0.8097769996311399,18
gen_backend_go_004,graphiti_style,backend/go,synthetic,semi,pending_tasks,3,5,2,0.4,0.6667,0.5,159,298,1.87,0.8097769996311399,18
gen_backend_go_004,graphiti_style,backend/go,synthetic,semi,decisions,3,4,2,0.5,0.6667,0.5714,159,298,1.87,0.8097769996311399,18
gen_backend_go_004,graphiti_style,backend/go,synthetic,semi,files,2,2,2,1.0,1.0,1.0,159,298,1.87,0.8097769996311399,18
gen_backend_go_004,graphiti_style,backend/go,synthetic,semi,errors,1,1,1,1.0,1.0,1.0,159,298,1.87,0.8097769996311399,18
gen_backend_go_004,graphrag_style,backend/go,synthetic,semi,completed_tasks,7,0,0,1.0,0.0,0.0,63,298,4.73,0.4102200000488665,9
gen_backend_go_004,graphrag_style,backend/go,synthetic,semi,pending_tasks,3,2,0,0.0,0.0,0.0,63,298,4.73,0.4102200000488665,9
gen_backend_go_004,graphrag_style,backend/go,synthetic,semi,decisions,3,4,2,0.5,0.6667,0.5714,63,298,4.73,0.4102200000488665,9
gen_backend_go_004,graphrag_style,backend/go,synthetic,semi,files,2,2,2,1.0,1.0,1.0,63,298,4.73,0.4102200000488665,9
gen_backend_go_004,graphrag_style,backend/go,synthetic,semi,errors,1,1,1,1.0,1.0,1.0,63,298,4.73,0.4102200000488665,9
gen_backend_go_004,mem0_style,backend/go,synthetic,semi,completed_tasks,7,6,6,1.0,0.8571,0.9231,155,298,1.92,0.7825239999874611,17
gen_backend_go_004,mem0_style,backend/go,synthetic,semi,pending_tasks,3,4,2,0.5,0.6667,0.5714,155,298,1.92,0.7825239999874611,17
gen_backend_go_004,mem0_style,backend/go,synthetic,semi,decisions,3,4,2,0.5,0.6667,0.5714,155,298,1.92,0.7825239999874611,17
gen_backend_go_004,mem0_style,backend/go,synthetic,semi,files,2,2,2,1.0,1.0,1.0,155,298,1.92,0.7825239999874611,17
gen_backend_go_004,mem0_style,backend/go,synthetic,semi,errors,1,1,1,1.0,1.0,1.0,155,298,1.92,0.7825239999874611,17
gen_backend_go_004,memgpt_style,backend/go,synthetic,semi,completed_tasks,7,1,1,1.0,0.1429,0.25,67,298,4.45,0.27423099982115673,9
gen_backend_go_004,memgpt_style,backend/go,synthetic,semi,pending_tasks,3,4,2,0.5,0.6667,0.5714,67,298,4.45,0.27423099982115673,9
gen_backend_go_004,memgpt_style,backend/go,synthetic,semi,decisions,3,3,1,0.3333,0.3333,0.3333,67,298,4.45,0.27423099982115673,9
gen_backend_go_004,memgpt_style,backend/go,synthetic,semi,files,2,1,1,1.0,0.5,0.6667,67,298,4.45,0.27423099982115673,9
gen_backend_go_004,memgpt_style,backend/go,synthetic,semi,errors,1,0,0,1.0,0.0,0.0,67,298,4.45,0.27423099982115673,9
gen_backend_go_004,sliding_window_10,backend/go,synthetic,semi,completed_tasks,7,11,1,0.0909,0.1429,0.1111,104,298,2.87,0.003756999831239227,11
gen_backend_go_004,sliding_window_10,backend/go,synthetic,semi,pending_tasks,3,11,2,0.1818,0.6667,0.2857,104,298,2.87,0.003756999831239227,11
gen_backend_go_004,sliding_window_10,backend/go,synthetic,semi,decisions,3,11,2,0.1818,0.6667,0.2857,104,298,2.87,0.003756999831239227,11
gen_backend_go_004,sliding_window_10,backend/go,synthetic,semi,files,2,11,1,0.0909,0.5,0.1538,104,298,2.87,0.003756999831239227,11
gen_backend_go_004,sliding_window_10,backend/go,synthetic,semi,errors,1,11,0,0.0,0.0,0.0,104,298,2.87,0.003756999831239227,11
gen_backend_go_004,naive_truncation,backend/go,synthetic,semi,completed_tasks,7,31,7,0.2258,1.0,0.3684,314,298,0.95,0.012439999409252778,31
gen_backend_go_004,naive_truncation,backend/go,synthetic,semi,pending_tasks,3,31,3,0.0968,1.0,0.1765,314,298,0.95,0.012439999409252778,31
gen_backend_go_004,naive_truncation,backend/go,synthetic,semi,decisions,3,31,3,0.0968,1.0,0.1765,314,298,0.95,0.012439999409252778,31
gen_backend_go_004,naive_truncation,backend/go,synthetic,semi,files,2,31,2,0.0645,1.0,0.1212,314,298,0.95,0.012439999409252778,31
gen_backend_go_004,naive_truncation,backend/go,synthetic,semi,errors,1,31,1,0.0323,1.0,0.0625,314,298,0.95,0.012439999409252778,31
gen_backend_go_004,naive_summary,backend/go,synthetic,semi,completed_tasks,7,18,6,0.3333,0.8571,0.48,176,298,1.69,0.038700999539287295,18
gen_backend_go_004,naive_summary,backend/go,synthetic,semi,pending_tasks,3,18,0,0.0,0.0,0.0,176,298,1.69,0.038700999539287295,18
gen_backend_go_004,naive_summary,backend/go,synthetic,semi,decisions,3,18,1,0.0556,0.3333,0.0952,176,298,1.69,0.038700999539287295,18
gen_backend_go_004,naive_summary,backend/go,synthetic,semi,files,2,18,0,0.0,0.0,0.0,176,298,1.69,0.038700999539287295,18
gen_backend_go_004,naive_summary,backend/go,synthetic,semi,errors,1,18,1,0.0556,1.0,0.1053,176,298,1.69,0.038700999539287295,18
gen_backend_go_005,tokenmizer_v0.5.2,backend/go,synthetic,semi,completed_tasks,7,7,7,1.0,1.0,1.0,168,335,1.99,223.80530999998882,17
gen_backend_go_005,tokenmizer_v0.5.2,backend/go,synthetic,semi,pending_tasks,2,2,2,1.0,1.0,1.0,168,335,1.99,223.80530999998882,17
gen_backend_go_005,tokenmizer_v0.5.2,backend/go,synthetic,semi,decisions,6,6,6,1.0,1.0,1.0,168,335,1.99,223.80530999998882,17
gen_backend_go_005,tokenmizer_v0.5.2,backend/go,synthetic,semi,files,2,2,2,1.0,1.0,1.0,168,335,1.99,223.80530999998882,17
gen_backend_go_005,graphiti_style,backend/go,synthetic,semi,completed_tasks,7,6,6,1.0,0.8571,0.9231,145,335,2.31,0.8544109996364568,16
gen_backend_go_005,graphiti_style,backend/go,synthetic,semi,pending_tasks,2,2,0,0.0,0.0,0.0,145,335,2.31,0.8544109996364568,16
gen_backend_go_005,graphiti_style,backend/go,synthetic,semi,decisions,6,7,4,0.5714,0.6667,0.6154,145,335,2.31,0.8544109996364568,16
gen_backend_go_005,graphiti_style,backend/go,synthetic,semi,files,2,1,1,1.0,0.5,0.6667,145,335,2.31,0.8544109996364568,16
gen_backend_go_005,graphrag_style,backend/go,synthetic,semi,completed_tasks,7,0,0,1.0,0.0,0.0,65,335,5.15,0.5435270004454651,8
gen_backend_go_005,graphrag_style,backend/go,synthetic,semi,pending_tasks,2,1,0,0.0,0.0,0.0,65,335,5.15,0.5435270004454651,8
gen_backend_go_005,graphrag_style,backend/go,synthetic,semi,decisions,6,6,5,0.8333,0.8333,0.8333,65,335,5.15,0.5435270004454651,8
gen_backend_go_005,graphrag_style,backend/go,synthetic,semi,files,2,1,1,1.0,0.5,0.6667,65,335,5.15,0.5435270004454651,8
gen_backend_go_005,mem0_style,backend/go,synthetic,semi,completed_tasks,7,6,6,1.0,0.8571,0.9231,140,335,2.39,0.8704450001459918,15
gen_backend_go_005,mem0_style,backend/go,synthetic,semi,pending_tasks,2,1,0,0.0,0.0,0.0,140,335,2.39,0.8704450001459918,15
gen_backend_go_005,mem0_style,backend/go,synthetic,semi,decisions,6,7,4,0.5714,0.6667,0.6154,140,335,2.39,0.8704450001459918,15
gen_backend_go_005,mem0_style,backend/go,synthetic,semi,files,2,1,1,1.0,0.5,0.6667,140,335,2.39,0.8704450001459918,15
gen_backend_go_005,memgpt_style,backend/go,synthetic,semi,completed_tasks,7,4,4,1.0,0.5714,0.7273,101,335,3.32,0.3779950002353871,12
gen_backend_go_005,memgpt_style,backend/go,synthetic,semi,pending_tasks,2,2,0,0.0,0.0,0.0,101,335,3.32,0.3779950002353871,12
gen_backend_go_005,memgpt_style,backend/go,synthetic,semi,decisions,6,6,3,0.5,0.5,0.5,101,335,3.32,0.3779950002353871,12
gen_backend_go_005,memgpt_style,backend/go,synthetic,semi,files,2,0,0,1.0,0.0,0.0,101,335,3.32,0.3779950002353871,12
gen_backend_go_005,sliding_window_10,backend/go,synthetic,semi,completed_tasks,7,12,3,0.25,0.4286,0.3158,128,335,2.62,0.003412999831198249,12
gen_backend_go_005,sliding_window_10,backend/go,synthetic,semi,pending_tasks,2,12,1,0.0833,0.5,0.1429,128,335,2.62,0.003412999831198249,12
gen_backend_go_005,sliding_window_10,backend/go,synthetic,semi,decisions,6,12,3,0.25,0.5,0.3333,128,335,2.62,0.003412999831198249,12
gen_backend_go_005,sliding_window_10,backend/go,synthetic,semi,files,2,12,0,0.0,0.0,0.0,128,335,2.62,0.003412999831198249,12
gen_backend_go_005,sliding_window_10,backend/go,synthetic,semi,errors,0,12,0,0.0,1.0,0.0,128,335,2.62,0.003412999831198249,12
gen_backend_go_005,naive_truncation,backend/go,synthetic,semi,completed_tasks,7,30,6,0.2,0.8571,0.3243,303,335,1.11,0.01592900025570998,30
gen_backend_go_005,naive_truncation,backend/go,synthetic,semi,pending_tasks,2,30,2,0.0667,1.0,0.125,303,335,1.11,0.01592900025570998,30
gen_backend_go_005,naive_truncation,backend/go,synthetic,semi,decisions,6,30,6,0.2,1.0,0.3333,303,335,1.11,0.01592900025570998,30
gen_backend_go_005,naive_truncation,backend/go,synthetic,semi,files,2,30,2,0.0667,1.0,0.125,303,335,1.11,0.01592900025570998,30
gen_backend_go_005,naive_truncation,backend/go,synthetic,semi,errors,0,30,0,0.0,1.0,0.0,303,335,1.11,0.01592900025570998,30
gen_backend_go_005,naive_summary,backend/go,synthetic,semi,completed_tasks,7,18,2,0.1111,0.2857,0.16,175,335,1.91,0.035675999242812395,18
gen_backend_go_005,naive_summary,backend/go,synthetic,semi,pending_tasks,2,18,1,0.0556,0.5,0.1,175,335,1.91,0.035675999242812395,18
gen_backend_go_005,naive_summary,backend/go,synthetic,semi,decisions,6,18,2,0.1111,0.3333,0.1667,175,335,1.91,0.035675999242812395,18
gen_backend_go_005,naive_summary,backend/go,synthetic,semi,files,2,18,2,0.1111,1.0,0.2,175,335,1.91,0.035675999242812395,18
gen_backend_go_005,naive_summary,backend/go,synthetic,semi,errors,0,18,0,0.0,1.0,0.0,175,335,1.91,0.035675999242812395,18
gen_backend_go_006,tokenmizer_v0.5.2,backend/go,synthetic,semi,completed_tasks,4,4,4,1.0,1.0,1.0,132,270,2.05,218.1499670004996,14
gen_backend_go_006,tokenmizer_v0.5.2,backend/go,synthetic,semi,pending_tasks,4,4,4,1.0,1.0,1.0,132,270,2.05,218.1499670004996,14
gen_backend_go_006,tokenmizer_v0.5.2,backend/go,synthetic,semi,decisions,2,2,2,1.0,1.0,1.0,132,270,2.05,218.1499670004996,14
gen_backend_go_006,tokenmizer_v0.5.2,backend/go,synthetic,semi,files,2,2,2,1.0,1.0,1.0,132,270,2.05,218.1499670004996,14
gen_backend_go_006,tokenmizer_v0.5.2,backend/go,synthetic,semi,errors,2,2,2,1.0,1.0,1.0,132,270,2.05,218.1499670004996,14
gen_backend_go_006,graphiti_style,backend/go,synthetic,semi,completed_tasks,4,3,3,1.0,0.75,0.8571,89,270,3.03,0.7614289997945889,10
gen_backend_go_006,graphiti_style,backend/go,synthetic,semi,pending_tasks,4,3,0,0.0,0.0,0.0,89,270,3.03,0.7614289997945889,10
gen_backend_go_006,graphiti_style,backend/go,synthetic,semi,decisions,2,0,0,1.0,0.0,0.0,89,270,3.03,0.7614289997945889,10
gen_backend_go_006,graphiti_style,backend/go,synthetic,semi,files,2,2,2,1.0,1.0,1.0,89,270,3.03,0.7614289997945889,10
gen_backend_go_006,graphiti_style,backend/go,synthetic,semi,errors,2,2,2,1.0,1.0,1.0,89,270,3.03,0.7614289997945889,10
gen_backend_go_006,graphrag_style,backend/go,synthetic,semi,completed_tasks,4,0,0,1.0,0.0,0.0,35,270,7.71,0.40584399994259,5
gen_backend_go_006,graphrag_style,backend/go,synthetic,semi,pending_tasks,4,2,0,0.0,0.0,0.0,35,270,7.71,0.40584399994259,5
gen_backend_go_006,graphrag_style,backend/go,synthetic,semi,decisions,2,0,0,1.0,0.0,0.0,35,270,7.71,0.40584399994259,5
gen_backend_go_006,graphrag_style,backend/go,synthetic,semi,files,2,2,2,1.0,1.0,1.0,35,270,7.71,0.40584399994259,5
gen_backend_go_006,graphrag_style,backend/go,synthetic,semi,errors,2,1,1,1.0,0.5,0.6667,35,270,7.71,0.40584399994259,5
gen_backend_go_006,mem0_style,backend/go,synthetic,semi,completed_tasks,4,3,3,1.0,0.75,0.8571,85,270,3.18,0.7762430004731868,9
gen_backend_go_006,mem0_style,backend/go,synthetic,semi,pending_tasks,4,2,0,0.0,0.0,0.0,85,270,3.18,0.7762430004731868,9
gen_backend_go_006,mem0_style,backend/go,synthetic,semi,decisions,2,0,0,1.0,0.0,0.0,85,270,3.18,0.7762430004731868,9
gen_backend_go_006,mem0_style,backend/go,synthetic,semi,files,2,2,2,1.0,1.0,1.0,85,270,3.18,0.7762430004731868,9
gen_backend_go_006,mem0_style,backend/go,synthetic,semi,errors,2,2,2,1.0,1.0,1.0,85,270,3.18,0.7762430004731868,9
gen_backend_go_006,memgpt_style,backend/go,synthetic,semi,completed_tasks,4,1,1,1.0,0.25,0.4,30,270,9.0,0.3240959995309822,2
gen_backend_go_006,memgpt_style,backend/go,synthetic,semi,pending_tasks,4,0,0,1.0,0.0,0.0,30,270,9.0,0.3240959995309822,2
gen_backend_go_006,memgpt_style,backend/go,synthetic,semi,decisions,2,0,0,1.0,0.0,0.0,30,270,9.0,0.3240959995309822,2
gen_backend_go_006,memgpt_style,backend/go,synthetic,semi,files,2,0,0,1.0,0.0,0.0,30,270,9.0,0.3240959995309822,2
gen_backend_go_006,memgpt_style,backend/go,synthetic,semi,errors,2,1,1,1.0,0.5,0.6667,30,270,9.0,0.3240959995309822,2
gen_backend_go_006,sliding_window_10,backend/go,synthetic,semi,completed_tasks,4,13,3,0.2308,0.75,0.3529,148,270,1.82,0.003647999619715847,13
gen_backend_go_006,sliding_window_10,backend/go,synthetic,semi,pending_tasks,4,13,2,0.1538,0.5,0.2353,148,270,1.82,0.003647999619715847,13
gen_backend_go_006,sliding_window_10,backend/go,synthetic,semi,decisions,2,13,1,0.0769,0.5,0.1333,148,270,1.82,0.003647999619715847,13
gen_backend_go_006,sliding_window_10,backend/go,synthetic,semi,files,2,13,1,0.0769,0.5,0.1333,148,270,1.82,0.003647999619715847,13
gen_backend_go_006,sliding_window_10,backend/go,synthetic,semi,errors,2,13,1,0.0769,0.5,0.1333,148,270,1.82,0.003647999619715847,13
gen_backend_go_006,naive_truncation,backend/go,synthetic,semi,completed_tasks,4,25,4,0.16,1.0,0.2759,283,270,0.95,0.012849999620812014,25
gen_backend_go_006,naive_truncation,backend/go,synthetic,semi,pending_tasks,4,25,4,0.16,1.0,0.2759,283,270,0.95,0.012849999620812014,25
gen_backend_go_006,naive_truncation,backend/go,synthetic,semi,decisions,2,25,2,0.08,1.0,0.1481,283,270,0.95,0.012849999620812014,25
gen_backend_go_006,naive_truncation,backend/go,synthetic,semi,files,2,25,2,0.08,1.0,0.1481,283,270,0.95,0.012849999620812014,25
gen_backend_go_006,naive_truncation,backend/go,synthetic,semi,errors,2,25,2,0.08,1.0,0.1481,283,270,0.95,0.012849999620812014,25
gen_backend_go_006,naive_summary,backend/go,synthetic,semi,completed_tasks,4,18,3,0.1667,0.75,0.2727,193,270,1.4,0.024316000235558022,18
gen_backend_go_006,naive_summary,backend/go,synthetic,semi,pending_tasks,4,18,2,0.1111,0.5,0.1818,193,270,1.4,0.024316000235558022,18
gen_backend_go_006,naive_summary,backend/go,synthetic,semi,decisions,2,18,1,0.0556,0.5,0.1,193,270,1.4,0.024316000235558022,18
gen_backend_go_006,naive_summary,backend/go,synthetic,semi,files,2,18,2,0.1111,1.0,0.2,193,270,1.4,0.024316000235558022,18
gen_backend_go_006,naive_summary,backend/go,synthetic,semi,errors,2,18,1,0.0556,0.5,0.1,193,270,1.4,0.024316000235558022,18
gen_backend_python_001,tokenmizer_v0.5.2,backend/python,synthetic,explicit,completed_tasks,7,7,7,1.0,1.0,1.0,171,319,1.87,237.51074700066965,20
gen_backend_python_001,tokenmizer_v0.5.2,backend/python,synthetic,explicit,pending_tasks,1,1,1,1.0,1.0,1.0,171,319,1.87,237.51074700066965,20
gen_backend_python_001,tokenmizer_v0.5.2,backend/python,synthetic,explicit,decisions,5,5,5,1.0,1.0,1.0,171,319,1.87,237.51074700066965,20
gen_backend_python_001,tokenmizer_v0.5.2,backend/python,synthetic,explicit,files,6,6,6,1.0,1.0,1.0,171,319,1.87,237.51074700066965,20
gen_backend_python_001,tokenmizer_v0.5.2,backend/python,synthetic,explicit,errors,1,1,1,1.0,1.0,1.0,171,319,1.87,237.51074700066965,20
gen_backend_python_001,graphiti_style,backend/python,synthetic,explicit,completed_tasks,7,9,7,0.7778,1.0,0.875,173,319,1.84,0.9196119999614893,24
gen_backend_python_001,graphiti_style,backend/python,synthetic,explicit,pending_tasks,1,2,1,0.5,1.0,0.6667,173,319,1.84,0.9196119999614893,24
gen_backend_python_001,graphiti_style,backend/python,synthetic,explicit,decisions,5,6,4,0.6667,0.8,0.7273,173,319,1.84,0.9196119999614893,24
gen_backend_python_001,graphiti_style,backend/python,synthetic,explicit,files,6,6,6,1.0,1.0,1.0,173,319,1.84,0.9196119999614893,24
gen_backend_python_001,graphiti_style,backend/python,synthetic,explicit,errors,1,1,1,1.0,1.0,1.0,173,319,1.84,0.9196119999614893,24
gen_backend_python_001,graphrag_style,backend/python,synthetic,explicit,completed_tasks,7,4,4,1.0,0.5714,0.7273,140,319,2.28,0.5017430003135814,19
gen_backend_python_001,graphrag_style,backend/python,synthetic,explicit,pending_tasks,1,1,0,0.0,0.0,0.0,140,319,2.28,0.5017430003135814,19
gen_backend_python_001,graphrag_style,backend/python,synthetic,explicit,decisions,5,6,5,0.8333,1.0,0.9091,140,319,2.28,0.5017430003135814,19
gen_backend_python_001,graphrag_style,backend/python,synthetic,explicit,files,6,6,6,1.0,1.0,1.0,140,319,2.28,0.5017430003135814,19
gen_backend_python_001,graphrag_style,backend/python,synthetic,explicit,errors,1,2,1,0.5,1.0,0.6667,140,319,2.28,0.5017430003135814,19
gen_backend_python_001,mem0_style,backend/python,synthetic,explicit,completed_tasks,7,9,7,0.7778,1.0,0.875,172,319,1.85,0.8601439994890825,24
gen_backend_python_001,mem0_style,backend/python,synthetic,explicit,pending_tasks,1,2,1,0.5,1.0,0.6667,172,319,1.85,0.8601439994890825,24
gen_backend_python_001,mem0_style,backend/python,synthetic,explicit,decisions,5,6,4,0.6667,0.8,0.7273,172,319,1.85,0.8601439994890825,24
gen_backend_python_001,mem0_style,backend/python,synthetic,explicit,files,6,6,6,1.0,1.0,1.0,172,319,1.85,0.8601439994890825,24
gen_backend_python_001,mem0_style,backend/python,synthetic,explicit,errors,1,1,1,1.0,1.0,1.0,172,319,1.85,0.8601439994890825,24
gen_backend_python_001,memgpt_style,backend/python,synthetic,explicit,completed_tasks,7,6,5,0.8333,0.7143,0.7692,84,319,3.8,0.3184830002282979,10
gen_backend_python_001,memgpt_style,backend/python,synthetic,explicit,pending_tasks,1,0,0,1.0,0.0,0.0,84,319,3.8,0.3184830002282979,10
gen_backend_python_001,memgpt_style,backend/python,synthetic,explicit,decisions,5,2,1,0.5,0.2,0.2857,84,319,3.8,0.3184830002282979,10
gen_backend_python_001,memgpt_style,backend/python,synthetic,explicit,files,6,2,2,1.0,0.3333,0.5,84,319,3.8,0.3184830002282979,10
gen_backend_python_001,memgpt_style,backend/python,synthetic,explicit,errors,1,0,0,1.0,0.0,0.0,84,319,3.8,0.3184830002282979,10
gen_backend_python_001,sliding_window_10,backend/python,synthetic,explicit,completed_tasks,7,11,3,0.2727,0.4286,0.3333,108,319,2.95,0.0033420001273043454,11
gen_backend_python_001,sliding_window_10,backend/python,synthetic,explicit,pending_tasks,1,11,0,0.0,0.0,0.0,108,319,2.95,0.0033420001273043454,11
gen_backend_python_001,sliding_window_10,backend/python,synthetic,explicit,decisions,5,11,2,0.1818,0.4,0.25,108,319,2.95,0.0033420001273043454,11
gen_backend_python_001,sliding_window_10,backend/python,synthetic,explicit,files,6,11,1,0.0909,0.1667,0.1176,108,319,2.95,0.0033420001273043454,11
gen_backend_python_001,sliding_window_10,backend/python,synthetic,explicit,errors,1,11,0,0.0,0.0,0.0,108,319,2.95,0.0033420001273043454,11
gen_backend_python_001,naive_truncation,backend/python,synthetic,explicit,completed_tasks,7,35,7,0.2,1.0,0.3333,316,319,1.01,0.015255000107572414,35
gen_backend_python_001,naive_truncation,backend/python,synthetic,explicit,pending_tasks,1,35,1,0.0286,1.0,0.0556,316,319,1.01,0.015255000107572414,35
gen_backend_python_001,naive_truncation,backend/python,synthetic,explicit,decisions,5,35,5,0.1429,1.0,0.25,316,319,1.01,0.015255000107572414,35
gen_backend_python_001,naive_truncation,backend/python,synthetic,explicit,files,6,35,6,0.1714,1.0,0.2927,316,319,1.01,0.015255000107572414,35
gen_backend_python_001,naive_truncation,backend/python,synthetic,explicit,errors,1,35,1,0.0286,1.0,0.0556,316,319,1.01,0.015255000107572414,35
gen_backend_python_001,naive_summary,backend/python,synthetic,explicit,completed_tasks,7,24,2,0.0833,0.2857,0.129,201,319,1.59,0.03295300030004,24
gen_backend_python_001,naive_summary,backend/python,synthetic,explicit,pending_tasks,1,24,1,0.0417,1.0,0.08,201,319,1.59,0.03295300030004,24
gen_backend_python_001,naive_summary,backend/python,synthetic,explicit,decisions,5,24,3,0.125,0.6,0.2069,201,319,1.59,0.03295300030004,24
gen_backend_python_001,naive_summary,backend/python,synthetic,explicit,files,6,24,5,0.2083,0.8333,0.3333,201,319,1.59,0.03295300030004,24
gen_backend_python_001,naive_summary,backend/python,synthetic,explicit,errors,1,24,1,0.0417,1.0,0.08,201,319,1.59,0.03295300030004,24
gen_backend_python_002,tokenmizer_v0.5.2,backend/python,synthetic,explicit,completed_tasks,7,8,7,0.875,1.0,0.9333,157,342,2.18,219.0103539996926,22
gen_backend_python_002,tokenmizer_v0.5.2,backend/python,synthetic,explicit,pending_tasks,4,4,4,1.0,1.0,1.0,157,342,2.18,219.0103539996926,22
gen_backend_python_002,tokenmizer_v0.5.2,backend/python,synthetic,explicit,decisions,3,3,3,1.0,1.0,1.0,157,342,2.18,219.0103539996926,22
gen_backend_python_002,tokenmizer_v0.5.2,backend/python,synthetic,explicit,files,6,6,6,1.0,1.0,1.0,157,342,2.18,219.0103539996926,22
gen_backend_python_002,tokenmizer_v0.5.2,backend/python,synthetic,explicit,errors,1,1,1,1.0,1.0,1.0,157,342,2.18,219.0103539996926,22
gen_backend_python_002,graphiti_style,backend/python,synthetic,explicit,completed_tasks,7,12,7,0.5833,1.0,0.7368,189,342,1.81,0.8807009999145521,28
gen_backend_python_002,graphiti_style,backend/python,synthetic,explicit,pending_tasks,4,5,4,0.8,1.0,0.8889,189,342,1.81,0.8807009999145521,28
gen_backend_python_002,graphiti_style,backend/python,synthetic,explicit,decisions,3,4,3,0.75,1.0,0.8571,189,342,1.81,0.8807009999145521,28
gen_backend_python_002,graphiti_style,backend/python,synthetic,explicit,files,6,6,6,1.0,1.0,1.0,189,342,1.81,0.8807009999145521,28
gen_backend_python_002,graphiti_style,backend/python,synthetic,explicit,errors,1,1,1,1.0,1.0,1.0,189,342,1.81,0.8807009999145521,28
gen_backend_python_002,graphrag_style,backend/python,synthetic,explicit,completed_tasks,7,4,4,1.0,0.5714,0.7273,143,342,2.39,0.4999049997422844,17
gen_backend_python_002,graphrag_style,backend/python,synthetic,explicit,pending_tasks,4,3,2,0.6667,0.5,0.5714,143,342,2.39,0.4999049997422844,17
gen_backend_python_002,graphrag_style,backend/python,synthetic,explicit,decisions,3,3,3,1.0,1.0,1.0,143,342,2.39,0.4999049997422844,17
gen_backend_python_002,graphrag_style,backend/python,synthetic,explicit,files,6,6,6,1.0,1.0,1.0,143,342,2.39,0.4999049997422844,17
gen_backend_python_002,graphrag_style,backend/python,synthetic,explicit,errors,1,1,1,1.0,1.0,1.0,143,342,2.39,0.4999049997422844,17
gen_backend_python_002,mem0_style,backend/python,synthetic,explicit,completed_tasks,7,12,7,0.5833,1.0,0.7368,188,342,1.82,0.9335759996247361,28
gen_backend_python_002,mem0_style,backend/python,synthetic,explicit,pending_tasks,4,5,4,0.8,1.0,0.8889,188,342,1.82,0.9335759996247361,28
gen_backend_python_002,mem0_style,backend/python,synthetic,explicit,decisions,3,4,3,0.75,1.0,0.8571,188,342,1.82,0.9335759996247361,28
gen_backend_python_002,mem0_style,backend/python,synthetic,explicit,files,6,6,6,1.0,1.0,1.0,188,342,1.82,0.9335759996247361,28
gen_backend_python_002,mem0_style,backend/python,synthetic,explicit,errors,1,1,1,1.0,1.0,1.0,188,342,1.82,0.9335759996247361,28
gen_backend_python_002,memgpt_style,backend/python,synthetic,explicit,completed_tasks,7,4,2,0.5,0.2857,0.3636,70,342,4.89,0.25582199941709405,9
gen_backend_python_002,memgpt_style,backend/python,synthetic,explicit,pending_tasks,4,2,2,1.0,0.5,0.6667,70,342,4.89,0.25582199941709405,9
gen_backend_python_002,memgpt_style,backend/python,synthetic,explicit,decisions,3,1,1,1.0,0.3333,0.5,70,342,4.89,0.25582199941709405,9
gen_backend_python_002,memgpt_style,backend/python,synthetic,explicit,files,6,2,2,1.0,0.3333,0.5,70,342,4.89,0.25582199941709405,9
gen_backend_python_002,memgpt_style,backend/python,synthetic,explicit,errors,1,0,0,1.0,0.0,0.0,70,342,4.89,0.25582199941709405,9
gen_backend_python_002,sliding_window_10,backend/python,synthetic,explicit,completed_tasks,7,10,1,0.1,0.1429,0.1176,76,342,4.5,0.004081999577465467,10
gen_backend_python_002,sliding_window_10,backend/python,synthetic,explicit,pending_tasks,4,10,2,0.2,0.5,0.2857,76,342,4.5,0.004081999577465467,10
gen_backend_python_002,sliding_window_10,backend/python,synthetic,explicit,decisions,3,10,0,0.0,0.0,0.0,76,342,4.5,0.004081999577465467,10
gen_backend_python_002,sliding_window_10,backend/python,synthetic,explicit,files,6,10,2,0.2,0.3333,0.25,76,342,4.5,0.004081999577465467,10
gen_backend_python_002,sliding_window_10,backend/python,synthetic,explicit,errors,1,10,0,0.0,0.0,0.0,76,342,4.5,0.004081999577465467,10
gen_backend_python_002,naive_truncation,backend/python,synthetic,explicit,completed_tasks,7,35,6,0.1714,0.8571,0.2857,308,342,1.11,0.014815000213275198,35
gen_backend_python_002,naive_truncation,backend/python,synthetic,explicit,pending_tasks,4,35,4,0.1143,1.0,0.2051,308,342,1.11,0.014815000213275198,35
gen_backend_python_002,naive_truncation,backend/python,synthetic,explicit,decisions,3,35,2,0.0571,0.6667,0.1053,308,342,1.11,0.014815000213275198,35
gen_backend_python_002,naive_truncation,backend/python,synthetic,explicit,files,6,35,6,0.1714,1.0,0.2927,308,342,1.11,0.014815000213275198,35
gen_backend_python_002,naive_truncation,backend/python,synthetic,explicit,errors,1,35,1,0.0286,1.0,0.0556,308,342,1.11,0.014815000213275198,35
gen_backend_python_002,naive_summary,backend/python,synthetic,explicit,completed_tasks,7,21,5,0.2381,0.7143,0.3571,209,342,1.64,0.033907999750226736,21
gen_backend_python_002,naive_summary,backend/python,synthetic,explicit,pending_tasks,4,21,2,0.0952,0.5,0.16,209,342,1.64,0.033907999750226736,21
gen_backend_python_002,naive_summary,backend/python,synthetic,explicit,decisions,3,21,2,0.0952,0.6667,0.1667,209,342,1.64,0.033907999750226736,21
gen_backend_python_002,naive_summary,backend/python,synthetic,explicit,files,6,21,2,0.0952,0.3333,0.1481,209,342,1.64,0.033907999750226736,21
gen_backend_python_002,naive_summary,backend/python,synthetic,explicit,errors,1,21,0,0.0,0.0,0.0,209,342,1.64,0.033907999750226736,21
gen_backend_python_003,tokenmizer_v0.5.2,backend/python,synthetic,explicit,completed_tasks,4,4,4,1.0,1.0,1.0,115,259,2.25,226.35680299936212,15
gen_backend_python_003,tokenmizer_v0.5.2,backend/python,synthetic,explicit,pending_tasks,3,3,3,1.0,1.0,1.0,115,259,2.25,226.35680299936212,15
gen_backend_python_003,tokenmizer_v0.5.2,backend/python,synthetic,explicit,decisions,2,2,2,1.0,1.0,1.0,115,259,2.25,226.35680299936212,15
gen_backend_python_003,tokenmizer_v0.5.2,backend/python,synthetic,explicit,files,6,6,6,1.0,1.0,1.0,115,259,2.25,226.35680299936212,15
gen_backend_python_003,graphiti_style,backend/python,synthetic,explicit,completed_tasks,4,8,4,0.5,1.0,0.6667,141,259,1.84,0.665413000206172,21
gen_backend_python_003,graphiti_style,backend/python,synthetic,explicit,pending_tasks,3,4,3,0.75,1.0,0.8571,141,259,1.84,0.665413000206172,21
gen_backend_python_003,graphiti_style,backend/python,synthetic,explicit,decisions,2,3,2,0.6667,1.0,0.8,141,259,1.84,0.665413000206172,21
gen_backend_python_003,graphiti_style,backend/python,synthetic,explicit,files,6,6,6,1.0,1.0,1.0,141,259,1.84,0.665413000206172,21
gen_backend_python_003,graphrag_style,backend/python,synthetic,explicit,completed_tasks,4,3,3,1.0,0.75,0.8571,106,259,2.44,0.47967299997253576,15
gen_backend_python_003,graphrag_style,backend/python,synthetic,explicit,pending_tasks,3,2,1,0.5,0.3333,0.4,106,259,2.44,0.47967299997253576,15
gen_backend_python_003,graphrag_style,backend/python,synthetic,explicit,decisions,2,3,2,0.6667,1.0,0.8,106,259,2.44,0.47967299997253576,15
gen_backend_python_003,graphrag_style,backend/python,synthetic,explicit,files,6,6,6,1.0,1.0,1.0,106,259,2.44,0.47967299997253576,15
gen_backend_python_003,graphrag_style,backend/python,synthetic,explicit,errors,0,1,0,0.0,1.0,0.0,106,259,2.44,0.47967299997253576,15
gen_backend_python_003,mem0_style,backend/python,synthetic,explicit,completed_tasks,4,8,4,0.5,1.0,0.6667,140,259,1.85,0.7496940006603836,21
gen_backend_python_003,mem0_style,backend/python,synthetic,explicit,pending_tasks,3,4,3,0.75,1.0,0.8571,140,259,1.85,0.7496940006603836,21
gen_backend_python_003,mem0_style,backend/python,synthetic,explicit,decisions,2,3,2,0.6667,1.0,0.8,140,259,1.85,0.7496940006603836,21
gen_backend_python_003,mem0_style,backend/python,synthetic,explicit,files,6,6,6,1.0,1.0,1.0,140,259,1.85,0.7496940006603836,21
gen_backend_python_003,memgpt_style,backend/python,synthetic,explicit,completed_tasks,4,3,1,0.3333,0.25,0.2857,60,259,4.32,0.19267500010755612,8
gen_backend_python_003,memgpt_style,backend/python,synthetic,explicit,pending_tasks,3,1,1,1.0,0.3333,0.5,60,259,4.32,0.19267500010755612,8
gen_backend_python_003,memgpt_style,backend/python,synthetic,explicit,decisions,2,1,1,1.0,0.5,0.6667,60,259,4.32,0.19267500010755612,8
gen_backend_python_003,memgpt_style,backend/python,synthetic,explicit,files,6,3,3,1.0,0.5,0.6667,60,259,4.32,0.19267500010755612,8
gen_backend_python_003,sliding_window_10,backend/python,synthetic,explicit,completed_tasks,4,10,1,0.1,0.25,0.1429,77,259,3.36,0.003015999936906155,10
gen_backend_python_003,sliding_window_10,backend/python,synthetic,explicit,pending_tasks,3,10,1,0.1,0.3333,0.1538,77,259,3.36,0.003015999936906155,10
gen_backend_python_003,sliding_window_10,backend/python,synthetic,explicit,decisions,2,10,0,0.0,0.0,0.0,77,259,3.36,0.003015999936906155,10
gen_backend_python_003,sliding_window_10,backend/python,synthetic,explicit,files,6,10,3,0.3,0.5,0.375,77,259,3.36,0.003015999936906155,10
gen_backend_python_003,sliding_window_10,backend/python,synthetic,explicit,errors,0,10,0,0.0,1.0,0.0,77,259,3.36,0.003015999936906155,10
gen_backend_python_003,naive_truncation,backend/python,synthetic,explicit,completed_tasks,4,30,4,0.1333,1.0,0.2353,276,259,0.94,0.013511000361177139,30
gen_backend_python_003,naive_truncation,backend/python,synthetic,explicit,pending_tasks,3,30,3,0.1,1.0,0.1818,276,259,0.94,0.013511000361177139,30
gen_backend_python_003,naive_truncation,backend/python,synthetic,explicit,decisions,2,30,2,0.0667,1.0,0.125,276,259,0.94,0.013511000361177139,30
gen_backend_python_003,naive_truncation,backend/python,synthetic,explicit,files,6,30,6,0.2,1.0,0.3333,276,259,0.94,0.013511000361177139,30
gen_backend_python_003,naive_truncation,backend/python,synthetic,explicit,errors,0,30,0,0.0,1.0,0.0,276,259,0.94,0.013511000361177139,30
gen_backend_python_003,naive_summary,backend/python,synthetic,explicit,completed_tasks,4,20,3,0.15,0.75,0.25,191,259,1.36,0.022683999304717872,20
gen_backend_python_003,naive_summary,backend/python,synthetic,explicit,pending_tasks,3,20,2,0.1,0.6667,0.1739,191,259,1.36,0.022683999304717872,20
gen_backend_python_003,naive_summary,backend/python,synthetic,explicit,decisions,2,20,1,0.05,0.5,0.0909,191,259,1.36,0.022683999304717872,20
gen_backend_python_003,naive_summary,backend/python,synthetic,explicit,files,6,20,3,0.15,0.5,0.2308,191,259,1.36,0.022683999304717872,20
gen_backend_python_003,naive_summary,backend/python,synthetic,explicit,errors,0,20,0,0.0,1.0,0.0,191,259,1.36,0.022683999304717872,20
gen_backend_python_004,tokenmizer_v0.5.2,backend/python,synthetic,explicit,completed_tasks,3,3,3,1.0,1.0,1.0,154,276,1.79,217.5473340003009,17
gen_backend_python_004,tokenmizer_v0.5.2,backend/python,synthetic,explicit,pending_tasks,2,2,2,1.0,1.0,1.0,154,276,1.79,217.5473340003009,17
gen_backend_python_004,tokenmizer_v0.5.2,backend/python,synthetic,explicit,decisions,4,4,4,1.0,1.0,1.0,154,276,1.79,217.5473340003009,17
gen_backend_python_004,tokenmizer_v0.5.2,backend/python,synthetic,explicit,files,5,5,5,1.0,1.0,1.0,154,276,1.79,217.5473340003009,17
gen_backend_python_004,tokenmizer_v0.5.2,backend/python,synthetic,explicit,errors,3,3,3,1.0,1.0,1.0,154,276,1.79,217.5473340003009,17
gen_backend_python_004,graphiti_style,backend/python,synthetic,explicit,completed_tasks,3,6,3,0.5,1.0,0.6667,163,276,1.69,1.2091839998902287,22
gen_backend_python_004,graphiti_style,backend/python,synthetic,explicit,pending_tasks,2,3,2,0.6667,1.0,0.8,163,276,1.69,1.2091839998902287,22
gen_backend_python_004,graphiti_style,backend/python,synthetic,explicit,decisions,4,5,3,0.6,0.75,0.6667,163,276,1.69,1.2091839998902287,22
gen_backend_python_004,graphiti_style,backend/python,synthetic,explicit,files,5,5,5,1.0,1.0,1.0,163,276,1.69,1.2091839998902287,22
gen_backend_python_004,graphiti_style,backend/python,synthetic,explicit,errors,3,3,3,1.0,1.0,1.0,163,276,1.69,1.2091839998902287,22
gen_backend_python_004,graphrag_style,backend/python,synthetic,explicit,completed_tasks,3,1,1,1.0,0.3333,0.5,140,276,1.97,0.6433569997170707,17
gen_backend_python_004,graphrag_style,backend/python,synthetic,explicit,pending_tasks,2,3,2,0.6667,1.0,0.8,140,276,1.97,0.6433569997170707,17
gen_backend_python_004,graphrag_style,backend/python,synthetic,explicit,decisions,4,5,4,0.8,1.0,0.8889,140,276,1.97,0.6433569997170707,17
gen_backend_python_004,graphrag_style,backend/python,synthetic,explicit,files,5,5,5,1.0,1.0,1.0,140,276,1.97,0.6433569997170707,17
gen_backend_python_004,graphrag_style,backend/python,synthetic,explicit,errors,3,3,3,1.0,1.0,1.0,140,276,1.97,0.6433569997170707,17
gen_backend_python_004,mem0_style,backend/python,synthetic,explicit,completed_tasks,3,6,3,0.5,1.0,0.6667,162,276,1.7,1.2685470001088106,22
gen_backend_python_004,mem0_style,backend/python,synthetic,explicit,pending_tasks,2,3,2,0.6667,1.0,0.8,162,276,1.7,1.2685470001088106,22
gen_backend_python_004,mem0_style,backend/python,synthetic,explicit,decisions,4,5,3,0.6,0.75,0.6667,162,276,1.7,1.2685470001088106,22
gen_backend_python_004,mem0_style,backend/python,synthetic,explicit,files,5,5,5,1.0,1.0,1.0,162,276,1.7,1.2685470001088106,22
gen_backend_python_004,mem0_style,backend/python,synthetic,explicit,errors,3,3,3,1.0,1.0,1.0,162,276,1.7,1.2685470001088106,22
gen_backend_python_004,memgpt_style,backend/python,synthetic,explicit,completed_tasks,3,3,1,0.3333,0.3333,0.3333,68,276,4.06,0.36338100017019315,9
gen_backend_python_004,memgpt_style,backend/python,synthetic,explicit,pending_tasks,2,0,0,1.0,0.0,0.0,68,276,4.06,0.36338100017019315,9
gen_backend_python_004,memgpt_style,backend/python,synthetic,explicit,decisions,4,1,0,0.0,0.0,0.0,68,276,4.06,0.36338100017019315,9
gen_backend_python_004,memgpt_style,backend/python,synthetic,explicit,files,5,3,3,1.0,0.6,0.75,68,276,4.06,0.36338100017019315,9
gen_backend_python_004,memgpt_style,backend/python,synthetic,explicit,errors,3,2,2,1.0,0.6667,0.8,68,276,4.06,0.36338100017019315,9
gen_backend_python_004,sliding_window_10,backend/python,synthetic,explicit,completed_tasks,3,11,1,0.0909,0.3333,0.1429,97,276,2.85,0.006491000021924265,11
gen_backend_python_004,sliding_window_10,backend/python,synthetic,explicit,pending_tasks,2,11,0,0.0,0.0,0.0,97,276,2.85,0.006491000021924265,11
gen_backend_python_004,sliding_window_10,backend/python,synthetic,explicit,decisions,4,11,1,0.0909,0.25,0.1333,97,276,2.85,0.006491000021924265,11
gen_backend_python_004,sliding_window_10,backend/python,synthetic,explicit,files,5,11,2,0.1818,0.4,0.25,97,276,2.85,0.006491000021924265,11
gen_backend_python_004,sliding_window_10,backend/python,synthetic,explicit,errors,3,11,2,0.1818,0.6667,0.2857,97,276,2.85,0.006491000021924265,11
gen_backend_python_004,naive_truncation,backend/python,synthetic,explicit,completed_tasks,3,33,3,0.0909,1.0,0.1667,295,276,0.94,0.030860000151733402,33
gen_backend_python_004,naive_truncation,backend/python,synthetic,explicit,pending_tasks,2,33,2,0.0606,1.0,0.1143,295,276,0.94,0.030860000151733402,33
gen_backend_python_004,naive_truncation,backend/python,synthetic,explicit,decisions,4,33,4,0.1212,1.0,0.2162,295,276,0.94,0.030860000151733402,33
gen_backend_python_004,naive_truncation,backend/python,synthetic,explicit,files,5,33,5,0.1515,1.0,0.2632,295,276,0.94,0.030860000151733402,33
gen_backend_python_004,naive_truncation,backend/python,synthetic,explicit,errors,3,33,3,0.0909,1.0,0.1667,295,276,0.94,0.030860000151733402,33
gen_backend_python_004,naive_summary,backend/python,synthetic,explicit,completed_tasks,3,22,2,0.0909,0.6667,0.16,192,276,1.44,0.04568599979393184,22
gen_backend_python_004,naive_summary,backend/python,synthetic,explicit,pending_tasks,2,22,2,0.0909,1.0,0.1667,192,276,1.44,0.04568599979393184,22
gen_backend_python_004,naive_summary,backend/python,synthetic,explicit,decisions,4,22,3,0.1364,0.75,0.2308,192,276,1.44,0.04568599979393184,22
gen_backend_python_004,naive_summary,backend/python,synthetic,explicit,files,5,22,2,0.0909,0.4,0.1481,192,276,1.44,0.04568599979393184,22
gen_backend_python_004,naive_summary,backend/python,synthetic,explicit,errors,3,22,1,0.0455,0.3333,0.08,192,276,1.44,0.04568599979393184,22
gen_backend_python_005,tokenmizer_v0.5.2,backend/python,synthetic,explicit,completed_tasks,7,8,7,0.875,1.0,0.9333,126,244,1.94,227.46141900006478,17
gen_backend_python_005,tokenmizer_v0.5.2,backend/python,synthetic,explicit,pending_tasks,1,1,1,1.0,1.0,1.0,126,244,1.94,227.46141900006478,17
gen_backend_python_005,tokenmizer_v0.5.2,backend/python,synthetic,explicit,decisions,2,2,2,1.0,1.0,1.0,126,244,1.94,227.46141900006478,17
gen_backend_python_005,tokenmizer_v0.5.2,backend/python,synthetic,explicit,files,6,6,6,1.0,1.0,1.0,126,244,1.94,227.46141900006478,17
gen_backend_python_005,graphiti_style,backend/python,synthetic,explicit,completed_tasks,7,12,7,0.5833,1.0,0.7368,138,244,1.77,0.5986989999655634,23
gen_backend_python_005,graphiti_style,backend/python,synthetic,explicit,pending_tasks,1,2,1,0.5,1.0,0.6667,138,244,1.77,0.5986989999655634,23
gen_backend_python_005,graphiti_style,backend/python,synthetic,explicit,decisions,2,3,2,0.6667,1.0,0.8,138,244,1.77,0.5986989999655634,23
gen_backend_python_005,graphiti_style,backend/python,synthetic,explicit,files,6,6,6,1.0,1.0,1.0,138,244,1.77,0.5986989999655634,23
gen_backend_python_005,graphrag_style,backend/python,synthetic,explicit,completed_tasks,7,3,3,1.0,0.4286,0.6,100,244,2.44,0.4284690003260039,14
gen_backend_python_005,graphrag_style,backend/python,synthetic,explicit,pending_tasks,1,2,1,0.5,1.0,0.6667,100,244,2.44,0.4284690003260039,14
gen_backend_python_005,graphrag_style,backend/python,synthetic,explicit,decisions,2,2,2,1.0,1.0,1.0,100,244,2.44,0.4284690003260039,14
gen_backend_python_005,graphrag_style,backend/python,synthetic,explicit,files,6,6,6,1.0,1.0,1.0,100,244,2.44,0.4284690003260039,14
gen_backend_python_005,graphrag_style,backend/python,synthetic,explicit,errors,0,1,0,0.0,1.0,0.0,100,244,2.44,0.4284690003260039,14
gen_backend_python_005,mem0_style,backend/python,synthetic,explicit,completed_tasks,7,12,7,0.5833,1.0,0.7368,137,244,1.78,0.6440050001401687,23
gen_backend_python_005,mem0_style,backend/python,synthetic,explicit,pending_tasks,1,2,1,0.5,1.0,0.6667,137,244,1.78,0.6440050001401687,23
gen_backend_python_005,mem0_style,backend/python,synthetic,explicit,decisions,2,3,2,0.6667,1.0,0.8,137,244,1.78,0.6440050001401687,23
gen_backend_python_005,mem0_style,backend/python,synthetic,explicit,files,6,6,6,1.0,1.0,1.0,137,244,1.78,0.6440050001401687,23
gen_backend_python_005,memgpt_style,backend/python,synthetic,explicit,completed_tasks,7,4,3,0.75,0.4286,0.5455,76,244,3.21,0.2646470002218848,9
gen_backend_python_005,memgpt_style,backend/python,synthetic,explicit,pending_tasks,1,1,1,1.0,1.0,1.0,76,244,3.21,0.2646470002218848,9
gen_backend_python_005,memgpt_style,backend/python,synthetic,explicit,decisions,2,2,1,0.5,0.5,0.5,76,244,3.21,0.2646470002218848,9
gen_backend_python_005,memgpt_style,backend/python,synthetic,explicit,files,6,2,2,1.0,0.3333,0.5,76,244,3.21,0.2646470002218848,9
gen_backend_python_005,sliding_window_10,backend/python,synthetic,explicit,completed_tasks,7,12,3,0.25,0.4286,0.3158,104,244,2.35,0.004493000233196653,12
gen_backend_python_005,sliding_window_10,backend/python,synthetic,explicit,pending_tasks,1,12,1,0.0833,1.0,0.1538,104,244,2.35,0.004493000233196653,12
gen_backend_python_005,sliding_window_10,backend/python,synthetic,explicit,decisions,2,12,1,0.0833,0.5,0.1429,104,244,2.35,0.004493000233196653,12
gen_backend_python_005,sliding_window_10,backend/python,synthetic,explicit,files,6,12,2,0.1667,0.3333,0.2222,104,244,2.35,0.004493000233196653,12
gen_backend_python_005,sliding_window_10,backend/python,synthetic,explicit,errors,0,12,0,0.0,1.0,0.0,104,244,2.35,0.004493000233196653,12
gen_backend_python_005,naive_truncation,backend/python,synthetic,explicit,completed_tasks,7,29,7,0.2414,1.0,0.3889,260,244,0.94,0.016953999875113368,29
gen_backend_python_005,naive_truncation,backend/python,synthetic,explicit,pending_tasks,1,29,1,0.0345,1.0,0.0667,260,244,0.94,0.016953999875113368,29
gen_backend_python_005,naive_truncation,backend/python,synthetic,explicit,decisions,2,29,2,0.069,1.0,0.129,260,244,0.94,0.016953999875113368,29
gen_backend_python_005,naive_truncation,backend/python,synthetic,explicit,files,6,29,6,0.2069,1.0,0.3429,260,244,0.94,0.016953999875113368,29
gen_backend_python_005,naive_truncation,backend/python,synthetic,explicit,errors,0,29,0,0.0,1.0,0.0,260,244,0.94,0.016953999875113368,29
gen_backend_python_005,naive_summary,backend/python,synthetic,explicit,completed_tasks,7,24,6,0.25,0.8571,0.3871,207,244,1.18,0.025461999939579982,24
gen_backend_python_005,naive_summary,backend/python,synthetic,explicit,pending_tasks,1,24,0,0.0,0.0,0.0,207,244,1.18,0.025461999939579982,24
gen_backend_python_005,naive_summary,backend/python,synthetic,explicit,decisions,2,24,1,0.0417,0.5,0.0769,207,244,1.18,0.025461999939579982,24
gen_backend_python_005,naive_summary,backend/python,synthetic,explicit,files,6,24,5,0.2083,0.8333,0.3333,207,244,1.18,0.025461999939579982,24
gen_backend_python_005,naive_summary,backend/python,synthetic,explicit,errors,0,24,0,0.0,1.0,0.0,207,244,1.18,0.025461999939579982,24
gen_backend_python_006,tokenmizer_v0.5.2,backend/python,synthetic,explicit,completed_tasks,4,4,4,1.0,1.0,1.0,131,260,1.98,244.0221870001551,16
gen_backend_python_006,tokenmizer_v0.5.2,backend/python,synthetic,explicit,pending_tasks,3,3,3,1.0,1.0,1.0,131,260,1.98,244.0221870001551,16
gen_backend_python_006,tokenmizer_v0.5.2,backend/python,synthetic,explicit,decisions,4,4,4,1.0,1.0,1.0,131,260,1.98,244.0221870001551,16
gen_backend_python_006,tokenmizer_v0.5.2,backend/python,synthetic,explicit,files,5,5,5,1.0,1.0,1.0,131,260,1.98,244.0221870001551,16
gen_backend_python_006,graphiti_style,backend/python,synthetic,explicit,completed_tasks,4,7,4,0.5714,1.0,0.7273,153,260,1.7,0.7028999998510699,20
gen_backend_python_006,graphiti_style,backend/python,synthetic,explicit,pending_tasks,3,4,3,0.75,1.0,0.8571,153,260,1.7,0.7028999998510699,20
gen_backend_python_006,graphiti_style,backend/python,synthetic,explicit,decisions,4,4,4,1.0,1.0,1.0,153,260,1.7,0.7028999998510699,20
gen_backend_python_006,graphiti_style,backend/python,synthetic,explicit,files,5,5,5,1.0,1.0,1.0,153,260,1.7,0.7028999998510699,20
gen_backend_python_006,graphrag_style,backend/python,synthetic,explicit,completed_tasks,4,1,1,1.0,0.25,0.4,82,260,3.17,0.41511400013405364,11
gen_backend_python_006,graphrag_style,backend/python,synthetic,explicit,pending_tasks,3,1,0,0.0,0.0,0.0,82,260,3.17,0.41511400013405364,11
gen_backend_python_006,graphrag_style,backend/python,synthetic,explicit,decisions,4,4,4,1.0,1.0,1.0,82,260,3.17,0.41511400013405364,11
gen_backend_python_006,graphrag_style,backend/python,synthetic,explicit,files,5,5,5,1.0,1.0,1.0,82,260,3.17,0.41511400013405364,11
gen_backend_python_006,mem0_style,backend/python,synthetic,explicit,completed_tasks,4,7,4,0.5714,1.0,0.7273,152,260,1.71,0.7309020002139732,20
gen_backend_python_006,mem0_style,backend/python,synthetic,explicit,pending_tasks,3,4,3,0.75,1.0,0.8571,152,260,1.71,0.7309020002139732,20
gen_backend_python_006,mem0_style,backend/python,synthetic,explicit,decisions,4,4,4,1.0,1.0,1.0,152,260,1.71,0.7309020002139732,20
gen_backend_python_006,mem0_style,backend/python,synthetic,explicit,files,5,5,5,1.0,1.0,1.0,152,260,1.71,0.7309020002139732,20
gen_backend_python_006,memgpt_style,backend/python,synthetic,explicit,completed_tasks,4,4,3,0.75,0.75,0.75,71,260,3.66,0.2863809995687916,8
gen_backend_python_006,memgpt_style,backend/python,synthetic,explicit,pending_tasks,3,1,1,1.0,0.3333,0.5,71,260,3.66,0.2863809995687916,8
gen_backend_python_006,memgpt_style,backend/python,synthetic,explicit,decisions,4,1,1,1.0,0.25,0.4,71,260,3.66,0.2863809995687916,8
gen_backend_python_006,memgpt_style,backend/python,synthetic,explicit,files,5,2,2,1.0,0.4,0.5714,71,260,3.66,0.2863809995687916,8
gen_backend_python_006,sliding_window_10,backend/python,synthetic,explicit,completed_tasks,4,11,2,0.1818,0.5,0.2667,89,260,2.92,0.004042000000481494,11
gen_backend_python_006,sliding_window_10,backend/python,synthetic,explicit,pending_tasks,3,11,1,0.0909,0.3333,0.1429,89,260,2.92,0.004042000000481494,11
gen_backend_python_006,sliding_window_10,backend/python,synthetic,explicit,decisions,4,11,1,0.0909,0.25,0.1333,89,260,2.92,0.004042000000481494,11
gen_backend_python_006,sliding_window_10,backend/python,synthetic,explicit,files,5,11,2,0.1818,0.4,0.25,89,260,2.92,0.004042000000481494,11
gen_backend_python_006,sliding_window_10,backend/python,synthetic,explicit,errors,0,11,0,0.0,1.0,0.0,89,260,2.92,0.004042000000481494,11
gen_backend_python_006,naive_truncation,backend/python,synthetic,explicit,completed_tasks,4,32,4,0.125,1.0,0.2222,277,260,0.94,0.013124999895808287,32
gen_backend_python_006,naive_truncation,backend/python,synthetic,explicit,pending_tasks,3,32,3,0.0938,1.0,0.1714,277,260,0.94,0.013124999895808287,32
gen_backend_python_006,naive_truncation,backend/python,synthetic,explicit,decisions,4,32,4,0.125,1.0,0.2222,277,260,0.94,0.013124999895808287,32
gen_backend_python_006,naive_truncation,backend/python,synthetic,explicit,files,5,32,5,0.1562,1.0,0.2703,277,260,0.94,0.013124999895808287,32
gen_backend_python_006,naive_truncation,backend/python,synthetic,explicit,errors,0,32,0,0.0,1.0,0.0,277,260,0.94,0.013124999895808287,32
gen_backend_python_006,naive_summary,backend/python,synthetic,explicit,completed_tasks,4,23,2,0.087,0.5,0.1481,199,260,1.31,0.030974999390309677,23
gen_backend_python_006,naive_summary,backend/python,synthetic,explicit,pending_tasks,3,23,3,0.1304,1.0,0.2308,199,260,1.31,0.030974999390309677,23
gen_backend_python_006,naive_summary,backend/python,synthetic,explicit,decisions,4,23,3,0.1304,0.75,0.2222,199,260,1.31,0.030974999390309677,23
gen_backend_python_006,naive_summary,backend/python,synthetic,explicit,files,5,23,3,0.1304,0.6,0.2143,199,260,1.31,0.030974999390309677,23
gen_backend_python_006,naive_summary,backend/python,synthetic,explicit,errors,0,23,0,0.0,1.0,0.0,199,260,1.31,0.030974999390309677,23
gen_data_sql_001,tokenmizer_v0.5.2,data/sql,synthetic,mixed,completed_tasks,6,6,6,1.0,1.0,1.0,156,350,2.24,232.47808300038741,15
gen_data_sql_001,tokenmizer_v0.5.2,data/sql,synthetic,mixed,pending_tasks,2,1,1,1.0,0.5,0.6667,156,350,2.24,232.47808300038741,15
gen_data_sql_001,tokenmizer_v0.5.2,data/sql,synthetic,mixed,decisions,2,2,2,1.0,1.0,1.0,156,350,2.24,232.47808300038741,15
gen_data_sql_001,tokenmizer_v0.5.2,data/sql,synthetic,mixed,files,5,5,5,1.0,1.0,1.0,156,350,2.24,232.47808300038741,15
gen_data_sql_001,tokenmizer_v0.5.2,data/sql,synthetic,mixed,errors,2,1,1,1.0,0.5,0.6667,156,350,2.24,232.47808300038741,15
gen_data_sql_001,graphiti_style,data/sql,synthetic,mixed,completed_tasks,6,5,4,0.8,0.6667,0.7273,141,350,2.48,0.9194790000037756,15
gen_data_sql_001,graphiti_style,data/sql,synthetic,mixed,pending_tasks,2,2,1,0.5,0.5,0.5,141,350,2.48,0.9194790000037756,15
gen_data_sql_001,graphiti_style,data/sql,synthetic,mixed,decisions,2,3,2,0.6667,1.0,0.8,141,350,2.48,0.9194790000037756,15
gen_data_sql_001,graphiti_style,data/sql,synthetic,mixed,files,5,5,5,1.0,1.0,1.0,141,350,2.48,0.9194790000037756,15
gen_data_sql_001,graphiti_style,data/sql,synthetic,mixed,errors,2,0,0,1.0,0.0,0.0,141,350,2.48,0.9194790000037756,15
gen_data_sql_001,graphrag_style,data/sql,synthetic,mixed,completed_tasks,6,1,1,1.0,0.1667,0.2857,91,350,3.85,0.4569329994410509,11
gen_data_sql_001,graphrag_style,data/sql,synthetic,mixed,pending_tasks,2,1,0,0.0,0.0,0.0,91,350,3.85,0.4569329994410509,11
gen_data_sql_001,graphrag_style,data/sql,synthetic,mixed,decisions,2,3,2,0.6667,1.0,0.8,91,350,3.85,0.4569329994410509,11
gen_data_sql_001,graphrag_style,data/sql,synthetic,mixed,files,5,5,5,1.0,1.0,1.0,91,350,3.85,0.4569329994410509,11
gen_data_sql_001,graphrag_style,data/sql,synthetic,mixed,errors,2,1,0,0.0,0.0,0.0,91,350,3.85,0.4569329994410509,11
gen_data_sql_001,mem0_style,data/sql,synthetic,mixed,completed_tasks,6,5,4,0.8,0.6667,0.7273,140,350,2.5,0.8739550003156182,15
gen_data_sql_001,mem0_style,data/sql,synthetic,mixed,pending_tasks,2,2,1,0.5,0.5,0.5,140,350,2.5,0.8739550003156182,15
gen_data_sql_001,mem0_style,data/sql,synthetic,mixed,decisions,2,3,2,0.6667,1.0,0.8,140,350,2.5,0.8739550003156182,15
gen_data_sql_001,mem0_style,data/sql,synthetic,mixed,files,5,5,5,1.0,1.0,1.0,140,350,2.5,0.8739550003156182,15
gen_data_sql_001,mem0_style,data/sql,synthetic,mixed,errors,2,0,0,1.0,0.0,0.0,140,350,2.5,0.8739550003156182,15
gen_data_sql_001,memgpt_style,data/sql,synthetic,mixed,completed_tasks,6,2,2,1.0,0.3333,0.5,70,350,5.0,0.34751200018945383,6
gen_data_sql_001,memgpt_style,data/sql,synthetic,mixed,pending_tasks,2,1,1,1.0,0.5,0.6667,70,350,5.0,0.34751200018945383,6
gen_data_sql_001,memgpt_style,data/sql,synthetic,mixed,decisions,2,1,0,0.0,0.0,0.0,70,350,5.0,0.34751200018945383,6
gen_data_sql_001,memgpt_style,data/sql,synthetic,mixed,files,5,2,3,1.0,0.6,0.75,70,350,5.0,0.34751200018945383,6
gen_data_sql_001,memgpt_style,data/sql,synthetic,mixed,errors,2,0,0,1.0,0.0,0.0,70,350,5.0,0.34751200018945383,6
gen_data_sql_001,sliding_window_10,data/sql,synthetic,mixed,completed_tasks,6,12,3,0.25,0.5,0.3333,150,350,2.33,0.0035809998735203408,12
gen_data_sql_001,sliding_window_10,data/sql,synthetic,mixed,pending_tasks,2,12,2,0.1667,1.0,0.2857,150,350,2.33,0.0035809998735203408,12
gen_data_sql_001,sliding_window_10,data/sql,synthetic,mixed,decisions,2,12,0,0.0,0.0,0.0,150,350,2.33,0.0035809998735203408,12
gen_data_sql_001,sliding_window_10,data/sql,synthetic,mixed,files,5,12,1,0.0833,0.2,0.1176,150,350,2.33,0.0035809998735203408,12
gen_data_sql_001,sliding_window_10,data/sql,synthetic,mixed,errors,2,12,1,0.0833,0.5,0.1429,150,350,2.33,0.0035809998735203408,12
gen_data_sql_001,naive_truncation,data/sql,synthetic,mixed,completed_tasks,6,26,5,0.1923,0.8333,0.3125,295,350,1.19,0.0249699996857089,26
gen_data_sql_001,naive_truncation,data/sql,synthetic,mixed,pending_tasks,2,26,2,0.0769,1.0,0.1429,295,350,1.19,0.0249699996857089,26
gen_data_sql_001,naive_truncation,data/sql,synthetic,mixed,decisions,2,26,2,0.0769,1.0,0.1429,295,350,1.19,0.0249699996857089,26
gen_data_sql_001,naive_truncation,data/sql,synthetic,mixed,files,5,26,5,0.1923,1.0,0.3226,295,350,1.19,0.0249699996857089,26
gen_data_sql_001,naive_truncation,data/sql,synthetic,mixed,errors,2,26,1,0.0385,0.5,0.0714,295,350,1.19,0.0249699996857089,26
gen_data_sql_001,naive_summary,data/sql,synthetic,mixed,completed_tasks,6,19,3,0.1579,0.5,0.24,193,350,1.81,0.05775600038759876,19
gen_data_sql_001,naive_summary,data/sql,synthetic,mixed,pending_tasks,2,19,0,0.0,0.0,0.0,193,350,1.81,0.05775600038759876,19
gen_data_sql_001,naive_summary,data/sql,synthetic,mixed,decisions,2,19,2,0.1053,1.0,0.1905,193,350,1.81,0.05775600038759876,19
gen_data_sql_001,naive_summary,data/sql,synthetic,mixed,files,5,19,4,0.1579,0.8,0.2637,193,350,1.81,0.05775600038759876,19
gen_data_sql_001,naive_summary,data/sql,synthetic,mixed,errors,2,19,1,0.0526,0.5,0.0952,193,350,1.81,0.05775600038759876,19
gen_data_sql_002,tokenmizer_v0.5.2,data/sql,synthetic,mixed,completed_tasks,3,2,2,1.0,0.6667,0.8,146,371,2.54,226.25002000040695,15
gen_data_sql_002,tokenmizer_v0.5.2,data/sql,synthetic,mixed,pending_tasks,4,2,2,1.0,0.5,0.6667,146,371,2.54,226.25002000040695,15
gen_data_sql_002,tokenmizer_v0.5.2,data/sql,synthetic,mixed,decisions,3,3,3,1.0,1.0,1.0,146,371,2.54,226.25002000040695,15
gen_data_sql_002,tokenmizer_v0.5.2,data/sql,synthetic,mixed,files,6,6,6,1.0,1.0,1.0,146,371,2.54,226.25002000040695,15
gen_data_sql_002,tokenmizer_v0.5.2,data/sql,synthetic,mixed,errors,2,2,2,1.0,1.0,1.0,146,371,2.54,226.25002000040695,15
gen_data_sql_002,graphiti_style,data/sql,synthetic,mixed,completed_tasks,3,6,2,0.3333,0.6667,0.4444,150,371,2.47,0.9475200004089857,20
gen_data_sql_002,graphiti_style,data/sql,synthetic,mixed,pending_tasks,4,4,1,0.25,0.25,0.25,150,371,2.47,0.9475200004089857,20
gen_data_sql_002,graphiti_style,data/sql,synthetic,mixed,decisions,3,3,3,1.0,1.0,1.0,150,371,2.47,0.9475200004089857,20
gen_data_sql_002,graphiti_style,data/sql,synthetic,mixed,files,6,6,6,1.0,1.0,1.0,150,371,2.47,0.9475200004089857,20
gen_data_sql_002,graphiti_style,data/sql,synthetic,mixed,errors,2,1,1,1.0,0.5,0.6667,150,371,2.47,0.9475200004089857,20
gen_data_sql_002,graphrag_style,data/sql,synthetic,mixed,completed_tasks,3,0,0,1.0,0.0,0.0,84,371,4.42,0.5217329999140929,12
gen_data_sql_002,graphrag_style,data/sql,synthetic,mixed,pending_tasks,4,3,1,0.3333,0.25,0.2857,84,371,4.42,0.5217329999140929,12
gen_data_sql_002,graphrag_style,data/sql,synthetic,mixed,decisions,3,3,3,1.0,1.0,1.0,84,371,4.42,0.5217329999140929,12
gen_data_sql_002,graphrag_style,data/sql,synthetic,mixed,files,6,6,6,1.0,1.0,1.0,84,371,4.42,0.5217329999140929,12
gen_data_sql_002,graphrag_style,data/sql,synthetic,mixed,errors,2,0,0,1.0,0.0,0.0,84,371,4.42,0.5217329999140929,12
gen_data_sql_002,mem0_style,data/sql,synthetic,mixed,completed_tasks,3,6,2,0.3333,0.6667,0.4444,146,371,2.54,1.0088120006912504,19
gen_data_sql_002,mem0_style,data/sql,synthetic,mixed,pending_tasks,4,3,1,0.3333,0.25,0.2857,146,371,2.54,1.0088120006912504,19
gen_data_sql_002,mem0_style,data/sql,synthetic,mixed,decisions,3,3,3,1.0,1.0,1.0,146,371,2.54,1.0088120006912504,19
gen_data_sql_002,mem0_style,data/sql,synthetic,mixed,files,6,6,6,1.0,1.0,1.0,146,371,2.54,1.0088120006912504,19
gen_data_sql_002,mem0_style,data/sql,synthetic,mixed,errors,2,1,1,1.0,0.5,0.6667,146,371,2.54,1.0088120006912504,19
gen_data_sql_002,memgpt_style,data/sql,synthetic,mixed,completed_tasks,3,4,1,0.25,0.3333,0.2857,74,371,5.01,0.3439109996179468,9
gen_data_sql_002,memgpt_style,data/sql,synthetic,mixed,pending_tasks,4,0,0,1.0,0.0,0.0,74,371,5.01,0.3439109996179468,9
gen_data_sql_002,memgpt_style,data/sql,synthetic,mixed,decisions,3,1,1,1.0,0.3333,0.5,74,371,5.01,0.3439109996179468,9
gen_data_sql_002,memgpt_style,data/sql,synthetic,mixed,files,6,3,4,1.0,0.6667,0.8,74,371,5.01,0.3439109996179468,9
gen_data_sql_002,memgpt_style,data/sql,synthetic,mixed,errors,2,1,1,1.0,0.5,0.6667,74,371,5.01,0.3439109996179468,9
gen_data_sql_002,sliding_window_10,data/sql,synthetic,mixed,completed_tasks,3,12,2,0.1667,0.6667,0.2667,126,371,2.94,0.003477000063867308,12
gen_data_sql_002,sliding_window_10,data/sql,synthetic,mixed,pending_tasks,4,12,1,0.0833,0.25,0.125,126,371,2.94,0.003477000063867308,12
gen_data_sql_002,sliding_window_10,data/sql,synthetic,mixed,decisions,3,12,1,0.0833,0.3333,0.1333,126,371,2.94,0.003477000063867308,12
gen_data_sql_002,sliding_window_10,data/sql,synthetic,mixed,files,6,12,4,0.25,0.6667,0.3636,126,371,2.94,0.003477000063867308,12
gen_data_sql_002,sliding_window_10,data/sql,synthetic,mixed,errors,2,12,0,0.0,0.0,0.0,126,371,2.94,0.003477000063867308,12
gen_data_sql_002,naive_truncation,data/sql,synthetic,mixed,completed_tasks,3,27,3,0.1111,1.0,0.2,301,371,1.23,0.011949000509048346,27
gen_data_sql_002,naive_truncation,data/sql,synthetic,mixed,pending_tasks,4,27,3,0.1111,0.75,0.1935,301,371,1.23,0.011949000509048346,27
gen_data_sql_002,naive_truncation,data/sql,synthetic,mixed,decisions,3,27,2,0.0741,0.6667,0.1333,301,371,1.23,0.011949000509048346,27
gen_data_sql_002,naive_truncation,data/sql,synthetic,mixed,files,6,27,6,0.1852,1.0,0.3125,301,371,1.23,0.011949000509048346,27
gen_data_sql_002,naive_truncation,data/sql,synthetic,mixed,errors,2,27,2,0.0741,1.0,0.1379,301,371,1.23,0.011949000509048346,27
gen_data_sql_002,naive_summary,data/sql,synthetic,mixed,completed_tasks,3,14,0,0.0,0.0,0.0,178,371,2.08,0.030907000109436922,14
gen_data_sql_002,naive_summary,data/sql,synthetic,mixed,pending_tasks,4,14,2,0.1429,0.5,0.2222,178,371,2.08,0.030907000109436922,14
gen_data_sql_002,naive_summary,data/sql,synthetic,mixed,decisions,3,14,1,0.0714,0.3333,0.1176,178,371,2.08,0.030907000109436922,14
gen_data_sql_002,naive_summary,data/sql,synthetic,mixed,files,6,14,4,0.2143,0.6667,0.3243,178,371,2.08,0.030907000109436922,14
gen_data_sql_002,naive_summary,data/sql,synthetic,mixed,errors,2,14,1,0.0714,0.5,0.125,178,371,2.08,0.030907000109436922,14
gen_data_sql_003,tokenmizer_v0.5.2,data/sql,synthetic,mixed,completed_tasks,3,2,2,1.0,0.6667,0.8,99,258,2.61,256.44782000017585,10
gen_data_sql_003,tokenmizer_v0.5.2,data/sql,synthetic,mixed,pending_tasks,1,1,1,1.0,1.0,1.0,99,258,2.61,256.44782000017585,10
gen_data_sql_003,tokenmizer_v0.5.2,data/sql,synthetic,mixed,decisions,5,5,5,1.0,1.0,1.0,99,258,2.61,256.44782000017585,10
gen_data_sql_003,tokenmizer_v0.5.2,data/sql,synthetic,mixed,files,2,2,2,1.0,1.0,1.0,99,258,2.61,256.44782000017585,10
gen_data_sql_003,graphiti_style,data/sql,synthetic,mixed,completed_tasks,3,1,1,1.0,0.3333,0.5,74,258,3.49,0.7075159992382396,9
gen_data_sql_003,graphiti_style,data/sql,synthetic,mixed,pending_tasks,1,1,0,0.0,0.0,0.0,74,258,3.49,0.7075159992382396,9
gen_data_sql_003,graphiti_style,data/sql,synthetic,mixed,decisions,5,5,4,0.8,0.8,0.8,74,258,3.49,0.7075159992382396,9
gen_data_sql_003,graphiti_style,data/sql,synthetic,mixed,files,2,2,2,1.0,1.0,1.0,74,258,3.49,0.7075159992382396,9
gen_data_sql_003,graphrag_style,data/sql,synthetic,mixed,completed_tasks,3,0,0,1.0,0.0,0.0,62,258,4.16,0.34608799978741445,7
gen_data_sql_003,graphrag_style,data/sql,synthetic,mixed,pending_tasks,1,1,0,0.0,0.0,0.0,62,258,4.16,0.34608799978741445,7
gen_data_sql_003,graphrag_style,data/sql,synthetic,mixed,decisions,5,4,4,1.0,0.8,0.8889,62,258,4.16,0.34608799978741445,7
gen_data_sql_003,graphrag_style,data/sql,synthetic,mixed,files,2,2,2,1.0,1.0,1.0,62,258,4.16,0.34608799978741445,7
gen_data_sql_003,mem0_style,data/sql,synthetic,mixed,completed_tasks,3,1,1,1.0,0.3333,0.5,73,258,3.53,0.7454239994331147,9
gen_data_sql_003,mem0_style,data/sql,synthetic,mixed,pending_tasks,1,1,0,0.0,0.0,0.0,73,258,3.53,0.7454239994331147,9
gen_data_sql_003,mem0_style,data/sql,synthetic,mixed,decisions,5,5,4,0.8,0.8,0.8,73,258,3.53,0.7454239994331147,9
gen_data_sql_003,mem0_style,data/sql,synthetic,mixed,files,2,2,2,1.0,1.0,1.0,73,258,3.53,0.7454239994331147,9
gen_data_sql_003,memgpt_style,data/sql,synthetic,mixed,completed_tasks,3,1,1,1.0,0.3333,0.5,40,258,6.45,0.28185600058350246,4
gen_data_sql_003,memgpt_style,data/sql,synthetic,mixed,pending_tasks,1,0,0,1.0,0.0,0.0,40,258,6.45,0.28185600058350246,4
gen_data_sql_003,memgpt_style,data/sql,synthetic,mixed,decisions,5,2,2,1.0,0.4,0.5714,40,258,6.45,0.28185600058350246,4
gen_data_sql_003,memgpt_style,data/sql,synthetic,mixed,files,2,1,1,1.0,0.5,0.6667,40,258,6.45,0.28185600058350246,4
gen_data_sql_003,sliding_window_10,data/sql,synthetic,mixed,completed_tasks,3,12,2,0.1667,0.6667,0.2667,144,258,1.79,0.004088000423507765,12
gen_data_sql_003,sliding_window_10,data/sql,synthetic,mixed,pending_tasks,1,12,1,0.0833,1.0,0.1538,144,258,1.79,0.004088000423507765,12
gen_data_sql_003,sliding_window_10,data/sql,synthetic,mixed,decisions,5,12,3,0.25,0.6,0.3529,144,258,1.79,0.004088000423507765,12
gen_data_sql_003,sliding_window_10,data/sql,synthetic,mixed,files,2,12,1,0.0833,0.5,0.1429,144,258,1.79,0.004088000423507765,12
gen_data_sql_003,sliding_window_10,data/sql,synthetic,mixed,errors,0,12,0,0.0,1.0,0.0,144,258,1.79,0.004088000423507765,12
gen_data_sql_003,naive_truncation,data/sql,synthetic,mixed,completed_tasks,3,22,3,0.1364,1.0,0.24,269,258,0.96,0.011318999895593151,22
gen_data_sql_003,naive_truncation,data/sql,synthetic,mixed,pending_tasks,1,22,1,0.0455,1.0,0.087,269,258,0.96,0.011318999895593151,22
gen_data_sql_003,naive_truncation,data/sql,synthetic,mixed,decisions,5,22,5,0.2273,1.0,0.3704,269,258,0.96,0.011318999895593151,22
gen_data_sql_003,naive_truncation,data/sql,synthetic,mixed,files,2,22,2,0.0909,1.0,0.1667,269,258,0.96,0.011318999895593151,22
gen_data_sql_003,naive_truncation,data/sql,synthetic,mixed,errors,0,22,0,0.0,1.0,0.0,269,258,0.96,0.011318999895593151,22
gen_data_sql_003,naive_summary,data/sql,synthetic,mixed,completed_tasks,3,14,2,0.1429,0.6667,0.2353,169,258,1.53,0.06852099977550097,14
gen_data_sql_003,naive_summary,data/sql,synthetic,mixed,pending_tasks,1,14,0,0.0,0.0,0.0,169,258,1.53,0.06852099977550097,14
gen_data_sql_003,naive_summary,data/sql,synthetic,mixed,decisions,5,14,2,0.1429,0.4,0.2105,169,258,1.53,0.06852099977550097,14
gen_data_sql_003,naive_summary,data/sql,synthetic,mixed,files,2,14,1,0.0714,0.5,0.125,169,258,1.53,0.06852099977550097,14
gen_data_sql_003,naive_summary,data/sql,synthetic,mixed,errors,0,14,0,0.0,1.0,0.0,169,258,1.53,0.06852099977550097,14
gen_data_sql_004,tokenmizer_v0.5.2,data/sql,synthetic,mixed,completed_tasks,5,4,3,0.75,0.6,0.6667,125,331,2.65,232.23764300018956,13
gen_data_sql_004,tokenmizer_v0.5.2,data/sql,synthetic,mixed,pending_tasks,1,1,1,1.0,1.0,1.0,125,331,2.65,232.23764300018956,13
gen_data_sql_004,tokenmizer_v0.5.2,data/sql,synthetic,mixed,decisions,3,3,3,1.0,1.0,1.0,125,331,2.65,232.23764300018956,13
gen_data_sql_004,tokenmizer_v0.5.2,data/sql,synthetic,mixed,files,2,2,2,1.0,1.0,1.0,125,331,2.65,232.23764300018956,13
gen_data_sql_004,tokenmizer_v0.5.2,data/sql,synthetic,mixed,errors,2,3,2,0.6667,1.0,0.8,125,331,2.65,232.23764300018956,13
gen_data_sql_004,graphiti_style,data/sql,synthetic,mixed,completed_tasks,5,3,2,0.6667,0.4,0.5,83,331,3.99,0.8654819994262652,10
gen_data_sql_004,graphiti_style,data/sql,synthetic,mixed,pending_tasks,1,2,0,0.0,0.0,0.0,83,331,3.99,0.8654819994262652,10
gen_data_sql_004,graphiti_style,data/sql,synthetic,mixed,decisions,3,2,1,0.5,0.3333,0.4,83,331,3.99,0.8654819994262652,10
gen_data_sql_004,graphiti_style,data/sql,synthetic,mixed,files,2,2,2,1.0,1.0,1.0,83,331,3.99,0.8654819994262652,10
gen_data_sql_004,graphiti_style,data/sql,synthetic,mixed,errors,2,1,1,1.0,0.5,0.6667,83,331,3.99,0.8654819994262652,10
gen_data_sql_004,graphrag_style,data/sql,synthetic,mixed,completed_tasks,5,1,1,1.0,0.2,0.3333,50,331,6.62,0.4627429998436128,7
gen_data_sql_004,graphrag_style,data/sql,synthetic,mixed,pending_tasks,1,2,0,0.0,0.0,0.0,50,331,6.62,0.4627429998436128,7
gen_data_sql_004,graphrag_style,data/sql,synthetic,mixed,decisions,3,2,1,0.5,0.3333,0.4,50,331,6.62,0.4627429998436128,7
gen_data_sql_004,graphrag_style,data/sql,synthetic,mixed,files,2,2,2,1.0,1.0,1.0,50,331,6.62,0.4627429998436128,7
gen_data_sql_004,graphrag_style,data/sql,synthetic,mixed,errors,2,0,0,1.0,0.0,0.0,50,331,6.62,0.4627429998436128,7
gen_data_sql_004,mem0_style,data/sql,synthetic,mixed,completed_tasks,5,3,2,0.6667,0.4,0.5,82,331,4.04,0.8304619996124529,10
gen_data_sql_004,mem0_style,data/sql,synthetic,mixed,pending_tasks,1,2,0,0.0,0.0,0.0,82,331,4.04,0.8304619996124529,10
gen_data_sql_004,mem0_style,data/sql,synthetic,mixed,decisions,3,2,1,0.5,0.3333,0.4,82,331,4.04,0.8304619996124529,10
gen_data_sql_004,mem0_style,data/sql,synthetic,mixed,files,2,2,2,1.0,1.0,1.0,82,331,4.04,0.8304619996124529,10
gen_data_sql_004,mem0_style,data/sql,synthetic,mixed,errors,2,1,1,1.0,0.5,0.6667,82,331,4.04,0.8304619996124529,10
gen_data_sql_004,memgpt_style,data/sql,synthetic,mixed,completed_tasks,5,3,2,0.6667,0.4,0.5,39,331,8.49,0.4243769999447977,4
gen_data_sql_004,memgpt_style,data/sql,synthetic,mixed,pending_tasks,1,0,0,1.0,0.0,0.0,39,331,8.49,0.4243769999447977,4
gen_data_sql_004,memgpt_style,data/sql,synthetic,mixed,decisions,3,0,0,1.0,0.0,0.0,39,331,8.49,0.4243769999447977,4
gen_data_sql_004,memgpt_style,data/sql,synthetic,mixed,files,2,1,1,1.0,0.5,0.6667,39,331,8.49,0.4243769999447977,4
gen_data_sql_004,memgpt_style,data/sql,synthetic,mixed,errors,2,0,0,1.0,0.0,0.0,39,331,8.49,0.4243769999447977,4
gen_data_sql_004,sliding_window_10,data/sql,synthetic,mixed,completed_tasks,5,13,5,0.3846,1.0,0.5556,205,331,1.61,0.005572000191023108,13
gen_data_sql_004,sliding_window_10,data/sql,synthetic,mixed,pending_tasks,1,13,0,0.0,0.0,0.0,205,331,1.61,0.005572000191023108,13
gen_data_sql_004,sliding_window_10,data/sql,synthetic,mixed,decisions,3,13,1,0.0769,0.3333,0.125,205,331,1.61,0.005572000191023108,13
gen_data_sql_004,sliding_window_10,data/sql,synthetic,mixed,files,2,13,1,0.0769,0.5,0.1333,205,331,1.61,0.005572000191023108,13
gen_data_sql_004,sliding_window_10,data/sql,synthetic,mixed,errors,2,13,1,0.0769,0.5,0.1333,205,331,1.61,0.005572000191023108,13
gen_data_sql_004,naive_truncation,data/sql,synthetic,mixed,completed_tasks,5,21,5,0.2381,1.0,0.3846,308,331,1.07,0.013796000530419406,21
gen_data_sql_004,naive_truncation,data/sql,synthetic,mixed,pending_tasks,1,21,1,0.0476,1.0,0.0909,308,331,1.07,0.013796000530419406,21
gen_data_sql_004,naive_truncation,data/sql,synthetic,mixed,decisions,3,21,3,0.1429,1.0,0.25,308,331,1.07,0.013796000530419406,21
gen_data_sql_004,naive_truncation,data/sql,synthetic,mixed,files,2,21,2,0.0952,1.0,0.1739,308,331,1.07,0.013796000530419406,21
gen_data_sql_004,naive_truncation,data/sql,synthetic,mixed,errors,2,21,2,0.0952,1.0,0.1739,308,331,1.07,0.013796000530419406,21
gen_data_sql_004,naive_summary,data/sql,synthetic,mixed,completed_tasks,5,14,1,0.0714,0.2,0.1053,187,331,1.77,0.036702999750559684,14
gen_data_sql_004,naive_summary,data/sql,synthetic,mixed,pending_tasks,1,14,1,0.0714,1.0,0.1333,187,331,1.77,0.036702999750559684,14
gen_data_sql_004,naive_summary,data/sql,synthetic,mixed,decisions,3,14,2,0.1429,0.6667,0.2353,187,331,1.77,0.036702999750559684,14
gen_data_sql_004,naive_summary,data/sql,synthetic,mixed,files,2,14,1,0.0714,0.5,0.125,187,331,1.77,0.036702999750559684,14
gen_data_sql_004,naive_summary,data/sql,synthetic,mixed,errors,2,14,1,0.0714,0.5,0.125,187,331,1.77,0.036702999750559684,14
gen_data_sql_005,tokenmizer_v0.5.2,data/sql,synthetic,mixed,completed_tasks,4,3,3,1.0,0.75,0.8571,163,395,2.42,224.8640539992266,17
gen_data_sql_005,tokenmizer_v0.5.2,data/sql,synthetic,mixed,pending_tasks,2,2,2,1.0,1.0,1.0,163,395,2.42,224.8640539992266,17
gen_data_sql_005,tokenmizer_v0.5.2,data/sql,synthetic,mixed,decisions,2,2,2,1.0,1.0,1.0,163,395,2.42,224.8640539992266,17
gen_data_sql_005,tokenmizer_v0.5.2,data/sql,synthetic,mixed,files,6,6,6,1.0,1.0,1.0,163,395,2.42,224.8640539992266,17
gen_data_sql_005,tokenmizer_v0.5.2,data/sql,synthetic,mixed,errors,3,4,3,1.0,1.0,1.0,163,395,2.42,224.8640539992266,17
gen_data_sql_005,graphiti_style,data/sql,synthetic,mixed,completed_tasks,4,4,2,0.5,0.5,0.5,104,395,3.8,1.1069379997934448,14
gen_data_sql_005,graphiti_style,data/sql,synthetic,mixed,pending_tasks,2,1,0,0.0,0.0,0.0,104,395,3.8,1.1069379997934448,14
gen_data_sql_005,graphiti_style,data/sql,synthetic,mixed,decisions,2,1,0,0.0,0.0,0.0,104,395,3.8,1.1069379997934448,14
gen_data_sql_005,graphiti_style,data/sql,synthetic,mixed,files,6,6,6,1.0,1.0,1.0,104,395,3.8,1.1069379997934448,14
gen_data_sql_005,graphiti_style,data/sql,synthetic,mixed,errors,3,2,2,1.0,0.6667,0.8,104,395,3.8,1.1069379997934448,14
gen_data_sql_005,graphrag_style,data/sql,synthetic,mixed,completed_tasks,4,2,2,1.0,0.5,0.6667,103,395,3.83,0.6070089993954753,13
gen_data_sql_005,graphrag_style,data/sql,synthetic,mixed,pending_tasks,2,1,0,0.0,0.0,0.0,103,395,3.83,0.6070089993954753,13
gen_data_sql_005,graphrag_style,data/sql,synthetic,mixed,decisions,2,1,0,0.0,0.0,0.0,103,395,3.83,0.6070089993954753,13
gen_data_sql_005,graphrag_style,data/sql,synthetic,mixed,files,6,6,6,1.0,1.0,1.0,103,395,3.83,0.6070089993954753,13
gen_data_sql_005,graphrag_style,data/sql,synthetic,mixed,errors,3,3,2,0.6667,0.6667,0.6667,103,395,3.83,0.6070089993954753,13
gen_data_sql_005,mem0_style,data/sql,synthetic,mixed,completed_tasks,4,4,2,0.5,0.5,0.5,103,395,3.83,1.0769450000225333,14
gen_data_sql_005,mem0_style,data/sql,synthetic,mixed,pending_tasks,2,1,0,0.0,0.0,0.0,103,395,3.83,1.0769450000225333,14
gen_data_sql_005,mem0_style,data/sql,synthetic,mixed,decisions,2,1,0,0.0,0.0,0.0,103,395,3.83,1.0769450000225333,14
gen_data_sql_005,mem0_style,data/sql,synthetic,mixed,files,6,6,6,1.0,1.0,1.0,103,395,3.83,1.0769450000225333,14
gen_data_sql_005,mem0_style,data/sql,synthetic,mixed,errors,3,2,2,1.0,0.6667,0.8,103,395,3.83,1.0769450000225333,14
gen_data_sql_005,memgpt_style,data/sql,synthetic,mixed,completed_tasks,4,1,0,0.0,0.0,0.0,56,395,7.05,0.4605750000337139,7
gen_data_sql_005,memgpt_style,data/sql,synthetic,mixed,pending_tasks,2,0,0,1.0,0.0,0.0,56,395,7.05,0.4605750000337139,7
gen_data_sql_005,memgpt_style,data/sql,synthetic,mixed,decisions,2,1,0,0.0,0.0,0.0,56,395,7.05,0.4605750000337139,7
gen_data_sql_005,memgpt_style,data/sql,synthetic,mixed,files,6,3,3,1.0,0.5,0.6667,56,395,7.05,0.4605750000337139,7
gen_data_sql_005,memgpt_style,data/sql,synthetic,mixed,errors,3,2,2,1.0,0.6667,0.8,56,395,7.05,0.4605750000337139,7
gen_data_sql_005,sliding_window_10,data/sql,synthetic,mixed,completed_tasks,4,12,1,0.0833,0.25,0.125,150,395,2.63,0.002933999894594308,12
gen_data_sql_005,sliding_window_10,data/sql,synthetic,mixed,pending_tasks,2,12,1,0.0833,0.5,0.1429,150,395,2.63,0.002933999894594308,12
gen_data_sql_005,sliding_window_10,data/sql,synthetic,mixed,decisions,2,12,2,0.1667,1.0,0.2857,150,395,2.63,0.002933999894594308,12
gen_data_sql_005,sliding_window_10,data/sql,synthetic,mixed,files,6,12,1,0.0833,0.1667,0.1111,150,395,2.63,0.002933999894594308,12
gen_data_sql_005,sliding_window_10,data/sql,synthetic,mixed,errors,3,12,2,0.1667,0.6667,0.2667,150,395,2.63,0.002933999894594308,12
gen_data_sql_005,naive_truncation,data/sql,synthetic,mixed,completed_tasks,4,25,3,0.12,0.75,0.2069,306,395,1.29,0.014373000340128783,25
gen_data_sql_005,naive_truncation,data/sql,synthetic,mixed,pending_tasks,2,25,1,0.04,0.5,0.0741,306,395,1.29,0.014373000340128783,25
gen_data_sql_005,naive_truncation,data/sql,synthetic,mixed,decisions,2,25,2,0.08,1.0,0.1481,306,395,1.29,0.014373000340128783,25
gen_data_sql_005,naive_truncation,data/sql,synthetic,mixed,files,6,25,5,0.2,0.8333,0.3226,306,395,1.29,0.014373000340128783,25
gen_data_sql_005,naive_truncation,data/sql,synthetic,mixed,errors,3,25,3,0.12,1.0,0.2143,306,395,1.29,0.014373000340128783,25
gen_data_sql_005,naive_summary,data/sql,synthetic,mixed,completed_tasks,4,17,2,0.1176,0.5,0.1905,187,395,2.11,0.03690900030051125,17
gen_data_sql_005,naive_summary,data/sql,synthetic,mixed,pending_tasks,2,17,1,0.0588,0.5,0.1053,187,395,2.11,0.03690900030051125,17
gen_data_sql_005,naive_summary,data/sql,synthetic,mixed,decisions,2,17,0,0.0,0.0,0.0,187,395,2.11,0.03690900030051125,17
gen_data_sql_005,naive_summary,data/sql,synthetic,mixed,files,6,17,3,0.1765,0.5,0.2609,187,395,2.11,0.03690900030051125,17
gen_data_sql_005,naive_summary,data/sql,synthetic,mixed,errors,3,17,1,0.0588,0.3333,0.1,187,395,2.11,0.03690900030051125,17
gen_data_sql_006,tokenmizer_v0.5.2,data/sql,synthetic,mixed,completed_tasks,3,2,2,1.0,0.6667,0.8,124,363,2.93,222.24660800020501,14
gen_data_sql_006,tokenmizer_v0.5.2,data/sql,synthetic,mixed,pending_tasks,4,3,3,1.0,0.75,0.8571,124,363,2.93,222.24660800020501,14
gen_data_sql_006,tokenmizer_v0.5.2,data/sql,synthetic,mixed,decisions,4,4,4,1.0,1.0,1.0,124,363,2.93,222.24660800020501,14
gen_data_sql_006,tokenmizer_v0.5.2,data/sql,synthetic,mixed,files,5,5,5,1.0,1.0,1.0,124,363,2.93,222.24660800020501,14
gen_data_sql_006,graphiti_style,data/sql,synthetic,mixed,completed_tasks,3,1,1,1.0,0.3333,0.5,115,363,3.16,0.9559469999658177,15
gen_data_sql_006,graphiti_style,data/sql,synthetic,mixed,pending_tasks,4,4,1,0.25,0.25,0.25,115,363,3.16,0.9559469999658177,15
gen_data_sql_006,graphiti_style,data/sql,synthetic,mixed,decisions,4,5,4,0.8,1.0,0.8889,115,363,3.16,0.9559469999658177,15
gen_data_sql_006,graphiti_style,data/sql,synthetic,mixed,files,5,5,5,1.0,1.0,1.0,115,363,3.16,0.9559469999658177,15
gen_data_sql_006,graphrag_style,data/sql,synthetic,mixed,completed_tasks,3,0,0,1.0,0.0,0.0,82,363,4.43,0.4818620000150986,11
gen_data_sql_006,graphrag_style,data/sql,synthetic,mixed,pending_tasks,4,2,0,0.0,0.0,0.0,82,363,4.43,0.4818620000150986,11
gen_data_sql_006,graphrag_style,data/sql,synthetic,mixed,decisions,4,4,4,1.0,1.0,1.0,82,363,4.43,0.4818620000150986,11
gen_data_sql_006,graphrag_style,data/sql,synthetic,mixed,files,5,5,5,1.0,1.0,1.0,82,363,4.43,0.4818620000150986,11
gen_data_sql_006,mem0_style,data/sql,synthetic,mixed,completed_tasks,3,1,1,1.0,0.3333,0.5,110,363,3.3,0.9362479995616013,14
gen_data_sql_006,mem0_style,data/sql,synthetic,mixed,pending_tasks,4,3,1,0.3333,0.25,0.2857,110,363,3.3,0.9362479995616013,14
gen_data_sql_006,mem0_style,data/sql,synthetic,mixed,decisions,4,5,4,0.8,1.0,0.8889,110,363,3.3,0.9362479995616013,14
gen_data_sql_006,mem0_style,data/sql,synthetic,mixed,files,5,5,5,1.0,1.0,1.0,110,363,3.3,0.9362479995616013,14
gen_data_sql_006,memgpt_style,data/sql,synthetic,mixed,completed_tasks,3,0,0,1.0,0.0,0.0,49,363,7.41,0.35169000057067024,6
gen_data_sql_006,memgpt_style,data/sql,synthetic,mixed,pending_tasks,4,3,1,0.3333,0.25,0.2857,49,363,7.41,0.35169000057067024,6
gen_data_sql_006,memgpt_style,data/sql,synthetic,mixed,decisions,4,1,1,1.0,0.25,0.4,49,363,7.41,0.35169000057067024,6
gen_data_sql_006,memgpt_style,data/sql,synthetic,mixed,files,5,2,3,1.0,0.6,0.75,49,363,7.41,0.35169000057067024,6
gen_data_sql_006,sliding_window_10,data/sql,synthetic,mixed,completed_tasks,3,10,1,0.1,0.3333,0.1538,116,363,3.13,0.0033930000427062623,10
gen_data_sql_006,sliding_window_10,data/sql,synthetic,mixed,pending_tasks,4,10,2,0.2,0.5,0.2857,116,363,3.13,0.0033930000427062623,10
gen_data_sql_006,sliding_window_10,data/sql,synthetic,mixed,decisions,4,10,0,0.0,0.0,0.0,116,363,3.13,0.0033930000427062623,10
gen_data_sql_006,sliding_window_10,data/sql,synthetic,mixed,files,5,10,3,0.2,0.6,0.3,116,363,3.13,0.0033930000427062623,10
gen_data_sql_006,sliding_window_10,data/sql,synthetic,mixed,errors,0,10,0,0.0,1.0,0.0,116,363,3.13,0.0033930000427062623,10
gen_data_sql_006,naive_truncation,data/sql,synthetic,mixed,completed_tasks,3,23,1,0.0435,0.3333,0.0769,282,363,1.29,0.01254800008609891,23
gen_data_sql_006,naive_truncation,data/sql,synthetic,mixed,pending_tasks,4,23,4,0.1739,1.0,0.2963,282,363,1.29,0.01254800008609891,23
gen_data_sql_006,naive_truncation,data/sql,synthetic,mixed,decisions,4,23,3,0.1304,0.75,0.2222,282,363,1.29,0.01254800008609891,23
gen_data_sql_006,naive_truncation,data/sql,synthetic,mixed,files,5,23,4,0.1739,0.8,0.2857,282,363,1.29,0.01254800008609891,23
gen_data_sql_006,naive_truncation,data/sql,synthetic,mixed,errors,0,23,0,0.0,1.0,0.0,282,363,1.29,0.01254800008609891,23
gen_data_sql_006,naive_summary,data/sql,synthetic,mixed,completed_tasks,3,15,2,0.1333,0.6667,0.2222,179,363,2.03,0.039399999877787195,15
gen_data_sql_006,naive_summary,data/sql,synthetic,mixed,pending_tasks,4,15,1,0.0667,0.25,0.1053,179,363,2.03,0.039399999877787195,15
gen_data_sql_006,naive_summary,data/sql,synthetic,mixed,decisions,4,15,3,0.2,0.75,0.3158,179,363,2.03,0.039399999877787195,15
gen_data_sql_006,naive_summary,data/sql,synthetic,mixed,files,5,15,3,0.1333,0.6,0.2182,179,363,2.03,0.039399999877787195,15
gen_data_sql_006,naive_summary,data/sql,synthetic,mixed,errors,0,15,0,0.0,1.0,0.0,179,363,2.03,0.039399999877787195,15
gen_data_streaming_001,tokenmizer_v0.5.2,data/streaming,synthetic,implicit,completed_tasks,7,3,3,1.0,0.4286,0.6,124,489,3.94,218.8384370001586,11
gen_data_streaming_001,tokenmizer_v0.5.2,data/streaming,synthetic,implicit,pending_tasks,3,1,1,1.0,0.3333,0.5,124,489,3.94,218.8384370001586,11
gen_data_streaming_001,tokenmizer_v0.5.2,data/streaming,synthetic,implicit,decisions,3,3,3,1.0,1.0,1.0,124,489,3.94,218.8384370001586,11
gen_data_streaming_001,tokenmizer_v0.5.2,data/streaming,synthetic,implicit,files,3,3,3,1.0,1.0,1.0,124,489,3.94,218.8384370001586,11
gen_data_streaming_001,tokenmizer_v0.5.2,data/streaming,synthetic,implicit,errors,1,1,1,1.0,1.0,1.0,124,489,3.94,218.8384370001586,11
gen_data_streaming_001,graphiti_style,data/streaming,synthetic,implicit,completed_tasks,7,0,0,1.0,0.0,0.0,24,489,20.38,1.241959999788378,4
gen_data_streaming_001,graphiti_style,data/streaming,synthetic,implicit,pending_tasks,3,1,0,0.0,0.0,0.0,24,489,20.38,1.241959999788378,4
gen_data_streaming_001,graphiti_style,data/streaming,synthetic,implicit,decisions,3,0,0,1.0,0.0,0.0,24,489,20.38,1.241959999788378,4
gen_data_streaming_001,graphiti_style,data/streaming,synthetic,implicit,files,3,3,2,0.6667,0.6667,0.6667,24,489,20.38,1.241959999788378,4
gen_data_streaming_001,graphiti_style,data/streaming,synthetic,implicit,errors,1,0,0,1.0,0.0,0.0,24,489,20.38,1.241959999788378,4
gen_data_streaming_001,graphrag_style,data/streaming,synthetic,implicit,completed_tasks,7,0,0,1.0,0.0,0.0,24,489,20.38,0.5895550002605887,4
gen_data_streaming_001,graphrag_style,data/streaming,synthetic,implicit,pending_tasks,3,1,0,0.0,0.0,0.0,24,489,20.38,0.5895550002605887,4
gen_data_streaming_001,graphrag_style,data/streaming,synthetic,implicit,decisions,3,0,0,1.0,0.0,0.0,24,489,20.38,0.5895550002605887,4
gen_data_streaming_001,graphrag_style,data/streaming,synthetic,implicit,files,3,3,2,0.6667,0.6667,0.6667,24,489,20.38,0.5895550002605887,4
gen_data_streaming_001,graphrag_style,data/streaming,synthetic,implicit,errors,1,0,0,1.0,0.0,0.0,24,489,20.38,0.5895550002605887,4
gen_data_streaming_001,mem0_style,data/streaming,synthetic,implicit,completed_tasks,7,0,0,1.0,0.0,0.0,23,489,21.26,1.2750949999826844,4
gen_data_streaming_001,mem0_style,data/streaming,synthetic,implicit,pending_tasks,3,1,0,0.0,0.0,0.0,23,489,21.26,1.2750949999826844,4
gen_data_streaming_001,mem0_style,data/streaming,synthetic,implicit,decisions,3,0,0,1.0,0.0,0.0,23,489,21.26,1.2750949999826844,4
gen_data_streaming_001,mem0_style,data/streaming,synthetic,implicit,files,3,3,2,0.6667,0.6667,0.6667,23,489,21.26,1.2750949999826844,4
gen_data_streaming_001,mem0_style,data/streaming,synthetic,implicit,errors,1,0,0,1.0,0.0,0.0,23,489,21.26,1.2750949999826844,4
gen_data_streaming_001,memgpt_style,data/streaming,synthetic,implicit,completed_tasks,7,0,0,1.0,0.0,0.0,13,489,37.62,0.4635539999071625,2
gen_data_streaming_001,memgpt_style,data/streaming,synthetic,implicit,pending_tasks,3,1,0,0.0,0.0,0.0,13,489,37.62,0.4635539999071625,2
gen_data_streaming_001,memgpt_style,data/streaming,synthetic,implicit,decisions,3,0,0,1.0,0.0,0.0,13,489,37.62,0.4635539999071625,2
gen_data_streaming_001,memgpt_style,data/streaming,synthetic,implicit,files,3,1,1,1.0,0.3333,0.5,13,489,37.62,0.4635539999071625,2
gen_data_streaming_001,memgpt_style,data/streaming,synthetic,implicit,errors,1,0,0,1.0,0.0,0.0,13,489,37.62,0.4635539999071625,2
gen_data_streaming_001,sliding_window_10,data/streaming,synthetic,implicit,completed_tasks,7,11,3,0.2727,0.4286,0.3333,173,489,2.83,0.003651000042736996,11
gen_data_streaming_001,sliding_window_10,data/streaming,synthetic,implicit,pending_tasks,3,11,0,0.0,0.0,0.0,173,489,2.83,0.003651000042736996,11
gen_data_streaming_001,sliding_window_10,data/streaming,synthetic,implicit,decisions,3,11,2,0.1818,0.6667,0.2857,173,489,2.83,0.003651000042736996,11
gen_data_streaming_001,sliding_window_10,data/streaming,synthetic,implicit,files,3,11,1,0.0909,0.3333,0.1429,173,489,2.83,0.003651000042736996,11
gen_data_streaming_001,sliding_window_10,data/streaming,synthetic,implicit,errors,1,11,1,0.0909,1.0,0.1667,173,489,2.83,0.003651000042736996,11
gen_data_streaming_001,naive_truncation,data/streaming,synthetic,implicit,completed_tasks,7,18,5,0.2778,0.7143,0.4,276,489,1.77,0.010244999430142343,18
gen_data_streaming_001,naive_truncation,data/streaming,synthetic,implicit,pending_tasks,3,18,1,0.0556,0.3333,0.0952,276,489,1.77,0.010244999430142343,18
gen_data_streaming_001,naive_truncation,data/streaming,synthetic,implicit,decisions,3,18,2,0.1111,0.6667,0.1905,276,489,1.77,0.010244999430142343,18
gen_data_streaming_001,naive_truncation,data/streaming,synthetic,implicit,files,3,18,2,0.1111,0.6667,0.1905,276,489,1.77,0.010244999430142343,18
gen_data_streaming_001,naive_truncation,data/streaming,synthetic,implicit,errors,1,18,1,0.0556,1.0,0.1053,276,489,1.77,0.010244999430142343,18
gen_data_streaming_001,naive_summary,data/streaming,synthetic,implicit,completed_tasks,7,11,2,0.1818,0.2857,0.2222,181,489,2.7,0.05232900002738461,11
gen_data_streaming_001,naive_summary,data/streaming,synthetic,implicit,pending_tasks,3,11,1,0.0909,0.3333,0.1429,181,489,2.7,0.05232900002738461,11
gen_data_streaming_001,naive_summary,data/streaming,synthetic,implicit,decisions,3,11,1,0.0909,0.3333,0.1429,181,489,2.7,0.05232900002738461,11
gen_data_streaming_001,naive_summary,data/streaming,synthetic,implicit,files,3,11,1,0.0909,0.3333,0.1429,181,489,2.7,0.05232900002738461,11
gen_data_streaming_001,naive_summary,data/streaming,synthetic,implicit,errors,1,11,0,0.0,0.0,0.0,181,489,2.7,0.05232900002738461,11
gen_data_streaming_002,tokenmizer_v0.5.2,data/streaming,synthetic,implicit,completed_tasks,4,2,2,1.0,0.5,0.6667,130,448,3.45,231.80261299967242,11
gen_data_streaming_002,tokenmizer_v0.5.2,data/streaming,synthetic,implicit,pending_tasks,3,1,1,1.0,0.3333,0.5,130,448,3.45,231.80261299967242,11
gen_data_streaming_002,tokenmizer_v0.5.2,data/streaming,synthetic,implicit,decisions,4,3,3,1.0,0.75,0.8571,130,448,3.45,231.80261299967242,11
gen_data_streaming_002,tokenmizer_v0.5.2,data/streaming,synthetic,implicit,files,2,2,2,1.0,1.0,1.0,130,448,3.45,231.80261299967242,11
gen_data_streaming_002,tokenmizer_v0.5.2,data/streaming,synthetic,implicit,errors,3,3,3,1.0,1.0,1.0,130,448,3.45,231.80261299967242,11
gen_data_streaming_002,graphiti_style,data/streaming,synthetic,implicit,completed_tasks,4,0,0,1.0,0.0,0.0,26,448,17.23,1.0891909996644245,4
gen_data_streaming_002,graphiti_style,data/streaming,synthetic,implicit,pending_tasks,3,1,0,0.0,0.0,0.0,26,448,17.23,1.0891909996644245,4
gen_data_streaming_002,graphiti_style,data/streaming,synthetic,implicit,decisions,4,1,0,0.0,0.0,0.0,26,448,17.23,1.0891909996644245,4
gen_data_streaming_002,graphiti_style,data/streaming,synthetic,implicit,files,2,2,1,0.5,0.5,0.5,26,448,17.23,1.0891909996644245,4
gen_data_streaming_002,graphiti_style,data/streaming,synthetic,implicit,errors,3,0,0,1.0,0.0,0.0,26,448,17.23,1.0891909996644245,4
gen_data_streaming_002,graphrag_style,data/streaming,synthetic,implicit,completed_tasks,4,0,0,1.0,0.0,0.0,29,448,15.45,0.5519699998330907,4
gen_data_streaming_002,graphrag_style,data/streaming,synthetic,implicit,pending_tasks,3,1,0,0.0,0.0,0.0,29,448,15.45,0.5519699998330907,4
gen_data_streaming_002,graphrag_style,data/streaming,synthetic,implicit,decisions,4,0,0,1.0,0.0,0.0,29,448,15.45,0.5519699998330907,4
gen_data_streaming_002,graphrag_style,data/streaming,synthetic,implicit,files,2,2,1,0.5,0.5,0.5,29,448,15.45,0.5519699998330907,4
gen_data_streaming_002,graphrag_style,data/streaming,synthetic,implicit,errors,3,1,0,0.0,0.0,0.0,29,448,15.45,0.5519699998330907,4
gen_data_streaming_002,mem0_style,data/streaming,synthetic,implicit,completed_tasks,4,0,0,1.0,0.0,0.0,25,448,17.92,1.0556600000199978,4
gen_data_streaming_002,mem0_style,data/streaming,synthetic,implicit,pending_tasks,3,1,0,0.0,0.0,0.0,25,448,17.92,1.0556600000199978,4
gen_data_streaming_002,mem0_style,data/streaming,synthetic,implicit,decisions,4,1,0,0.0,0.0,0.0,25,448,17.92,1.0556600000199978,4
gen_data_streaming_002,mem0_style,data/streaming,synthetic,implicit,files,2,2,1,0.5,0.5,0.5,25,448,17.92,1.0556600000199978,4
gen_data_streaming_002,mem0_style,data/streaming,synthetic,implicit,errors,3,0,0,1.0,0.0,0.0,25,448,17.92,1.0556600000199978,4
gen_data_streaming_002,memgpt_style,data/streaming,synthetic,implicit,completed_tasks,4,0,0,1.0,0.0,0.0,11,448,40.73,0.47780299973965157,1
gen_data_streaming_002,memgpt_style,data/streaming,synthetic,implicit,pending_tasks,3,0,0,1.0,0.0,0.0,11,448,40.73,0.47780299973965157,1
gen_data_streaming_002,memgpt_style,data/streaming,synthetic,implicit,decisions,4,0,0,1.0,0.0,0.0,11,448,40.73,0.47780299973965157,1
gen_data_streaming_002,memgpt_style,data/streaming,synthetic,implicit,files,2,1,1,1.0,0.5,0.6667,11,448,40.73,0.47780299973965157,1
gen_data_streaming_002,memgpt_style,data/streaming,synthetic,implicit,errors,3,0,0,1.0,0.0,0.0,11,448,40.73,0.47780299973965157,1
gen_data_streaming_002,sliding_window_10,data/streaming,synthetic,implicit,completed_tasks,4,13,4,0.3077,1.0,0.4706,208,448,2.15,0.0031580002541886643,13
gen_data_streaming_002,sliding_window_10,data/streaming,synthetic,implicit,pending_tasks,3,13,2,0.1538,0.6667,0.25,208,448,2.15,0.0031580002541886643,13
gen_data_streaming_002,sliding_window_10,data/streaming,synthetic,implicit,decisions,4,13,0,0.0,0.0,0.0,208,448,2.15,0.0031580002541886643,13
gen_data_streaming_002,sliding_window_10,data/streaming,synthetic,implicit,files,2,13,1,0.0769,0.5,0.1333,208,448,2.15,0.0031580002541886643,13
gen_data_streaming_002,sliding_window_10,data/streaming,synthetic,implicit,errors,3,13,1,0.0769,0.3333,0.125,208,448,2.15,0.0031580002541886643,13
gen_data_streaming_002,naive_truncation,data/streaming,synthetic,implicit,completed_tasks,4,19,4,0.2105,1.0,0.3478,304,448,1.47,0.010759000360849313,19
gen_data_streaming_002,naive_truncation,data/streaming,synthetic,implicit,pending_tasks,3,19,2,0.1053,0.6667,0.1818,304,448,1.47,0.010759000360849313,19
gen_data_streaming_002,naive_truncation,data/streaming,synthetic,implicit,decisions,4,19,3,0.1579,0.75,0.2609,304,448,1.47,0.010759000360849313,19
gen_data_streaming_002,naive_truncation,data/streaming,synthetic,implicit,files,2,19,1,0.0526,0.5,0.0952,304,448,1.47,0.010759000360849313,19
gen_data_streaming_002,naive_truncation,data/streaming,synthetic,implicit,errors,3,19,1,0.0526,0.3333,0.0909,304,448,1.47,0.010759000360849313,19
gen_data_streaming_002,naive_summary,data/streaming,synthetic,implicit,completed_tasks,4,12,0,0.0,0.0,0.0,174,448,2.57,0.03246600044803927,12
gen_data_streaming_002,naive_summary,data/streaming,synthetic,implicit,pending_tasks,3,12,1,0.0833,0.3333,0.1333,174,448,2.57,0.03246600044803927,12
gen_data_streaming_002,naive_summary,data/streaming,synthetic,implicit,decisions,4,12,1,0.0833,0.25,0.125,174,448,2.57,0.03246600044803927,12
gen_data_streaming_002,naive_summary,data/streaming,synthetic,implicit,files,2,12,1,0.0833,0.5,0.1429,174,448,2.57,0.03246600044803927,12
gen_data_streaming_002,naive_summary,data/streaming,synthetic,implicit,errors,3,12,2,0.1667,0.6667,0.2667,174,448,2.57,0.03246600044803927,12
gen_data_streaming_003,tokenmizer_v0.5.2,data/streaming,synthetic,implicit,completed_tasks,6,1,1,1.0,0.1667,0.2857,171,605,3.54,236.89978799939126,16
gen_data_streaming_003,tokenmizer_v0.5.2,data/streaming,synthetic,implicit,pending_tasks,4,4,4,1.0,1.0,1.0,171,605,3.54,236.89978799939126,16
gen_data_streaming_003,tokenmizer_v0.5.2,data/streaming,synthetic,implicit,decisions,6,6,6,1.0,1.0,1.0,171,605,3.54,236.89978799939126,16
gen_data_streaming_003,tokenmizer_v0.5.2,data/streaming,synthetic,implicit,files,2,2,2,1.0,1.0,1.0,171,605,3.54,236.89978799939126,16
gen_data_streaming_003,tokenmizer_v0.5.2,data/streaming,synthetic,implicit,errors,3,3,2,0.6667,0.6667,0.6667,171,605,3.54,236.89978799939126,16
gen_data_streaming_003,graphiti_style,data/streaming,synthetic,implicit,completed_tasks,6,0,0,1.0,0.0,0.0,28,605,21.61,1.510831999439688,5
gen_data_streaming_003,graphiti_style,data/streaming,synthetic,implicit,pending_tasks,4,1,0,0.0,0.0,0.0,28,605,21.61,1.510831999439688,5
gen_data_streaming_003,graphiti_style,data/streaming,synthetic,implicit,decisions,6,2,0,0.0,0.0,0.0,28,605,21.61,1.510831999439688,5
gen_data_streaming_003,graphiti_style,data/streaming,synthetic,implicit,files,2,2,1,0.5,0.5,0.5,28,605,21.61,1.510831999439688,5
gen_data_streaming_003,graphiti_style,data/streaming,synthetic,implicit,errors,3,0,0,1.0,0.0,0.0,28,605,21.61,1.510831999439688,5
gen_data_streaming_003,graphrag_style,data/streaming,synthetic,implicit,completed_tasks,6,0,0,1.0,0.0,0.0,36,605,16.81,0.7594059998154989,5
gen_data_streaming_003,graphrag_style,data/streaming,synthetic,implicit,pending_tasks,4,1,0,0.0,0.0,0.0,36,605,16.81,0.7594059998154989,5
gen_data_streaming_003,graphrag_style,data/streaming,synthetic,implicit,decisions,6,1,0,0.0,0.0,0.0,36,605,16.81,0.7594059998154989,5
gen_data_streaming_003,graphrag_style,data/streaming,synthetic,implicit,files,2,2,1,0.5,0.5,0.5,36,605,16.81,0.7594059998154989,5
gen_data_streaming_003,graphrag_style,data/streaming,synthetic,implicit,errors,3,1,0,0.0,0.0,0.0,36,605,16.81,0.7594059998154989,5
gen_data_streaming_003,mem0_style,data/streaming,synthetic,implicit,completed_tasks,6,0,0,1.0,0.0,0.0,27,605,22.41,1.5438780001204577,5
gen_data_streaming_003,mem0_style,data/streaming,synthetic,implicit,pending_tasks,4,1,0,0.0,0.0,0.0,27,605,22.41,1.5438780001204577,5
gen_data_streaming_003,mem0_style,data/streaming,synthetic,implicit,decisions,6,2,0,0.0,0.0,0.0,27,605,22.41,1.5438780001204577,5
gen_data_streaming_003,mem0_style,data/streaming,synthetic,implicit,files,2,2,1,0.5,0.5,0.5,27,605,22.41,1.5438780001204577,5
gen_data_streaming_003,mem0_style,data/streaming,synthetic,implicit,errors,3,0,0,1.0,0.0,0.0,27,605,22.41,1.5438780001204577,5
gen_data_streaming_003,memgpt_style,data/streaming,synthetic,implicit,completed_tasks,6,0,0,1.0,0.0,0.0,7,605,86.43,0.5812290000903886,1
gen_data_streaming_003,memgpt_style,data/streaming,synthetic,implicit,pending_tasks,4,1,0,0.0,0.0,0.0,7,605,86.43,0.5812290000903886,1
gen_data_streaming_003,memgpt_style,data/streaming,synthetic,implicit,decisions,6,0,0,1.0,0.0,0.0,7,605,86.43,0.5812290000903886,1
gen_data_streaming_003,memgpt_style,data/streaming,synthetic,implicit,files,2,0,0,1.0,0.0,0.0,7,605,86.43,0.5812290000903886,1
gen_data_streaming_003,memgpt_style,data/streaming,synthetic,implicit,errors,3,0,0,1.0,0.0,0.0,7,605,86.43,0.5812290000903886,1
gen_data_streaming_003,sliding_window_10,data/streaming,synthetic,implicit,completed_tasks,6,10,2,0.2,0.3333,0.25,157,605,3.85,0.00339800044457661,10
gen_data_streaming_003,sliding_window_10,data/streaming,synthetic,implicit,pending_tasks,4,10,0,0.0,0.0,0.0,157,605,3.85,0.00339800044457661,10
gen_data_streaming_003,sliding_window_10,data/streaming,synthetic,implicit,decisions,6,10,2,0.2,0.3333,0.25,157,605,3.85,0.00339800044457661,10
gen_data_streaming_003,sliding_window_10,data/streaming,synthetic,implicit,files,2,10,0,0.0,0.0,0.0,157,605,3.85,0.00339800044457661,10
gen_data_streaming_003,sliding_window_10,data/streaming,synthetic,implicit,errors,3,10,1,0.1,0.3333,0.1538,157,605,3.85,0.00339800044457661,10
gen_data_streaming_003,naive_truncation,data/streaming,synthetic,implicit,completed_tasks,6,20,3,0.15,0.5,0.2308,311,605,1.95,0.011596000149438623,20
gen_data_streaming_003,naive_truncation,data/streaming,synthetic,implicit,pending_tasks,4,20,2,0.1,0.5,0.1667,311,605,1.95,0.011596000149438623,20
gen_data_streaming_003,naive_truncation,data/streaming,synthetic,implicit,decisions,6,20,4,0.2,0.6667,0.3077,311,605,1.95,0.011596000149438623,20
gen_data_streaming_003,naive_truncation,data/streaming,synthetic,implicit,files,2,20,0,0.0,0.0,0.0,311,605,1.95,0.011596000149438623,20
gen_data_streaming_003,naive_truncation,data/streaming,synthetic,implicit,errors,3,20,1,0.05,0.3333,0.087,311,605,1.95,0.011596000149438623,20
gen_data_streaming_003,naive_summary,data/streaming,synthetic,implicit,completed_tasks,6,13,2,0.1538,0.3333,0.2105,168,605,3.6,0.049514000238559674,13
gen_data_streaming_003,naive_summary,data/streaming,synthetic,implicit,pending_tasks,4,13,0,0.0,0.0,0.0,168,605,3.6,0.049514000238559674,13
gen_data_streaming_003,naive_summary,data/streaming,synthetic,implicit,decisions,6,13,0,0.0,0.0,0.0,168,605,3.6,0.049514000238559674,13
gen_data_streaming_003,naive_summary,data/streaming,synthetic,implicit,files,2,13,1,0.0769,0.5,0.1333,168,605,3.6,0.049514000238559674,13
gen_data_streaming_003,naive_summary,data/streaming,synthetic,implicit,errors,3,13,2,0.1538,0.6667,0.25,168,605,3.6,0.049514000238559674,13
gen_data_streaming_004,tokenmizer_v0.5.2,data/streaming,synthetic,implicit,completed_tasks,4,3,3,1.0,0.75,0.8571,182,575,3.16,229.91645299953234,18
gen_data_streaming_004,tokenmizer_v0.5.2,data/streaming,synthetic,implicit,pending_tasks,3,3,3,1.0,1.0,1.0,182,575,3.16,229.91645299953234,18
gen_data_streaming_004,tokenmizer_v0.5.2,data/streaming,synthetic,implicit,decisions,5,4,4,1.0,0.8,0.8889,182,575,3.16,229.91645299953234,18
gen_data_streaming_004,tokenmizer_v0.5.2,data/streaming,synthetic,implicit,files,5,5,5,1.0,1.0,1.0,182,575,3.16,229.91645299953234,18
gen_data_streaming_004,tokenmizer_v0.5.2,data/streaming,synthetic,implicit,errors,3,3,3,1.0,1.0,1.0,182,575,3.16,229.91645299953234,18
gen_data_streaming_004,graphiti_style,data/streaming,synthetic,implicit,completed_tasks,4,0,0,1.0,0.0,0.0,49,575,11.73,1.5304190001188545,8
gen_data_streaming_004,graphiti_style,data/streaming,synthetic,implicit,pending_tasks,3,1,0,0.0,0.0,0.0,49,575,11.73,1.5304190001188545,8
gen_data_streaming_004,graphiti_style,data/streaming,synthetic,implicit,decisions,5,2,0,0.0,0.0,0.0,49,575,11.73,1.5304190001188545,8
gen_data_streaming_004,graphiti_style,data/streaming,synthetic,implicit,files,5,5,4,0.8,0.8,0.8,49,575,11.73,1.5304190001188545,8
gen_data_streaming_004,graphiti_style,data/streaming,synthetic,implicit,errors,3,0,0,1.0,0.0,0.0,49,575,11.73,1.5304190001188545,8
gen_data_streaming_004,graphrag_style,data/streaming,synthetic,implicit,completed_tasks,4,0,0,1.0,0.0,0.0,39,575,14.74,0.6683600004180335,6
gen_data_streaming_004,graphrag_style,data/streaming,synthetic,implicit,pending_tasks,3,1,0,0.0,0.0,0.0,39,575,14.74,0.6683600004180335,6
gen_data_streaming_004,graphrag_style,data/streaming,synthetic,implicit,decisions,5,0,0,1.0,0.0,0.0,39,575,14.74,0.6683600004180335,6
gen_data_streaming_004,graphrag_style,data/streaming,synthetic,implicit,files,5,5,4,0.8,0.8,0.8,39,575,14.74,0.6683600004180335,6
gen_data_streaming_004,graphrag_style,data/streaming,synthetic,implicit,errors,3,0,0,1.0,0.0,0.0,39,575,14.74,0.6683600004180335,6
gen_data_streaming_004,mem0_style,data/streaming,synthetic,implicit,completed_tasks,4,0,0,1.0,0.0,0.0,48,575,11.98,1.4451060005740146,8
gen_data_streaming_004,mem0_style,data/streaming,synthetic,implicit,pending_tasks,3,1,0,0.0,0.0,0.0,48,575,11.98,1.4451060005740146,8
gen_data_streaming_004,mem0_style,data/streaming,synthetic,implicit,decisions,5,2,0,0.0,0.0,0.0,48,575,11.98,1.4451060005740146,8
gen_data_streaming_004,mem0_style,data/streaming,synthetic,implicit,files,5,5,4,0.8,0.8,0.8,48,575,11.98,1.4451060005740146,8
gen_data_streaming_004,mem0_style,data/streaming,synthetic,implicit,errors,3,0,0,1.0,0.0,0.0,48,575,11.98,1.4451060005740146,8
gen_data_streaming_004,memgpt_style,data/streaming,synthetic,implicit,completed_tasks,4,0,0,1.0,0.0,0.0,23,575,25.0,0.5064759998276713,3
gen_data_streaming_004,memgpt_style,data/streaming,synthetic,implicit,pending_tasks,3,0,0,1.0,0.0,0.0,23,575,25.0,0.5064759998276713,3
gen_data_streaming_004,memgpt_style,data/streaming,synthetic,implicit,decisions,5,1,0,0.0,0.0,0.0,23,575,25.0,0.5064759998276713,3
gen_data_streaming_004,memgpt_style,data/streaming,synthetic,implicit,files,5,2,1,0.5,0.2,0.2857,23,575,25.0,0.5064759998276713,3
gen_data_streaming_004,memgpt_style,data/streaming,synthetic,implicit,errors,3,0,0,1.0,0.0,0.0,23,575,25.0,0.5064759998276713,3
gen_data_streaming_004,sliding_window_10,data/streaming,synthetic,implicit,completed_tasks,4,11,1,0.0909,0.25,0.1333,175,575,3.29,0.0033149999580928124,11
gen_data_streaming_004,sliding_window_10,data/streaming,synthetic,implicit,pending_tasks,3,11,1,0.0909,0.3333,0.1429,175,575,3.29,0.0033149999580928124,11
gen_data_streaming_004,sliding_window_10,data/streaming,synthetic,implicit,decisions,5,11,1,0.0909,0.2,0.125,175,575,3.29,0.0033149999580928124,11
gen_data_streaming_004,sliding_window_10,data/streaming,synthetic,implicit,files,5,11,2,0.1818,0.4,0.25,175,575,3.29,0.0033149999580928124,11
gen_data_streaming_004,sliding_window_10,data/streaming,synthetic,implicit,errors,3,11,1,0.0909,0.3333,0.1429,175,575,3.29,0.0033149999580928124,11
gen_data_streaming_004,naive_truncation,data/streaming,synthetic,implicit,completed_tasks,4,19,2,0.1053,0.5,0.1739,306,575,1.88,0.011355999959050678,19
gen_data_streaming_004,naive_truncation,data/streaming,synthetic,implicit,pending_tasks,3,19,2,0.1053,0.6667,0.1818,306,575,1.88,0.011355999959050678,19
gen_data_streaming_004,naive_truncation,data/streaming,synthetic,implicit,decisions,5,19,2,0.1053,0.4,0.1667,306,575,1.88,0.011355999959050678,19
gen_data_streaming_004,naive_truncation,data/streaming,synthetic,implicit,files,5,19,4,0.2105,0.8,0.3333,306,575,1.88,0.011355999959050678,19
gen_data_streaming_004,naive_truncation,data/streaming,synthetic,implicit,errors,3,19,1,0.0526,0.3333,0.0909,306,575,1.88,0.011355999959050678,19
gen_data_streaming_004,naive_summary,data/streaming,synthetic,implicit,completed_tasks,4,11,0,0.0,0.0,0.0,171,575,3.36,0.08198399973480264,11
gen_data_streaming_004,naive_summary,data/streaming,synthetic,implicit,pending_tasks,3,11,1,0.0909,0.3333,0.1429,171,575,3.36,0.08198399973480264,11
gen_data_streaming_004,naive_summary,data/streaming,synthetic,implicit,decisions,5,11,1,0.0909,0.2,0.125,171,575,3.36,0.08198399973480264,11
gen_data_streaming_004,naive_summary,data/streaming,synthetic,implicit,files,5,11,0,0.0,0.0,0.0,171,575,3.36,0.08198399973480264,11
gen_data_streaming_004,naive_summary,data/streaming,synthetic,implicit,errors,3,11,2,0.1818,0.6667,0.2857,171,575,3.36,0.08198399973480264,11
gen_data_streaming_005,tokenmizer_v0.5.2,data/streaming,synthetic,implicit,completed_tasks,4,4,4,1.0,1.0,1.0,116,382,3.29,228.8628050000625,11
gen_data_streaming_005,tokenmizer_v0.5.2,data/streaming,synthetic,implicit,pending_tasks,4,2,2,1.0,0.5,0.6667,116,382,3.29,228.8628050000625,11
gen_data_streaming_005,tokenmizer_v0.5.2,data/streaming,synthetic,implicit,decisions,2,2,2,1.0,1.0,1.0,116,382,3.29,228.8628050000625,11
gen_data_streaming_005,tokenmizer_v0.5.2,data/streaming,synthetic,implicit,files,3,3,3,1.0,1.0,1.0,116,382,3.29,228.8628050000625,11
gen_data_streaming_005,graphiti_style,data/streaming,synthetic,implicit,completed_tasks,4,0,0,1.0,0.0,0.0,24,382,15.92,0.8997770000860328,4
gen_data_streaming_005,graphiti_style,data/streaming,synthetic,implicit,pending_tasks,4,0,0,1.0,0.0,0.0,24,382,15.92,0.8997770000860328,4
gen_data_streaming_005,graphiti_style,data/streaming,synthetic,implicit,decisions,2,1,0,0.0,0.0,0.0,24,382,15.92,0.8997770000860328,4
gen_data_streaming_005,graphiti_style,data/streaming,synthetic,implicit,files,3,3,2,0.6667,0.6667,0.6667,24,382,15.92,0.8997770000860328,4
gen_data_streaming_005,graphrag_style,data/streaming,synthetic,implicit,completed_tasks,4,0,0,1.0,0.0,0.0,20,382,19.1,0.43603999984043185,3
gen_data_streaming_005,graphrag_style,data/streaming,synthetic,implicit,pending_tasks,4,0,0,1.0,0.0,0.0,20,382,19.1,0.43603999984043185,3
gen_data_streaming_005,graphrag_style,data/streaming,synthetic,implicit,decisions,2,0,0,1.0,0.0,0.0,20,382,19.1,0.43603999984043185,3
gen_data_streaming_005,graphrag_style,data/streaming,synthetic,implicit,files,3,3,2,0.6667,0.6667,0.6667,20,382,19.1,0.43603999984043185,3
gen_data_streaming_005,mem0_style,data/streaming,synthetic,implicit,completed_tasks,4,0,0,1.0,0.0,0.0,23,382,16.61,0.9083869999813032,4
gen_data_streaming_005,mem0_style,data/streaming,synthetic,implicit,pending_tasks,4,0,0,1.0,0.0,0.0,23,382,16.61,0.9083869999813032,4
gen_data_streaming_005,mem0_style,data/streaming,synthetic,implicit,decisions,2,1,0,0.0,0.0,0.0,23,382,16.61,0.9083869999813032,4
gen_data_streaming_005,mem0_style,data/streaming,synthetic,implicit,files,3,3,2,0.6667,0.6667,0.6667,23,382,16.61,0.9083869999813032,4
gen_data_streaming_005,memgpt_style,data/streaming,synthetic,implicit,completed_tasks,4,0,0,1.0,0.0,0.0,3,382,127.33,0.5404140001701307,0
gen_data_streaming_005,memgpt_style,data/streaming,synthetic,implicit,pending_tasks,4,0,0,1.0,0.0,0.0,3,382,127.33,0.5404140001701307,0
gen_data_streaming_005,memgpt_style,data/streaming,synthetic,implicit,decisions,2,0,0,1.0,0.0,0.0,3,382,127.33,0.5404140001701307,0
gen_data_streaming_005,memgpt_style,data/streaming,synthetic,implicit,files,3,0,0,1.0,0.0,0.0,3,382,127.33,0.5404140001701307,0
gen_data_streaming_005,sliding_window_10,data/streaming,synthetic,implicit,completed_tasks,4,13,2,0.1538,0.5,0.2353,228,382,1.68,0.005509999937203247,13
gen_data_streaming_005,sliding_window_10,data/streaming,synthetic,implicit,pending_tasks,4,13,3,0.2308,0.75,0.3529,228,382,1.68,0.005509999937203247,13
gen_data_streaming_005,sliding_window_10,data/streaming,synthetic,implicit,decisions,2,13,2,0.1538,1.0,0.2667,228,382,1.68,0.005509999937203247,13
gen_data_streaming_005,sliding_window_10,data/streaming,synthetic,implicit,files,3,13,1,0.0769,0.3333,0.125,228,382,1.68,0.005509999937203247,13
gen_data_streaming_005,sliding_window_10,data/streaming,synthetic,implicit,errors,0,13,0,0.0,1.0,0.0,228,382,1.68,0.005509999937203247,13
gen_data_streaming_005,naive_truncation,data/streaming,synthetic,implicit,completed_tasks,4,17,3,0.1765,0.75,0.2857,288,382,1.33,0.012075000086042564,17
gen_data_streaming_005,naive_truncation,data/streaming,synthetic,implicit,pending_tasks,4,17,4,0.2353,1.0,0.381,288,382,1.33,0.012075000086042564,17
gen_data_streaming_005,naive_truncation,data/streaming,synthetic,implicit,decisions,2,17,2,0.1176,1.0,0.2105,288,382,1.33,0.012075000086042564,17
gen_data_streaming_005,naive_truncation,data/streaming,synthetic,implicit,files,3,17,1,0.0588,0.3333,0.1,288,382,1.33,0.012075000086042564,17
gen_data_streaming_005,naive_truncation,data/streaming,synthetic,implicit,errors,0,17,0,0.0,1.0,0.0,288,382,1.33,0.012075000086042564,17
gen_data_streaming_005,naive_summary,data/streaming,synthetic,implicit,completed_tasks,4,13,2,0.1538,0.5,0.2353,177,382,2.16,0.035478999961924274,13
gen_data_streaming_005,naive_summary,data/streaming,synthetic,implicit,pending_tasks,4,13,1,0.0769,0.25,0.1176,177,382,2.16,0.035478999961924274,13
gen_data_streaming_005,naive_summary,data/streaming,synthetic,implicit,decisions,2,13,0,0.0,0.0,0.0,177,382,2.16,0.035478999961924274,13
gen_data_streaming_005,naive_summary,data/streaming,synthetic,implicit,files,3,13,2,0.1538,0.6667,0.25,177,382,2.16,0.035478999961924274,13
gen_data_streaming_005,naive_summary,data/streaming,synthetic,implicit,errors,0,13,0,0.0,1.0,0.0,177,382,2.16,0.035478999961924274,13
gen_debug_production_001,tokenmizer_v0.5.2,debug/production,synthetic,explicit,completed_tasks,6,6,6,1.0,1.0,1.0,197,296,1.5,235.26169900014793,20
gen_debug_production_001,tokenmizer_v0.5.2,debug/production,synthetic,explicit,pending_tasks,2,2,2,1.0,1.0,1.0,197,296,1.5,235.26169900014793,20
gen_debug_production_001,tokenmizer_v0.5.2,debug/production,synthetic,explicit,decisions,4,4,4,1.0,1.0,1.0,197,296,1.5,235.26169900014793,20
gen_debug_production_001,tokenmizer_v0.5.2,debug/production,synthetic,explicit,files,5,5,5,1.0,1.0,1.0,197,296,1.5,235.26169900014793,20
gen_debug_production_001,tokenmizer_v0.5.2,debug/production,synthetic,explicit,errors,0,3,0,0.0,1.0,0.0,197,296,1.5,235.26169900014793,20
gen_debug_production_001,graphiti_style,debug/production,synthetic,explicit,completed_tasks,6,9,6,0.6667,1.0,0.8,177,296,1.67,0.7295870000234572,23
gen_debug_production_001,graphiti_style,debug/production,synthetic,explicit,pending_tasks,2,3,2,0.6667,1.0,0.8,177,296,1.67,0.7295870000234572,23
gen_debug_production_001,graphiti_style,debug/production,synthetic,explicit,decisions,4,6,4,0.6667,1.0,0.8,177,296,1.67,0.7295870000234572,23
gen_debug_production_001,graphiti_style,debug/production,synthetic,explicit,files,5,5,5,1.0,1.0,1.0,177,296,1.67,0.7295870000234572,23
gen_debug_production_001,graphrag_style,debug/production,synthetic,explicit,completed_tasks,6,3,3,1.0,0.5,0.6667,140,296,2.11,0.4636250005205511,18
gen_debug_production_001,graphrag_style,debug/production,synthetic,explicit,pending_tasks,2,1,0,0.0,0.0,0.0,140,296,2.11,0.4636250005205511,18
gen_debug_production_001,graphrag_style,debug/production,synthetic,explicit,decisions,4,5,4,0.8,1.0,0.8889,140,296,2.11,0.4636250005205511,18
gen_debug_production_001,graphrag_style,debug/production,synthetic,explicit,files,5,5,5,1.0,1.0,1.0,140,296,2.11,0.4636250005205511,18
gen_debug_production_001,graphrag_style,debug/production,synthetic,explicit,errors,0,4,0,0.0,1.0,0.0,140,296,2.11,0.4636250005205511,18
gen_debug_production_001,mem0_style,debug/production,synthetic,explicit,completed_tasks,6,9,6,0.6667,1.0,0.8,176,296,1.68,0.8476829998471658,23
gen_debug_production_001,mem0_style,debug/production,synthetic,explicit,pending_tasks,2,3,2,0.6667,1.0,0.8,176,296,1.68,0.8476829998471658,23
gen_debug_production_001,mem0_style,debug/production,synthetic,explicit,decisions,4,6,4,0.6667,1.0,0.8,176,296,1.68,0.8476829998471658,23
gen_debug_production_001,mem0_style,debug/production,synthetic,explicit,files,5,5,5,1.0,1.0,1.0,176,296,1.68,0.8476829998471658,23
gen_debug_production_001,memgpt_style,debug/production,synthetic,explicit,completed_tasks,6,6,4,0.6667,0.6667,0.6667,80,296,3.7,0.27729500015993835,10
gen_debug_production_001,memgpt_style,debug/production,synthetic,explicit,pending_tasks,2,0,0,1.0,0.0,0.0,80,296,3.7,0.27729500015993835,10
gen_debug_production_001,memgpt_style,debug/production,synthetic,explicit,decisions,4,1,0,0.0,0.0,0.0,80,296,3.7,0.27729500015993835,10
gen_debug_production_001,memgpt_style,debug/production,synthetic,explicit,files,5,3,3,1.0,0.6,0.75,80,296,3.7,0.27729500015993835,10
gen_debug_production_001,sliding_window_10,debug/production,synthetic,explicit,completed_tasks,6,12,4,0.3333,0.6667,0.4444,113,296,2.62,0.0032099997042678297,12
gen_debug_production_001,sliding_window_10,debug/production,synthetic,explicit,pending_tasks,2,12,0,0.0,0.0,0.0,113,296,2.62,0.0032099997042678297,12
gen_debug_production_001,sliding_window_10,debug/production,synthetic,explicit,decisions,4,12,0,0.0,0.0,0.0,113,296,2.62,0.0032099997042678297,12
gen_debug_production_001,sliding_window_10,debug/production,synthetic,explicit,files,5,12,3,0.25,0.6,0.3529,113,296,2.62,0.0032099997042678297,12
gen_debug_production_001,sliding_window_10,debug/production,synthetic,explicit,errors,0,12,0,0.0,1.0,0.0,113,296,2.62,0.0032099997042678297,12
gen_debug_production_001,naive_truncation,debug/production,synthetic,explicit,completed_tasks,6,32,6,0.1875,1.0,0.3158,313,296,0.95,0.013101999684295151,32
gen_debug_production_001,naive_truncation,debug/production,synthetic,explicit,pending_tasks,2,32,2,0.0625,1.0,0.1176,313,296,0.95,0.013101999684295151,32
gen_debug_production_001,naive_truncation,debug/production,synthetic,explicit,decisions,4,32,4,0.125,1.0,0.2222,313,296,0.95,0.013101999684295151,32
gen_debug_production_001,naive_truncation,debug/production,synthetic,explicit,files,5,32,5,0.1562,1.0,0.2703,313,296,0.95,0.013101999684295151,32
gen_debug_production_001,naive_truncation,debug/production,synthetic,explicit,errors,0,32,0,0.0,1.0,0.0,313,296,0.95,0.013101999684295151,32
gen_debug_production_001,naive_summary,debug/production,synthetic,explicit,completed_tasks,6,20,2,0.1,0.3333,0.1538,195,296,1.52,0.029756000003544614,20
gen_debug_production_001,naive_summary,debug/production,synthetic,explicit,pending_tasks,2,20,2,0.1,1.0,0.1818,195,296,1.52,0.029756000003544614,20
gen_debug_production_001,naive_summary,debug/production,synthetic,explicit,decisions,4,20,4,0.2,1.0,0.3333,195,296,1.52,0.029756000003544614,20
gen_debug_production_001,naive_summary,debug/production,synthetic,explicit,files,5,20,2,0.1,0.4,0.16,195,296,1.52,0.029756000003544614,20
gen_debug_production_001,naive_summary,debug/production,synthetic,explicit,errors,0,20,0,0.0,1.0,0.0,195,296,1.52,0.029756000003544614,20
gen_debug_production_002,tokenmizer_v0.5.2,debug/production,synthetic,explicit,completed_tasks,4,4,4,1.0,1.0,1.0,145,256,1.77,221.49538499979826,16
gen_debug_production_002,tokenmizer_v0.5.2,debug/production,synthetic,explicit,pending_tasks,4,4,4,1.0,1.0,1.0,145,256,1.77,221.49538499979826,16
gen_debug_production_002,tokenmizer_v0.5.2,debug/production,synthetic,explicit,decisions,3,3,3,1.0,1.0,1.0,145,256,1.77,221.49538499979826,16
gen_debug_production_002,tokenmizer_v0.5.2,debug/production,synthetic,explicit,files,2,2,2,1.0,1.0,1.0,145,256,1.77,221.49538499979826,16
gen_debug_production_002,tokenmizer_v0.5.2,debug/production,synthetic,explicit,errors,1,3,1,0.3333,1.0,0.5,145,256,1.77,221.49538499979826,16
gen_debug_production_002,graphiti_style,debug/production,synthetic,explicit,completed_tasks,4,5,4,0.8,1.0,0.8889,170,256,1.51,0.982882999778667,18
gen_debug_production_002,graphiti_style,debug/production,synthetic,explicit,pending_tasks,4,6,4,0.6667,1.0,0.8,170,256,1.51,0.982882999778667,18
gen_debug_production_002,graphiti_style,debug/production,synthetic,explicit,decisions,3,3,3,1.0,1.0,1.0,170,256,1.51,0.982882999778667,18
gen_debug_production_002,graphiti_style,debug/production,synthetic,explicit,files,2,2,2,1.0,1.0,1.0,170,256,1.51,0.982882999778667,18
gen_debug_production_002,graphiti_style,debug/production,synthetic,explicit,errors,1,2,1,0.5,1.0,0.6667,170,256,1.51,0.982882999778667,18
gen_debug_production_002,graphrag_style,debug/production,synthetic,explicit,completed_tasks,4,2,2,1.0,0.5,0.6667,127,256,2.02,0.47144700056378497,15
gen_debug_production_002,graphrag_style,debug/production,synthetic,explicit,pending_tasks,4,4,3,0.75,0.75,0.75,127,256,2.02,0.47144700056378497,15
gen_debug_production_002,graphrag_style,debug/production,synthetic,explicit,decisions,3,3,3,1.0,1.0,1.0,127,256,2.02,0.47144700056378497,15
gen_debug_production_002,graphrag_style,debug/production,synthetic,explicit,files,2,2,2,1.0,1.0,1.0,127,256,2.02,0.47144700056378497,15
gen_debug_production_002,graphrag_style,debug/production,synthetic,explicit,errors,1,4,1,0.25,1.0,0.4,127,256,2.02,0.47144700056378497,15
gen_debug_production_002,mem0_style,debug/production,synthetic,explicit,completed_tasks,4,5,4,0.8,1.0,0.8889,169,256,1.51,0.7126400005290634,18
gen_debug_production_002,mem0_style,debug/production,synthetic,explicit,pending_tasks,4,6,4,0.6667,1.0,0.8,169,256,1.51,0.7126400005290634,18
gen_debug_production_002,mem0_style,debug/production,synthetic,explicit,decisions,3,3,3,1.0,1.0,1.0,169,256,1.51,0.7126400005290634,18
gen_debug_production_002,mem0_style,debug/production,synthetic,explicit,files,2,2,2,1.0,1.0,1.0,169,256,1.51,0.7126400005290634,18
gen_debug_production_002,mem0_style,debug/production,synthetic,explicit,errors,1,2,1,0.5,1.0,0.6667,169,256,1.51,0.7126400005290634,18
gen_debug_production_002,memgpt_style,debug/production,synthetic,explicit,completed_tasks,4,2,2,1.0,0.5,0.6667,92,256,2.78,0.33834799978649244,9
gen_debug_production_002,memgpt_style,debug/production,synthetic,explicit,pending_tasks,4,3,2,0.6667,0.5,0.5714,92,256,2.78,0.33834799978649244,9
gen_debug_production_002,memgpt_style,debug/production,synthetic,explicit,decisions,3,1,1,1.0,0.3333,0.5,92,256,2.78,0.33834799978649244,9
gen_debug_production_002,memgpt_style,debug/production,synthetic,explicit,files,2,1,1,1.0,0.5,0.6667,92,256,2.78,0.33834799978649244,9
gen_debug_production_002,memgpt_style,debug/production,synthetic,explicit,errors,1,2,1,0.5,1.0,0.6667,92,256,2.78,0.33834799978649244,9
gen_debug_production_002,sliding_window_10,debug/production,synthetic,explicit,completed_tasks,4,12,2,0.1667,0.5,0.25,126,256,2.03,0.0033520000215503387,12
gen_debug_production_002,sliding_window_10,debug/production,synthetic,explicit,pending_tasks,4,12,2,0.1667,0.5,0.25,126,256,2.03,0.0033520000215503387,12
gen_debug_production_002,sliding_window_10,debug/production,synthetic,explicit,decisions,3,12,1,0.0833,0.3333,0.1333,126,256,2.03,0.0033520000215503387,12
gen_debug_production_002,sliding_window_10,debug/production,synthetic,explicit,files,2,12,1,0.0833,0.5,0.1429,126,256,2.03,0.0033520000215503387,12
gen_debug_production_002,sliding_window_10,debug/production,synthetic,explicit,errors,1,12,1,0.0833,1.0,0.1538,126,256,2.03,0.0033520000215503387,12
gen_debug_production_002,naive_truncation,debug/production,synthetic,explicit,completed_tasks,4,26,4,0.1538,1.0,0.2667,269,256,0.95,0.013650999790115748,26
gen_debug_production_002,naive_truncation,debug/production,synthetic,explicit,pending_tasks,4,26,4,0.1538,1.0,0.2667,269,256,0.95,0.013650999790115748,26
gen_debug_production_002,naive_truncation,debug/production,synthetic,explicit,decisions,3,26,3,0.1154,1.0,0.2069,269,256,0.95,0.013650999790115748,26
gen_debug_production_002,naive_truncation,debug/production,synthetic,explicit,files,2,26,2,0.0769,1.0,0.1429,269,256,0.95,0.013650999790115748,26
gen_debug_production_002,naive_truncation,debug/production,synthetic,explicit,errors,1,26,1,0.0385,1.0,0.0741,269,256,0.95,0.013650999790115748,26
gen_debug_production_002,naive_summary,debug/production,synthetic,explicit,completed_tasks,4,19,3,0.1579,0.75,0.2609,191,256,1.34,0.02833399958035443,19
gen_debug_production_002,naive_summary,debug/production,synthetic,explicit,pending_tasks,4,19,2,0.1053,0.5,0.1739,191,256,1.34,0.02833399958035443,19
gen_debug_production_002,naive_summary,debug/production,synthetic,explicit,decisions,3,19,2,0.1053,0.6667,0.1818,191,256,1.34,0.02833399958035443,19
gen_debug_production_002,naive_summary,debug/production,synthetic,explicit,files,2,19,1,0.0526,0.5,0.0952,191,256,1.34,0.02833399958035443,19
gen_debug_production_002,naive_summary,debug/production,synthetic,explicit,errors,1,19,1,0.0526,1.0,0.1,191,256,1.34,0.02833399958035443,19
gen_debug_production_003,tokenmizer_v0.5.2,debug/production,synthetic,explicit,completed_tasks,6,6,6,1.0,1.0,1.0,204,367,1.8,219.40065800026787,22
gen_debug_production_003,tokenmizer_v0.5.2,debug/production,synthetic,explicit,pending_tasks,3,3,3,1.0,1.0,1.0,204,367,1.8,219.40065800026787,22
gen_debug_production_003,tokenmizer_v0.5.2,debug/production,synthetic,explicit,decisions,4,4,4,1.0,1.0,1.0,204,367,1.8,219.40065800026787,22
gen_debug_production_003,tokenmizer_v0.5.2,debug/production,synthetic,explicit,files,5,5,5,1.0,1.0,1.0,204,367,1.8,219.40065800026787,22
gen_debug_production_003,tokenmizer_v0.5.2,debug/production,synthetic,explicit,errors,2,4,2,0.5,1.0,0.6667,204,367,1.8,219.40065800026787,22
gen_debug_production_003,graphiti_style,debug/production,synthetic,explicit,completed_tasks,6,11,6,0.5455,1.0,0.7059,200,367,1.83,0.8843300001899479,27
gen_debug_production_003,graphiti_style,debug/production,synthetic,explicit,pending_tasks,3,4,3,0.75,1.0,0.8571,200,367,1.83,0.8843300001899479,27
gen_debug_production_003,graphiti_style,debug/production,synthetic,explicit,decisions,4,5,4,0.8,1.0,0.8889,200,367,1.83,0.8843300001899479,27
gen_debug_production_003,graphiti_style,debug/production,synthetic,explicit,files,5,5,5,1.0,1.0,1.0,200,367,1.83,0.8843300001899479,27
gen_debug_production_003,graphiti_style,debug/production,synthetic,explicit,errors,2,2,2,1.0,1.0,1.0,200,367,1.83,0.8843300001899479,27
gen_debug_production_003,graphrag_style,debug/production,synthetic,explicit,completed_tasks,6,2,2,1.0,0.3333,0.5,137,367,2.68,0.5520639997484977,17
gen_debug_production_003,graphrag_style,debug/production,synthetic,explicit,pending_tasks,3,1,0,0.0,0.0,0.0,137,367,2.68,0.5520639997484977,17
gen_debug_production_003,graphrag_style,debug/production,synthetic,explicit,decisions,4,5,4,0.8,1.0,0.8889,137,367,2.68,0.5520639997484977,17
gen_debug_production_003,graphrag_style,debug/production,synthetic,explicit,files,5,5,5,1.0,1.0,1.0,137,367,2.68,0.5520639997484977,17
gen_debug_production_003,graphrag_style,debug/production,synthetic,explicit,errors,2,4,2,0.5,1.0,0.6667,137,367,2.68,0.5520639997484977,17
gen_debug_production_003,mem0_style,debug/production,synthetic,explicit,completed_tasks,6,11,6,0.5455,1.0,0.7059,199,367,1.84,1.0425659993416048,27
gen_debug_production_003,mem0_style,debug/production,synthetic,explicit,pending_tasks,3,4,3,0.75,1.0,0.8571,199,367,1.84,1.0425659993416048,27
gen_debug_production_003,mem0_style,debug/production,synthetic,explicit,decisions,4,5,4,0.8,1.0,0.8889,199,367,1.84,1.0425659993416048,27
gen_debug_production_003,mem0_style,debug/production,synthetic,explicit,files,5,5,5,1.0,1.0,1.0,199,367,1.84,1.0425659993416048,27
gen_debug_production_003,mem0_style,debug/production,synthetic,explicit,errors,2,2,2,1.0,1.0,1.0,199,367,1.84,1.0425659993416048,27
gen_debug_production_003,memgpt_style,debug/production,synthetic,explicit,completed_tasks,6,4,3,0.75,0.5,0.6,86,367,4.27,0.3100459998677252,8
gen_debug_production_003,memgpt_style,debug/production,synthetic,explicit,pending_tasks,3,2,2,1.0,0.6667,0.8,86,367,4.27,0.3100459998677252,8
gen_debug_production_003,memgpt_style,debug/production,synthetic,explicit,decisions,4,0,0,1.0,0.0,0.0,86,367,4.27,0.3100459998677252,8
gen_debug_production_003,memgpt_style,debug/production,synthetic,explicit,files,5,1,1,1.0,0.2,0.3333,86,367,4.27,0.3100459998677252,8
gen_debug_production_003,memgpt_style,debug/production,synthetic,explicit,errors,2,1,1,1.0,0.5,0.6667,86,367,4.27,0.3100459998677252,8
gen_debug_production_003,sliding_window_10,debug/production,synthetic,explicit,completed_tasks,6,10,2,0.2,0.3333,0.25,102,367,3.6,0.003513000592647586,10
gen_debug_production_003,sliding_window_10,debug/production,synthetic,explicit,pending_tasks,3,10,1,0.1,0.3333,0.1538,102,367,3.6,0.003513000592647586,10
gen_debug_production_003,sliding_window_10,debug/production,synthetic,explicit,decisions,4,10,0,0.0,0.0,0.0,102,367,3.6,0.003513000592647586,10
gen_debug_production_003,sliding_window_10,debug/production,synthetic,explicit,files,5,10,1,0.1,0.2,0.1333,102,367,3.6,0.003513000592647586,10
gen_debug_production_003,sliding_window_10,debug/production,synthetic,explicit,errors,2,10,1,0.1,0.5,0.1667,102,367,3.6,0.003513000592647586,10
gen_debug_production_003,naive_truncation,debug/production,synthetic,explicit,completed_tasks,6,33,5,0.1515,0.8333,0.2564,313,367,1.17,0.014557000213244464,33
gen_debug_production_003,naive_truncation,debug/production,synthetic,explicit,pending_tasks,3,33,3,0.0909,1.0,0.1667,313,367,1.17,0.014557000213244464,33
gen_debug_production_003,naive_truncation,debug/production,synthetic,explicit,decisions,4,33,4,0.1212,1.0,0.2162,313,367,1.17,0.014557000213244464,33
gen_debug_production_003,naive_truncation,debug/production,synthetic,explicit,files,5,33,5,0.1515,1.0,0.2632,313,367,1.17,0.014557000213244464,33
gen_debug_production_003,naive_truncation,debug/production,synthetic,explicit,errors,2,33,1,0.0303,0.5,0.0571,313,367,1.17,0.014557000213244464,33
gen_debug_production_003,naive_summary,debug/production,synthetic,explicit,completed_tasks,6,21,3,0.1429,0.5,0.2222,202,367,1.82,0.04963999981555389,21
gen_debug_production_003,naive_summary,debug/production,synthetic,explicit,pending_tasks,3,21,1,0.0476,0.3333,0.0833,202,367,1.82,0.04963999981555389,21
gen_debug_production_003,naive_summary,debug/production,synthetic,explicit,decisions,4,21,2,0.0952,0.5,0.16,202,367,1.82,0.04963999981555389,21
gen_debug_production_003,naive_summary,debug/production,synthetic,explicit,files,5,21,4,0.1905,0.8,0.3077,202,367,1.82,0.04963999981555389,21
gen_debug_production_003,naive_summary,debug/production,synthetic,explicit,errors,2,21,1,0.0476,0.5,0.087,202,367,1.82,0.04963999981555389,21
gen_debug_production_004,tokenmizer_v0.5.2,debug/production,synthetic,explicit,completed_tasks,5,5,5,1.0,1.0,1.0,204,334,1.64,233.99452000012388,21
gen_debug_production_004,tokenmizer_v0.5.2,debug/production,synthetic,explicit,pending_tasks,4,4,4,1.0,1.0,1.0,204,334,1.64,233.99452000012388,21
gen_debug_production_004,tokenmizer_v0.5.2,debug/production,synthetic,explicit,decisions,6,6,6,1.0,1.0,1.0,204,334,1.64,233.99452000012388,21
gen_debug_production_004,tokenmizer_v0.5.2,debug/production,synthetic,explicit,files,3,3,3,1.0,1.0,1.0,204,334,1.64,233.99452000012388,21
gen_debug_production_004,tokenmizer_v0.5.2,debug/production,synthetic,explicit,errors,2,3,2,0.6667,1.0,0.8,204,334,1.64,233.99452000012388,21
gen_debug_production_004,graphiti_style,debug/production,synthetic,explicit,completed_tasks,5,7,5,0.7143,1.0,0.8333,233,334,1.43,0.9998479999921983,26
gen_debug_production_004,graphiti_style,debug/production,synthetic,explicit,pending_tasks,4,4,4,1.0,1.0,1.0,233,334,1.43,0.9998479999921983,26
gen_debug_production_004,graphiti_style,debug/production,synthetic,explicit,decisions,6,8,6,0.75,1.0,0.8571,233,334,1.43,0.9998479999921983,26
gen_debug_production_004,graphiti_style,debug/production,synthetic,explicit,files,3,3,3,1.0,1.0,1.0,233,334,1.43,0.9998479999921983,26
gen_debug_production_004,graphiti_style,debug/production,synthetic,explicit,errors,2,4,2,0.5,1.0,0.6667,233,334,1.43,0.9998479999921983,26
gen_debug_production_004,graphrag_style,debug/production,synthetic,explicit,completed_tasks,5,3,3,1.0,0.6,0.75,194,334,1.72,0.49811499957286287,20
gen_debug_production_004,graphrag_style,debug/production,synthetic,explicit,pending_tasks,4,3,3,1.0,0.75,0.8571,194,334,1.72,0.49811499957286287,20
gen_debug_production_004,graphrag_style,debug/production,synthetic,explicit,decisions,6,7,6,0.8571,1.0,0.9231,194,334,1.72,0.49811499957286287,20
gen_debug_production_004,graphrag_style,debug/production,synthetic,explicit,files,3,3,3,1.0,1.0,1.0,194,334,1.72,0.49811499957286287,20
gen_debug_production_004,graphrag_style,debug/production,synthetic,explicit,errors,2,4,2,0.5,1.0,0.6667,194,334,1.72,0.49811499957286287,20
gen_debug_production_004,mem0_style,debug/production,synthetic,explicit,completed_tasks,5,7,5,0.7143,1.0,0.8333,232,334,1.44,0.9875489995465614,26
gen_debug_production_004,mem0_style,debug/production,synthetic,explicit,pending_tasks,4,4,4,1.0,1.0,1.0,232,334,1.44,0.9875489995465614,26
gen_debug_production_004,mem0_style,debug/production,synthetic,explicit,decisions,6,8,6,0.75,1.0,0.8571,232,334,1.44,0.9875489995465614,26
gen_debug_production_004,mem0_style,debug/production,synthetic,explicit,files,3,3,3,1.0,1.0,1.0,232,334,1.44,0.9875489995465614,26
gen_debug_production_004,mem0_style,debug/production,synthetic,explicit,errors,2,4,2,0.5,1.0,0.6667,232,334,1.44,0.9875489995465614,26
gen_debug_production_004,memgpt_style,debug/production,synthetic,explicit,completed_tasks,5,4,2,0.5,0.4,0.4444,84,334,3.98,0.3160380001645535,11
gen_debug_production_004,memgpt_style,debug/production,synthetic,explicit,pending_tasks,4,0,0,1.0,0.0,0.0,84,334,3.98,0.3160380001645535,11
gen_debug_production_004,memgpt_style,debug/production,synthetic,explicit,decisions,6,3,2,0.6667,0.3333,0.4444,84,334,3.98,0.3160380001645535,11
gen_debug_production_004,memgpt_style,debug/production,synthetic,explicit,files,3,3,3,1.0,1.0,1.0,84,334,3.98,0.3160380001645535,11
gen_debug_production_004,memgpt_style,debug/production,synthetic,explicit,errors,2,1,0,0.0,0.0,0.0,84,334,3.98,0.3160380001645535,11
gen_debug_production_004,sliding_window_10,debug/production,synthetic,explicit,completed_tasks,5,10,1,0.1,0.2,0.1333,86,334,3.88,0.0030619994504377246,10
gen_debug_production_004,sliding_window_10,debug/production,synthetic,explicit,pending_tasks,4,10,0,0.0,0.0,0.0,86,334,3.88,0.0030619994504377246,10
gen_debug_production_004,sliding_window_10,debug/production,synthetic,explicit,decisions,6,10,2,0.2,0.3333,0.25,86,334,3.88,0.0030619994504377246,10
gen_debug_production_004,sliding_window_10,debug/production,synthetic,explicit,files,3,10,2,0.2,0.6667,0.3077,86,334,3.88,0.0030619994504377246,10
gen_debug_production_004,sliding_window_10,debug/production,synthetic,explicit,errors,2,10,0,0.0,0.0,0.0,86,334,3.88,0.0030619994504377246,10
gen_debug_production_004,naive_truncation,debug/production,synthetic,explicit,completed_tasks,5,32,4,0.125,0.8,0.2162,301,334,1.11,0.014014000043971464,32
gen_debug_production_004,naive_truncation,debug/production,synthetic,explicit,pending_tasks,4,32,3,0.0938,0.75,0.1667,301,334,1.11,0.014014000043971464,32
gen_debug_production_004,naive_truncation,debug/production,synthetic,explicit,decisions,6,32,6,0.1875,1.0,0.3158,301,334,1.11,0.014014000043971464,32
gen_debug_production_004,naive_truncation,debug/production,synthetic,explicit,files,3,32,3,0.0938,1.0,0.1714,301,334,1.11,0.014014000043971464,32
gen_debug_production_004,naive_truncation,debug/production,synthetic,explicit,errors,2,32,2,0.0625,1.0,0.1176,301,334,1.11,0.014014000043971464,32
gen_debug_production_004,naive_summary,debug/production,synthetic,explicit,completed_tasks,5,19,3,0.1579,0.6,0.25,184,334,1.82,0.037061000512039755,19
gen_debug_production_004,naive_summary,debug/production,synthetic,explicit,pending_tasks,4,19,4,0.2105,1.0,0.3478,184,334,1.82,0.037061000512039755,19
gen_debug_production_004,naive_summary,debug/production,synthetic,explicit,decisions,6,19,2,0.1053,0.3333,0.16,184,334,1.82,0.037061000512039755,19
gen_debug_production_004,naive_summary,debug/production,synthetic,explicit,files,3,19,0,0.0,0.0,0.0,184,334,1.82,0.037061000512039755,19
gen_debug_production_004,naive_summary,debug/production,synthetic,explicit,errors,2,19,1,0.0526,0.5,0.0952,184,334,1.82,0.037061000512039755,19
gen_debug_production_005,tokenmizer_v0.5.2,debug/production,synthetic,explicit,completed_tasks,3,3,3,1.0,1.0,1.0,171,288,1.68,216.61780100021133,17
gen_debug_production_005,tokenmizer_v0.5.2,debug/production,synthetic,explicit,pending_tasks,2,2,2,1.0,1.0,1.0,171,288,1.68,216.61780100021133,17
gen_debug_production_005,tokenmizer_v0.5.2,debug/production,synthetic,explicit,decisions,6,6,6,1.0,1.0,1.0,171,288,1.68,216.61780100021133,17
gen_debug_production_005,tokenmizer_v0.5.2,debug/production,synthetic,explicit,files,4,4,4,1.0,1.0,1.0,171,288,1.68,216.61780100021133,17
gen_debug_production_005,tokenmizer_v0.5.2,debug/production,synthetic,explicit,errors,1,2,1,0.5,1.0,0.6667,171,288,1.68,216.61780100021133,17
gen_debug_production_005,graphiti_style,debug/production,synthetic,explicit,completed_tasks,3,6,3,0.5,1.0,0.6667,196,288,1.47,0.7469580004908494,28
gen_debug_production_005,graphiti_style,debug/production,synthetic,explicit,pending_tasks,2,4,2,0.5,1.0,0.6667,196,288,1.47,0.7469580004908494,28
gen_debug_production_005,graphiti_style,debug/production,synthetic,explicit,decisions,6,11,6,0.5455,1.0,0.7059,196,288,1.47,0.7469580004908494,28
gen_debug_production_005,graphiti_style,debug/production,synthetic,explicit,files,4,4,4,1.0,1.0,1.0,196,288,1.47,0.7469580004908494,28
gen_debug_production_005,graphiti_style,debug/production,synthetic,explicit,errors,1,3,1,0.3333,1.0,0.5,196,288,1.47,0.7469580004908494,28
gen_debug_production_005,graphrag_style,debug/production,synthetic,explicit,completed_tasks,3,1,1,1.0,0.3333,0.5,139,288,2.07,0.5125739999130019,21
gen_debug_production_005,graphrag_style,debug/production,synthetic,explicit,pending_tasks,2,2,1,0.5,0.5,0.5,139,288,2.07,0.5125739999130019,21
gen_debug_production_005,graphrag_style,debug/production,synthetic,explicit,decisions,6,11,6,0.5455,1.0,0.7059,139,288,2.07,0.5125739999130019,21
gen_debug_production_005,graphrag_style,debug/production,synthetic,explicit,files,4,4,4,1.0,1.0,1.0,139,288,2.07,0.5125739999130019,21
gen_debug_production_005,graphrag_style,debug/production,synthetic,explicit,errors,1,3,1,0.3333,1.0,0.5,139,288,2.07,0.5125739999130019,21
gen_debug_production_005,mem0_style,debug/production,synthetic,explicit,completed_tasks,3,6,3,0.5,1.0,0.6667,202,288,1.43,0.7991739994395175,27
gen_debug_production_005,mem0_style,debug/production,synthetic,explicit,pending_tasks,2,4,2,0.5,1.0,0.6667,202,288,1.43,0.7991739994395175,27
gen_debug_production_005,mem0_style,debug/production,synthetic,explicit,decisions,6,10,6,0.6,1.0,0.75,202,288,1.43,0.7991739994395175,27
gen_debug_production_005,mem0_style,debug/production,synthetic,explicit,files,4,4,4,1.0,1.0,1.0,202,288,1.43,0.7991739994395175,27
gen_debug_production_005,mem0_style,debug/production,synthetic,explicit,errors,1,3,1,0.3333,1.0,0.5,202,288,1.43,0.7991739994395175,27
gen_debug_production_005,memgpt_style,debug/production,synthetic,explicit,completed_tasks,3,3,2,0.6667,0.6667,0.6667,110,288,2.62,0.24690100053703645,11
gen_debug_production_005,memgpt_style,debug/production,synthetic,explicit,pending_tasks,2,3,2,0.6667,1.0,0.8,110,288,2.62,0.24690100053703645,11
gen_debug_production_005,memgpt_style,debug/production,synthetic,explicit,decisions,6,2,2,1.0,0.3333,0.5,110,288,2.62,0.24690100053703645,11
gen_debug_production_005,memgpt_style,debug/production,synthetic,explicit,files,4,1,1,1.0,0.25,0.4,110,288,2.62,0.24690100053703645,11
gen_debug_production_005,memgpt_style,debug/production,synthetic,explicit,errors,1,2,0,0.0,0.0,0.0,110,288,2.62,0.24690100053703645,11
gen_debug_production_005,sliding_window_10,debug/production,synthetic,explicit,completed_tasks,3,12,2,0.1667,0.6667,0.2667,115,288,2.5,0.00499399993714178,12
gen_debug_production_005,sliding_window_10,debug/production,synthetic,explicit,pending_tasks,2,12,2,0.1667,1.0,0.2857,115,288,2.5,0.00499399993714178,12
gen_debug_production_005,sliding_window_10,debug/production,synthetic,explicit,decisions,6,12,2,0.1667,0.3333,0.2222,115,288,2.5,0.00499399993714178,12
gen_debug_production_005,sliding_window_10,debug/production,synthetic,explicit,files,4,12,1,0.0833,0.25,0.125,115,288,2.5,0.00499399993714178,12
gen_debug_production_005,sliding_window_10,debug/production,synthetic,explicit,errors,1,12,0,0.0,0.0,0.0,115,288,2.5,0.00499399993714178,12
gen_debug_production_005,naive_truncation,debug/production,synthetic,explicit,completed_tasks,3,30,3,0.1,1.0,0.1818,303,288,0.95,0.017079999452107586,30
gen_debug_production_005,naive_truncation,debug/production,synthetic,explicit,pending_tasks,2,30,2,0.0667,1.0,0.125,303,288,0.95,0.017079999452107586,30
gen_debug_production_005,naive_truncation,debug/production,synthetic,explicit,decisions,6,30,6,0.2,1.0,0.3333,303,288,0.95,0.017079999452107586,30
gen_debug_production_005,naive_truncation,debug/production,synthetic,explicit,files,4,30,4,0.1333,1.0,0.2353,303,288,0.95,0.017079999452107586,30
gen_debug_production_005,naive_truncation,debug/production,synthetic,explicit,errors,1,30,1,0.0333,1.0,0.0645,303,288,0.95,0.017079999452107586,30
gen_debug_production_005,naive_summary,debug/production,synthetic,explicit,completed_tasks,3,19,1,0.0526,0.3333,0.0909,191,288,1.51,0.029337000341911335,19
gen_debug_production_005,naive_summary,debug/production,synthetic,explicit,pending_tasks,2,19,0,0.0,0.0,0.0,191,288,1.51,0.029337000341911335,19
gen_debug_production_005,naive_summary,debug/production,synthetic,explicit,decisions,6,19,4,0.2105,0.6667,0.32,191,288,1.51,0.029337000341911335,19
gen_debug_production_005,naive_summary,debug/production,synthetic,explicit,files,4,19,3,0.1579,0.75,0.2609,191,288,1.51,0.029337000341911335,19
gen_debug_production_005,naive_summary,debug/production,synthetic,explicit,errors,1,19,1,0.0526,1.0,0.1,191,288,1.51,0.029337000341911335,19
gen_devops_ci_001,tokenmizer_v0.5.2,devops/ci,synthetic,semi,completed_tasks,3,3,3,1.0,1.0,1.0,149,276,1.85,255.5316980005955,15
gen_devops_ci_001,tokenmizer_v0.5.2,devops/ci,synthetic,semi,pending_tasks,1,1,1,1.0,1.0,1.0,149,276,1.85,255.5316980005955,15
gen_devops_ci_001,tokenmizer_v0.5.2,devops/ci,synthetic,semi,decisions,4,4,4,1.0,1.0,1.0,149,276,1.85,255.5316980005955,15
gen_devops_ci_001,tokenmizer_v0.5.2,devops/ci,synthetic,semi,files,5,5,5,1.0,1.0,1.0,149,276,1.85,255.5316980005955,15
gen_devops_ci_001,tokenmizer_v0.5.2,devops/ci,synthetic,semi,errors,1,2,1,0.5,1.0,0.6667,149,276,1.85,255.5316980005955,15
gen_devops_ci_001,graphiti_style,devops/ci,synthetic,semi,completed_tasks,3,2,2,1.0,0.6667,0.8,129,276,2.14,0.6782239997846773,12
gen_devops_ci_001,graphiti_style,devops/ci,synthetic,semi,pending_tasks,1,2,1,0.5,1.0,0.6667,129,276,2.14,0.6782239997846773,12
gen_devops_ci_001,graphiti_style,devops/ci,synthetic,semi,decisions,4,3,2,0.6667,0.5,0.5714,129,276,2.14,0.6782239997846773,12
gen_devops_ci_001,graphiti_style,devops/ci,synthetic,semi,files,5,4,4,1.0,0.8,0.8889,129,276,2.14,0.6782239997846773,12
gen_devops_ci_001,graphiti_style,devops/ci,synthetic,semi,errors,1,1,1,1.0,1.0,1.0,129,276,2.14,0.6782239997846773,12
gen_devops_ci_001,graphrag_style,devops/ci,synthetic,semi,completed_tasks,3,0,0,1.0,0.0,0.0,76,276,3.63,0.3803289991992642,9
gen_devops_ci_001,graphrag_style,devops/ci,synthetic,semi,pending_tasks,1,1,0,0.0,0.0,0.0,76,276,3.63,0.3803289991992642,9
gen_devops_ci_001,graphrag_style,devops/ci,synthetic,semi,decisions,4,2,2,1.0,0.5,0.6667,76,276,3.63,0.3803289991992642,9
gen_devops_ci_001,graphrag_style,devops/ci,synthetic,semi,files,5,4,4,1.0,0.8,0.8889,76,276,3.63,0.3803289991992642,9
gen_devops_ci_001,graphrag_style,devops/ci,synthetic,semi,errors,1,2,1,0.5,1.0,0.6667,76,276,3.63,0.3803289991992642,9
gen_devops_ci_001,mem0_style,devops/ci,synthetic,semi,completed_tasks,3,2,2,1.0,0.6667,0.8,128,276,2.16,0.7858099997974932,12
gen_devops_ci_001,mem0_style,devops/ci,synthetic,semi,pending_tasks,1,2,1,0.5,1.0,0.6667,128,276,2.16,0.7858099997974932,12
gen_devops_ci_001,mem0_style,devops/ci,synthetic,semi,decisions,4,3,2,0.6667,0.5,0.5714,128,276,2.16,0.7858099997974932,12
gen_devops_ci_001,mem0_style,devops/ci,synthetic,semi,files,5,4,4,1.0,0.8,0.8889,128,276,2.16,0.7858099997974932,12
gen_devops_ci_001,mem0_style,devops/ci,synthetic,semi,errors,1,1,1,1.0,1.0,1.0,128,276,2.16,0.7858099997974932,12
gen_devops_ci_001,memgpt_style,devops/ci,synthetic,semi,completed_tasks,3,1,1,1.0,0.3333,0.5,80,276,3.45,0.37434000023495173,7
gen_devops_ci_001,memgpt_style,devops/ci,synthetic,semi,pending_tasks,1,0,0,1.0,0.0,0.0,80,276,3.45,0.37434000023495173,7
gen_devops_ci_001,memgpt_style,devops/ci,synthetic,semi,decisions,4,2,2,1.0,0.5,0.6667,80,276,3.45,0.37434000023495173,7
gen_devops_ci_001,memgpt_style,devops/ci,synthetic,semi,files,5,3,3,1.0,0.6,0.75,80,276,3.45,0.37434000023495173,7
gen_devops_ci_001,memgpt_style,devops/ci,synthetic,semi,errors,1,1,1,1.0,1.0,1.0,80,276,3.45,0.37434000023495173,7
gen_devops_ci_001,sliding_window_10,devops/ci,synthetic,semi,completed_tasks,3,13,2,0.1538,0.6667,0.25,141,276,1.96,0.003231999471609015,13
gen_devops_ci_001,sliding_window_10,devops/ci,synthetic,semi,pending_tasks,1,13,0,0.0,0.0,0.0,141,276,1.96,0.003231999471609015,13
gen_devops_ci_001,sliding_window_10,devops/ci,synthetic,semi,decisions,4,13,2,0.1538,0.5,0.2353,141,276,1.96,0.003231999471609015,13
gen_devops_ci_001,sliding_window_10,devops/ci,synthetic,semi,files,5,13,3,0.2308,0.6,0.3333,141,276,1.96,0.003231999471609015,13
gen_devops_ci_001,sliding_window_10,devops/ci,synthetic,semi,errors,1,13,1,0.0769,1.0,0.1429,141,276,1.96,0.003231999471609015,13
gen_devops_ci_001,naive_truncation,devops/ci,synthetic,semi,completed_tasks,3,27,3,0.1111,1.0,0.2,291,276,0.95,0.013798000509268604,27
gen_devops_ci_001,naive_truncation,devops/ci,synthetic,semi,pending_tasks,1,27,1,0.037,1.0,0.0714,291,276,0.95,0.013798000509268604,27
gen_devops_ci_001,naive_truncation,devops/ci,synthetic,semi,decisions,4,27,4,0.1481,1.0,0.2581,291,276,0.95,0.013798000509268604,27
gen_devops_ci_001,naive_truncation,devops/ci,synthetic,semi,files,5,27,5,0.1852,1.0,0.3125,291,276,0.95,0.013798000509268604,27
gen_devops_ci_001,naive_truncation,devops/ci,synthetic,semi,errors,1,27,1,0.037,1.0,0.0714,291,276,0.95,0.013798000509268604,27
gen_devops_ci_001,naive_summary,devops/ci,synthetic,semi,completed_tasks,3,18,2,0.1111,0.6667,0.1905,175,276,1.58,0.0324180000461638,18
gen_devops_ci_001,naive_summary,devops/ci,synthetic,semi,pending_tasks,1,18,1,0.0556,1.0,0.1053,175,276,1.58,0.0324180000461638,18
gen_devops_ci_001,naive_summary,devops/ci,synthetic,semi,decisions,4,18,2,0.1111,0.5,0.1818,175,276,1.58,0.0324180000461638,18
gen_devops_ci_001,naive_summary,devops/ci,synthetic,semi,files,5,18,2,0.1111,0.4,0.1739,175,276,1.58,0.0324180000461638,18
gen_devops_ci_001,naive_summary,devops/ci,synthetic,semi,errors,1,18,0,0.0,0.0,0.0,175,276,1.58,0.0324180000461638,18
gen_devops_ci_002,tokenmizer_v0.5.2,devops/ci,synthetic,semi,completed_tasks,3,3,3,1.0,1.0,1.0,173,339,1.96,216.68661200055794,18
gen_devops_ci_002,tokenmizer_v0.5.2,devops/ci,synthetic,semi,pending_tasks,3,3,3,1.0,1.0,1.0,173,339,1.96,216.68661200055794,18
gen_devops_ci_002,tokenmizer_v0.5.2,devops/ci,synthetic,semi,decisions,5,5,5,1.0,1.0,1.0,173,339,1.96,216.68661200055794,18
gen_devops_ci_002,tokenmizer_v0.5.2,devops/ci,synthetic,semi,files,5,5,5,1.0,1.0,1.0,173,339,1.96,216.68661200055794,18
gen_devops_ci_002,tokenmizer_v0.5.2,devops/ci,synthetic,semi,errors,2,2,2,1.0,1.0,1.0,173,339,1.96,216.68661200055794,18
gen_devops_ci_002,graphiti_style,devops/ci,synthetic,semi,completed_tasks,3,2,2,1.0,0.6667,0.8,138,339,2.46,0.8753539996178006,13
gen_devops_ci_002,graphiti_style,devops/ci,synthetic,semi,pending_tasks,3,1,0,0.0,0.0,0.0,138,339,2.46,0.8753539996178006,13
gen_devops_ci_002,graphiti_style,devops/ci,synthetic,semi,decisions,5,5,5,1.0,1.0,1.0,138,339,2.46,0.8753539996178006,13
gen_devops_ci_002,graphiti_style,devops/ci,synthetic,semi,files,5,3,3,1.0,0.6,0.75,138,339,2.46,0.8753539996178006,13
gen_devops_ci_002,graphiti_style,devops/ci,synthetic,semi,errors,2,2,2,1.0,1.0,1.0,138,339,2.46,0.8753539996178006,13
gen_devops_ci_002,graphrag_style,devops/ci,synthetic,semi,completed_tasks,3,0,0,1.0,0.0,0.0,93,339,3.65,0.5566820000240114,10
gen_devops_ci_002,graphrag_style,devops/ci,synthetic,semi,pending_tasks,3,1,0,0.0,0.0,0.0,93,339,3.65,0.5566820000240114,10
gen_devops_ci_002,graphrag_style,devops/ci,synthetic,semi,decisions,5,5,5,1.0,1.0,1.0,93,339,3.65,0.5566820000240114,10
gen_devops_ci_002,graphrag_style,devops/ci,synthetic,semi,files,5,3,3,1.0,0.6,0.75,93,339,3.65,0.5566820000240114,10
gen_devops_ci_002,graphrag_style,devops/ci,synthetic,semi,errors,2,1,0,0.0,0.0,0.0,93,339,3.65,0.5566820000240114,10
gen_devops_ci_002,mem0_style,devops/ci,synthetic,semi,completed_tasks,3,2,2,1.0,0.6667,0.8,137,339,2.47,0.884432999555429,13
gen_devops_ci_002,mem0_style,devops/ci,synthetic,semi,pending_tasks,3,1,0,0.0,0.0,0.0,137,339,2.47,0.884432999555429,13
gen_devops_ci_002,mem0_style,devops/ci,synthetic,semi,decisions,5,5,5,1.0,1.0,1.0,137,339,2.47,0.884432999555429,13
gen_devops_ci_002,mem0_style,devops/ci,synthetic,semi,files,5,3,3,1.0,0.6,0.75,137,339,2.47,0.884432999555429,13
gen_devops_ci_002,mem0_style,devops/ci,synthetic,semi,errors,2,2,2,1.0,1.0,1.0,137,339,2.47,0.884432999555429,13
gen_devops_ci_002,memgpt_style,devops/ci,synthetic,semi,completed_tasks,3,1,1,1.0,0.3333,0.5,43,339,7.88,0.27785800011770334,3
gen_devops_ci_002,memgpt_style,devops/ci,synthetic,semi,pending_tasks,3,0,0,1.0,0.0,0.0,43,339,7.88,0.27785800011770334,3
gen_devops_ci_002,memgpt_style,devops/ci,synthetic,semi,decisions,5,1,1,1.0,0.2,0.3333,43,339,7.88,0.27785800011770334,3
gen_devops_ci_002,memgpt_style,devops/ci,synthetic,semi,files,5,1,2,1.0,0.4,0.5714,43,339,7.88,0.27785800011770334,3
gen_devops_ci_002,memgpt_style,devops/ci,synthetic,semi,errors,2,0,0,1.0,0.0,0.0,43,339,7.88,0.27785800011770334,3
gen_devops_ci_002,sliding_window_10,devops/ci,synthetic,semi,completed_tasks,3,11,2,0.1818,0.6667,0.2857,123,339,2.76,0.0028760005079675466,11
gen_devops_ci_002,sliding_window_10,devops/ci,synthetic,semi,pending_tasks,3,11,1,0.0909,0.3333,0.1429,123,339,2.76,0.0028760005079675466,11
gen_devops_ci_002,sliding_window_10,devops/ci,synthetic,semi,decisions,5,11,1,0.0909,0.2,0.125,123,339,2.76,0.0028760005079675466,11
gen_devops_ci_002,sliding_window_10,devops/ci,synthetic,semi,files,5,11,3,0.1818,0.6,0.2791,123,339,2.76,0.0028760005079675466,11
gen_devops_ci_002,sliding_window_10,devops/ci,synthetic,semi,errors,2,11,0,0.0,0.0,0.0,123,339,2.76,0.0028760005079675466,11
gen_devops_ci_002,naive_truncation,devops/ci,synthetic,semi,completed_tasks,3,28,3,0.1071,1.0,0.1935,306,339,1.11,0.01350699949398404,28
gen_devops_ci_002,naive_truncation,devops/ci,synthetic,semi,pending_tasks,3,28,3,0.1071,1.0,0.1935,306,339,1.11,0.01350699949398404,28
gen_devops_ci_002,naive_truncation,devops/ci,synthetic,semi,decisions,5,28,5,0.1786,1.0,0.303,306,339,1.11,0.01350699949398404,28
gen_devops_ci_002,naive_truncation,devops/ci,synthetic,semi,files,5,28,4,0.1429,0.8,0.2424,306,339,1.11,0.01350699949398404,28
gen_devops_ci_002,naive_truncation,devops/ci,synthetic,semi,errors,2,28,1,0.0357,0.5,0.0667,306,339,1.11,0.01350699949398404,28
gen_devops_ci_002,naive_summary,devops/ci,synthetic,semi,completed_tasks,3,18,1,0.0556,0.3333,0.0952,186,339,1.82,0.028745999770762865,18
gen_devops_ci_002,naive_summary,devops/ci,synthetic,semi,pending_tasks,3,18,2,0.1111,0.6667,0.1905,186,339,1.82,0.028745999770762865,18
gen_devops_ci_002,naive_summary,devops/ci,synthetic,semi,decisions,5,18,3,0.1667,0.6,0.2609,186,339,1.82,0.028745999770762865,18
gen_devops_ci_002,naive_summary,devops/ci,synthetic,semi,files,5,18,3,0.1111,0.6,0.1875,186,339,1.82,0.028745999770762865,18
gen_devops_ci_002,naive_summary,devops/ci,synthetic,semi,errors,2,18,2,0.1111,1.0,0.2,186,339,1.82,0.028745999770762865,18
gen_devops_ci_003,tokenmizer_v0.5.2,devops/ci,synthetic,semi,completed_tasks,5,5,5,1.0,1.0,1.0,160,327,2.04,217.76849600064452,16
gen_devops_ci_003,tokenmizer_v0.5.2,devops/ci,synthetic,semi,pending_tasks,2,2,2,1.0,1.0,1.0,160,327,2.04,217.76849600064452,16
gen_devops_ci_003,tokenmizer_v0.5.2,devops/ci,synthetic,semi,decisions,6,6,6,1.0,1.0,1.0,160,327,2.04,217.76849600064452,16
gen_devops_ci_003,tokenmizer_v0.5.2,devops/ci,synthetic,semi,files,3,3,3,1.0,1.0,1.0,160,327,2.04,217.76849600064452,16
gen_devops_ci_003,graphiti_style,devops/ci,synthetic,semi,completed_tasks,5,4,4,1.0,0.8,0.8889,107,327,3.06,0.8413319992541801,12
gen_devops_ci_003,graphiti_style,devops/ci,synthetic,semi,pending_tasks,2,2,0,0.0,0.0,0.0,107,327,3.06,0.8413319992541801,12
gen_devops_ci_003,graphiti_style,devops/ci,synthetic,semi,decisions,6,4,3,0.75,0.5,0.6,107,327,3.06,0.8413319992541801,12
gen_devops_ci_003,graphiti_style,devops/ci,synthetic,semi,files,3,2,2,1.0,0.6667,0.8,107,327,3.06,0.8413319992541801,12
gen_devops_ci_003,graphrag_style,devops/ci,synthetic,semi,completed_tasks,5,0,0,1.0,0.0,0.0,66,327,4.95,0.7491500000469387,8
gen_devops_ci_003,graphrag_style,devops/ci,synthetic,semi,pending_tasks,2,1,0,0.0,0.0,0.0,66,327,4.95,0.7491500000469387,8
gen_devops_ci_003,graphrag_style,devops/ci,synthetic,semi,decisions,6,4,3,0.75,0.5,0.6,66,327,4.95,0.7491500000469387,8
gen_devops_ci_003,graphrag_style,devops/ci,synthetic,semi,files,3,2,2,1.0,0.6667,0.8,66,327,4.95,0.7491500000469387,8
gen_devops_ci_003,graphrag_style,devops/ci,synthetic,semi,errors,0,1,0,0.0,1.0,0.0,66,327,4.95,0.7491500000469387,8
gen_devops_ci_003,mem0_style,devops/ci,synthetic,semi,completed_tasks,5,4,4,1.0,0.8,0.8889,103,327,3.17,0.9444580000490532,11
gen_devops_ci_003,mem0_style,devops/ci,synthetic,semi,pending_tasks,2,1,0,0.0,0.0,0.0,103,327,3.17,0.9444580000490532,11
gen_devops_ci_003,mem0_style,devops/ci,synthetic,semi,decisions,6,4,3,0.75,0.5,0.6,103,327,3.17,0.9444580000490532,11
gen_devops_ci_003,mem0_style,devops/ci,synthetic,semi,files,3,2,2,1.0,0.6667,0.8,103,327,3.17,0.9444580000490532,11
gen_devops_ci_003,memgpt_style,devops/ci,synthetic,semi,completed_tasks,5,3,3,1.0,0.6,0.75,45,327,7.27,0.26472299941815436,4
gen_devops_ci_003,memgpt_style,devops/ci,synthetic,semi,pending_tasks,2,0,0,1.0,0.0,0.0,45,327,7.27,0.26472299941815436,4
gen_devops_ci_003,memgpt_style,devops/ci,synthetic,semi,decisions,6,0,0,1.0,0.0,0.0,45,327,7.27,0.26472299941815436,4
gen_devops_ci_003,memgpt_style,devops/ci,synthetic,semi,files,3,1,1,1.0,0.3333,0.5,45,327,7.27,0.26472299941815436,4
gen_devops_ci_003,sliding_window_10,devops/ci,synthetic,semi,completed_tasks,5,11,4,0.3636,0.8,0.5,124,327,2.64,0.0028780004868167453,11
gen_devops_ci_003,sliding_window_10,devops/ci,synthetic,semi,pending_tasks,2,11,0,0.0,0.0,0.0,124,327,2.64,0.0028780004868167453,11
gen_devops_ci_003,sliding_window_10,devops/ci,synthetic,semi,decisions,6,11,1,0.0909,0.1667,0.1176,124,327,2.64,0.0028780004868167453,11
gen_devops_ci_003,sliding_window_10,devops/ci,synthetic,semi,files,3,11,1,0.0909,0.3333,0.1429,124,327,2.64,0.0028780004868167453,11
gen_devops_ci_003,sliding_window_10,devops/ci,synthetic,semi,errors,0,11,0,0.0,1.0,0.0,124,327,2.64,0.0028780004868167453,11
gen_devops_ci_003,naive_truncation,devops/ci,synthetic,semi,completed_tasks,5,27,5,0.1852,1.0,0.3125,310,327,1.05,0.01433099987480091,27
gen_devops_ci_003,naive_truncation,devops/ci,synthetic,semi,pending_tasks,2,27,2,0.0741,1.0,0.1379,310,327,1.05,0.01433099987480091,27
gen_devops_ci_003,naive_truncation,devops/ci,synthetic,semi,decisions,6,27,6,0.2222,1.0,0.3636,310,327,1.05,0.01433099987480091,27
gen_devops_ci_003,naive_truncation,devops/ci,synthetic,semi,files,3,27,3,0.1111,1.0,0.2,310,327,1.05,0.01433099987480091,27
gen_devops_ci_003,naive_truncation,devops/ci,synthetic,semi,errors,0,27,0,0.0,1.0,0.0,310,327,1.05,0.01433099987480091,27
gen_devops_ci_003,naive_summary,devops/ci,synthetic,semi,completed_tasks,5,17,0,0.0,0.0,0.0,182,327,1.8,0.0283800000033807,17
gen_devops_ci_003,naive_summary,devops/ci,synthetic,semi,pending_tasks,2,17,1,0.0588,0.5,0.1053,182,327,1.8,0.0283800000033807,17
gen_devops_ci_003,naive_summary,devops/ci,synthetic,semi,decisions,6,17,5,0.2941,0.8333,0.4348,182,327,1.8,0.0283800000033807,17
gen_devops_ci_003,naive_summary,devops/ci,synthetic,semi,files,3,17,2,0.1176,0.6667,0.2,182,327,1.8,0.0283800000033807,17
gen_devops_ci_003,naive_summary,devops/ci,synthetic,semi,errors,0,17,0,0.0,1.0,0.0,182,327,1.8,0.0283800000033807,17
gen_devops_ci_004,tokenmizer_v0.5.2,devops/ci,synthetic,semi,completed_tasks,3,3,3,1.0,1.0,1.0,125,268,2.14,214.33462100048928,13
gen_devops_ci_004,tokenmizer_v0.5.2,devops/ci,synthetic,semi,pending_tasks,2,2,2,1.0,1.0,1.0,125,268,2.14,214.33462100048928,13
gen_devops_ci_004,tokenmizer_v0.5.2,devops/ci,synthetic,semi,decisions,4,4,4,1.0,1.0,1.0,125,268,2.14,214.33462100048928,13
gen_devops_ci_004,tokenmizer_v0.5.2,devops/ci,synthetic,semi,files,3,3,3,1.0,1.0,1.0,125,268,2.14,214.33462100048928,13
gen_devops_ci_004,tokenmizer_v0.5.2,devops/ci,synthetic,semi,errors,2,1,1,1.0,0.5,0.6667,125,268,2.14,214.33462100048928,13
gen_devops_ci_004,graphiti_style,devops/ci,synthetic,semi,completed_tasks,3,2,2,1.0,0.6667,0.8,91,268,2.95,0.7706830001552589,10
gen_devops_ci_004,graphiti_style,devops/ci,synthetic,semi,pending_tasks,2,2,0,0.0,0.0,0.0,91,268,2.95,0.7706830001552589,10
gen_devops_ci_004,graphiti_style,devops/ci,synthetic,semi,decisions,4,3,2,0.6667,0.5,0.5714,91,268,2.95,0.7706830001552589,10
gen_devops_ci_004,graphiti_style,devops/ci,synthetic,semi,files,3,1,1,1.0,0.3333,0.5,91,268,2.95,0.7706830001552589,10
gen_devops_ci_004,graphiti_style,devops/ci,synthetic,semi,errors,2,2,2,1.0,1.0,1.0,91,268,2.95,0.7706830001552589,10
gen_devops_ci_004,graphrag_style,devops/ci,synthetic,semi,completed_tasks,3,0,0,1.0,0.0,0.0,48,268,5.58,0.36864899993815925,7
gen_devops_ci_004,graphrag_style,devops/ci,synthetic,semi,pending_tasks,2,1,0,0.0,0.0,0.0,48,268,5.58,0.36864899993815925,7
gen_devops_ci_004,graphrag_style,devops/ci,synthetic,semi,decisions,4,3,2,0.6667,0.5,0.5714,48,268,5.58,0.36864899993815925,7
gen_devops_ci_004,graphrag_style,devops/ci,synthetic,semi,files,3,1,1,1.0,0.3333,0.5,48,268,5.58,0.36864899993815925,7
gen_devops_ci_004,graphrag_style,devops/ci,synthetic,semi,errors,2,2,0,0.0,0.0,0.0,48,268,5.58,0.36864899993815925,7
gen_devops_ci_004,mem0_style,devops/ci,synthetic,semi,completed_tasks,3,2,2,1.0,0.6667,0.8,87,268,3.08,0.6650909999734722,9
gen_devops_ci_004,mem0_style,devops/ci,synthetic,semi,pending_tasks,2,1,0,0.0,0.0,0.0,87,268,3.08,0.6650909999734722,9
gen_devops_ci_004,mem0_style,devops/ci,synthetic,semi,decisions,4,3,2,0.6667,0.5,0.5714,87,268,3.08,0.6650909999734722,9
gen_devops_ci_004,mem0_style,devops/ci,synthetic,semi,files,3,1,1,1.0,0.3333,0.5,87,268,3.08,0.6650909999734722,9
gen_devops_ci_004,mem0_style,devops/ci,synthetic,semi,errors,2,2,2,1.0,1.0,1.0,87,268,3.08,0.6650909999734722,9
gen_devops_ci_004,memgpt_style,devops/ci,synthetic,semi,completed_tasks,3,1,1,1.0,0.3333,0.5,47,268,5.7,0.27488199975778116,4
gen_devops_ci_004,memgpt_style,devops/ci,synthetic,semi,pending_tasks,2,0,0,1.0,0.0,0.0,47,268,5.7,0.27488199975778116,4
gen_devops_ci_004,memgpt_style,devops/ci,synthetic,semi,decisions,4,1,1,1.0,0.25,0.4,47,268,5.7,0.27488199975778116,4
gen_devops_ci_004,memgpt_style,devops/ci,synthetic,semi,files,3,1,1,1.0,0.3333,0.5,47,268,5.7,0.27488199975778116,4
gen_devops_ci_004,memgpt_style,devops/ci,synthetic,semi,errors,2,1,1,1.0,0.5,0.6667,47,268,5.7,0.27488199975778116,4
gen_devops_ci_004,sliding_window_10,devops/ci,synthetic,semi,completed_tasks,3,11,1,0.0909,0.3333,0.1429,111,268,2.41,0.0026080006136908196,11
gen_devops_ci_004,sliding_window_10,devops/ci,synthetic,semi,pending_tasks,2,11,0,0.0,0.0,0.0,111,268,2.41,0.0026080006136908196,11
gen_devops_ci_004,sliding_window_10,devops/ci,synthetic,semi,decisions,4,11,2,0.1818,0.5,0.2667,111,268,2.41,0.0026080006136908196,11
gen_devops_ci_004,sliding_window_10,devops/ci,synthetic,semi,files,3,11,2,0.1818,0.6667,0.2857,111,268,2.41,0.0026080006136908196,11
gen_devops_ci_004,sliding_window_10,devops/ci,synthetic,semi,errors,2,11,1,0.0909,0.5,0.1538,111,268,2.41,0.0026080006136908196,11
gen_devops_ci_004,naive_truncation,devops/ci,synthetic,semi,completed_tasks,3,27,3,0.1111,1.0,0.2,283,268,0.95,0.011488999916764442,27
gen_devops_ci_004,naive_truncation,devops/ci,synthetic,semi,pending_tasks,2,27,2,0.0741,1.0,0.1379,283,268,0.95,0.011488999916764442,27
gen_devops_ci_004,naive_truncation,devops/ci,synthetic,semi,decisions,4,27,4,0.1481,1.0,0.2581,283,268,0.95,0.011488999916764442,27
gen_devops_ci_004,naive_truncation,devops/ci,synthetic,semi,files,3,27,3,0.1111,1.0,0.2,283,268,0.95,0.011488999916764442,27
gen_devops_ci_004,naive_truncation,devops/ci,synthetic,semi,errors,2,27,2,0.0741,1.0,0.1379,283,268,0.95,0.011488999916764442,27
gen_devops_ci_004,naive_summary,devops/ci,synthetic,semi,completed_tasks,3,17,2,0.1176,0.6667,0.2,176,268,1.52,0.043305999497533776,17
gen_devops_ci_004,naive_summary,devops/ci,synthetic,semi,pending_tasks,2,17,2,0.1176,1.0,0.2105,176,268,1.52,0.043305999497533776,17
gen_devops_ci_004,naive_summary,devops/ci,synthetic,semi,decisions,4,17,2,0.1176,0.5,0.1905,176,268,1.52,0.043305999497533776,17
gen_devops_ci_004,naive_summary,devops/ci,synthetic,semi,files,3,17,1,0.0588,0.3333,0.1,176,268,1.52,0.043305999497533776,17
gen_devops_ci_004,naive_summary,devops/ci,synthetic,semi,errors,2,17,1,0.0588,0.5,0.1053,176,268,1.52,0.043305999497533776,17
gen_devops_ci_005,tokenmizer_v0.5.2,devops/ci,synthetic,semi,completed_tasks,7,7,7,1.0,1.0,1.0,178,362,2.03,220.54352299983293,18
gen_devops_ci_005,tokenmizer_v0.5.2,devops/ci,synthetic,semi,pending_tasks,3,3,3,1.0,1.0,1.0,178,362,2.03,220.54352299983293,18
gen_devops_ci_005,tokenmizer_v0.5.2,devops/ci,synthetic,semi,decisions,2,2,2,1.0,1.0,1.0,178,362,2.03,220.54352299983293,18
gen_devops_ci_005,tokenmizer_v0.5.2,devops/ci,synthetic,semi,files,3,3,3,1.0,1.0,1.0,178,362,2.03,220.54352299983293,18
gen_devops_ci_005,tokenmizer_v0.5.2,devops/ci,synthetic,semi,errors,3,3,3,1.0,1.0,1.0,178,362,2.03,220.54352299983293,18
gen_devops_ci_005,graphiti_style,devops/ci,synthetic,semi,completed_tasks,7,5,5,1.0,0.7143,0.8333,163,362,2.22,0.9861849994194927,16
gen_devops_ci_005,graphiti_style,devops/ci,synthetic,semi,pending_tasks,3,4,1,0.25,0.3333,0.2857,163,362,2.22,0.9861849994194927,16
gen_devops_ci_005,graphiti_style,devops/ci,synthetic,semi,decisions,2,3,2,0.6667,1.0,0.8,163,362,2.22,0.9861849994194927,16
gen_devops_ci_005,graphiti_style,devops/ci,synthetic,semi,files,3,1,1,1.0,0.3333,0.5,163,362,2.22,0.9861849994194927,16
gen_devops_ci_005,graphiti_style,devops/ci,synthetic,semi,errors,3,3,3,1.0,1.0,1.0,163,362,2.22,0.9861849994194927,16
gen_devops_ci_005,graphrag_style,devops/ci,synthetic,semi,completed_tasks,7,0,0,1.0,0.0,0.0,64,362,5.66,0.5176380000193603,8
gen_devops_ci_005,graphrag_style,devops/ci,synthetic,semi,pending_tasks,3,2,0,0.0,0.0,0.0,64,362,5.66,0.5176380000193603,8
gen_devops_ci_005,graphrag_style,devops/ci,synthetic,semi,decisions,2,2,2,1.0,1.0,1.0,64,362,5.66,0.5176380000193603,8
gen_devops_ci_005,graphrag_style,devops/ci,synthetic,semi,files,3,1,1,1.0,0.3333,0.5,64,362,5.66,0.5176380000193603,8
gen_devops_ci_005,graphrag_style,devops/ci,synthetic,semi,errors,3,3,2,0.6667,0.6667,0.6667,64,362,5.66,0.5176380000193603,8
gen_devops_ci_005,mem0_style,devops/ci,synthetic,semi,completed_tasks,7,5,5,1.0,0.7143,0.8333,159,362,2.28,1.122094999118417,15
gen_devops_ci_005,mem0_style,devops/ci,synthetic,semi,pending_tasks,3,3,1,0.3333,0.3333,0.3333,159,362,2.28,1.122094999118417,15
gen_devops_ci_005,mem0_style,devops/ci,synthetic,semi,decisions,2,3,2,0.6667,1.0,0.8,159,362,2.28,1.122094999118417,15
gen_devops_ci_005,mem0_style,devops/ci,synthetic,semi,files,3,1,1,1.0,0.3333,0.5,159,362,2.28,1.122094999118417,15
gen_devops_ci_005,mem0_style,devops/ci,synthetic,semi,errors,3,3,3,1.0,1.0,1.0,159,362,2.28,1.122094999118417,15
gen_devops_ci_005,memgpt_style,devops/ci,synthetic,semi,completed_tasks,7,3,3,1.0,0.4286,0.6,71,362,5.1,0.5595210004685214,5
gen_devops_ci_005,memgpt_style,devops/ci,synthetic,semi,pending_tasks,3,1,1,1.0,0.3333,0.5,71,362,5.1,0.5595210004685214,5
gen_devops_ci_005,memgpt_style,devops/ci,synthetic,semi,decisions,2,0,0,1.0,0.0,0.0,71,362,5.1,0.5595210004685214,5
gen_devops_ci_005,memgpt_style,devops/ci,synthetic,semi,files,3,0,0,1.0,0.0,0.0,71,362,5.1,0.5595210004685214,5
gen_devops_ci_005,memgpt_style,devops/ci,synthetic,semi,errors,3,1,1,1.0,0.3333,0.5,71,362,5.1,0.5595210004685214,5
gen_devops_ci_005,sliding_window_10,devops/ci,synthetic,semi,completed_tasks,7,10,3,0.3,0.4286,0.3529,98,362,3.69,0.0065349995566066355,10
gen_devops_ci_005,sliding_window_10,devops/ci,synthetic,semi,pending_tasks,3,10,0,0.0,0.0,0.0,98,362,3.69,0.0065349995566066355,10
gen_devops_ci_005,sliding_window_10,devops/ci,synthetic,semi,decisions,2,10,0,0.0,0.0,0.0,98,362,3.69,0.0065349995566066355,10
gen_devops_ci_005,sliding_window_10,devops/ci,synthetic,semi,files,3,10,1,0.1,0.3333,0.1538,98,362,3.69,0.0065349995566066355,10
gen_devops_ci_005,sliding_window_10,devops/ci,synthetic,semi,errors,3,10,1,0.1,0.3333,0.1538,98,362,3.69,0.0065349995566066355,10
gen_devops_ci_005,naive_truncation,devops/ci,synthetic,semi,completed_tasks,7,29,7,0.2414,1.0,0.3889,310,362,1.17,0.025329999516543467,29
gen_devops_ci_005,naive_truncation,devops/ci,synthetic,semi,pending_tasks,3,29,3,0.1034,1.0,0.1875,310,362,1.17,0.025329999516543467,29
gen_devops_ci_005,naive_truncation,devops/ci,synthetic,semi,decisions,2,29,1,0.0345,0.5,0.0645,310,362,1.17,0.025329999516543467,29
gen_devops_ci_005,naive_truncation,devops/ci,synthetic,semi,files,3,29,3,0.1034,1.0,0.1875,310,362,1.17,0.025329999516543467,29
gen_devops_ci_005,naive_truncation,devops/ci,synthetic,semi,errors,3,29,2,0.069,0.6667,0.125,310,362,1.17,0.025329999516543467,29
gen_devops_ci_005,naive_summary,devops/ci,synthetic,semi,completed_tasks,7,15,1,0.0667,0.1429,0.0909,172,362,2.1,0.05680000049324008,15
gen_devops_ci_005,naive_summary,devops/ci,synthetic,semi,pending_tasks,3,15,1,0.0667,0.3333,0.1111,172,362,2.1,0.05680000049324008,15
gen_devops_ci_005,naive_summary,devops/ci,synthetic,semi,decisions,2,15,2,0.1333,1.0,0.2353,172,362,2.1,0.05680000049324008,15
gen_devops_ci_005,naive_summary,devops/ci,synthetic,semi,files,3,15,0,0.0,0.0,0.0,172,362,2.1,0.05680000049324008,15
gen_devops_ci_005,naive_summary,devops/ci,synthetic,semi,errors,3,15,2,0.1333,0.6667,0.2222,172,362,2.1,0.05680000049324008,15
gen_devops_kubernetes_001,tokenmizer_v0.5.2,devops/kubernetes,synthetic,implicit,completed_tasks,7,5,5,1.0,0.7143,0.8333,132,514,3.89,234.59996899964608,12
gen_devops_kubernetes_001,tokenmizer_v0.5.2,devops/kubernetes,synthetic,implicit,pending_tasks,4,2,2,1.0,0.5,0.6667,132,514,3.89,234.59996899964608,12
gen_devops_kubernetes_001,tokenmizer_v0.5.2,devops/kubernetes,synthetic,implicit,decisions,2,2,2,1.0,1.0,1.0,132,514,3.89,234.59996899964608,12
gen_devops_kubernetes_001,tokenmizer_v0.5.2,devops/kubernetes,synthetic,implicit,files,2,2,2,1.0,1.0,1.0,132,514,3.89,234.59996899964608,12
gen_devops_kubernetes_001,tokenmizer_v0.5.2,devops/kubernetes,synthetic,implicit,errors,2,1,1,1.0,0.5,0.6667,132,514,3.89,234.59996899964608,12
gen_devops_kubernetes_001,graphiti_style,devops/kubernetes,synthetic,implicit,completed_tasks,7,0,0,1.0,0.0,0.0,20,514,25.7,1.3908440005252487,3
gen_devops_kubernetes_001,graphiti_style,devops/kubernetes,synthetic,implicit,pending_tasks,4,1,0,0.0,0.0,0.0,20,514,25.7,1.3908440005252487,3
gen_devops_kubernetes_001,graphiti_style,devops/kubernetes,synthetic,implicit,decisions,2,0,0,1.0,0.0,0.0,20,514,25.7,1.3908440005252487,3
gen_devops_kubernetes_001,graphiti_style,devops/kubernetes,synthetic,implicit,files,2,2,2,1.0,1.0,1.0,20,514,25.7,1.3908440005252487,3
gen_devops_kubernetes_001,graphiti_style,devops/kubernetes,synthetic,implicit,errors,2,0,0,1.0,0.0,0.0,20,514,25.7,1.3908440005252487,3
gen_devops_kubernetes_001,graphrag_style,devops/kubernetes,synthetic,implicit,completed_tasks,7,0,0,1.0,0.0,0.0,47,514,10.94,0.6573860000571585,5
gen_devops_kubernetes_001,graphrag_style,devops/kubernetes,synthetic,implicit,pending_tasks,4,1,0,0.0,0.0,0.0,47,514,10.94,0.6573860000571585,5
gen_devops_kubernetes_001,graphrag_style,devops/kubernetes,synthetic,implicit,decisions,2,0,0,1.0,0.0,0.0,47,514,10.94,0.6573860000571585,5
gen_devops_kubernetes_001,graphrag_style,devops/kubernetes,synthetic,implicit,files,2,2,2,1.0,1.0,1.0,47,514,10.94,0.6573860000571585,5
gen_devops_kubernetes_001,graphrag_style,devops/kubernetes,synthetic,implicit,errors,2,2,0,0.0,0.0,0.0,47,514,10.94,0.6573860000571585,5
gen_devops_kubernetes_001,mem0_style,devops/kubernetes,synthetic,implicit,completed_tasks,7,0,0,1.0,0.0,0.0,19,514,27.05,1.2395190005918266,3
gen_devops_kubernetes_001,mem0_style,devops/kubernetes,synthetic,implicit,pending_tasks,4,1,0,0.0,0.0,0.0,19,514,27.05,1.2395190005918266,3
gen_devops_kubernetes_001,mem0_style,devops/kubernetes,synthetic,implicit,decisions,2,0,0,1.0,0.0,0.0,19,514,27.05,1.2395190005918266,3
gen_devops_kubernetes_001,mem0_style,devops/kubernetes,synthetic,implicit,files,2,2,2,1.0,1.0,1.0,19,514,27.05,1.2395190005918266,3
gen_devops_kubernetes_001,mem0_style,devops/kubernetes,synthetic,implicit,errors,2,0,0,1.0,0.0,0.0,19,514,27.05,1.2395190005918266,3
gen_devops_kubernetes_001,memgpt_style,devops/kubernetes,synthetic,implicit,completed_tasks,7,0,0,1.0,0.0,0.0,14,514,36.71,0.5319319998307037,2
gen_devops_kubernetes_001,memgpt_style,devops/kubernetes,synthetic,implicit,pending_tasks,4,1,0,0.0,0.0,0.0,14,514,36.71,0.5319319998307037,2
gen_devops_kubernetes_001,memgpt_style,devops/kubernetes,synthetic,implicit,decisions,2,0,0,1.0,0.0,0.0,14,514,36.71,0.5319319998307037,2
gen_devops_kubernetes_001,memgpt_style,devops/kubernetes,synthetic,implicit,files,2,1,1,1.0,0.5,0.6667,14,514,36.71,0.5319319998307037,2
gen_devops_kubernetes_001,memgpt_style,devops/kubernetes,synthetic,implicit,errors,2,0,0,1.0,0.0,0.0,14,514,36.71,0.5319319998307037,2
gen_devops_kubernetes_001,sliding_window_10,devops/kubernetes,synthetic,implicit,completed_tasks,7,12,2,0.1667,0.2857,0.2105,199,514,2.58,0.003662999915832188,12
gen_devops_kubernetes_001,sliding_window_10,devops/kubernetes,synthetic,implicit,pending_tasks,4,12,3,0.25,0.75,0.375,199,514,2.58,0.003662999915832188,12
gen_devops_kubernetes_001,sliding_window_10,devops/kubernetes,synthetic,implicit,decisions,2,12,0,0.0,0.0,0.0,199,514,2.58,0.003662999915832188,12
gen_devops_kubernetes_001,sliding_window_10,devops/kubernetes,synthetic,implicit,files,2,12,1,0.0833,0.5,0.1429,199,514,2.58,0.003662999915832188,12
gen_devops_kubernetes_001,sliding_window_10,devops/kubernetes,synthetic,implicit,errors,2,12,1,0.0833,0.5,0.1429,199,514,2.58,0.003662999915832188,12
gen_devops_kubernetes_001,naive_truncation,devops/kubernetes,synthetic,implicit,completed_tasks,7,17,2,0.1176,0.2857,0.1667,285,514,1.8,0.01281000004382804,17
gen_devops_kubernetes_001,naive_truncation,devops/kubernetes,synthetic,implicit,pending_tasks,4,17,4,0.2353,1.0,0.381,285,514,1.8,0.01281000004382804,17
gen_devops_kubernetes_001,naive_truncation,devops/kubernetes,synthetic,implicit,decisions,2,17,1,0.0588,0.5,0.1053,285,514,1.8,0.01281000004382804,17
gen_devops_kubernetes_001,naive_truncation,devops/kubernetes,synthetic,implicit,files,2,17,2,0.1176,1.0,0.2105,285,514,1.8,0.01281000004382804,17
gen_devops_kubernetes_001,naive_truncation,devops/kubernetes,synthetic,implicit,errors,2,17,1,0.0588,0.5,0.1053,285,514,1.8,0.01281000004382804,17
gen_devops_kubernetes_001,naive_summary,devops/kubernetes,synthetic,implicit,completed_tasks,7,11,3,0.2727,0.4286,0.3333,178,514,2.89,0.05471799977385672,11
gen_devops_kubernetes_001,naive_summary,devops/kubernetes,synthetic,implicit,pending_tasks,4,11,0,0.0,0.0,0.0,178,514,2.89,0.05471799977385672,11
gen_devops_kubernetes_001,naive_summary,devops/kubernetes,synthetic,implicit,decisions,2,11,0,0.0,0.0,0.0,178,514,2.89,0.05471799977385672,11
gen_devops_kubernetes_001,naive_summary,devops/kubernetes,synthetic,implicit,files,2,11,0,0.0,0.0,0.0,178,514,2.89,0.05471799977385672,11
gen_devops_kubernetes_001,naive_summary,devops/kubernetes,synthetic,implicit,errors,2,11,1,0.0909,0.5,0.1538,178,514,2.89,0.05471799977385672,11
gen_devops_kubernetes_002,tokenmizer_v0.5.2,devops/kubernetes,synthetic,implicit,completed_tasks,6,4,4,1.0,0.6667,0.8,150,435,2.9,229.35449100077676,15
gen_devops_kubernetes_002,tokenmizer_v0.5.2,devops/kubernetes,synthetic,implicit,pending_tasks,1,1,1,1.0,1.0,1.0,150,435,2.9,229.35449100077676,15
gen_devops_kubernetes_002,tokenmizer_v0.5.2,devops/kubernetes,synthetic,implicit,decisions,3,4,3,0.75,1.0,0.8571,150,435,2.9,229.35449100077676,15
gen_devops_kubernetes_002,tokenmizer_v0.5.2,devops/kubernetes,synthetic,implicit,files,3,3,3,1.0,1.0,1.0,150,435,2.9,229.35449100077676,15
gen_devops_kubernetes_002,tokenmizer_v0.5.2,devops/kubernetes,synthetic,implicit,errors,3,3,3,1.0,1.0,1.0,150,435,2.9,229.35449100077676,15
gen_devops_kubernetes_002,graphiti_style,devops/kubernetes,synthetic,implicit,completed_tasks,6,0,0,1.0,0.0,0.0,32,435,13.59,1.1392400001568603,6
gen_devops_kubernetes_002,graphiti_style,devops/kubernetes,synthetic,implicit,pending_tasks,1,2,0,0.0,0.0,0.0,32,435,13.59,1.1392400001568603,6
gen_devops_kubernetes_002,graphiti_style,devops/kubernetes,synthetic,implicit,decisions,3,1,0,0.0,0.0,0.0,32,435,13.59,1.1392400001568603,6
gen_devops_kubernetes_002,graphiti_style,devops/kubernetes,synthetic,implicit,files,3,3,3,1.0,1.0,1.0,32,435,13.59,1.1392400001568603,6
gen_devops_kubernetes_002,graphiti_style,devops/kubernetes,synthetic,implicit,errors,3,0,0,1.0,0.0,0.0,32,435,13.59,1.1392400001568603,6
gen_devops_kubernetes_002,graphrag_style,devops/kubernetes,synthetic,implicit,completed_tasks,6,0,0,1.0,0.0,0.0,41,435,10.61,0.5527439998331829,6
gen_devops_kubernetes_002,graphrag_style,devops/kubernetes,synthetic,implicit,pending_tasks,1,2,0,0.0,0.0,0.0,41,435,10.61,0.5527439998331829,6
gen_devops_kubernetes_002,graphrag_style,devops/kubernetes,synthetic,implicit,decisions,3,0,0,1.0,0.0,0.0,41,435,10.61,0.5527439998331829,6
gen_devops_kubernetes_002,graphrag_style,devops/kubernetes,synthetic,implicit,files,3,3,3,1.0,1.0,1.0,41,435,10.61,0.5527439998331829,6
gen_devops_kubernetes_002,graphrag_style,devops/kubernetes,synthetic,implicit,errors,3,1,0,0.0,0.0,0.0,41,435,10.61,0.5527439998331829,6
gen_devops_kubernetes_002,mem0_style,devops/kubernetes,synthetic,implicit,completed_tasks,6,0,0,1.0,0.0,0.0,31,435,14.03,1.1758020000343095,6
gen_devops_kubernetes_002,mem0_style,devops/kubernetes,synthetic,implicit,pending_tasks,1,2,0,0.0,0.0,0.0,31,435,14.03,1.1758020000343095,6
gen_devops_kubernetes_002,mem0_style,devops/kubernetes,synthetic,implicit,decisions,3,1,0,0.0,0.0,0.0,31,435,14.03,1.1758020000343095,6
gen_devops_kubernetes_002,mem0_style,devops/kubernetes,synthetic,implicit,files,3,3,3,1.0,1.0,1.0,31,435,14.03,1.1758020000343095,6
gen_devops_kubernetes_002,mem0_style,devops/kubernetes,synthetic,implicit,errors,3,0,0,1.0,0.0,0.0,31,435,14.03,1.1758020000343095,6
gen_devops_kubernetes_002,memgpt_style,devops/kubernetes,synthetic,implicit,completed_tasks,6,0,0,1.0,0.0,0.0,19,435,22.89,0.5300379998516291,3
gen_devops_kubernetes_002,memgpt_style,devops/kubernetes,synthetic,implicit,pending_tasks,1,1,0,0.0,0.0,0.0,19,435,22.89,0.5300379998516291,3
gen_devops_kubernetes_002,memgpt_style,devops/kubernetes,synthetic,implicit,decisions,3,1,0,0.0,0.0,0.0,19,435,22.89,0.5300379998516291,3
gen_devops_kubernetes_002,memgpt_style,devops/kubernetes,synthetic,implicit,files,3,1,1,1.0,0.3333,0.5,19,435,22.89,0.5300379998516291,3
gen_devops_kubernetes_002,memgpt_style,devops/kubernetes,synthetic,implicit,errors,3,0,0,1.0,0.0,0.0,19,435,22.89,0.5300379998516291,3
gen_devops_kubernetes_002,sliding_window_10,devops/kubernetes,synthetic,implicit,completed_tasks,6,12,2,0.1667,0.3333,0.2222,192,435,2.27,0.003314000423415564,12
gen_devops_kubernetes_002,sliding_window_10,devops/kubernetes,synthetic,implicit,pending_tasks,1,12,0,0.0,0.0,0.0,192,435,2.27,0.003314000423415564,12
gen_devops_kubernetes_002,sliding_window_10,devops/kubernetes,synthetic,implicit,decisions,3,12,3,0.25,1.0,0.4,192,435,2.27,0.003314000423415564,12
gen_devops_kubernetes_002,sliding_window_10,devops/kubernetes,synthetic,implicit,files,3,12,1,0.0833,0.3333,0.1333,192,435,2.27,0.003314000423415564,12
gen_devops_kubernetes_002,sliding_window_10,devops/kubernetes,synthetic,implicit,errors,3,12,1,0.0833,0.3333,0.1333,192,435,2.27,0.003314000423415564,12
gen_devops_kubernetes_002,naive_truncation,devops/kubernetes,synthetic,implicit,completed_tasks,6,19,5,0.2632,0.8333,0.4,304,435,1.43,0.011998999980278313,19
gen_devops_kubernetes_002,naive_truncation,devops/kubernetes,synthetic,implicit,pending_tasks,1,19,0,0.0,0.0,0.0,304,435,1.43,0.011998999980278313,19
gen_devops_kubernetes_002,naive_truncation,devops/kubernetes,synthetic,implicit,decisions,3,19,3,0.1579,1.0,0.2727,304,435,1.43,0.011998999980278313,19
gen_devops_kubernetes_002,naive_truncation,devops/kubernetes,synthetic,implicit,files,3,19,1,0.0526,0.3333,0.0909,304,435,1.43,0.011998999980278313,19
gen_devops_kubernetes_002,naive_truncation,devops/kubernetes,synthetic,implicit,errors,3,19,2,0.1053,0.6667,0.1818,304,435,1.43,0.011998999980278313,19
gen_devops_kubernetes_002,naive_summary,devops/kubernetes,synthetic,implicit,completed_tasks,6,13,2,0.1538,0.3333,0.2105,178,435,2.44,0.04237199937051628,13
gen_devops_kubernetes_002,naive_summary,devops/kubernetes,synthetic,implicit,pending_tasks,1,13,1,0.0769,1.0,0.1429,178,435,2.44,0.04237199937051628,13
gen_devops_kubernetes_002,naive_summary,devops/kubernetes,synthetic,implicit,decisions,3,13,0,0.0,0.0,0.0,178,435,2.44,0.04237199937051628,13
gen_devops_kubernetes_002,naive_summary,devops/kubernetes,synthetic,implicit,files,3,13,2,0.1538,0.6667,0.25,178,435,2.44,0.04237199937051628,13
gen_devops_kubernetes_002,naive_summary,devops/kubernetes,synthetic,implicit,errors,3,13,1,0.0769,0.3333,0.125,178,435,2.44,0.04237199937051628,13
gen_devops_kubernetes_003,tokenmizer_v0.5.2,devops/kubernetes,synthetic,implicit,completed_tasks,3,1,1,1.0,0.3333,0.5,79,312,3.95,215.26674300002924,8
gen_devops_kubernetes_003,tokenmizer_v0.5.2,devops/kubernetes,synthetic,implicit,pending_tasks,1,1,1,1.0,1.0,1.0,79,312,3.95,215.26674300002924,8
gen_devops_kubernetes_003,tokenmizer_v0.5.2,devops/kubernetes,synthetic,implicit,decisions,4,4,4,1.0,1.0,1.0,79,312,3.95,215.26674300002924,8
gen_devops_kubernetes_003,tokenmizer_v0.5.2,devops/kubernetes,synthetic,implicit,files,2,2,2,1.0,1.0,1.0,79,312,3.95,215.26674300002924,8
gen_devops_kubernetes_003,tokenmizer_v0.5.2,devops/kubernetes,synthetic,implicit,errors,1,0,0,1.0,0.0,0.0,79,312,3.95,215.26674300002924,8
gen_devops_kubernetes_003,graphiti_style,devops/kubernetes,synthetic,implicit,completed_tasks,3,0,0,1.0,0.0,0.0,24,312,13.0,0.8525210005245754,3
gen_devops_kubernetes_003,graphiti_style,devops/kubernetes,synthetic,implicit,pending_tasks,1,0,0,1.0,0.0,0.0,24,312,13.0,0.8525210005245754,3
gen_devops_kubernetes_003,graphiti_style,devops/kubernetes,synthetic,implicit,decisions,4,1,0,0.0,0.0,0.0,24,312,13.0,0.8525210005245754,3
gen_devops_kubernetes_003,graphiti_style,devops/kubernetes,synthetic,implicit,files,2,2,2,1.0,1.0,1.0,24,312,13.0,0.8525210005245754,3
gen_devops_kubernetes_003,graphiti_style,devops/kubernetes,synthetic,implicit,errors,1,0,0,1.0,0.0,0.0,24,312,13.0,0.8525210005245754,3
gen_devops_kubernetes_003,graphrag_style,devops/kubernetes,synthetic,implicit,completed_tasks,3,0,0,1.0,0.0,0.0,38,312,8.21,0.3843320000669337,4
gen_devops_kubernetes_003,graphrag_style,devops/kubernetes,synthetic,implicit,pending_tasks,1,0,0,1.0,0.0,0.0,38,312,8.21,0.3843320000669337,4
gen_devops_kubernetes_003,graphrag_style,devops/kubernetes,synthetic,implicit,decisions,4,1,0,0.0,0.0,0.0,38,312,8.21,0.3843320000669337,4
gen_devops_kubernetes_003,graphrag_style,devops/kubernetes,synthetic,implicit,files,2,2,2,1.0,1.0,1.0,38,312,8.21,0.3843320000669337,4
gen_devops_kubernetes_003,graphrag_style,devops/kubernetes,synthetic,implicit,errors,1,1,0,0.0,0.0,0.0,38,312,8.21,0.3843320000669337,4
gen_devops_kubernetes_003,mem0_style,devops/kubernetes,synthetic,implicit,completed_tasks,3,0,0,1.0,0.0,0.0,23,312,13.57,0.7614699998157448,3
gen_devops_kubernetes_003,mem0_style,devops/kubernetes,synthetic,implicit,pending_tasks,1,0,0,1.0,0.0,0.0,23,312,13.57,0.7614699998157448,3
gen_devops_kubernetes_003,mem0_style,devops/kubernetes,synthetic,implicit,decisions,4,1,0,0.0,0.0,0.0,23,312,13.57,0.7614699998157448,3
gen_devops_kubernetes_003,mem0_style,devops/kubernetes,synthetic,implicit,files,2,2,2,1.0,1.0,1.0,23,312,13.57,0.7614699998157448,3
gen_devops_kubernetes_003,mem0_style,devops/kubernetes,synthetic,implicit,errors,1,0,0,1.0,0.0,0.0,23,312,13.57,0.7614699998157448,3
gen_devops_kubernetes_003,memgpt_style,devops/kubernetes,synthetic,implicit,completed_tasks,3,0,0,1.0,0.0,0.0,7,312,44.57,0.25590499990357785,1
gen_devops_kubernetes_003,memgpt_style,devops/kubernetes,synthetic,implicit,pending_tasks,1,0,0,1.0,0.0,0.0,7,312,44.57,0.25590499990357785,1
gen_devops_kubernetes_003,memgpt_style,devops/kubernetes,synthetic,implicit,decisions,4,1,0,0.0,0.0,0.0,7,312,44.57,0.25590499990357785,1
gen_devops_kubernetes_003,memgpt_style,devops/kubernetes,synthetic,implicit,files,2,0,0,1.0,0.0,0.0,7,312,44.57,0.25590499990357785,1
gen_devops_kubernetes_003,memgpt_style,devops/kubernetes,synthetic,implicit,errors,1,0,0,1.0,0.0,0.0,7,312,44.57,0.25590499990357785,1
gen_devops_kubernetes_003,sliding_window_10,devops/kubernetes,synthetic,implicit,completed_tasks,3,11,2,0.1818,0.6667,0.2857,167,312,1.87,0.0026890002118307166,11
gen_devops_kubernetes_003,sliding_window_10,devops/kubernetes,synthetic,implicit,pending_tasks,1,11,0,0.0,0.0,0.0,167,312,1.87,0.0026890002118307166,11
gen_devops_kubernetes_003,sliding_window_10,devops/kubernetes,synthetic,implicit,decisions,4,11,3,0.2727,0.75,0.4,167,312,1.87,0.0026890002118307166,11
gen_devops_kubernetes_003,sliding_window_10,devops/kubernetes,synthetic,implicit,files,2,11,1,0.0909,0.5,0.1538,167,312,1.87,0.0026890002118307166,11
gen_devops_kubernetes_003,sliding_window_10,devops/kubernetes,synthetic,implicit,errors,1,11,0,0.0,0.0,0.0,167,312,1.87,0.0026890002118307166,11
gen_devops_kubernetes_003,naive_truncation,devops/kubernetes,synthetic,implicit,completed_tasks,3,19,3,0.1579,1.0,0.2727,301,312,1.04,0.010394000128144398,19
gen_devops_kubernetes_003,naive_truncation,devops/kubernetes,synthetic,implicit,pending_tasks,1,19,1,0.0526,1.0,0.1,301,312,1.04,0.010394000128144398,19
gen_devops_kubernetes_003,naive_truncation,devops/kubernetes,synthetic,implicit,decisions,4,19,4,0.2105,1.0,0.3478,301,312,1.04,0.010394000128144398,19
gen_devops_kubernetes_003,naive_truncation,devops/kubernetes,synthetic,implicit,files,2,19,2,0.1053,1.0,0.1905,301,312,1.04,0.010394000128144398,19
gen_devops_kubernetes_003,naive_truncation,devops/kubernetes,synthetic,implicit,errors,1,19,1,0.0526,1.0,0.1,301,312,1.04,0.010394000128144398,19
gen_devops_kubernetes_003,naive_summary,devops/kubernetes,synthetic,implicit,completed_tasks,3,12,2,0.1667,0.6667,0.2667,182,312,1.71,0.03258000015193829,12
gen_devops_kubernetes_003,naive_summary,devops/kubernetes,synthetic,implicit,pending_tasks,1,12,1,0.0833,1.0,0.1538,182,312,1.71,0.03258000015193829,12
gen_devops_kubernetes_003,naive_summary,devops/kubernetes,synthetic,implicit,decisions,4,12,1,0.0833,0.25,0.125,182,312,1.71,0.03258000015193829,12
gen_devops_kubernetes_003,naive_summary,devops/kubernetes,synthetic,implicit,files,2,12,2,0.0833,1.0,0.1538,182,312,1.71,0.03258000015193829,12
gen_devops_kubernetes_003,naive_summary,devops/kubernetes,synthetic,implicit,errors,1,12,1,0.0833,1.0,0.1538,182,312,1.71,0.03258000015193829,12
gen_devops_kubernetes_004,tokenmizer_v0.5.2,devops/kubernetes,synthetic,implicit,completed_tasks,7,3,3,1.0,0.4286,0.6,118,590,5.0,223.692516000483,14
gen_devops_kubernetes_004,tokenmizer_v0.5.2,devops/kubernetes,synthetic,implicit,pending_tasks,4,3,3,1.0,0.75,0.8571,118,590,5.0,223.692516000483,14
gen_devops_kubernetes_004,tokenmizer_v0.5.2,devops/kubernetes,synthetic,implicit,decisions,3,1,1,1.0,0.3333,0.5,118,590,5.0,223.692516000483,14
gen_devops_kubernetes_004,tokenmizer_v0.5.2,devops/kubernetes,synthetic,implicit,files,6,6,6,1.0,1.0,1.0,118,590,5.0,223.692516000483,14
gen_devops_kubernetes_004,tokenmizer_v0.5.2,devops/kubernetes,synthetic,implicit,errors,2,1,0,0.0,0.0,0.0,118,590,5.0,223.692516000483,14
gen_devops_kubernetes_004,graphiti_style,devops/kubernetes,synthetic,implicit,completed_tasks,7,0,0,1.0,0.0,0.0,41,590,14.39,1.595503999851644,8
gen_devops_kubernetes_004,graphiti_style,devops/kubernetes,synthetic,implicit,pending_tasks,4,2,0,0.0,0.0,0.0,41,590,14.39,1.595503999851644,8
gen_devops_kubernetes_004,graphiti_style,devops/kubernetes,synthetic,implicit,decisions,3,1,0,0.0,0.0,0.0,41,590,14.39,1.595503999851644,8
gen_devops_kubernetes_004,graphiti_style,devops/kubernetes,synthetic,implicit,files,6,5,5,1.0,0.8333,0.9091,41,590,14.39,1.595503999851644,8
gen_devops_kubernetes_004,graphiti_style,devops/kubernetes,synthetic,implicit,errors,2,0,0,1.0,0.0,0.0,41,590,14.39,1.595503999851644,8
gen_devops_kubernetes_004,graphrag_style,devops/kubernetes,synthetic,implicit,completed_tasks,7,0,0,1.0,0.0,0.0,55,590,10.73,0.7705859998168307,9
gen_devops_kubernetes_004,graphrag_style,devops/kubernetes,synthetic,implicit,pending_tasks,4,2,0,0.0,0.0,0.0,55,590,10.73,0.7705859998168307,9
gen_devops_kubernetes_004,graphrag_style,devops/kubernetes,synthetic,implicit,decisions,3,1,0,0.0,0.0,0.0,55,590,10.73,0.7705859998168307,9
gen_devops_kubernetes_004,graphrag_style,devops/kubernetes,synthetic,implicit,files,6,5,5,1.0,0.8333,0.9091,55,590,10.73,0.7705859998168307,9
gen_devops_kubernetes_004,graphrag_style,devops/kubernetes,synthetic,implicit,errors,2,1,0,0.0,0.0,0.0,55,590,10.73,0.7705859998168307,9
gen_devops_kubernetes_004,mem0_style,devops/kubernetes,synthetic,implicit,completed_tasks,7,0,0,1.0,0.0,0.0,40,590,14.75,1.4172620003591874,8
gen_devops_kubernetes_004,mem0_style,devops/kubernetes,synthetic,implicit,pending_tasks,4,2,0,0.0,0.0,0.0,40,590,14.75,1.4172620003591874,8
gen_devops_kubernetes_004,mem0_style,devops/kubernetes,synthetic,implicit,decisions,3,1,0,0.0,0.0,0.0,40,590,14.75,1.4172620003591874,8
gen_devops_kubernetes_004,mem0_style,devops/kubernetes,synthetic,implicit,files,6,5,5,1.0,0.8333,0.9091,40,590,14.75,1.4172620003591874,8
gen_devops_kubernetes_004,mem0_style,devops/kubernetes,synthetic,implicit,errors,2,0,0,1.0,0.0,0.0,40,590,14.75,1.4172620003591874,8
gen_devops_kubernetes_004,memgpt_style,devops/kubernetes,synthetic,implicit,completed_tasks,7,0,0,1.0,0.0,0.0,23,590,25.65,0.5806950002806843,4
gen_devops_kubernetes_004,memgpt_style,devops/kubernetes,synthetic,implicit,pending_tasks,4,0,0,1.0,0.0,0.0,23,590,25.65,0.5806950002806843,4
gen_devops_kubernetes_004,memgpt_style,devops/kubernetes,synthetic,implicit,decisions,3,0,0,1.0,0.0,0.0,23,590,25.65,0.5806950002806843,4
gen_devops_kubernetes_004,memgpt_style,devops/kubernetes,synthetic,implicit,files,6,4,4,1.0,0.6667,0.8,23,590,25.65,0.5806950002806843,4
gen_devops_kubernetes_004,memgpt_style,devops/kubernetes,synthetic,implicit,errors,2,0,0,1.0,0.0,0.0,23,590,25.65,0.5806950002806843,4
gen_devops_kubernetes_004,sliding_window_10,devops/kubernetes,synthetic,implicit,completed_tasks,7,13,1,0.0769,0.1429,0.1,207,590,2.85,0.00383300084649818,13
gen_devops_kubernetes_004,sliding_window_10,devops/kubernetes,synthetic,implicit,pending_tasks,4,13,1,0.0769,0.25,0.1176,207,590,2.85,0.00383300084649818,13
gen_devops_kubernetes_004,sliding_window_10,devops/kubernetes,synthetic,implicit,decisions,3,13,1,0.0769,0.3333,0.125,207,590,2.85,0.00383300084649818,13
gen_devops_kubernetes_004,sliding_window_10,devops/kubernetes,synthetic,implicit,files,6,13,3,0.2308,0.5,0.3158,207,590,2.85,0.00383300084649818,13
gen_devops_kubernetes_004,sliding_window_10,devops/kubernetes,synthetic,implicit,errors,2,13,2,0.1538,1.0,0.2667,207,590,2.85,0.00383300084649818,13
gen_devops_kubernetes_004,naive_truncation,devops/kubernetes,synthetic,implicit,completed_tasks,7,19,2,0.1053,0.2857,0.1538,296,590,1.99,0.009933000001183245,19
gen_devops_kubernetes_004,naive_truncation,devops/kubernetes,synthetic,implicit,pending_tasks,4,19,2,0.1053,0.5,0.1739,296,590,1.99,0.009933000001183245,19
gen_devops_kubernetes_004,naive_truncation,devops/kubernetes,synthetic,implicit,decisions,3,19,1,0.0526,0.3333,0.0909,296,590,1.99,0.009933000001183245,19
gen_devops_kubernetes_004,naive_truncation,devops/kubernetes,synthetic,implicit,files,6,19,4,0.2105,0.6667,0.32,296,590,1.99,0.009933000001183245,19
gen_devops_kubernetes_004,naive_truncation,devops/kubernetes,synthetic,implicit,errors,2,19,2,0.1053,1.0,0.1905,296,590,1.99,0.009933000001183245,19
gen_devops_kubernetes_004,naive_summary,devops/kubernetes,synthetic,implicit,completed_tasks,7,13,2,0.1538,0.2857,0.2,182,590,3.24,0.058007999541587196,13
gen_devops_kubernetes_004,naive_summary,devops/kubernetes,synthetic,implicit,pending_tasks,4,13,2,0.1538,0.5,0.2353,182,590,3.24,0.058007999541587196,13
gen_devops_kubernetes_004,naive_summary,devops/kubernetes,synthetic,implicit,decisions,3,13,1,0.0769,0.3333,0.125,182,590,3.24,0.058007999541587196,13
gen_devops_kubernetes_004,naive_summary,devops/kubernetes,synthetic,implicit,files,6,13,1,0.0769,0.1667,0.1053,182,590,3.24,0.058007999541587196,13
gen_devops_kubernetes_004,naive_summary,devops/kubernetes,synthetic,implicit,errors,2,13,0,0.0,0.0,0.0,182,590,3.24,0.058007999541587196,13
gen_devops_kubernetes_005,tokenmizer_v0.5.2,devops/kubernetes,synthetic,implicit,completed_tasks,7,3,3,1.0,0.4286,0.6,123,480,3.9,303.0754909996176,14
gen_devops_kubernetes_005,tokenmizer_v0.5.2,devops/kubernetes,synthetic,implicit,pending_tasks,1,0,0,1.0,0.0,0.0,123,480,3.9,303.0754909996176,14
gen_devops_kubernetes_005,tokenmizer_v0.5.2,devops/kubernetes,synthetic,implicit,decisions,4,5,4,0.8,1.0,0.8889,123,480,3.9,303.0754909996176,14
gen_devops_kubernetes_005,tokenmizer_v0.5.2,devops/kubernetes,synthetic,implicit,files,5,5,5,1.0,1.0,1.0,123,480,3.9,303.0754909996176,14
gen_devops_kubernetes_005,tokenmizer_v0.5.2,devops/kubernetes,synthetic,implicit,errors,1,1,0,0.0,0.0,0.0,123,480,3.9,303.0754909996176,14
gen_devops_kubernetes_005,graphiti_style,devops/kubernetes,synthetic,implicit,completed_tasks,7,0,0,1.0,0.0,0.0,42,480,11.43,1.2745969997922657,8
gen_devops_kubernetes_005,graphiti_style,devops/kubernetes,synthetic,implicit,pending_tasks,1,2,0,0.0,0.0,0.0,42,480,11.43,1.2745969997922657,8
gen_devops_kubernetes_005,graphiti_style,devops/kubernetes,synthetic,implicit,decisions,4,1,0,0.0,0.0,0.0,42,480,11.43,1.2745969997922657,8
gen_devops_kubernetes_005,graphiti_style,devops/kubernetes,synthetic,implicit,files,5,5,5,1.0,1.0,1.0,42,480,11.43,1.2745969997922657,8
gen_devops_kubernetes_005,graphiti_style,devops/kubernetes,synthetic,implicit,errors,1,0,0,1.0,0.0,0.0,42,480,11.43,1.2745969997922657,8
gen_devops_kubernetes_005,graphrag_style,devops/kubernetes,synthetic,implicit,completed_tasks,7,0,0,1.0,0.0,0.0,38,480,12.63,0.7293789994946565,7
gen_devops_kubernetes_005,graphrag_style,devops/kubernetes,synthetic,implicit,pending_tasks,1,2,0,0.0,0.0,0.0,38,480,12.63,0.7293789994946565,7
gen_devops_kubernetes_005,graphrag_style,devops/kubernetes,synthetic,implicit,decisions,4,0,0,1.0,0.0,0.0,38,480,12.63,0.7293789994946565,7
gen_devops_kubernetes_005,graphrag_style,devops/kubernetes,synthetic,implicit,files,5,5,5,1.0,1.0,1.0,38,480,12.63,0.7293789994946565,7
gen_devops_kubernetes_005,graphrag_style,devops/kubernetes,synthetic,implicit,errors,1,0,0,1.0,0.0,0.0,38,480,12.63,0.7293789994946565,7
gen_devops_kubernetes_005,mem0_style,devops/kubernetes,synthetic,implicit,completed_tasks,7,0,0,1.0,0.0,0.0,41,480,11.71,1.2033189996145666,8
gen_devops_kubernetes_005,mem0_style,devops/kubernetes,synthetic,implicit,pending_tasks,1,2,0,0.0,0.0,0.0,41,480,11.71,1.2033189996145666,8
gen_devops_kubernetes_005,mem0_style,devops/kubernetes,synthetic,implicit,decisions,4,1,0,0.0,0.0,0.0,41,480,11.71,1.2033189996145666,8
gen_devops_kubernetes_005,mem0_style,devops/kubernetes,synthetic,implicit,files,5,5,5,1.0,1.0,1.0,41,480,11.71,1.2033189996145666,8
gen_devops_kubernetes_005,mem0_style,devops/kubernetes,synthetic,implicit,errors,1,0,0,1.0,0.0,0.0,41,480,11.71,1.2033189996145666,8
gen_devops_kubernetes_005,memgpt_style,devops/kubernetes,synthetic,implicit,completed_tasks,7,0,0,1.0,0.0,0.0,24,480,20.0,0.4798910003955825,4
gen_devops_kubernetes_005,memgpt_style,devops/kubernetes,synthetic,implicit,pending_tasks,1,1,0,0.0,0.0,0.0,24,480,20.0,0.4798910003955825,4
gen_devops_kubernetes_005,memgpt_style,devops/kubernetes,synthetic,implicit,decisions,4,0,0,1.0,0.0,0.0,24,480,20.0,0.4798910003955825,4
gen_devops_kubernetes_005,memgpt_style,devops/kubernetes,synthetic,implicit,files,5,3,3,1.0,0.6,0.75,24,480,20.0,0.4798910003955825,4
gen_devops_kubernetes_005,memgpt_style,devops/kubernetes,synthetic,implicit,errors,1,0,0,1.0,0.0,0.0,24,480,20.0,0.4798910003955825,4
gen_devops_kubernetes_005,sliding_window_10,devops/kubernetes,synthetic,implicit,completed_tasks,7,12,3,0.25,0.4286,0.3158,179,480,2.68,0.0029299999368959107,12
gen_devops_kubernetes_005,sliding_window_10,devops/kubernetes,synthetic,implicit,pending_tasks,1,12,0,0.0,0.0,0.0,179,480,2.68,0.0029299999368959107,12
gen_devops_kubernetes_005,sliding_window_10,devops/kubernetes,synthetic,implicit,decisions,4,12,0,0.0,0.0,0.0,179,480,2.68,0.0029299999368959107,12
gen_devops_kubernetes_005,sliding_window_10,devops/kubernetes,synthetic,implicit,files,5,12,3,0.25,0.6,0.3529,179,480,2.68,0.0029299999368959107,12
gen_devops_kubernetes_005,sliding_window_10,devops/kubernetes,synthetic,implicit,errors,1,12,1,0.0833,1.0,0.1538,179,480,2.68,0.0029299999368959107,12
gen_devops_kubernetes_005,naive_truncation,devops/kubernetes,synthetic,implicit,completed_tasks,7,20,4,0.2,0.5714,0.2963,286,480,1.68,0.01172600059362594,20
gen_devops_kubernetes_005,naive_truncation,devops/kubernetes,synthetic,implicit,pending_tasks,1,20,0,0.0,0.0,0.0,286,480,1.68,0.01172600059362594,20
gen_devops_kubernetes_005,naive_truncation,devops/kubernetes,synthetic,implicit,decisions,4,20,1,0.05,0.25,0.0833,286,480,1.68,0.01172600059362594,20
gen_devops_kubernetes_005,naive_truncation,devops/kubernetes,synthetic,implicit,files,5,20,5,0.25,1.0,0.4,286,480,1.68,0.01172600059362594,20
gen_devops_kubernetes_005,naive_truncation,devops/kubernetes,synthetic,implicit,errors,1,20,1,0.05,1.0,0.0952,286,480,1.68,0.01172600059362594,20
gen_devops_kubernetes_005,naive_summary,devops/kubernetes,synthetic,implicit,completed_tasks,7,12,2,0.1667,0.2857,0.2105,176,480,2.73,0.07302799986064201,12
gen_devops_kubernetes_005,naive_summary,devops/kubernetes,synthetic,implicit,pending_tasks,1,12,1,0.0833,1.0,0.1538,176,480,2.73,0.07302799986064201,12
gen_devops_kubernetes_005,naive_summary,devops/kubernetes,synthetic,implicit,decisions,4,12,3,0.25,0.75,0.375,176,480,2.73,0.07302799986064201,12
gen_devops_kubernetes_005,naive_summary,devops/kubernetes,synthetic,implicit,files,5,12,0,0.0,0.0,0.0,176,480,2.73,0.07302799986064201,12
gen_devops_kubernetes_005,naive_summary,devops/kubernetes,synthetic,implicit,errors,1,12,0,0.0,0.0,0.0,176,480,2.73,0.07302799986064201,12
gen_devops_kubernetes_006,tokenmizer_v0.5.2,devops/kubernetes,synthetic,implicit,completed_tasks,7,3,3,1.0,0.4286,0.6,136,519,3.82,220.0998440002877,15
gen_devops_kubernetes_006,tokenmizer_v0.5.2,devops/kubernetes,synthetic,implicit,pending_tasks,3,2,2,1.0,0.6667,0.8,136,519,3.82,220.0998440002877,15
gen_devops_kubernetes_006,tokenmizer_v0.5.2,devops/kubernetes,synthetic,implicit,decisions,3,4,3,0.75,1.0,0.8571,136,519,3.82,220.0998440002877,15
gen_devops_kubernetes_006,tokenmizer_v0.5.2,devops/kubernetes,synthetic,implicit,files,5,5,5,1.0,1.0,1.0,136,519,3.82,220.0998440002877,15
gen_devops_kubernetes_006,tokenmizer_v0.5.2,devops/kubernetes,synthetic,implicit,errors,1,1,1,1.0,1.0,1.0,136,519,3.82,220.0998440002877,15
gen_devops_kubernetes_006,graphiti_style,devops/kubernetes,synthetic,implicit,completed_tasks,7,0,0,1.0,0.0,0.0,34,519,15.26,1.4280989998951554,6
gen_devops_kubernetes_006,graphiti_style,devops/kubernetes,synthetic,implicit,pending_tasks,3,2,0,0.0,0.0,0.0,34,519,15.26,1.4280989998951554,6
gen_devops_kubernetes_006,graphiti_style,devops/kubernetes,synthetic,implicit,decisions,3,0,0,1.0,0.0,0.0,34,519,15.26,1.4280989998951554,6
gen_devops_kubernetes_006,graphiti_style,devops/kubernetes,synthetic,implicit,files,5,4,4,1.0,0.8,0.8889,34,519,15.26,1.4280989998951554,6
gen_devops_kubernetes_006,graphiti_style,devops/kubernetes,synthetic,implicit,errors,1,0,0,1.0,0.0,0.0,34,519,15.26,1.4280989998951554,6
gen_devops_kubernetes_006,graphrag_style,devops/kubernetes,synthetic,implicit,completed_tasks,7,0,0,1.0,0.0,0.0,49,519,10.59,0.6845369998700335,7
gen_devops_kubernetes_006,graphrag_style,devops/kubernetes,synthetic,implicit,pending_tasks,3,2,0,0.0,0.0,0.0,49,519,10.59,0.6845369998700335,7
gen_devops_kubernetes_006,graphrag_style,devops/kubernetes,synthetic,implicit,decisions,3,0,0,1.0,0.0,0.0,49,519,10.59,0.6845369998700335,7
gen_devops_kubernetes_006,graphrag_style,devops/kubernetes,synthetic,implicit,files,5,4,4,1.0,0.8,0.8889,49,519,10.59,0.6845369998700335,7
gen_devops_kubernetes_006,graphrag_style,devops/kubernetes,synthetic,implicit,errors,1,1,0,0.0,0.0,0.0,49,519,10.59,0.6845369998700335,7
gen_devops_kubernetes_006,mem0_style,devops/kubernetes,synthetic,implicit,completed_tasks,7,0,0,1.0,0.0,0.0,33,519,15.73,1.2466919997677905,6
gen_devops_kubernetes_006,mem0_style,devops/kubernetes,synthetic,implicit,pending_tasks,3,2,0,0.0,0.0,0.0,33,519,15.73,1.2466919997677905,6
gen_devops_kubernetes_006,mem0_style,devops/kubernetes,synthetic,implicit,decisions,3,0,0,1.0,0.0,0.0,33,519,15.73,1.2466919997677905,6
gen_devops_kubernetes_006,mem0_style,devops/kubernetes,synthetic,implicit,files,5,4,4,1.0,0.8,0.8889,33,519,15.73,1.2466919997677905,6
gen_devops_kubernetes_006,mem0_style,devops/kubernetes,synthetic,implicit,errors,1,0,0,1.0,0.0,0.0,33,519,15.73,1.2466919997677905,6
gen_devops_kubernetes_006,memgpt_style,devops/kubernetes,synthetic,implicit,completed_tasks,7,0,0,1.0,0.0,0.0,17,519,30.53,0.585511000281258,2
gen_devops_kubernetes_006,memgpt_style,devops/kubernetes,synthetic,implicit,pending_tasks,3,0,0,1.0,0.0,0.0,17,519,30.53,0.585511000281258,2
gen_devops_kubernetes_006,memgpt_style,devops/kubernetes,synthetic,implicit,decisions,3,0,0,1.0,0.0,0.0,17,519,30.53,0.585511000281258,2
gen_devops_kubernetes_006,memgpt_style,devops/kubernetes,synthetic,implicit,files,5,2,2,1.0,0.4,0.5714,17,519,30.53,0.585511000281258,2
gen_devops_kubernetes_006,memgpt_style,devops/kubernetes,synthetic,implicit,errors,1,0,0,1.0,0.0,0.0,17,519,30.53,0.585511000281258,2
gen_devops_kubernetes_006,sliding_window_10,devops/kubernetes,synthetic,implicit,completed_tasks,7,12,2,0.1667,0.2857,0.2105,184,519,2.82,0.0031200006560538895,12
gen_devops_kubernetes_006,sliding_window_10,devops/kubernetes,synthetic,implicit,pending_tasks,3,12,1,0.0833,0.3333,0.1333,184,519,2.82,0.0031200006560538895,12
gen_devops_kubernetes_006,sliding_window_10,devops/kubernetes,synthetic,implicit,decisions,3,12,1,0.0833,0.3333,0.1333,184,519,2.82,0.0031200006560538895,12
gen_devops_kubernetes_006,sliding_window_10,devops/kubernetes,synthetic,implicit,files,5,12,3,0.25,0.6,0.3529,184,519,2.82,0.0031200006560538895,12
gen_devops_kubernetes_006,sliding_window_10,devops/kubernetes,synthetic,implicit,errors,1,12,0,0.0,0.0,0.0,184,519,2.82,0.0031200006560538895,12
gen_devops_kubernetes_006,naive_truncation,devops/kubernetes,synthetic,implicit,completed_tasks,7,19,5,0.2632,0.7143,0.3846,299,519,1.74,0.014090999684412964,19
gen_devops_kubernetes_006,naive_truncation,devops/kubernetes,synthetic,implicit,pending_tasks,3,19,2,0.1053,0.6667,0.1818,299,519,1.74,0.014090999684412964,19
gen_devops_kubernetes_006,naive_truncation,devops/kubernetes,synthetic,implicit,decisions,3,19,1,0.0526,0.3333,0.0909,299,519,1.74,0.014090999684412964,19
gen_devops_kubernetes_006,naive_truncation,devops/kubernetes,synthetic,implicit,files,5,19,3,0.1579,0.6,0.25,299,519,1.74,0.014090999684412964,19
gen_devops_kubernetes_006,naive_truncation,devops/kubernetes,synthetic,implicit,errors,1,19,0,0.0,0.0,0.0,299,519,1.74,0.014090999684412964,19
gen_devops_kubernetes_006,naive_summary,devops/kubernetes,synthetic,implicit,completed_tasks,7,13,1,0.0769,0.1429,0.1,171,519,3.04,0.05801399947813479,13
gen_devops_kubernetes_006,naive_summary,devops/kubernetes,synthetic,implicit,pending_tasks,3,13,1,0.0769,0.3333,0.125,171,519,3.04,0.05801399947813479,13
gen_devops_kubernetes_006,naive_summary,devops/kubernetes,synthetic,implicit,decisions,3,13,2,0.1538,0.6667,0.25,171,519,3.04,0.05801399947813479,13
gen_devops_kubernetes_006,naive_summary,devops/kubernetes,synthetic,implicit,files,5,13,1,0.0769,0.2,0.1111,171,519,3.04,0.05801399947813479,13
gen_devops_kubernetes_006,naive_summary,devops/kubernetes,synthetic,implicit,errors,1,13,1,0.0769,1.0,0.1429,171,519,3.04,0.05801399947813479,13
gen_frontend_react_001,tokenmizer_v0.5.2,frontend/react,synthetic,semi,completed_tasks,5,5,5,1.0,1.0,1.0,179,380,2.12,246.4570250003817,19
gen_frontend_react_001,tokenmizer_v0.5.2,frontend/react,synthetic,semi,pending_tasks,4,4,4,1.0,1.0,1.0,179,380,2.12,246.4570250003817,19
gen_frontend_react_001,tokenmizer_v0.5.2,frontend/react,synthetic,semi,decisions,5,5,5,1.0,1.0,1.0,179,380,2.12,246.4570250003817,19
gen_frontend_react_001,tokenmizer_v0.5.2,frontend/react,synthetic,semi,files,4,4,4,1.0,1.0,1.0,179,380,2.12,246.4570250003817,19
gen_frontend_react_001,tokenmizer_v0.5.2,frontend/react,synthetic,semi,errors,2,1,1,1.0,0.5,0.6667,179,380,2.12,246.4570250003817,19
gen_frontend_react_001,graphiti_style,frontend/react,synthetic,semi,completed_tasks,5,4,4,1.0,0.8,0.8889,174,380,2.18,0.9795169999051723,21
gen_frontend_react_001,graphiti_style,frontend/react,synthetic,semi,pending_tasks,4,4,1,0.25,0.25,0.25,174,380,2.18,0.9795169999051723,21
gen_frontend_react_001,graphiti_style,frontend/react,synthetic,semi,decisions,5,6,4,0.6667,0.8,0.7273,174,380,2.18,0.9795169999051723,21
gen_frontend_react_001,graphiti_style,frontend/react,synthetic,semi,files,4,4,4,1.0,1.0,1.0,174,380,2.18,0.9795169999051723,21
gen_frontend_react_001,graphiti_style,frontend/react,synthetic,semi,errors,2,3,2,0.6667,1.0,0.8,174,380,2.18,0.9795169999051723,21
gen_frontend_react_001,graphrag_style,frontend/react,synthetic,semi,completed_tasks,5,0,0,1.0,0.0,0.0,77,380,4.94,0.5418049995569163,12
gen_frontend_react_001,graphrag_style,frontend/react,synthetic,semi,pending_tasks,4,2,0,0.0,0.0,0.0,77,380,4.94,0.5418049995569163,12
gen_frontend_react_001,graphrag_style,frontend/react,synthetic,semi,decisions,5,5,4,0.8,0.8,0.8,77,380,4.94,0.5418049995569163,12
gen_frontend_react_001,graphrag_style,frontend/react,synthetic,semi,files,4,4,4,1.0,1.0,1.0,77,380,4.94,0.5418049995569163,12
gen_frontend_react_001,graphrag_style,frontend/react,synthetic,semi,errors,2,1,0,0.0,0.0,0.0,77,380,4.94,0.5418049995569163,12
gen_frontend_react_001,mem0_style,frontend/react,synthetic,semi,completed_tasks,5,4,4,1.0,0.8,0.8889,169,380,2.25,1.2260980001883581,20
gen_frontend_react_001,mem0_style,frontend/react,synthetic,semi,pending_tasks,4,3,1,0.3333,0.25,0.2857,169,380,2.25,1.2260980001883581,20
gen_frontend_react_001,mem0_style,frontend/react,synthetic,semi,decisions,5,6,4,0.6667,0.8,0.7273,169,380,2.25,1.2260980001883581,20
gen_frontend_react_001,mem0_style,frontend/react,synthetic,semi,files,4,4,4,1.0,1.0,1.0,169,380,2.25,1.2260980001883581,20
gen_frontend_react_001,mem0_style,frontend/react,synthetic,semi,errors,2,3,2,0.6667,1.0,0.8,169,380,2.25,1.2260980001883581,20
gen_frontend_react_001,memgpt_style,frontend/react,synthetic,semi,completed_tasks,5,2,2,1.0,0.4,0.5714,76,380,5.0,0.38103499991848366,9
gen_frontend_react_001,memgpt_style,frontend/react,synthetic,semi,pending_tasks,4,2,0,0.0,0.0,0.0,76,380,5.0,0.38103499991848366,9
gen_frontend_react_001,memgpt_style,frontend/react,synthetic,semi,decisions,5,1,0,0.0,0.0,0.0,76,380,5.0,0.38103499991848366,9
gen_frontend_react_001,memgpt_style,frontend/react,synthetic,semi,files,4,2,2,1.0,0.5,0.6667,76,380,5.0,0.38103499991848366,9
gen_frontend_react_001,memgpt_style,frontend/react,synthetic,semi,errors,2,2,2,1.0,1.0,1.0,76,380,5.0,0.38103499991848366,9
gen_frontend_react_001,sliding_window_10,frontend/react,synthetic,semi,completed_tasks,5,11,1,0.0909,0.2,0.125,119,380,3.19,0.00353700033883797,11
gen_frontend_react_001,sliding_window_10,frontend/react,synthetic,semi,pending_tasks,4,11,1,0.0909,0.25,0.1333,119,380,3.19,0.00353700033883797,11
gen_frontend_react_001,sliding_window_10,frontend/react,synthetic,semi,decisions,5,11,1,0.0909,0.2,0.125,119,380,3.19,0.00353700033883797,11
gen_frontend_react_001,sliding_window_10,frontend/react,synthetic,semi,files,4,11,2,0.1818,0.5,0.2667,119,380,3.19,0.00353700033883797,11
gen_frontend_react_001,sliding_window_10,frontend/react,synthetic,semi,errors,2,11,1,0.0909,0.5,0.1538,119,380,3.19,0.00353700033883797,11
gen_frontend_react_001,naive_truncation,frontend/react,synthetic,semi,completed_tasks,5,30,4,0.1333,0.8,0.2286,310,380,1.23,0.015066999367263634,30
gen_frontend_react_001,naive_truncation,frontend/react,synthetic,semi,pending_tasks,4,30,3,0.1,0.75,0.1765,310,380,1.23,0.015066999367263634,30
gen_frontend_react_001,naive_truncation,frontend/react,synthetic,semi,decisions,5,30,5,0.1667,1.0,0.2857,310,380,1.23,0.015066999367263634,30
gen_frontend_react_001,naive_truncation,frontend/react,synthetic,semi,files,4,30,3,0.1,0.75,0.1765,310,380,1.23,0.015066999367263634,30
gen_frontend_react_001,naive_truncation,frontend/react,synthetic,semi,errors,2,30,2,0.0667,1.0,0.125,310,380,1.23,0.015066999367263634,30
gen_frontend_react_001,naive_summary,frontend/react,synthetic,semi,completed_tasks,5,18,2,0.1111,0.4,0.1739,180,380,2.11,0.031816999580769334,18
gen_frontend_react_001,naive_summary,frontend/react,synthetic,semi,pending_tasks,4,18,2,0.1111,0.5,0.1818,180,380,2.11,0.031816999580769334,18
gen_frontend_react_001,naive_summary,frontend/react,synthetic,semi,decisions,5,18,2,0.1111,0.4,0.1739,180,380,2.11,0.031816999580769334,18
gen_frontend_react_001,naive_summary,frontend/react,synthetic,semi,files,4,18,2,0.1111,0.5,0.1818,180,380,2.11,0.031816999580769334,18
gen_frontend_react_001,naive_summary,frontend/react,synthetic,semi,errors,2,18,0,0.0,0.0,0.0,180,380,2.11,0.031816999580769334,18
gen_frontend_react_002,tokenmizer_v0.5.2,frontend/react,synthetic,semi,completed_tasks,6,6,6,1.0,1.0,1.0,224,430,1.92,224.0041659997587,22
gen_frontend_react_002,tokenmizer_v0.5.2,frontend/react,synthetic,semi,pending_tasks,3,3,3,1.0,1.0,1.0,224,430,1.92,224.0041659997587,22
gen_frontend_react_002,tokenmizer_v0.5.2,frontend/react,synthetic,semi,decisions,4,4,4,1.0,1.0,1.0,224,430,1.92,224.0041659997587,22
gen_frontend_react_002,tokenmizer_v0.5.2,frontend/react,synthetic,semi,files,6,6,6,1.0,1.0,1.0,224,430,1.92,224.0041659997587,22
gen_frontend_react_002,tokenmizer_v0.5.2,frontend/react,synthetic,semi,errors,3,3,3,1.0,1.0,1.0,224,430,1.92,224.0041659997587,22
gen_frontend_react_002,graphiti_style,frontend/react,synthetic,semi,completed_tasks,6,5,5,1.0,0.8333,0.9091,212,430,2.03,1.1582640008782619,21
gen_frontend_react_002,graphiti_style,frontend/react,synthetic,semi,pending_tasks,3,2,1,0.5,0.3333,0.4,212,430,2.03,1.1582640008782619,21
gen_frontend_react_002,graphiti_style,frontend/react,synthetic,semi,decisions,4,4,4,1.0,1.0,1.0,212,430,2.03,1.1582640008782619,21
gen_frontend_react_002,graphiti_style,frontend/react,synthetic,semi,files,6,6,4,0.6667,0.6667,0.6667,212,430,2.03,1.1582640008782619,21
gen_frontend_react_002,graphiti_style,frontend/react,synthetic,semi,errors,3,4,3,0.75,1.0,0.8571,212,430,2.03,1.1582640008782619,21
gen_frontend_react_002,graphrag_style,frontend/react,synthetic,semi,completed_tasks,6,0,0,1.0,0.0,0.0,121,430,3.55,0.6683579995296896,14
gen_frontend_react_002,graphrag_style,frontend/react,synthetic,semi,pending_tasks,3,1,0,0.0,0.0,0.0,121,430,3.55,0.6683579995296896,14
gen_frontend_react_002,graphrag_style,frontend/react,synthetic,semi,decisions,4,4,4,1.0,1.0,1.0,121,430,3.55,0.6683579995296896,14
gen_frontend_react_002,graphrag_style,frontend/react,synthetic,semi,files,6,6,4,0.6667,0.6667,0.6667,121,430,3.55,0.6683579995296896,14
gen_frontend_react_002,graphrag_style,frontend/react,synthetic,semi,errors,3,3,2,0.6667,0.6667,0.6667,121,430,3.55,0.6683579995296896,14
gen_frontend_react_002,mem0_style,frontend/react,synthetic,semi,completed_tasks,6,5,5,1.0,0.8333,0.9091,211,430,2.04,1.0964299999614013,21
gen_frontend_react_002,mem0_style,frontend/react,synthetic,semi,pending_tasks,3,2,1,0.5,0.3333,0.4,211,430,2.04,1.0964299999614013,21
gen_frontend_react_002,mem0_style,frontend/react,synthetic,semi,decisions,4,4,4,1.0,1.0,1.0,211,430,2.04,1.0964299999614013,21
gen_frontend_react_002,mem0_style,frontend/react,synthetic,semi,files,6,6,4,0.6667,0.6667,0.6667,211,430,2.04,1.0964299999614013,21
gen_frontend_react_002,mem0_style,frontend/react,synthetic,semi,errors,3,4,3,0.75,1.0,0.8571,211,430,2.04,1.0964299999614013,21
gen_frontend_react_002,memgpt_style,frontend/react,synthetic,semi,completed_tasks,6,3,3,1.0,0.5,0.6667,97,430,4.43,0.4242670001985971,9
gen_frontend_react_002,memgpt_style,frontend/react,synthetic,semi,pending_tasks,3,0,0,1.0,0.0,0.0,97,430,4.43,0.4242670001985971,9
gen_frontend_react_002,memgpt_style,frontend/react,synthetic,semi,decisions,4,1,1,1.0,0.25,0.4,97,430,4.43,0.4242670001985971,9
gen_frontend_react_002,memgpt_style,frontend/react,synthetic,semi,files,6,3,2,0.6667,0.3333,0.4444,97,430,4.43,0.4242670001985971,9
gen_frontend_react_002,memgpt_style,frontend/react,synthetic,semi,errors,3,2,2,1.0,0.6667,0.8,97,430,4.43,0.4242670001985971,9
gen_frontend_react_002,sliding_window_10,frontend/react,synthetic,semi,completed_tasks,6,12,1,0.0833,0.1667,0.1111,123,430,3.5,0.003744999958144035,12
gen_frontend_react_002,sliding_window_10,frontend/react,synthetic,semi,pending_tasks,3,12,1,0.0833,0.3333,0.1333,123,430,3.5,0.003744999958144035,12
gen_frontend_react_002,sliding_window_10,frontend/react,synthetic,semi,decisions,4,12,1,0.0833,0.25,0.125,123,430,3.5,0.003744999958144035,12
gen_frontend_react_002,sliding_window_10,frontend/react,synthetic,semi,files,6,12,3,0.25,0.5,0.3333,123,430,3.5,0.003744999958144035,12
gen_frontend_react_002,sliding_window_10,frontend/react,synthetic,semi,errors,3,12,1,0.0833,0.3333,0.1333,123,430,3.5,0.003744999958144035,12
gen_frontend_react_002,naive_truncation,frontend/react,synthetic,semi,completed_tasks,6,29,5,0.1724,0.8333,0.2857,307,430,1.4,0.017417999515600968,29
gen_frontend_react_002,naive_truncation,frontend/react,synthetic,semi,pending_tasks,3,29,2,0.069,0.6667,0.125,307,430,1.4,0.017417999515600968,29
gen_frontend_react_002,naive_truncation,frontend/react,synthetic,semi,decisions,4,29,3,0.1034,0.75,0.1818,307,430,1.4,0.017417999515600968,29
gen_frontend_react_002,naive_truncation,frontend/react,synthetic,semi,files,6,29,4,0.1379,0.6667,0.2286,307,430,1.4,0.017417999515600968,29
gen_frontend_react_002,naive_truncation,frontend/react,synthetic,semi,errors,3,29,2,0.069,0.6667,0.125,307,430,1.4,0.017417999515600968,29
gen_frontend_react_002,naive_summary,frontend/react,synthetic,semi,completed_tasks,6,17,1,0.0588,0.1667,0.087,178,430,2.42,0.054875999921932817,17
gen_frontend_react_002,naive_summary,frontend/react,synthetic,semi,pending_tasks,3,17,1,0.0588,0.3333,0.1,178,430,2.42,0.054875999921932817,17
gen_frontend_react_002,naive_summary,frontend/react,synthetic,semi,decisions,4,17,1,0.0588,0.25,0.0952,178,430,2.42,0.054875999921932817,17
gen_frontend_react_002,naive_summary,frontend/react,synthetic,semi,files,6,17,3,0.1765,0.5,0.2609,178,430,2.42,0.054875999921932817,17
gen_frontend_react_002,naive_summary,frontend/react,synthetic,semi,errors,3,17,1,0.0588,0.3333,0.1,178,430,2.42,0.054875999921932817,17
gen_frontend_react_003,tokenmizer_v0.5.2,frontend/react,synthetic,semi,completed_tasks,4,4,4,1.0,1.0,1.0,111,206,1.86,216.29357199981314,11
gen_frontend_react_003,tokenmizer_v0.5.2,frontend/react,synthetic,semi,pending_tasks,2,2,2,1.0,1.0,1.0,111,206,1.86,216.29357199981314,11
gen_frontend_react_003,tokenmizer_v0.5.2,frontend/react,synthetic,semi,decisions,2,2,2,1.0,1.0,1.0,111,206,1.86,216.29357199981314,11
gen_frontend_react_003,tokenmizer_v0.5.2,frontend/react,synthetic,semi,files,3,3,3,1.0,1.0,1.0,111,206,1.86,216.29357199981314,11
gen_frontend_react_003,graphiti_style,frontend/react,synthetic,semi,completed_tasks,4,4,4,1.0,1.0,1.0,94,206,2.19,0.5729759996029316,11
gen_frontend_react_003,graphiti_style,frontend/react,synthetic,semi,pending_tasks,2,3,0,0.0,0.0,0.0,94,206,2.19,0.5729759996029316,11
gen_frontend_react_003,graphiti_style,frontend/react,synthetic,semi,decisions,2,0,0,1.0,0.0,0.0,94,206,2.19,0.5729759996029316,11
gen_frontend_react_003,graphiti_style,frontend/react,synthetic,semi,files,3,3,2,0.6667,0.6667,0.6667,94,206,2.19,0.5729759996029316,11
gen_frontend_react_003,graphiti_style,frontend/react,synthetic,semi,errors,0,1,0,0.0,1.0,0.0,94,206,2.19,0.5729759996029316,11
gen_frontend_react_003,graphrag_style,frontend/react,synthetic,semi,completed_tasks,4,0,0,1.0,0.0,0.0,39,206,5.28,0.2870959997380851,6
gen_frontend_react_003,graphrag_style,frontend/react,synthetic,semi,pending_tasks,2,2,0,0.0,0.0,0.0,39,206,5.28,0.2870959997380851,6
gen_frontend_react_003,graphrag_style,frontend/react,synthetic,semi,decisions,2,0,0,1.0,0.0,0.0,39,206,5.28,0.2870959997380851,6
gen_frontend_react_003,graphrag_style,frontend/react,synthetic,semi,files,3,3,2,0.6667,0.6667,0.6667,39,206,5.28,0.2870959997380851,6
gen_frontend_react_003,graphrag_style,frontend/react,synthetic,semi,errors,0,1,0,0.0,1.0,0.0,39,206,5.28,0.2870959997380851,6
gen_frontend_react_003,mem0_style,frontend/react,synthetic,semi,completed_tasks,4,4,4,1.0,1.0,1.0,90,206,2.29,0.5636610003421083,10
gen_frontend_react_003,mem0_style,frontend/react,synthetic,semi,pending_tasks,2,2,0,0.0,0.0,0.0,90,206,2.29,0.5636610003421083,10
gen_frontend_react_003,mem0_style,frontend/react,synthetic,semi,decisions,2,0,0,1.0,0.0,0.0,90,206,2.29,0.5636610003421083,10
gen_frontend_react_003,mem0_style,frontend/react,synthetic,semi,files,3,3,2,0.6667,0.6667,0.6667,90,206,2.29,0.5636610003421083,10
gen_frontend_react_003,mem0_style,frontend/react,synthetic,semi,errors,0,1,0,0.0,1.0,0.0,90,206,2.29,0.5636610003421083,10
gen_frontend_react_003,memgpt_style,frontend/react,synthetic,semi,completed_tasks,4,2,2,1.0,0.5,0.6667,65,206,3.17,0.2030280002145446,8
gen_frontend_react_003,memgpt_style,frontend/react,synthetic,semi,pending_tasks,2,2,0,0.0,0.0,0.0,65,206,3.17,0.2030280002145446,8
gen_frontend_react_003,memgpt_style,frontend/react,synthetic,semi,decisions,2,0,0,1.0,0.0,0.0,65,206,3.17,0.2030280002145446,8
gen_frontend_react_003,memgpt_style,frontend/react,synthetic,semi,files,3,3,2,0.6667,0.6667,0.6667,65,206,3.17,0.2030280002145446,8
gen_frontend_react_003,memgpt_style,frontend/react,synthetic,semi,errors,0,1,0,0.0,1.0,0.0,65,206,3.17,0.2030280002145446,8
gen_frontend_react_003,sliding_window_10,frontend/react,synthetic,semi,completed_tasks,4,12,3,0.25,0.75,0.375,114,206,1.81,0.0031649997254135087,12
gen_frontend_react_003,sliding_window_10,frontend/react,synthetic,semi,pending_tasks,2,12,1,0.0833,0.5,0.1429,114,206,1.81,0.0031649997254135087,12
gen_frontend_react_003,sliding_window_10,frontend/react,synthetic,semi,decisions,2,12,0,0.0,0.0,0.0,114,206,1.81,0.0031649997254135087,12
gen_frontend_react_003,sliding_window_10,frontend/react,synthetic,semi,files,3,12,3,0.25,1.0,0.4,114,206,1.81,0.0031649997254135087,12
gen_frontend_react_003,sliding_window_10,frontend/react,synthetic,semi,errors,0,12,0,0.0,1.0,0.0,114,206,1.81,0.0031649997254135087,12
gen_frontend_react_003,naive_truncation,frontend/react,synthetic,semi,completed_tasks,4,21,4,0.1905,1.0,0.32,217,206,0.95,0.01001799955702154,21
gen_frontend_react_003,naive_truncation,frontend/react,synthetic,semi,pending_tasks,2,21,2,0.0952,1.0,0.1739,217,206,0.95,0.01001799955702154,21
gen_frontend_react_003,naive_truncation,frontend/react,synthetic,semi,decisions,2,21,2,0.0952,1.0,0.1739,217,206,0.95,0.01001799955702154,21
gen_frontend_react_003,naive_truncation,frontend/react,synthetic,semi,files,3,21,3,0.1429,1.0,0.25,217,206,0.95,0.01001799955702154,21
gen_frontend_react_003,naive_truncation,frontend/react,synthetic,semi,errors,0,21,0,0.0,1.0,0.0,217,206,0.95,0.01001799955702154,21
gen_frontend_react_003,naive_summary,frontend/react,synthetic,semi,completed_tasks,4,17,3,0.1765,0.75,0.2857,172,206,1.2,0.034160000723204575,17
gen_frontend_react_003,naive_summary,frontend/react,synthetic,semi,pending_tasks,2,17,2,0.1176,1.0,0.2105,172,206,1.2,0.034160000723204575,17
gen_frontend_react_003,naive_summary,frontend/react,synthetic,semi,decisions,2,17,2,0.1176,1.0,0.2105,172,206,1.2,0.034160000723204575,17
gen_frontend_react_003,naive_summary,frontend/react,synthetic,semi,files,3,17,1,0.0588,0.3333,0.1,172,206,1.2,0.034160000723204575,17
gen_frontend_react_003,naive_summary,frontend/react,synthetic,semi,errors,0,17,0,0.0,1.0,0.0,172,206,1.2,0.034160000723204575,17
gen_frontend_react_004,tokenmizer_v0.5.2,frontend/react,synthetic,semi,completed_tasks,6,6,6,1.0,1.0,1.0,183,322,1.76,247.66085200008092,18
gen_frontend_react_004,tokenmizer_v0.5.2,frontend/react,synthetic,semi,pending_tasks,1,1,1,1.0,1.0,1.0,183,322,1.76,247.66085200008092,18
gen_frontend_react_004,tokenmizer_v0.5.2,frontend/react,synthetic,semi,decisions,5,5,5,1.0,1.0,1.0,183,322,1.76,247.66085200008092,18
gen_frontend_react_004,tokenmizer_v0.5.2,frontend/react,synthetic,semi,files,6,6,6,1.0,1.0,1.0,183,322,1.76,247.66085200008092,18
gen_frontend_react_004,graphiti_style,frontend/react,synthetic,semi,completed_tasks,6,6,6,1.0,1.0,1.0,155,322,2.08,0.8415120000790921,19
gen_frontend_react_004,graphiti_style,frontend/react,synthetic,semi,pending_tasks,1,3,0,0.0,0.0,0.0,155,322,2.08,0.8415120000790921,19
gen_frontend_react_004,graphiti_style,frontend/react,synthetic,semi,decisions,5,4,3,0.75,0.6,0.6667,155,322,2.08,0.8415120000790921,19
gen_frontend_react_004,graphiti_style,frontend/react,synthetic,semi,files,6,6,5,0.8333,0.8333,0.8333,155,322,2.08,0.8415120000790921,19
gen_frontend_react_004,graphrag_style,frontend/react,synthetic,semi,completed_tasks,6,0,0,1.0,0.0,0.0,73,322,4.41,0.4439049998836708,12
gen_frontend_react_004,graphrag_style,frontend/react,synthetic,semi,pending_tasks,1,2,0,0.0,0.0,0.0,73,322,4.41,0.4439049998836708,12
gen_frontend_react_004,graphrag_style,frontend/react,synthetic,semi,decisions,5,4,3,0.75,0.6,0.6667,73,322,4.41,0.4439049998836708,12
gen_frontend_react_004,graphrag_style,frontend/react,synthetic,semi,files,6,6,5,0.8333,0.8333,0.8333,73,322,4.41,0.4439049998836708,12
gen_frontend_react_004,mem0_style,frontend/react,synthetic,semi,completed_tasks,6,6,6,1.0,1.0,1.0,151,322,2.13,0.8088610002232599,18
gen_frontend_react_004,mem0_style,frontend/react,synthetic,semi,pending_tasks,1,2,0,0.0,0.0,0.0,151,322,2.13,0.8088610002232599,18
gen_frontend_react_004,mem0_style,frontend/react,synthetic,semi,decisions,5,4,3,0.75,0.6,0.6667,151,322,2.13,0.8088610002232599,18
gen_frontend_react_004,mem0_style,frontend/react,synthetic,semi,files,6,6,5,0.8333,0.8333,0.8333,151,322,2.13,0.8088610002232599,18
gen_frontend_react_004,memgpt_style,frontend/react,synthetic,semi,completed_tasks,6,3,3,1.0,0.5,0.6667,86,322,3.74,0.30499800050165504,9
gen_frontend_react_004,memgpt_style,frontend/react,synthetic,semi,pending_tasks,1,2,0,0.0,0.0,0.0,86,322,3.74,0.30499800050165504,9
gen_frontend_react_004,memgpt_style,frontend/react,synthetic,semi,decisions,5,3,3,1.0,0.6,0.75,86,322,3.74,0.30499800050165504,9
gen_frontend_react_004,memgpt_style,frontend/react,synthetic,semi,files,6,1,1,1.0,0.1667,0.2857,86,322,3.74,0.30499800050165504,9
gen_frontend_react_004,sliding_window_10,frontend/react,synthetic,semi,completed_tasks,6,10,2,0.2,0.3333,0.25,101,322,3.19,0.0027339992811903358,10
gen_frontend_react_004,sliding_window_10,frontend/react,synthetic,semi,pending_tasks,1,10,1,0.1,1.0,0.1818,101,322,3.19,0.0027339992811903358,10
gen_frontend_react_004,sliding_window_10,frontend/react,synthetic,semi,decisions,5,10,2,0.2,0.4,0.2667,101,322,3.19,0.0027339992811903358,10
gen_frontend_react_004,sliding_window_10,frontend/react,synthetic,semi,files,6,10,0,0.0,0.0,0.0,101,322,3.19,0.0027339992811903358,10
gen_frontend_react_004,sliding_window_10,frontend/react,synthetic,semi,errors,0,10,0,0.0,1.0,0.0,101,322,3.19,0.0027339992811903358,10
gen_frontend_react_004,naive_truncation,frontend/react,synthetic,semi,completed_tasks,6,33,6,0.1818,1.0,0.3077,319,322,1.01,0.017329999536741525,33
gen_frontend_react_004,naive_truncation,frontend/react,synthetic,semi,pending_tasks,1,33,1,0.0303,1.0,0.0588,319,322,1.01,0.017329999536741525,33
gen_frontend_react_004,naive_truncation,frontend/react,synthetic,semi,decisions,5,33,5,0.1515,1.0,0.2632,319,322,1.01,0.017329999536741525,33
gen_frontend_react_004,naive_truncation,frontend/react,synthetic,semi,files,6,33,6,0.1818,1.0,0.3077,319,322,1.01,0.017329999536741525,33
gen_frontend_react_004,naive_truncation,frontend/react,synthetic,semi,errors,0,33,0,0.0,1.0,0.0,319,322,1.01,0.017329999536741525,33
gen_frontend_react_004,naive_summary,frontend/react,synthetic,semi,completed_tasks,6,20,3,0.15,0.5,0.2308,181,322,1.78,0.04351400002633454,20
gen_frontend_react_004,naive_summary,frontend/react,synthetic,semi,pending_tasks,1,20,0,0.0,0.0,0.0,181,322,1.78,0.04351400002633454,20
gen_frontend_react_004,naive_summary,frontend/react,synthetic,semi,decisions,5,20,2,0.1,0.4,0.16,181,322,1.78,0.04351400002633454,20
gen_frontend_react_004,naive_summary,frontend/react,synthetic,semi,files,6,20,4,0.2,0.6667,0.3077,181,322,1.78,0.04351400002633454,20
gen_frontend_react_004,naive_summary,frontend/react,synthetic,semi,errors,0,20,0,0.0,1.0,0.0,181,322,1.78,0.04351400002633454,20
gen_frontend_react_005,tokenmizer_v0.5.2,frontend/react,synthetic,semi,completed_tasks,6,6,6,1.0,1.0,1.0,146,275,1.88,296.1444060001668,14
gen_frontend_react_005,tokenmizer_v0.5.2,frontend/react,synthetic,semi,pending_tasks,3,3,3,1.0,1.0,1.0,146,275,1.88,296.1444060001668,14
gen_frontend_react_005,tokenmizer_v0.5.2,frontend/react,synthetic,semi,decisions,2,2,2,1.0,1.0,1.0,146,275,1.88,296.1444060001668,14
gen_frontend_react_005,tokenmizer_v0.5.2,frontend/react,synthetic,semi,files,2,2,2,1.0,1.0,1.0,146,275,1.88,296.1444060001668,14
gen_frontend_react_005,tokenmizer_v0.5.2,frontend/react,synthetic,semi,errors,1,1,1,1.0,1.0,1.0,146,275,1.88,296.1444060001668,14
gen_frontend_react_005,graphiti_style,frontend/react,synthetic,semi,completed_tasks,6,4,4,1.0,0.6667,0.8,158,275,1.74,0.7900620003056247,14
gen_frontend_react_005,graphiti_style,frontend/react,synthetic,semi,pending_tasks,3,3,3,1.0,1.0,1.0,158,275,1.74,0.7900620003056247,14
gen_frontend_react_005,graphiti_style,frontend/react,synthetic,semi,decisions,2,3,2,0.6667,1.0,0.8,158,275,1.74,0.7900620003056247,14
gen_frontend_react_005,graphiti_style,frontend/react,synthetic,semi,files,2,2,0,0.0,0.0,0.0,158,275,1.74,0.7900620003056247,14
gen_frontend_react_005,graphiti_style,frontend/react,synthetic,semi,errors,1,2,1,0.5,1.0,0.6667,158,275,1.74,0.7900620003056247,14
gen_frontend_react_005,graphrag_style,frontend/react,synthetic,semi,completed_tasks,6,0,0,1.0,0.0,0.0,63,275,4.37,0.37763700038340176,7
gen_frontend_react_005,graphrag_style,frontend/react,synthetic,semi,pending_tasks,3,0,0,1.0,0.0,0.0,63,275,4.37,0.37763700038340176,7
gen_frontend_react_005,graphrag_style,frontend/react,synthetic,semi,decisions,2,3,2,0.6667,1.0,0.8,63,275,4.37,0.37763700038340176,7
gen_frontend_react_005,graphrag_style,frontend/react,synthetic,semi,files,2,2,0,0.0,0.0,0.0,63,275,4.37,0.37763700038340176,7
gen_frontend_react_005,graphrag_style,frontend/react,synthetic,semi,errors,1,2,1,0.5,1.0,0.6667,63,275,4.37,0.37763700038340176,7
gen_frontend_react_005,mem0_style,frontend/react,synthetic,semi,completed_tasks,6,4,4,1.0,0.6667,0.8,157,275,1.75,0.6720639994455269,14
gen_frontend_react_005,mem0_style,frontend/react,synthetic,semi,pending_tasks,3,3,3,1.0,1.0,1.0,157,275,1.75,0.6720639994455269,14
gen_frontend_react_005,mem0_style,frontend/react,synthetic,semi,decisions,2,3,2,0.6667,1.0,0.8,157,275,1.75,0.6720639994455269,14
gen_frontend_react_005,mem0_style,frontend/react,synthetic,semi,files,2,2,0,0.0,0.0,0.0,157,275,1.75,0.6720639994455269,14
gen_frontend_react_005,mem0_style,frontend/react,synthetic,semi,errors,1,2,1,0.5,1.0,0.6667,157,275,1.75,0.6720639994455269,14
gen_frontend_react_005,memgpt_style,frontend/react,synthetic,semi,completed_tasks,6,2,2,1.0,0.3333,0.5,80,275,3.44,0.251419999585778,7
gen_frontend_react_005,memgpt_style,frontend/react,synthetic,semi,pending_tasks,3,1,1,1.0,0.3333,0.5,80,275,3.44,0.251419999585778,7
gen_frontend_react_005,memgpt_style,frontend/react,synthetic,semi,decisions,2,1,1,1.0,0.5,0.6667,80,275,3.44,0.251419999585778,7
gen_frontend_react_005,memgpt_style,frontend/react,synthetic,semi,files,2,2,0,0.0,0.0,0.0,80,275,3.44,0.251419999585778,7
gen_frontend_react_005,memgpt_style,frontend/react,synthetic,semi,errors,1,1,1,1.0,1.0,1.0,80,275,3.44,0.251419999585778,7
gen_frontend_react_005,sliding_window_10,frontend/react,synthetic,semi,completed_tasks,6,12,2,0.1667,0.3333,0.2222,126,275,2.18,0.0028270005714148283,12
gen_frontend_react_005,sliding_window_10,frontend/react,synthetic,semi,pending_tasks,3,12,1,0.0833,0.3333,0.1333,126,275,2.18,0.0028270005714148283,12
gen_frontend_react_005,sliding_window_10,frontend/react,synthetic,semi,decisions,2,12,1,0.0833,0.5,0.1429,126,275,2.18,0.0028270005714148283,12
gen_frontend_react_005,sliding_window_10,frontend/react,synthetic,semi,files,2,12,2,0.1667,1.0,0.2857,126,275,2.18,0.0028270005714148283,12
gen_frontend_react_005,sliding_window_10,frontend/react,synthetic,semi,errors,1,12,1,0.0833,1.0,0.1538,126,275,2.18,0.0028270005714148283,12
gen_frontend_react_005,naive_truncation,frontend/react,synthetic,semi,completed_tasks,6,26,6,0.2308,1.0,0.375,287,275,0.96,0.012095000784029253,26
gen_frontend_react_005,naive_truncation,frontend/react,synthetic,semi,pending_tasks,3,26,3,0.1154,1.0,0.2069,287,275,0.96,0.012095000784029253,26
gen_frontend_react_005,naive_truncation,frontend/react,synthetic,semi,decisions,2,26,2,0.0769,1.0,0.1429,287,275,0.96,0.012095000784029253,26
gen_frontend_react_005,naive_truncation,frontend/react,synthetic,semi,files,2,26,2,0.0769,1.0,0.1429,287,275,0.96,0.012095000784029253,26
gen_frontend_react_005,naive_truncation,frontend/react,synthetic,semi,errors,1,26,1,0.0385,1.0,0.0741,287,275,0.96,0.012095000784029253,26
gen_frontend_react_005,naive_summary,frontend/react,synthetic,semi,completed_tasks,6,16,4,0.25,0.6667,0.3636,175,275,1.57,0.02788099936879007,16
gen_frontend_react_005,naive_summary,frontend/react,synthetic,semi,pending_tasks,3,16,2,0.125,0.6667,0.2105,175,275,1.57,0.02788099936879007,16
gen_frontend_react_005,naive_summary,frontend/react,synthetic,semi,decisions,2,16,1,0.0625,0.5,0.1111,175,275,1.57,0.02788099936879007,16
gen_frontend_react_005,naive_summary,frontend/react,synthetic,semi,files,2,16,0,0.0,0.0,0.0,175,275,1.57,0.02788099936879007,16
gen_frontend_react_005,naive_summary,frontend/react,synthetic,semi,errors,1,16,0,0.0,0.0,0.0,175,275,1.57,0.02788099936879007,16
gen_frontend_react_006,tokenmizer_v0.5.2,frontend/react,synthetic,semi,completed_tasks,3,3,3,1.0,1.0,1.0,150,277,1.85,221.78240999983245,15
gen_frontend_react_006,tokenmizer_v0.5.2,frontend/react,synthetic,semi,pending_tasks,3,3,3,1.0,1.0,1.0,150,277,1.85,221.78240999983245,15
gen_frontend_react_006,tokenmizer_v0.5.2,frontend/react,synthetic,semi,decisions,3,3,3,1.0,1.0,1.0,150,277,1.85,221.78240999983245,15
gen_frontend_react_006,tokenmizer_v0.5.2,frontend/react,synthetic,semi,files,4,4,4,1.0,1.0,1.0,150,277,1.85,221.78240999983245,15
gen_frontend_react_006,tokenmizer_v0.5.2,frontend/react,synthetic,semi,errors,2,2,2,1.0,1.0,1.0,150,277,1.85,221.78240999983245,15
gen_frontend_react_006,graphiti_style,frontend/react,synthetic,semi,completed_tasks,3,3,3,1.0,1.0,1.0,145,277,1.91,0.8558469999115914,17
gen_frontend_react_006,graphiti_style,frontend/react,synthetic,semi,pending_tasks,3,3,1,0.3333,0.3333,0.3333,145,277,1.91,0.8558469999115914,17
gen_frontend_react_006,graphiti_style,frontend/react,synthetic,semi,decisions,3,5,3,0.6,1.0,0.75,145,277,1.91,0.8558469999115914,17
gen_frontend_react_006,graphiti_style,frontend/react,synthetic,semi,files,4,4,3,0.75,0.75,0.75,145,277,1.91,0.8558469999115914,17
gen_frontend_react_006,graphiti_style,frontend/react,synthetic,semi,errors,2,2,2,1.0,1.0,1.0,145,277,1.91,0.8558469999115914,17
gen_frontend_react_006,graphrag_style,frontend/react,synthetic,semi,completed_tasks,3,0,0,1.0,0.0,0.0,78,277,3.55,0.5560039999181754,10
gen_frontend_react_006,graphrag_style,frontend/react,synthetic,semi,pending_tasks,3,1,0,0.0,0.0,0.0,78,277,3.55,0.5560039999181754,10
gen_frontend_react_006,graphrag_style,frontend/react,synthetic,semi,decisions,3,4,3,0.75,1.0,0.8571,78,277,3.55,0.5560039999181754,10
gen_frontend_react_006,graphrag_style,frontend/react,synthetic,semi,files,4,4,3,0.75,0.75,0.75,78,277,3.55,0.5560039999181754,10
gen_frontend_react_006,graphrag_style,frontend/react,synthetic,semi,errors,2,1,1,1.0,0.5,0.6667,78,277,3.55,0.5560039999181754,10
gen_frontend_react_006,mem0_style,frontend/react,synthetic,semi,completed_tasks,3,3,3,1.0,1.0,1.0,141,277,1.96,0.8227680000345572,16
gen_frontend_react_006,mem0_style,frontend/react,synthetic,semi,pending_tasks,3,2,1,0.5,0.3333,0.4,141,277,1.96,0.8227680000345572,16
gen_frontend_react_006,mem0_style,frontend/react,synthetic,semi,decisions,3,5,3,0.6,1.0,0.75,141,277,1.96,0.8227680000345572,16
gen_frontend_react_006,mem0_style,frontend/react,synthetic,semi,files,4,4,3,0.75,0.75,0.75,141,277,1.96,0.8227680000345572,16
gen_frontend_react_006,mem0_style,frontend/react,synthetic,semi,errors,2,2,2,1.0,1.0,1.0,141,277,1.96,0.8227680000345572,16
gen_frontend_react_006,memgpt_style,frontend/react,synthetic,semi,completed_tasks,3,2,2,1.0,0.6667,0.8,71,277,3.9,0.26342599994677585,9
gen_frontend_react_006,memgpt_style,frontend/react,synthetic,semi,pending_tasks,3,2,0,0.0,0.0,0.0,71,277,3.9,0.26342599994677585,9
gen_frontend_react_006,memgpt_style,frontend/react,synthetic,semi,decisions,3,3,2,0.6667,0.6667,0.6667,71,277,3.9,0.26342599994677585,9
gen_frontend_react_006,memgpt_style,frontend/react,synthetic,semi,files,4,2,1,0.5,0.25,0.3333,71,277,3.9,0.26342599994677585,9
gen_frontend_react_006,memgpt_style,frontend/react,synthetic,semi,errors,2,0,0,1.0,0.0,0.0,71,277,3.9,0.26342599994677585,9
gen_frontend_react_006,sliding_window_10,frontend/react,synthetic,semi,completed_tasks,3,12,2,0.1667,0.6667,0.2667,121,277,2.29,0.0034419999792589806,12
gen_frontend_react_006,sliding_window_10,frontend/react,synthetic,semi,pending_tasks,3,12,1,0.0833,0.3333,0.1333,121,277,2.29,0.0034419999792589806,12
gen_frontend_react_006,sliding_window_10,frontend/react,synthetic,semi,decisions,3,12,2,0.1667,0.6667,0.2667,121,277,2.29,0.0034419999792589806,12
gen_frontend_react_006,sliding_window_10,frontend/react,synthetic,semi,files,4,12,2,0.1667,0.5,0.25,121,277,2.29,0.0034419999792589806,12
gen_frontend_react_006,sliding_window_10,frontend/react,synthetic,semi,errors,2,12,0,0.0,0.0,0.0,121,277,2.29,0.0034419999792589806,12
gen_frontend_react_006,naive_truncation,frontend/react,synthetic,semi,completed_tasks,3,28,3,0.1071,1.0,0.1935,293,277,0.95,0.015515000086452346,28
gen_frontend_react_006,naive_truncation,frontend/react,synthetic,semi,pending_tasks,3,28,3,0.1071,1.0,0.1935,293,277,0.95,0.015515000086452346,28
gen_frontend_react_006,naive_truncation,frontend/react,synthetic,semi,decisions,3,28,3,0.1071,1.0,0.1935,293,277,0.95,0.015515000086452346,28
gen_frontend_react_006,naive_truncation,frontend/react,synthetic,semi,files,4,28,4,0.1429,1.0,0.25,293,277,0.95,0.015515000086452346,28
gen_frontend_react_006,naive_truncation,frontend/react,synthetic,semi,errors,2,28,2,0.0714,1.0,0.1333,293,277,0.95,0.015515000086452346,28
gen_frontend_react_006,naive_summary,frontend/react,synthetic,semi,completed_tasks,3,17,1,0.0588,0.3333,0.1,172,277,1.61,0.051543000154197216,17
gen_frontend_react_006,naive_summary,frontend/react,synthetic,semi,pending_tasks,3,17,2,0.1176,0.6667,0.2,172,277,1.61,0.051543000154197216,17
gen_frontend_react_006,naive_summary,frontend/react,synthetic,semi,decisions,3,17,1,0.0588,0.3333,0.1,172,277,1.61,0.051543000154197216,17
gen_frontend_react_006,naive_summary,frontend/react,synthetic,semi,files,4,17,2,0.1176,0.5,0.1905,172,277,1.61,0.051543000154197216,17
gen_frontend_react_006,naive_summary,frontend/react,synthetic,semi,errors,2,17,2,0.1176,1.0,0.2105,172,277,1.61,0.051543000154197216,17
gen_infra_terraform_001,tokenmizer_v0.5.2,infra/terraform,synthetic,implicit,completed_tasks,4,1,1,1.0,0.25,0.4,135,480,3.56,246.189503000096,12
gen_infra_terraform_001,tokenmizer_v0.5.2,infra/terraform,synthetic,implicit,pending_tasks,3,0,0,1.0,0.0,0.0,135,480,3.56,246.189503000096,12
gen_infra_terraform_001,tokenmizer_v0.5.2,infra/terraform,synthetic,implicit,decisions,5,4,4,1.0,0.8,0.8889,135,480,3.56,246.189503000096,12
gen_infra_terraform_001,tokenmizer_v0.5.2,infra/terraform,synthetic,implicit,files,5,5,5,1.0,1.0,1.0,135,480,3.56,246.189503000096,12
gen_infra_terraform_001,tokenmizer_v0.5.2,infra/terraform,synthetic,implicit,errors,1,2,1,1.0,1.0,1.0,135,480,3.56,246.189503000096,12
gen_infra_terraform_001,graphiti_style,infra/terraform,synthetic,implicit,completed_tasks,4,0,0,1.0,0.0,0.0,56,480,8.57,1.1919990001842962,9
gen_infra_terraform_001,graphiti_style,infra/terraform,synthetic,implicit,pending_tasks,3,2,0,0.0,0.0,0.0,56,480,8.57,1.1919990001842962,9
gen_infra_terraform_001,graphiti_style,infra/terraform,synthetic,implicit,decisions,5,1,0,0.0,0.0,0.0,56,480,8.57,1.1919990001842962,9
gen_infra_terraform_001,graphiti_style,infra/terraform,synthetic,implicit,files,5,5,5,1.0,1.0,1.0,56,480,8.57,1.1919990001842962,9
gen_infra_terraform_001,graphiti_style,infra/terraform,synthetic,implicit,errors,1,1,0,0.0,0.0,0.0,56,480,8.57,1.1919990001842962,9
gen_infra_terraform_001,graphrag_style,infra/terraform,synthetic,implicit,completed_tasks,4,0,0,1.0,0.0,0.0,70,480,6.86,0.6230099997992511,10
gen_infra_terraform_001,graphrag_style,infra/terraform,synthetic,implicit,pending_tasks,3,2,0,0.0,0.0,0.0,70,480,6.86,0.6230099997992511,10
gen_infra_terraform_001,graphrag_style,infra/terraform,synthetic,implicit,decisions,5,1,0,0.0,0.0,0.0,70,480,6.86,0.6230099997992511,10
gen_infra_terraform_001,graphrag_style,infra/terraform,synthetic,implicit,files,5,5,5,1.0,1.0,1.0,70,480,6.86,0.6230099997992511,10
gen_infra_terraform_001,graphrag_style,infra/terraform,synthetic,implicit,errors,1,2,1,0.5,1.0,0.6667,70,480,6.86,0.6230099997992511,10
gen_infra_terraform_001,mem0_style,infra/terraform,synthetic,implicit,completed_tasks,4,0,0,1.0,0.0,0.0,55,480,8.73,1.2301239994485513,9
gen_infra_terraform_001,mem0_style,infra/terraform,synthetic,implicit,pending_tasks,3,2,0,0.0,0.0,0.0,55,480,8.73,1.2301239994485513,9
gen_infra_terraform_001,mem0_style,infra/terraform,synthetic,implicit,decisions,5,1,0,0.0,0.0,0.0,55,480,8.73,1.2301239994485513,9
gen_infra_terraform_001,mem0_style,infra/terraform,synthetic,implicit,files,5,5,5,1.0,1.0,1.0,55,480,8.73,1.2301239994485513,9
gen_infra_terraform_001,mem0_style,infra/terraform,synthetic,implicit,errors,1,1,0,0.0,0.0,0.0,55,480,8.73,1.2301239994485513,9
gen_infra_terraform_001,memgpt_style,infra/terraform,synthetic,implicit,completed_tasks,4,0,0,1.0,0.0,0.0,38,480,12.63,0.43210500007262453,6
gen_infra_terraform_001,memgpt_style,infra/terraform,synthetic,implicit,pending_tasks,3,1,0,0.0,0.0,0.0,38,480,12.63,0.43210500007262453,6
gen_infra_terraform_001,memgpt_style,infra/terraform,synthetic,implicit,decisions,5,1,0,0.0,0.0,0.0,38,480,12.63,0.43210500007262453,6
gen_infra_terraform_001,memgpt_style,infra/terraform,synthetic,implicit,files,5,4,4,1.0,0.8,0.8889,38,480,12.63,0.43210500007262453,6
gen_infra_terraform_001,memgpt_style,infra/terraform,synthetic,implicit,errors,1,0,0,1.0,0.0,0.0,38,480,12.63,0.43210500007262453,6
gen_infra_terraform_001,sliding_window_10,infra/terraform,synthetic,implicit,completed_tasks,4,12,1,0.0833,0.25,0.125,187,480,2.57,0.003043000106117688,12
gen_infra_terraform_001,sliding_window_10,infra/terraform,synthetic,implicit,pending_tasks,3,12,0,0.0,0.0,0.0,187,480,2.57,0.003043000106117688,12
gen_infra_terraform_001,sliding_window_10,infra/terraform,synthetic,implicit,decisions,5,12,1,0.0833,0.2,0.1176,187,480,2.57,0.003043000106117688,12
gen_infra_terraform_001,sliding_window_10,infra/terraform,synthetic,implicit,files,5,12,4,0.3333,0.8,0.4706,187,480,2.57,0.003043000106117688,12
gen_infra_terraform_001,sliding_window_10,infra/terraform,synthetic,implicit,errors,1,12,1,0.0833,1.0,0.1538,187,480,2.57,0.003043000106117688,12
gen_infra_terraform_001,naive_truncation,infra/terraform,synthetic,implicit,completed_tasks,4,19,2,0.1053,0.5,0.1739,308,480,1.56,0.012040000001434237,19
gen_infra_terraform_001,naive_truncation,infra/terraform,synthetic,implicit,pending_tasks,3,19,2,0.1053,0.6667,0.1818,308,480,1.56,0.012040000001434237,19
gen_infra_terraform_001,naive_truncation,infra/terraform,synthetic,implicit,decisions,5,19,2,0.1053,0.4,0.1667,308,480,1.56,0.012040000001434237,19
gen_infra_terraform_001,naive_truncation,infra/terraform,synthetic,implicit,files,5,19,5,0.2632,1.0,0.4167,308,480,1.56,0.012040000001434237,19
gen_infra_terraform_001,naive_truncation,infra/terraform,synthetic,implicit,errors,1,19,1,0.0526,1.0,0.1,308,480,1.56,0.012040000001434237,19
gen_infra_terraform_001,naive_summary,infra/terraform,synthetic,implicit,completed_tasks,4,10,2,0.2,0.5,0.2857,172,480,2.79,0.04842300040763803,10
gen_infra_terraform_001,naive_summary,infra/terraform,synthetic,implicit,pending_tasks,3,10,1,0.1,0.3333,0.1538,172,480,2.79,0.04842300040763803,10
gen_infra_terraform_001,naive_summary,infra/terraform,synthetic,implicit,decisions,5,10,3,0.3,0.6,0.4,172,480,2.79,0.04842300040763803,10
gen_infra_terraform_001,naive_summary,infra/terraform,synthetic,implicit,files,5,10,0,0.0,0.0,0.0,172,480,2.79,0.04842300040763803,10
gen_infra_terraform_001,naive_summary,infra/terraform,synthetic,implicit,errors,1,10,0,0.0,0.0,0.0,172,480,2.79,0.04842300040763803,10
gen_infra_terraform_002,tokenmizer_v0.5.2,infra/terraform,synthetic,implicit,completed_tasks,4,2,2,1.0,0.5,0.6667,91,387,4.25,215.64083700013725,11
gen_infra_terraform_002,tokenmizer_v0.5.2,infra/terraform,synthetic,implicit,pending_tasks,4,3,3,1.0,0.75,0.8571,91,387,4.25,215.64083700013725,11
gen_infra_terraform_002,tokenmizer_v0.5.2,infra/terraform,synthetic,implicit,decisions,2,3,2,0.6667,1.0,0.8,91,387,4.25,215.64083700013725,11
gen_infra_terraform_002,tokenmizer_v0.5.2,infra/terraform,synthetic,implicit,files,3,3,3,1.0,1.0,1.0,91,387,4.25,215.64083700013725,11
gen_infra_terraform_002,tokenmizer_v0.5.2,infra/terraform,synthetic,implicit,errors,1,0,0,1.0,0.0,0.0,91,387,4.25,215.64083700013725,11
gen_infra_terraform_002,graphiti_style,infra/terraform,synthetic,implicit,completed_tasks,4,0,0,1.0,0.0,0.0,41,387,9.44,0.9979529995689518,7
gen_infra_terraform_002,graphiti_style,infra/terraform,synthetic,implicit,pending_tasks,4,2,0,0.0,0.0,0.0,41,387,9.44,0.9979529995689518,7
gen_infra_terraform_002,graphiti_style,infra/terraform,synthetic,implicit,decisions,2,1,0,0.0,0.0,0.0,41,387,9.44,0.9979529995689518,7
gen_infra_terraform_002,graphiti_style,infra/terraform,synthetic,implicit,files,3,3,3,1.0,1.0,1.0,41,387,9.44,0.9979529995689518,7
gen_infra_terraform_002,graphiti_style,infra/terraform,synthetic,implicit,errors,1,1,0,0.0,0.0,0.0,41,387,9.44,0.9979529995689518,7
gen_infra_terraform_002,graphrag_style,infra/terraform,synthetic,implicit,completed_tasks,4,0,0,1.0,0.0,0.0,36,387,10.75,0.47941100001480663,6
gen_infra_terraform_002,graphrag_style,infra/terraform,synthetic,implicit,pending_tasks,4,2,0,0.0,0.0,0.0,36,387,10.75,0.47941100001480663,6
gen_infra_terraform_002,graphrag_style,infra/terraform,synthetic,implicit,decisions,2,0,0,1.0,0.0,0.0,36,387,10.75,0.47941100001480663,6
gen_infra_terraform_002,graphrag_style,infra/terraform,synthetic,implicit,files,3,3,3,1.0,1.0,1.0,36,387,10.75,0.47941100001480663,6
gen_infra_terraform_002,graphrag_style,infra/terraform,synthetic,implicit,errors,1,1,0,0.0,0.0,0.0,36,387,10.75,0.47941100001480663,6
gen_infra_terraform_002,mem0_style,infra/terraform,synthetic,implicit,completed_tasks,4,0,0,1.0,0.0,0.0,40,387,9.68,0.9640299995226087,7
gen_infra_terraform_002,mem0_style,infra/terraform,synthetic,implicit,pending_tasks,4,2,0,0.0,0.0,0.0,40,387,9.68,0.9640299995226087,7
gen_infra_terraform_002,mem0_style,infra/terraform,synthetic,implicit,decisions,2,1,0,0.0,0.0,0.0,40,387,9.68,0.9640299995226087,7
gen_infra_terraform_002,mem0_style,infra/terraform,synthetic,implicit,files,3,3,3,1.0,1.0,1.0,40,387,9.68,0.9640299995226087,7
gen_infra_terraform_002,mem0_style,infra/terraform,synthetic,implicit,errors,1,1,0,0.0,0.0,0.0,40,387,9.68,0.9640299995226087,7
gen_infra_terraform_002,memgpt_style,infra/terraform,synthetic,implicit,completed_tasks,4,0,0,1.0,0.0,0.0,23,387,16.83,0.41992400019807974,3
gen_infra_terraform_002,memgpt_style,infra/terraform,synthetic,implicit,pending_tasks,4,1,0,0.0,0.0,0.0,23,387,16.83,0.41992400019807974,3
gen_infra_terraform_002,memgpt_style,infra/terraform,synthetic,implicit,decisions,2,0,0,1.0,0.0,0.0,23,387,16.83,0.41992400019807974,3
gen_infra_terraform_002,memgpt_style,infra/terraform,synthetic,implicit,files,3,1,1,1.0,0.3333,0.5,23,387,16.83,0.41992400019807974,3
gen_infra_terraform_002,memgpt_style,infra/terraform,synthetic,implicit,errors,1,1,0,0.0,0.0,0.0,23,387,16.83,0.41992400019807974,3
gen_infra_terraform_002,sliding_window_10,infra/terraform,synthetic,implicit,completed_tasks,4,12,3,0.25,0.75,0.375,186,387,2.08,0.00337999972543912,12
gen_infra_terraform_002,sliding_window_10,infra/terraform,synthetic,implicit,pending_tasks,4,12,3,0.25,0.75,0.375,186,387,2.08,0.00337999972543912,12
gen_infra_terraform_002,sliding_window_10,infra/terraform,synthetic,implicit,decisions,2,12,0,0.0,0.0,0.0,186,387,2.08,0.00337999972543912,12
gen_infra_terraform_002,sliding_window_10,infra/terraform,synthetic,implicit,files,3,12,1,0.0833,0.3333,0.1333,186,387,2.08,0.00337999972543912,12
gen_infra_terraform_002,sliding_window_10,infra/terraform,synthetic,implicit,errors,1,12,0,0.0,0.0,0.0,186,387,2.08,0.00337999972543912,12
gen_infra_terraform_002,naive_truncation,infra/terraform,synthetic,implicit,completed_tasks,4,19,4,0.2105,1.0,0.3478,291,387,1.33,0.01110399989556754,19
gen_infra_terraform_002,naive_truncation,infra/terraform,synthetic,implicit,pending_tasks,4,19,3,0.1579,0.75,0.2609,291,387,1.33,0.01110399989556754,19
gen_infra_terraform_002,naive_truncation,infra/terraform,synthetic,implicit,decisions,2,19,1,0.0526,0.5,0.0952,291,387,1.33,0.01110399989556754,19
gen_infra_terraform_002,naive_truncation,infra/terraform,synthetic,implicit,files,3,19,3,0.1579,1.0,0.2727,291,387,1.33,0.01110399989556754,19
gen_infra_terraform_002,naive_truncation,infra/terraform,synthetic,implicit,errors,1,19,0,0.0,0.0,0.0,291,387,1.33,0.01110399989556754,19
gen_infra_terraform_002,naive_summary,infra/terraform,synthetic,implicit,completed_tasks,4,13,0,0.0,0.0,0.0,190,387,2.04,0.03430600008869078,13
gen_infra_terraform_002,naive_summary,infra/terraform,synthetic,implicit,pending_tasks,4,13,1,0.0769,0.25,0.1176,190,387,2.04,0.03430600008869078,13
gen_infra_terraform_002,naive_summary,infra/terraform,synthetic,implicit,decisions,2,13,2,0.1538,1.0,0.2667,190,387,2.04,0.03430600008869078,13
gen_infra_terraform_002,naive_summary,infra/terraform,synthetic,implicit,files,3,13,2,0.1538,0.6667,0.25,190,387,2.04,0.03430600008869078,13
gen_infra_terraform_002,naive_summary,infra/terraform,synthetic,implicit,errors,1,13,1,0.0769,1.0,0.1429,190,387,2.04,0.03430600008869078,13
gen_infra_terraform_003,tokenmizer_v0.5.2,infra/terraform,synthetic,implicit,completed_tasks,4,2,2,1.0,0.5,0.6667,94,404,4.3,222.5442879998809,11
gen_infra_terraform_003,tokenmizer_v0.5.2,infra/terraform,synthetic,implicit,pending_tasks,2,1,1,1.0,0.5,0.6667,94,404,4.3,222.5442879998809,11
gen_infra_terraform_003,tokenmizer_v0.5.2,infra/terraform,synthetic,implicit,decisions,2,2,2,1.0,1.0,1.0,94,404,4.3,222.5442879998809,11
gen_infra_terraform_003,tokenmizer_v0.5.2,infra/terraform,synthetic,implicit,files,6,6,6,1.0,1.0,1.0,94,404,4.3,222.5442879998809,11
gen_infra_terraform_003,tokenmizer_v0.5.2,infra/terraform,synthetic,implicit,errors,1,0,0,1.0,0.0,0.0,94,404,4.3,222.5442879998809,11
gen_infra_terraform_003,graphiti_style,infra/terraform,synthetic,implicit,completed_tasks,4,0,0,1.0,0.0,0.0,47,404,8.6,1.0977450001519173,8
gen_infra_terraform_003,graphiti_style,infra/terraform,synthetic,implicit,pending_tasks,2,1,0,0.0,0.0,0.0,47,404,8.6,1.0977450001519173,8
gen_infra_terraform_003,graphiti_style,infra/terraform,synthetic,implicit,decisions,2,1,0,0.0,0.0,0.0,47,404,8.6,1.0977450001519173,8
gen_infra_terraform_003,graphiti_style,infra/terraform,synthetic,implicit,files,6,6,6,1.0,1.0,1.0,47,404,8.6,1.0977450001519173,8
gen_infra_terraform_003,graphiti_style,infra/terraform,synthetic,implicit,errors,1,0,0,1.0,0.0,0.0,47,404,8.6,1.0977450001519173,8
gen_infra_terraform_003,graphrag_style,infra/terraform,synthetic,implicit,completed_tasks,4,0,0,1.0,0.0,0.0,47,404,8.6,0.4778680004164926,8
gen_infra_terraform_003,graphrag_style,infra/terraform,synthetic,implicit,pending_tasks,2,1,0,0.0,0.0,0.0,47,404,8.6,0.4778680004164926,8
gen_infra_terraform_003,graphrag_style,infra/terraform,synthetic,implicit,decisions,2,1,0,0.0,0.0,0.0,47,404,8.6,0.4778680004164926,8
gen_infra_terraform_003,graphrag_style,infra/terraform,synthetic,implicit,files,6,6,6,1.0,1.0,1.0,47,404,8.6,0.4778680004164926,8
gen_infra_terraform_003,graphrag_style,infra/terraform,synthetic,implicit,errors,1,0,0,1.0,0.0,0.0,47,404,8.6,0.4778680004164926,8
gen_infra_terraform_003,mem0_style,infra/terraform,synthetic,implicit,completed_tasks,4,0,0,1.0,0.0,0.0,46,404,8.78,1.034061000609654,8
gen_infra_terraform_003,mem0_style,infra/terraform,synthetic,implicit,pending_tasks,2,1,0,0.0,0.0,0.0,46,404,8.78,1.034061000609654,8
gen_infra_terraform_003,mem0_style,infra/terraform,synthetic,implicit,decisions,2,1,0,0.0,0.0,0.0,46,404,8.78,1.034061000609654,8
gen_infra_terraform_003,mem0_style,infra/terraform,synthetic,implicit,files,6,6,6,1.0,1.0,1.0,46,404,8.78,1.034061000609654,8
gen_infra_terraform_003,mem0_style,infra/terraform,synthetic,implicit,errors,1,0,0,1.0,0.0,0.0,46,404,8.78,1.034061000609654,8
gen_infra_terraform_003,memgpt_style,infra/terraform,synthetic,implicit,completed_tasks,4,0,0,1.0,0.0,0.0,32,404,12.62,0.3765210003621178,5
gen_infra_terraform_003,memgpt_style,infra/terraform,synthetic,implicit,pending_tasks,2,0,0,1.0,0.0,0.0,32,404,12.62,0.3765210003621178,5
gen_infra_terraform_003,memgpt_style,infra/terraform,synthetic,implicit,decisions,2,1,0,0.0,0.0,0.0,32,404,12.62,0.3765210003621178,5
gen_infra_terraform_003,memgpt_style,infra/terraform,synthetic,implicit,files,6,4,4,1.0,0.6667,0.8,32,404,12.62,0.3765210003621178,5
gen_infra_terraform_003,memgpt_style,infra/terraform,synthetic,implicit,errors,1,0,0,1.0,0.0,0.0,32,404,12.62,0.3765210003621178,5
gen_infra_terraform_003,sliding_window_10,infra/terraform,synthetic,implicit,completed_tasks,4,12,2,0.1667,0.5,0.25,177,404,2.28,0.002388999746472109,12
gen_infra_terraform_003,sliding_window_10,infra/terraform,synthetic,implicit,pending_tasks,2,12,0,0.0,0.0,0.0,177,404,2.28,0.002388999746472109,12
gen_infra_terraform_003,sliding_window_10,infra/terraform,synthetic,implicit,decisions,2,12,1,0.0833,0.5,0.1429,177,404,2.28,0.002388999746472109,12
gen_infra_terraform_003,sliding_window_10,infra/terraform,synthetic,implicit,files,6,12,4,0.3333,0.6667,0.4444,177,404,2.28,0.002388999746472109,12
gen_infra_terraform_003,sliding_window_10,infra/terraform,synthetic,implicit,errors,1,12,0,0.0,0.0,0.0,177,404,2.28,0.002388999746472109,12
gen_infra_terraform_003,naive_truncation,infra/terraform,synthetic,implicit,completed_tasks,4,20,3,0.15,0.75,0.25,282,404,1.43,0.012098999832232948,20
gen_infra_terraform_003,naive_truncation,infra/terraform,synthetic,implicit,pending_tasks,2,20,0,0.0,0.0,0.0,282,404,1.43,0.012098999832232948,20
gen_infra_terraform_003,naive_truncation,infra/terraform,synthetic,implicit,decisions,2,20,1,0.05,0.5,0.0909,282,404,1.43,0.012098999832232948,20
gen_infra_terraform_003,naive_truncation,infra/terraform,synthetic,implicit,files,6,20,6,0.3,1.0,0.4615,282,404,1.43,0.012098999832232948,20
gen_infra_terraform_003,naive_truncation,infra/terraform,synthetic,implicit,errors,1,20,1,0.05,1.0,0.0952,282,404,1.43,0.012098999832232948,20
gen_infra_terraform_003,naive_summary,infra/terraform,synthetic,implicit,completed_tasks,4,13,1,0.0769,0.25,0.1176,171,404,2.36,0.0361319998773979,13
gen_infra_terraform_003,naive_summary,infra/terraform,synthetic,implicit,pending_tasks,2,13,2,0.1538,1.0,0.2667,171,404,2.36,0.0361319998773979,13
gen_infra_terraform_003,naive_summary,infra/terraform,synthetic,implicit,decisions,2,13,1,0.0769,0.5,0.1333,171,404,2.36,0.0361319998773979,13
gen_infra_terraform_003,naive_summary,infra/terraform,synthetic,implicit,files,6,13,0,0.0,0.0,0.0,171,404,2.36,0.0361319998773979,13
gen_infra_terraform_003,naive_summary,infra/terraform,synthetic,implicit,errors,1,13,1,0.0769,1.0,0.1429,171,404,2.36,0.0361319998773979,13
gen_infra_terraform_004,tokenmizer_v0.5.2,infra/terraform,synthetic,implicit,completed_tasks,7,4,3,0.75,0.4286,0.5455,140,576,4.11,231.36202199930267,16
gen_infra_terraform_004,tokenmizer_v0.5.2,infra/terraform,synthetic,implicit,pending_tasks,4,3,3,1.0,0.75,0.8571,140,576,4.11,231.36202199930267,16
gen_infra_terraform_004,tokenmizer_v0.5.2,infra/terraform,synthetic,implicit,decisions,4,4,4,1.0,1.0,1.0,140,576,4.11,231.36202199930267,16
gen_infra_terraform_004,tokenmizer_v0.5.2,infra/terraform,synthetic,implicit,files,5,5,5,1.0,1.0,1.0,140,576,4.11,231.36202199930267,16
gen_infra_terraform_004,tokenmizer_v0.5.2,infra/terraform,synthetic,implicit,errors,1,0,0,1.0,0.0,0.0,140,576,4.11,231.36202199930267,16
gen_infra_terraform_004,graphiti_style,infra/terraform,synthetic,implicit,completed_tasks,7,1,0,0.0,0.0,0.0,54,576,10.67,1.5163039997787564,8
gen_infra_terraform_004,graphiti_style,infra/terraform,synthetic,implicit,pending_tasks,4,2,0,0.0,0.0,0.0,54,576,10.67,1.5163039997787564,8
gen_infra_terraform_004,graphiti_style,infra/terraform,synthetic,implicit,decisions,4,0,0,1.0,0.0,0.0,54,576,10.67,1.5163039997787564,8
gen_infra_terraform_004,graphiti_style,infra/terraform,synthetic,implicit,files,5,5,5,1.0,1.0,1.0,54,576,10.67,1.5163039997787564,8
gen_infra_terraform_004,graphiti_style,infra/terraform,synthetic,implicit,errors,1,0,0,1.0,0.0,0.0,54,576,10.67,1.5163039997787564,8
gen_infra_terraform_004,graphrag_style,infra/terraform,synthetic,implicit,completed_tasks,7,0,0,1.0,0.0,0.0,43,576,13.4,0.7410339994748938,7
gen_infra_terraform_004,graphrag_style,infra/terraform,synthetic,implicit,pending_tasks,4,2,0,0.0,0.0,0.0,43,576,13.4,0.7410339994748938,7
gen_infra_terraform_004,graphrag_style,infra/terraform,synthetic,implicit,decisions,4,0,0,1.0,0.0,0.0,43,576,13.4,0.7410339994748938,7
gen_infra_terraform_004,graphrag_style,infra/terraform,synthetic,implicit,files,5,5,5,1.0,1.0,1.0,43,576,13.4,0.7410339994748938,7
gen_infra_terraform_004,graphrag_style,infra/terraform,synthetic,implicit,errors,1,0,0,1.0,0.0,0.0,43,576,13.4,0.7410339994748938,7
gen_infra_terraform_004,mem0_style,infra/terraform,synthetic,implicit,completed_tasks,7,1,0,0.0,0.0,0.0,53,576,10.87,1.6494499996042578,8
gen_infra_terraform_004,mem0_style,infra/terraform,synthetic,implicit,pending_tasks,4,2,0,0.0,0.0,0.0,53,576,10.87,1.6494499996042578,8
gen_infra_terraform_004,mem0_style,infra/terraform,synthetic,implicit,decisions,4,0,0,1.0,0.0,0.0,53,576,10.87,1.6494499996042578,8
gen_infra_terraform_004,mem0_style,infra/terraform,synthetic,implicit,files,5,5,5,1.0,1.0,1.0,53,576,10.87,1.6494499996042578,8
gen_infra_terraform_004,mem0_style,infra/terraform,synthetic,implicit,errors,1,0,0,1.0,0.0,0.0,53,576,10.87,1.6494499996042578,8
gen_infra_terraform_004,memgpt_style,infra/terraform,synthetic,implicit,completed_tasks,7,0,0,1.0,0.0,0.0,27,576,21.33,0.5164209997019498,4
gen_infra_terraform_004,memgpt_style,infra/terraform,synthetic,implicit,pending_tasks,4,1,0,0.0,0.0,0.0,27,576,21.33,0.5164209997019498,4
gen_infra_terraform_004,memgpt_style,infra/terraform,synthetic,implicit,decisions,4,0,0,1.0,0.0,0.0,27,576,21.33,0.5164209997019498,4
gen_infra_terraform_004,memgpt_style,infra/terraform,synthetic,implicit,files,5,3,3,1.0,0.6,0.75,27,576,21.33,0.5164209997019498,4
gen_infra_terraform_004,memgpt_style,infra/terraform,synthetic,implicit,errors,1,0,0,1.0,0.0,0.0,27,576,21.33,0.5164209997019498,4
gen_infra_terraform_004,sliding_window_10,infra/terraform,synthetic,implicit,completed_tasks,7,12,4,0.3333,0.5714,0.4211,181,576,3.18,0.003262000063841697,12
gen_infra_terraform_004,sliding_window_10,infra/terraform,synthetic,implicit,pending_tasks,4,12,1,0.0833,0.25,0.125,181,576,3.18,0.003262000063841697,12
gen_infra_terraform_004,sliding_window_10,infra/terraform,synthetic,implicit,decisions,4,12,0,0.0,0.0,0.0,181,576,3.18,0.003262000063841697,12
gen_infra_terraform_004,sliding_window_10,infra/terraform,synthetic,implicit,files,5,12,2,0.1667,0.4,0.2353,181,576,3.18,0.003262000063841697,12
gen_infra_terraform_004,sliding_window_10,infra/terraform,synthetic,implicit,errors,1,12,0,0.0,0.0,0.0,181,576,3.18,0.003262000063841697,12
gen_infra_terraform_004,naive_truncation,infra/terraform,synthetic,implicit,completed_tasks,7,18,4,0.2222,0.5714,0.32,264,576,2.18,0.013089000276522711,18
gen_infra_terraform_004,naive_truncation,infra/terraform,synthetic,implicit,pending_tasks,4,18,1,0.0556,0.25,0.0909,264,576,2.18,0.013089000276522711,18
gen_infra_terraform_004,naive_truncation,infra/terraform,synthetic,implicit,decisions,4,18,1,0.0556,0.25,0.0909,264,576,2.18,0.013089000276522711,18
gen_infra_terraform_004,naive_truncation,infra/terraform,synthetic,implicit,files,5,18,3,0.1667,0.6,0.2609,264,576,2.18,0.013089000276522711,18
gen_infra_terraform_004,naive_truncation,infra/terraform,synthetic,implicit,errors,1,18,1,0.0556,1.0,0.1053,264,576,2.18,0.013089000276522711,18
gen_infra_terraform_004,naive_summary,infra/terraform,synthetic,implicit,completed_tasks,7,12,2,0.1667,0.2857,0.2105,170,576,3.39,0.04762199932883959,12
gen_infra_terraform_004,naive_summary,infra/terraform,synthetic,implicit,pending_tasks,4,12,1,0.0833,0.25,0.125,170,576,3.39,0.04762199932883959,12
gen_infra_terraform_004,naive_summary,infra/terraform,synthetic,implicit,decisions,4,12,1,0.0833,0.25,0.125,170,576,3.39,0.04762199932883959,12
gen_infra_terraform_004,naive_summary,infra/terraform,synthetic,implicit,files,5,12,1,0.0833,0.2,0.1176,170,576,3.39,0.04762199932883959,12
gen_infra_terraform_004,naive_summary,infra/terraform,synthetic,implicit,errors,1,12,0,0.0,0.0,0.0,170,576,3.39,0.04762199932883959,12
gen_infra_terraform_005,tokenmizer_v0.5.2,infra/terraform,synthetic,implicit,completed_tasks,3,1,0,0.0,0.0,0.0,101,408,4.04,226.4935039993361,10
gen_infra_terraform_005,tokenmizer_v0.5.2,infra/terraform,synthetic,implicit,pending_tasks,4,2,2,1.0,0.5,0.6667,101,408,4.04,226.4935039993361,10
gen_infra_terraform_005,tokenmizer_v0.5.2,infra/terraform,synthetic,implicit,decisions,6,5,5,1.0,0.8333,0.9091,101,408,4.04,226.4935039993361,10
gen_infra_terraform_005,tokenmizer_v0.5.2,infra/terraform,synthetic,implicit,files,2,2,2,1.0,1.0,1.0,101,408,4.04,226.4935039993361,10
gen_infra_terraform_005,graphiti_style,infra/terraform,synthetic,implicit,completed_tasks,3,1,0,0.0,0.0,0.0,37,408,11.03,1.092584999241808,6
gen_infra_terraform_005,graphiti_style,infra/terraform,synthetic,implicit,pending_tasks,4,1,0,0.0,0.0,0.0,37,408,11.03,1.092584999241808,6
gen_infra_terraform_005,graphiti_style,infra/terraform,synthetic,implicit,decisions,6,2,0,0.0,0.0,0.0,37,408,11.03,1.092584999241808,6
gen_infra_terraform_005,graphiti_style,infra/terraform,synthetic,implicit,files,2,2,2,1.0,1.0,1.0,37,408,11.03,1.092584999241808,6
gen_infra_terraform_005,graphrag_style,infra/terraform,synthetic,implicit,completed_tasks,3,0,0,1.0,0.0,0.0,23,408,17.74,0.5224200003794977,4
gen_infra_terraform_005,graphrag_style,infra/terraform,synthetic,implicit,pending_tasks,4,1,0,0.0,0.0,0.0,23,408,17.74,0.5224200003794977,4
gen_infra_terraform_005,graphrag_style,infra/terraform,synthetic,implicit,decisions,6,1,0,0.0,0.0,0.0,23,408,17.74,0.5224200003794977,4
gen_infra_terraform_005,graphrag_style,infra/terraform,synthetic,implicit,files,2,2,2,1.0,1.0,1.0,23,408,17.74,0.5224200003794977,4
gen_infra_terraform_005,mem0_style,infra/terraform,synthetic,implicit,completed_tasks,3,1,0,0.0,0.0,0.0,36,408,11.33,0.9923800007527461,6
gen_infra_terraform_005,mem0_style,infra/terraform,synthetic,implicit,pending_tasks,4,1,0,0.0,0.0,0.0,36,408,11.33,0.9923800007527461,6
gen_infra_terraform_005,mem0_style,infra/terraform,synthetic,implicit,decisions,6,2,0,0.0,0.0,0.0,36,408,11.33,0.9923800007527461,6
gen_infra_terraform_005,mem0_style,infra/terraform,synthetic,implicit,files,2,2,2,1.0,1.0,1.0,36,408,11.33,0.9923800007527461,6
gen_infra_terraform_005,memgpt_style,infra/terraform,synthetic,implicit,completed_tasks,3,0,0,1.0,0.0,0.0,13,408,31.38,0.34408800001983764,2
gen_infra_terraform_005,memgpt_style,infra/terraform,synthetic,implicit,pending_tasks,4,0,0,1.0,0.0,0.0,13,408,31.38,0.34408800001983764,2
gen_infra_terraform_005,memgpt_style,infra/terraform,synthetic,implicit,decisions,6,1,0,0.0,0.0,0.0,13,408,31.38,0.34408800001983764,2
gen_infra_terraform_005,memgpt_style,infra/terraform,synthetic,implicit,files,2,1,1,1.0,0.5,0.6667,13,408,31.38,0.34408800001983764,2
gen_infra_terraform_005,sliding_window_10,infra/terraform,synthetic,implicit,completed_tasks,3,13,0,0.0,0.0,0.0,206,408,1.98,0.003078999725403264,13
gen_infra_terraform_005,sliding_window_10,infra/terraform,synthetic,implicit,pending_tasks,4,13,3,0.2308,0.75,0.3529,206,408,1.98,0.003078999725403264,13
gen_infra_terraform_005,sliding_window_10,infra/terraform,synthetic,implicit,decisions,6,13,3,0.2308,0.5,0.3158,206,408,1.98,0.003078999725403264,13
gen_infra_terraform_005,sliding_window_10,infra/terraform,synthetic,implicit,files,2,13,2,0.1538,1.0,0.2667,206,408,1.98,0.003078999725403264,13
gen_infra_terraform_005,sliding_window_10,infra/terraform,synthetic,implicit,errors,0,13,0,0.0,1.0,0.0,206,408,1.98,0.003078999725403264,13
gen_infra_terraform_005,naive_truncation,infra/terraform,synthetic,implicit,completed_tasks,3,18,2,0.1111,0.6667,0.1905,290,408,1.41,0.01736699960019905,18
gen_infra_terraform_005,naive_truncation,infra/terraform,synthetic,implicit,pending_tasks,4,18,4,0.2222,1.0,0.3636,290,408,1.41,0.01736699960019905,18
gen_infra_terraform_005,naive_truncation,infra/terraform,synthetic,implicit,decisions,6,18,3,0.1667,0.5,0.25,290,408,1.41,0.01736699960019905,18
gen_infra_terraform_005,naive_truncation,infra/terraform,synthetic,implicit,files,2,18,2,0.1111,1.0,0.2,290,408,1.41,0.01736699960019905,18
gen_infra_terraform_005,naive_truncation,infra/terraform,synthetic,implicit,errors,0,18,0,0.0,1.0,0.0,290,408,1.41,0.01736699960019905,18
gen_infra_terraform_005,naive_summary,infra/terraform,synthetic,implicit,completed_tasks,3,13,2,0.1538,0.6667,0.25,174,408,2.34,0.03704999926412711,13
gen_infra_terraform_005,naive_summary,infra/terraform,synthetic,implicit,pending_tasks,4,13,0,0.0,0.0,0.0,174,408,2.34,0.03704999926412711,13
gen_infra_terraform_005,naive_summary,infra/terraform,synthetic,implicit,decisions,6,13,3,0.2308,0.5,0.3158,174,408,2.34,0.03704999926412711,13
gen_infra_terraform_005,naive_summary,infra/terraform,synthetic,implicit,files,2,13,0,0.0,0.0,0.0,174,408,2.34,0.03704999926412711,13
gen_infra_terraform_005,naive_summary,infra/terraform,synthetic,implicit,errors,0,13,0,0.0,1.0,0.0,174,408,2.34,0.03704999926412711,13
gen_ml_python_001,tokenmizer_v0.5.2,ml/python,synthetic,explicit,completed_tasks,6,6,6,1.0,1.0,1.0,222,375,1.69,223.27547499935463,22
gen_ml_python_001,tokenmizer_v0.5.2,ml/python,synthetic,explicit,pending_tasks,2,2,2,1.0,1.0,1.0,222,375,1.69,223.27547499935463,22
gen_ml_python_001,tokenmizer_v0.5.2,ml/python,synthetic,explicit,decisions,6,6,6,1.0,1.0,1.0,222,375,1.69,223.27547499935463,22
gen_ml_python_001,tokenmizer_v0.5.2,ml/python,synthetic,explicit,files,5,5,5,1.0,1.0,1.0,222,375,1.69,223.27547499935463,22
gen_ml_python_001,tokenmizer_v0.5.2,ml/python,synthetic,explicit,errors,3,3,3,1.0,1.0,1.0,222,375,1.69,223.27547499935463,22
gen_ml_python_001,graphiti_style,ml/python,synthetic,explicit,completed_tasks,6,8,4,0.5,0.6667,0.5714,224,375,1.67,0.9622040006433963,26
gen_ml_python_001,graphiti_style,ml/python,synthetic,explicit,pending_tasks,2,3,2,0.6667,1.0,0.8,224,375,1.67,0.9622040006433963,26
gen_ml_python_001,graphiti_style,ml/python,synthetic,explicit,decisions,6,8,6,0.75,1.0,0.8571,224,375,1.67,0.9622040006433963,26
gen_ml_python_001,graphiti_style,ml/python,synthetic,explicit,files,5,4,4,1.0,0.8,0.8889,224,375,1.67,0.9622040006433963,26
gen_ml_python_001,graphiti_style,ml/python,synthetic,explicit,errors,3,3,3,1.0,1.0,1.0,224,375,1.67,0.9622040006433963,26
gen_ml_python_001,graphrag_style,ml/python,synthetic,explicit,completed_tasks,6,2,2,1.0,0.3333,0.5,164,375,2.29,0.5743659994550399,18
gen_ml_python_001,graphrag_style,ml/python,synthetic,explicit,pending_tasks,2,2,1,0.5,0.5,0.5,164,375,2.29,0.5743659994550399,18
gen_ml_python_001,graphrag_style,ml/python,synthetic,explicit,decisions,6,7,6,0.8571,1.0,0.9231,164,375,2.29,0.5743659994550399,18
gen_ml_python_001,graphrag_style,ml/python,synthetic,explicit,files,5,4,4,1.0,0.8,0.8889,164,375,2.29,0.5743659994550399,18
gen_ml_python_001,graphrag_style,ml/python,synthetic,explicit,errors,3,3,3,1.0,1.0,1.0,164,375,2.29,0.5743659994550399,18
gen_ml_python_001,mem0_style,ml/python,synthetic,explicit,completed_tasks,6,8,4,0.5,0.6667,0.5714,223,375,1.68,1.0707179999371874,26
gen_ml_python_001,mem0_style,ml/python,synthetic,explicit,pending_tasks,2,3,2,0.6667,1.0,0.8,223,375,1.68,1.0707179999371874,26
gen_ml_python_001,mem0_style,ml/python,synthetic,explicit,decisions,6,8,6,0.75,1.0,0.8571,223,375,1.68,1.0707179999371874,26
gen_ml_python_001,mem0_style,ml/python,synthetic,explicit,files,5,4,4,1.0,0.8,0.8889,223,375,1.68,1.0707179999371874,26
gen_ml_python_001,mem0_style,ml/python,synthetic,explicit,errors,3,3,3,1.0,1.0,1.0,223,375,1.68,1.0707179999371874,26
gen_ml_python_001,memgpt_style,ml/python,synthetic,explicit,completed_tasks,6,2,1,0.5,0.1667,0.25,90,375,4.17,0.3039460007130401,11
gen_ml_python_001,memgpt_style,ml/python,synthetic,explicit,pending_tasks,2,1,1,1.0,0.5,0.6667,90,375,4.17,0.3039460007130401,11
gen_ml_python_001,memgpt_style,ml/python,synthetic,explicit,decisions,6,5,3,0.6,0.5,0.5455,90,375,4.17,0.3039460007130401,11
gen_ml_python_001,memgpt_style,ml/python,synthetic,explicit,files,5,2,2,1.0,0.4,0.5714,90,375,4.17,0.3039460007130401,11
gen_ml_python_001,memgpt_style,ml/python,synthetic,explicit,errors,3,1,1,1.0,0.3333,0.5,90,375,4.17,0.3039460007130401,11
gen_ml_python_001,sliding_window_10,ml/python,synthetic,explicit,completed_tasks,6,11,0,0.0,0.0,0.0,103,375,3.64,0.003805000233114697,11
gen_ml_python_001,sliding_window_10,ml/python,synthetic,explicit,pending_tasks,2,11,1,0.0909,0.5,0.1538,103,375,3.64,0.003805000233114697,11
gen_ml_python_001,sliding_window_10,ml/python,synthetic,explicit,decisions,6,11,3,0.2727,0.5,0.3529,103,375,3.64,0.003805000233114697,11
gen_ml_python_001,sliding_window_10,ml/python,synthetic,explicit,files,5,11,1,0.0909,0.2,0.125,103,375,3.64,0.003805000233114697,11
gen_ml_python_001,sliding_window_10,ml/python,synthetic,explicit,errors,3,11,1,0.0909,0.3333,0.1429,103,375,3.64,0.003805000233114697,11
gen_ml_python_001,naive_truncation,ml/python,synthetic,explicit,completed_tasks,6,33,4,0.1212,0.6667,0.2051,303,375,1.24,0.015197000720945653,33
gen_ml_python_001,naive_truncation,ml/python,synthetic,explicit,pending_tasks,2,33,2,0.0606,1.0,0.1143,303,375,1.24,0.015197000720945653,33
gen_ml_python_001,naive_truncation,ml/python,synthetic,explicit,decisions,6,33,6,0.1818,1.0,0.3077,303,375,1.24,0.015197000720945653,33
gen_ml_python_001,naive_truncation,ml/python,synthetic,explicit,files,5,33,5,0.1515,1.0,0.2632,303,375,1.24,0.015197000720945653,33
gen_ml_python_001,naive_truncation,ml/python,synthetic,explicit,errors,3,33,1,0.0303,0.3333,0.0556,303,375,1.24,0.015197000720945653,33
gen_ml_python_001,naive_summary,ml/python,synthetic,explicit,completed_tasks,6,20,2,0.1,0.3333,0.1538,195,375,1.92,0.03837399981421186,20
gen_ml_python_001,naive_summary,ml/python,synthetic,explicit,pending_tasks,2,20,1,0.05,0.5,0.0909,195,375,1.92,0.03837399981421186,20
gen_ml_python_001,naive_summary,ml/python,synthetic,explicit,decisions,6,20,3,0.15,0.5,0.2308,195,375,1.92,0.03837399981421186,20
gen_ml_python_001,naive_summary,ml/python,synthetic,explicit,files,5,20,2,0.1,0.4,0.16,195,375,1.92,0.03837399981421186,20
gen_ml_python_001,naive_summary,ml/python,synthetic,explicit,errors,3,20,2,0.1,0.6667,0.1739,195,375,1.92,0.03837399981421186,20
gen_ml_python_002,tokenmizer_v0.5.2,ml/python,synthetic,explicit,completed_tasks,7,7,7,1.0,1.0,1.0,136,271,1.99,219.13466800015158,17
gen_ml_python_002,tokenmizer_v0.5.2,ml/python,synthetic,explicit,pending_tasks,1,1,1,1.0,1.0,1.0,136,271,1.99,219.13466800015158,17
gen_ml_python_002,tokenmizer_v0.5.2,ml/python,synthetic,explicit,decisions,3,3,3,1.0,1.0,1.0,136,271,1.99,219.13466800015158,17
gen_ml_python_002,tokenmizer_v0.5.2,ml/python,synthetic,explicit,files,6,6,6,1.0,1.0,1.0,136,271,1.99,219.13466800015158,17
gen_ml_python_002,graphiti_style,ml/python,synthetic,explicit,completed_tasks,7,10,5,0.5,0.7143,0.5882,126,271,2.15,0.844955000502523,20
gen_ml_python_002,graphiti_style,ml/python,synthetic,explicit,pending_tasks,1,2,1,0.5,1.0,0.6667,126,271,2.15,0.844955000502523,20
gen_ml_python_002,graphiti_style,ml/python,synthetic,explicit,decisions,3,4,3,0.75,1.0,0.8571,126,271,2.15,0.844955000502523,20
gen_ml_python_002,graphiti_style,ml/python,synthetic,explicit,files,6,4,3,0.75,0.5,0.6,126,271,2.15,0.844955000502523,20
gen_ml_python_002,graphrag_style,ml/python,synthetic,explicit,completed_tasks,7,4,2,0.5,0.2857,0.3636,98,271,2.77,0.4891030002909247,13
gen_ml_python_002,graphrag_style,ml/python,synthetic,explicit,pending_tasks,1,1,0,0.0,0.0,0.0,98,271,2.77,0.4891030002909247,13
gen_ml_python_002,graphrag_style,ml/python,synthetic,explicit,decisions,3,4,3,0.75,1.0,0.8571,98,271,2.77,0.4891030002909247,13
gen_ml_python_002,graphrag_style,ml/python,synthetic,explicit,files,6,4,3,0.75,0.5,0.6,98,271,2.77,0.4891030002909247,13
gen_ml_python_002,mem0_style,ml/python,synthetic,explicit,completed_tasks,7,10,5,0.5,0.7143,0.5882,125,271,2.17,0.8857669999997597,20
gen_ml_python_002,mem0_style,ml/python,synthetic,explicit,pending_tasks,1,2,1,0.5,1.0,0.6667,125,271,2.17,0.8857669999997597,20
gen_ml_python_002,mem0_style,ml/python,synthetic,explicit,decisions,3,4,3,0.75,1.0,0.8571,125,271,2.17,0.8857669999997597,20
gen_ml_python_002,mem0_style,ml/python,synthetic,explicit,files,6,4,3,0.75,0.5,0.6,125,271,2.17,0.8857669999997597,20
gen_ml_python_002,memgpt_style,ml/python,synthetic,explicit,completed_tasks,7,2,1,0.5,0.1429,0.2222,47,271,5.77,0.21202700008871034,7
gen_ml_python_002,memgpt_style,ml/python,synthetic,explicit,pending_tasks,1,0,0,1.0,0.0,0.0,47,271,5.77,0.21202700008871034,7
gen_ml_python_002,memgpt_style,ml/python,synthetic,explicit,decisions,3,2,1,0.5,0.3333,0.4,47,271,5.77,0.21202700008871034,7
gen_ml_python_002,memgpt_style,ml/python,synthetic,explicit,files,6,3,2,0.6667,0.3333,0.4444,47,271,5.77,0.21202700008871034,7
gen_ml_python_002,sliding_window_10,ml/python,synthetic,explicit,completed_tasks,7,10,1,0.1,0.1429,0.1176,70,271,3.87,0.003609000486903824,10
gen_ml_python_002,sliding_window_10,ml/python,synthetic,explicit,pending_tasks,1,10,0,0.0,0.0,0.0,70,271,3.87,0.003609000486903824,10
gen_ml_python_002,sliding_window_10,ml/python,synthetic,explicit,decisions,3,10,1,0.2,0.3333,0.25,70,271,3.87,0.003609000486903824,10
gen_ml_python_002,sliding_window_10,ml/python,synthetic,explicit,files,6,10,3,0.3,0.5,0.375,70,271,3.87,0.003609000486903824,10
gen_ml_python_002,sliding_window_10,ml/python,synthetic,explicit,errors,0,10,0,0.0,1.0,0.0,70,271,3.87,0.003609000486903824,10
gen_ml_python_002,naive_truncation,ml/python,synthetic,explicit,completed_tasks,7,34,7,0.2059,1.0,0.3415,289,271,0.94,0.01960600002348656,34
gen_ml_python_002,naive_truncation,ml/python,synthetic,explicit,pending_tasks,1,34,1,0.0294,1.0,0.0571,289,271,0.94,0.01960600002348656,34
gen_ml_python_002,naive_truncation,ml/python,synthetic,explicit,decisions,3,34,3,0.1176,1.0,0.2105,289,271,0.94,0.01960600002348656,34
gen_ml_python_002,naive_truncation,ml/python,synthetic,explicit,files,6,34,6,0.1765,1.0,0.3,289,271,0.94,0.01960600002348656,34
gen_ml_python_002,naive_truncation,ml/python,synthetic,explicit,errors,0,34,0,0.0,1.0,0.0,289,271,0.94,0.01960600002348656,34
gen_ml_python_002,naive_summary,ml/python,synthetic,explicit,completed_tasks,7,23,5,0.2174,0.7143,0.3333,205,271,1.32,0.027209999643673655,23
gen_ml_python_002,naive_summary,ml/python,synthetic,explicit,pending_tasks,1,23,1,0.0435,1.0,0.0833,205,271,1.32,0.027209999643673655,23
gen_ml_python_002,naive_summary,ml/python,synthetic,explicit,decisions,3,23,2,0.087,0.6667,0.1538,205,271,1.32,0.027209999643673655,23
gen_ml_python_002,naive_summary,ml/python,synthetic,explicit,files,6,23,3,0.1304,0.5,0.2069,205,271,1.32,0.027209999643673655,23
gen_ml_python_002,naive_summary,ml/python,synthetic,explicit,errors,0,23,0,0.0,1.0,0.0,205,271,1.32,0.027209999643673655,23
gen_ml_python_003,tokenmizer_v0.5.2,ml/python,synthetic,explicit,completed_tasks,7,7,7,1.0,1.0,1.0,146,270,1.85,224.56316700026946,16
gen_ml_python_003,tokenmizer_v0.5.2,ml/python,synthetic,explicit,pending_tasks,1,1,1,1.0,1.0,1.0,146,270,1.85,224.56316700026946,16
gen_ml_python_003,tokenmizer_v0.5.2,ml/python,synthetic,explicit,decisions,3,3,3,1.0,1.0,1.0,146,270,1.85,224.56316700026946,16
gen_ml_python_003,tokenmizer_v0.5.2,ml/python,synthetic,explicit,files,4,4,4,1.0,1.0,1.0,146,270,1.85,224.56316700026946,16
gen_ml_python_003,tokenmizer_v0.5.2,ml/python,synthetic,explicit,errors,1,1,1,1.0,1.0,1.0,146,270,1.85,224.56316700026946,16
gen_ml_python_003,graphiti_style,ml/python,synthetic,explicit,completed_tasks,7,10,7,0.7,1.0,0.8235,148,270,1.82,0.8014360000743181,19
gen_ml_python_003,graphiti_style,ml/python,synthetic,explicit,pending_tasks,1,1,1,1.0,1.0,1.0,148,270,1.82,0.8014360000743181,19
gen_ml_python_003,graphiti_style,ml/python,synthetic,explicit,decisions,3,4,3,0.75,1.0,0.8571,148,270,1.82,0.8014360000743181,19
gen_ml_python_003,graphiti_style,ml/python,synthetic,explicit,files,4,3,2,0.6667,0.5,0.5714,148,270,1.82,0.8014360000743181,19
gen_ml_python_003,graphiti_style,ml/python,synthetic,explicit,errors,1,1,1,1.0,1.0,1.0,148,270,1.82,0.8014360000743181,19
gen_ml_python_003,graphrag_style,ml/python,synthetic,explicit,completed_tasks,7,5,5,1.0,0.7143,0.8333,116,270,2.33,0.44205999984114897,13
gen_ml_python_003,graphrag_style,ml/python,synthetic,explicit,pending_tasks,1,0,0,1.0,0.0,0.0,116,270,2.33,0.44205999984114897,13
gen_ml_python_003,graphrag_style,ml/python,synthetic,explicit,decisions,3,4,3,0.75,1.0,0.8571,116,270,2.33,0.44205999984114897,13
gen_ml_python_003,graphrag_style,ml/python,synthetic,explicit,files,4,3,2,0.6667,0.5,0.5714,116,270,2.33,0.44205999984114897,13
gen_ml_python_003,graphrag_style,ml/python,synthetic,explicit,errors,1,1,1,1.0,1.0,1.0,116,270,2.33,0.44205999984114897,13
gen_ml_python_003,mem0_style,ml/python,synthetic,explicit,completed_tasks,7,10,7,0.7,1.0,0.8235,147,270,1.84,0.7325060005314299,19
gen_ml_python_003,mem0_style,ml/python,synthetic,explicit,pending_tasks,1,1,1,1.0,1.0,1.0,147,270,1.84,0.7325060005314299,19
gen_ml_python_003,mem0_style,ml/python,synthetic,explicit,decisions,3,4,3,0.75,1.0,0.8571,147,270,1.84,0.7325060005314299,19
gen_ml_python_003,mem0_style,ml/python,synthetic,explicit,files,4,3,2,0.6667,0.5,0.5714,147,270,1.84,0.7325060005314299,19
gen_ml_python_003,mem0_style,ml/python,synthetic,explicit,errors,1,1,1,1.0,1.0,1.0,147,270,1.84,0.7325060005314299,19
gen_ml_python_003,memgpt_style,ml/python,synthetic,explicit,completed_tasks,7,5,4,0.8,0.5714,0.6667,87,270,3.1,0.2703829995880369,9
gen_ml_python_003,memgpt_style,ml/python,synthetic,explicit,pending_tasks,1,1,1,1.0,1.0,1.0,87,270,3.1,0.2703829995880369,9
gen_ml_python_003,memgpt_style,ml/python,synthetic,explicit,decisions,3,1,1,1.0,0.3333,0.5,87,270,3.1,0.2703829995880369,9
gen_ml_python_003,memgpt_style,ml/python,synthetic,explicit,files,4,2,2,1.0,0.5,0.6667,87,270,3.1,0.2703829995880369,9
gen_ml_python_003,memgpt_style,ml/python,synthetic,explicit,errors,1,0,0,1.0,0.0,0.0,87,270,3.1,0.2703829995880369,9
gen_ml_python_003,sliding_window_10,ml/python,synthetic,explicit,completed_tasks,7,13,4,0.3077,0.5714,0.4,129,270,2.09,0.002612000571389217,13
gen_ml_python_003,sliding_window_10,ml/python,synthetic,explicit,pending_tasks,1,13,1,0.0769,1.0,0.1429,129,270,2.09,0.002612000571389217,13
gen_ml_python_003,sliding_window_10,ml/python,synthetic,explicit,decisions,3,13,1,0.0769,0.3333,0.125,129,270,2.09,0.002612000571389217,13
gen_ml_python_003,sliding_window_10,ml/python,synthetic,explicit,files,4,13,2,0.1538,0.5,0.2353,129,270,2.09,0.002612000571389217,13
gen_ml_python_003,sliding_window_10,ml/python,synthetic,explicit,errors,1,13,0,0.0,0.0,0.0,129,270,2.09,0.002612000571389217,13
gen_ml_python_003,naive_truncation,ml/python,synthetic,explicit,completed_tasks,7,29,7,0.2414,1.0,0.3889,283,270,0.95,0.01127399991673883,29
gen_ml_python_003,naive_truncation,ml/python,synthetic,explicit,pending_tasks,1,29,1,0.0345,1.0,0.0667,283,270,0.95,0.01127399991673883,29
gen_ml_python_003,naive_truncation,ml/python,synthetic,explicit,decisions,3,29,3,0.1379,1.0,0.2424,283,270,0.95,0.01127399991673883,29
gen_ml_python_003,naive_truncation,ml/python,synthetic,explicit,files,4,29,4,0.1379,1.0,0.2424,283,270,0.95,0.01127399991673883,29
gen_ml_python_003,naive_truncation,ml/python,synthetic,explicit,errors,1,29,1,0.0345,1.0,0.0667,283,270,0.95,0.01127399991673883,29
gen_ml_python_003,naive_summary,ml/python,synthetic,explicit,completed_tasks,7,22,5,0.2273,0.7143,0.3448,206,270,1.31,0.03168400053255027,22
gen_ml_python_003,naive_summary,ml/python,synthetic,explicit,pending_tasks,1,22,0,0.0,0.0,0.0,206,270,1.31,0.03168400053255027,22
gen_ml_python_003,naive_summary,ml/python,synthetic,explicit,decisions,3,22,2,0.1364,0.6667,0.2264,206,270,1.31,0.03168400053255027,22
gen_ml_python_003,naive_summary,ml/python,synthetic,explicit,files,4,22,3,0.1364,0.75,0.2308,206,270,1.31,0.03168400053255027,22
gen_ml_python_003,naive_summary,ml/python,synthetic,explicit,errors,1,22,1,0.0455,1.0,0.087,206,270,1.31,0.03168400053255027,22
gen_ml_python_004,tokenmizer_v0.5.2,ml/python,synthetic,explicit,completed_tasks,4,4,4,1.0,1.0,1.0,185,312,1.69,227.3874109996541,19
gen_ml_python_004,tokenmizer_v0.5.2,ml/python,synthetic,explicit,pending_tasks,2,2,2,1.0,1.0,1.0,185,312,1.69,227.3874109996541,19
gen_ml_python_004,tokenmizer_v0.5.2,ml/python,synthetic,explicit,decisions,6,6,6,1.0,1.0,1.0,185,312,1.69,227.3874109996541,19
gen_ml_python_004,tokenmizer_v0.5.2,ml/python,synthetic,explicit,files,5,5,5,1.0,1.0,1.0,185,312,1.69,227.3874109996541,19
gen_ml_python_004,tokenmizer_v0.5.2,ml/python,synthetic,explicit,errors,2,2,2,1.0,1.0,1.0,185,312,1.69,227.3874109996541,19
gen_ml_python_004,graphiti_style,ml/python,synthetic,explicit,completed_tasks,4,9,3,0.3333,0.75,0.4615,197,312,1.58,0.8095379998849239,26
gen_ml_python_004,graphiti_style,ml/python,synthetic,explicit,pending_tasks,2,3,2,0.6667,1.0,0.8,197,312,1.58,0.8095379998849239,26
gen_ml_python_004,graphiti_style,ml/python,synthetic,explicit,decisions,6,7,6,0.8571,1.0,0.9231,197,312,1.58,0.8095379998849239,26
gen_ml_python_004,graphiti_style,ml/python,synthetic,explicit,files,5,5,4,0.8,0.8,0.8,197,312,1.58,0.8095379998849239,26
gen_ml_python_004,graphiti_style,ml/python,synthetic,explicit,errors,2,2,2,1.0,1.0,1.0,197,312,1.58,0.8095379998849239,26
gen_ml_python_004,graphrag_style,ml/python,synthetic,explicit,completed_tasks,4,4,3,0.75,0.75,0.75,172,312,1.81,0.45578499975817977,19
gen_ml_python_004,graphrag_style,ml/python,synthetic,explicit,pending_tasks,2,2,1,0.5,0.5,0.5,172,312,1.81,0.45578499975817977,19
gen_ml_python_004,graphrag_style,ml/python,synthetic,explicit,decisions,6,6,6,1.0,1.0,1.0,172,312,1.81,0.45578499975817977,19
gen_ml_python_004,graphrag_style,ml/python,synthetic,explicit,files,5,5,4,0.8,0.8,0.8,172,312,1.81,0.45578499975817977,19
gen_ml_python_004,graphrag_style,ml/python,synthetic,explicit,errors,2,2,2,1.0,1.0,1.0,172,312,1.81,0.45578499975817977,19
gen_ml_python_004,mem0_style,ml/python,synthetic,explicit,completed_tasks,4,9,3,0.3333,0.75,0.4615,196,312,1.59,0.8396929997616098,26
gen_ml_python_004,mem0_style,ml/python,synthetic,explicit,pending_tasks,2,3,2,0.6667,1.0,0.8,196,312,1.59,0.8396929997616098,26
gen_ml_python_004,mem0_style,ml/python,synthetic,explicit,decisions,6,7,6,0.8571,1.0,0.9231,196,312,1.59,0.8396929997616098,26
gen_ml_python_004,mem0_style,ml/python,synthetic,explicit,files,5,5,4,0.8,0.8,0.8,196,312,1.59,0.8396929997616098,26
gen_ml_python_004,mem0_style,ml/python,synthetic,explicit,errors,2,2,2,1.0,1.0,1.0,196,312,1.59,0.8396929997616098,26
gen_ml_python_004,memgpt_style,ml/python,synthetic,explicit,completed_tasks,4,4,1,0.25,0.25,0.25,92,312,3.39,0.2668209999683313,11
gen_ml_python_004,memgpt_style,ml/python,synthetic,explicit,pending_tasks,2,1,1,1.0,0.5,0.6667,92,312,3.39,0.2668209999683313,11
gen_ml_python_004,memgpt_style,ml/python,synthetic,explicit,decisions,6,3,2,0.6667,0.3333,0.4444,92,312,3.39,0.2668209999683313,11
gen_ml_python_004,memgpt_style,ml/python,synthetic,explicit,files,5,2,2,1.0,0.4,0.5714,92,312,3.39,0.2668209999683313,11
gen_ml_python_004,memgpt_style,ml/python,synthetic,explicit,errors,2,1,1,1.0,0.5,0.6667,92,312,3.39,0.2668209999683313,11
gen_ml_python_004,sliding_window_10,ml/python,synthetic,explicit,completed_tasks,4,12,2,0.1667,0.5,0.25,111,312,2.81,0.003371000275365077,12
gen_ml_python_004,sliding_window_10,ml/python,synthetic,explicit,pending_tasks,2,12,1,0.0833,0.5,0.1429,111,312,2.81,0.003371000275365077,12
gen_ml_python_004,sliding_window_10,ml/python,synthetic,explicit,decisions,6,12,2,0.1667,0.3333,0.2222,111,312,2.81,0.003371000275365077,12
gen_ml_python_004,sliding_window_10,ml/python,synthetic,explicit,files,5,12,1,0.0833,0.2,0.1176,111,312,2.81,0.003371000275365077,12
gen_ml_python_004,sliding_window_10,ml/python,synthetic,explicit,errors,2,12,1,0.0833,0.5,0.1429,111,312,2.81,0.003371000275365077,12
gen_ml_python_004,naive_truncation,ml/python,synthetic,explicit,completed_tasks,4,33,4,0.1212,1.0,0.2162,307,312,1.02,0.014975999874877743,33
gen_ml_python_004,naive_truncation,ml/python,synthetic,explicit,pending_tasks,2,33,2,0.0606,1.0,0.1143,307,312,1.02,0.014975999874877743,33
gen_ml_python_004,naive_truncation,ml/python,synthetic,explicit,decisions,6,33,6,0.1818,1.0,0.3077,307,312,1.02,0.014975999874877743,33
gen_ml_python_004,naive_truncation,ml/python,synthetic,explicit,files,5,33,5,0.1515,1.0,0.2632,307,312,1.02,0.014975999874877743,33
gen_ml_python_004,naive_truncation,ml/python,synthetic,explicit,errors,2,33,2,0.0606,1.0,0.1143,307,312,1.02,0.014975999874877743,33
gen_ml_python_004,naive_summary,ml/python,synthetic,explicit,completed_tasks,4,20,2,0.1,0.5,0.1667,194,312,1.61,0.025756000468390994,20
gen_ml_python_004,naive_summary,ml/python,synthetic,explicit,pending_tasks,2,20,1,0.05,0.5,0.0909,194,312,1.61,0.025756000468390994,20
gen_ml_python_004,naive_summary,ml/python,synthetic,explicit,decisions,6,20,4,0.2,0.6667,0.3077,194,312,1.61,0.025756000468390994,20
gen_ml_python_004,naive_summary,ml/python,synthetic,explicit,files,5,20,2,0.1,0.4,0.16,194,312,1.61,0.025756000468390994,20
gen_ml_python_004,naive_summary,ml/python,synthetic,explicit,errors,2,20,1,0.05,0.5,0.0909,194,312,1.61,0.025756000468390994,20
gen_ml_python_005,tokenmizer_v0.5.2,ml/python,synthetic,explicit,completed_tasks,7,7,7,1.0,1.0,1.0,165,303,1.84,229.64544400019804,17
gen_ml_python_005,tokenmizer_v0.5.2,ml/python,synthetic,explicit,pending_tasks,2,2,2,1.0,1.0,1.0,165,303,1.84,229.64544400019804,17
gen_ml_python_005,tokenmizer_v0.5.2,ml/python,synthetic,explicit,decisions,4,4,4,1.0,1.0,1.0,165,303,1.84,229.64544400019804,17
gen_ml_python_005,tokenmizer_v0.5.2,ml/python,synthetic,explicit,files,4,4,4,1.0,1.0,1.0,165,303,1.84,229.64544400019804,17
gen_ml_python_005,graphiti_style,ml/python,synthetic,explicit,completed_tasks,7,9,7,0.7778,1.0,0.875,169,303,1.79,0.7718859997112304,19
gen_ml_python_005,graphiti_style,ml/python,synthetic,explicit,pending_tasks,2,2,2,1.0,1.0,1.0,169,303,1.79,0.7718859997112304,19
gen_ml_python_005,graphiti_style,ml/python,synthetic,explicit,decisions,4,4,4,1.0,1.0,1.0,169,303,1.79,0.7718859997112304,19
gen_ml_python_005,graphiti_style,ml/python,synthetic,explicit,files,4,4,3,0.75,0.75,0.75,169,303,1.79,0.7718859997112304,19
gen_ml_python_005,graphrag_style,ml/python,synthetic,explicit,completed_tasks,7,4,4,1.0,0.5714,0.7273,110,303,2.75,0.42106099954253295,12
gen_ml_python_005,graphrag_style,ml/python,synthetic,explicit,pending_tasks,2,0,0,1.0,0.0,0.0,110,303,2.75,0.42106099954253295,12
gen_ml_python_005,graphrag_style,ml/python,synthetic,explicit,decisions,4,4,4,1.0,1.0,1.0,110,303,2.75,0.42106099954253295,12
gen_ml_python_005,graphrag_style,ml/python,synthetic,explicit,files,4,4,3,0.75,0.75,0.75,110,303,2.75,0.42106099954253295,12
gen_ml_python_005,mem0_style,ml/python,synthetic,explicit,completed_tasks,7,9,7,0.7778,1.0,0.875,168,303,1.8,0.7783259998177527,19
gen_ml_python_005,mem0_style,ml/python,synthetic,explicit,pending_tasks,2,2,2,1.0,1.0,1.0,168,303,1.8,0.7783259998177527,19
gen_ml_python_005,mem0_style,ml/python,synthetic,explicit,decisions,4,4,4,1.0,1.0,1.0,168,303,1.8,0.7783259998177527,19
gen_ml_python_005,mem0_style,ml/python,synthetic,explicit,files,4,4,3,0.75,0.75,0.75,168,303,1.8,0.7783259998177527,19
gen_ml_python_005,memgpt_style,ml/python,synthetic,explicit,completed_tasks,7,5,4,0.8,0.5714,0.6667,77,303,3.94,0.261236999904213,9
gen_ml_python_005,memgpt_style,ml/python,synthetic,explicit,pending_tasks,2,0,0,1.0,0.0,0.0,77,303,3.94,0.261236999904213,9
gen_ml_python_005,memgpt_style,ml/python,synthetic,explicit,decisions,4,1,1,1.0,0.25,0.4,77,303,3.94,0.261236999904213,9
gen_ml_python_005,memgpt_style,ml/python,synthetic,explicit,files,4,3,2,0.6667,0.5,0.5714,77,303,3.94,0.261236999904213,9
gen_ml_python_005,sliding_window_10,ml/python,synthetic,explicit,completed_tasks,7,11,4,0.3636,0.5714,0.4444,115,303,2.63,0.0029600005291285925,11
gen_ml_python_005,sliding_window_10,ml/python,synthetic,explicit,pending_tasks,2,11,0,0.0,0.0,0.0,115,303,2.63,0.0029600005291285925,11
gen_ml_python_005,sliding_window_10,ml/python,synthetic,explicit,decisions,4,11,1,0.0909,0.25,0.1333,115,303,2.63,0.0029600005291285925,11
gen_ml_python_005,sliding_window_10,ml/python,synthetic,explicit,files,4,11,1,0.0909,0.25,0.1333,115,303,2.63,0.0029600005291285925,11
gen_ml_python_005,sliding_window_10,ml/python,synthetic,explicit,errors,0,11,0,0.0,1.0,0.0,115,303,2.63,0.0029600005291285925,11
gen_ml_python_005,naive_truncation,ml/python,synthetic,explicit,completed_tasks,7,31,7,0.2258,1.0,0.3684,308,303,0.98,0.020092999875487294,31
gen_ml_python_005,naive_truncation,ml/python,synthetic,explicit,pending_tasks,2,31,2,0.0645,1.0,0.1212,308,303,0.98,0.020092999875487294,31
gen_ml_python_005,naive_truncation,ml/python,synthetic,explicit,decisions,4,31,4,0.129,1.0,0.2286,308,303,0.98,0.020092999875487294,31
gen_ml_python_005,naive_truncation,ml/python,synthetic,explicit,files,4,31,4,0.129,1.0,0.2286,308,303,0.98,0.020092999875487294,31
gen_ml_python_005,naive_truncation,ml/python,synthetic,explicit,errors,0,31,0,0.0,1.0,0.0,308,303,0.98,0.020092999875487294,31
gen_ml_python_005,naive_summary,ml/python,synthetic,explicit,completed_tasks,7,20,3,0.15,0.4286,0.2222,192,303,1.58,0.029736000215052627,20
gen_ml_python_005,naive_summary,ml/python,synthetic,explicit,pending_tasks,2,20,2,0.1,1.0,0.1818,192,303,1.58,0.029736000215052627,20
gen_ml_python_005,naive_summary,ml/python,synthetic,explicit,decisions,4,20,3,0.15,0.75,0.25,192,303,1.58,0.029736000215052627,20
gen_ml_python_005,naive_summary,ml/python,synthetic,explicit,files,4,20,1,0.05,0.25,0.0833,192,303,1.58,0.029736000215052627,20
gen_ml_python_005,naive_summary,ml/python,synthetic,explicit,errors,0,20,0,0.0,1.0,0.0,192,303,1.58,0.029736000215052627,20
gen_ml_python_006,tokenmizer_v0.5.2,ml/python,synthetic,explicit,completed_tasks,7,7,7,1.0,1.0,1.0,156,282,1.81,227.66545200011024,18
gen_ml_python_006,tokenmizer_v0.5.2,ml/python,synthetic,explicit,pending_tasks,1,1,1,1.0,1.0,1.0,156,282,1.81,227.66545200011024,18
gen_ml_python_006,tokenmizer_v0.5.2,ml/python,synthetic,explicit,decisions,2,2,2,1.0,1.0,1.0,156,282,1.81,227.66545200011024,18
gen_ml_python_006,tokenmizer_v0.5.2,ml/python,synthetic,explicit,files,5,5,5,1.0,1.0,1.0,156,282,1.81,227.66545200011024,18
gen_ml_python_006,tokenmizer_v0.5.2,ml/python,synthetic,explicit,errors,3,3,3,1.0,1.0,1.0,156,282,1.81,227.66545200011024,18
gen_ml_python_006,graphiti_style,ml/python,synthetic,explicit,completed_tasks,7,11,6,0.5455,0.8571,0.6667,148,282,1.91,1.1597279999477905,21
gen_ml_python_006,graphiti_style,ml/python,synthetic,explicit,pending_tasks,1,1,1,1.0,1.0,1.0,148,282,1.91,1.1597279999477905,21
gen_ml_python_006,graphiti_style,ml/python,synthetic,explicit,decisions,2,2,2,1.0,1.0,1.0,148,282,1.91,1.1597279999477905,21
gen_ml_python_006,graphiti_style,ml/python,synthetic,explicit,files,5,4,4,1.0,0.8,0.8889,148,282,1.91,1.1597279999477905,21
gen_ml_python_006,graphiti_style,ml/python,synthetic,explicit,errors,3,3,3,1.0,1.0,1.0,148,282,1.91,1.1597279999477905,21
gen_ml_python_006,graphrag_style,ml/python,synthetic,explicit,completed_tasks,7,2,1,0.5,0.1429,0.2222,108,282,2.61,0.4760190004162723,12
gen_ml_python_006,graphrag_style,ml/python,synthetic,explicit,pending_tasks,1,1,1,1.0,1.0,1.0,108,282,2.61,0.4760190004162723,12
gen_ml_python_006,graphrag_style,ml/python,synthetic,explicit,decisions,2,2,2,1.0,1.0,1.0,108,282,2.61,0.4760190004162723,12
gen_ml_python_006,graphrag_style,ml/python,synthetic,explicit,files,5,4,4,1.0,0.8,0.8889,108,282,2.61,0.4760190004162723,12
gen_ml_python_006,graphrag_style,ml/python,synthetic,explicit,errors,3,3,3,1.0,1.0,1.0,108,282,2.61,0.4760190004162723,12
gen_ml_python_006,mem0_style,ml/python,synthetic,explicit,completed_tasks,7,11,6,0.5455,0.8571,0.6667,147,282,1.92,0.8131799995680922,21
gen_ml_python_006,mem0_style,ml/python,synthetic,explicit,pending_tasks,1,1,1,1.0,1.0,1.0,147,282,1.92,0.8131799995680922,21
gen_ml_python_006,mem0_style,ml/python,synthetic,explicit,decisions,2,2,2,1.0,1.0,1.0,147,282,1.92,0.8131799995680922,21
gen_ml_python_006,mem0_style,ml/python,synthetic,explicit,files,5,4,4,1.0,0.8,0.8889,147,282,1.92,0.8131799995680922,21
gen_ml_python_006,mem0_style,ml/python,synthetic,explicit,errors,3,3,3,1.0,1.0,1.0,147,282,1.92,0.8131799995680922,21
gen_ml_python_006,memgpt_style,ml/python,synthetic,explicit,completed_tasks,7,5,2,0.4,0.2857,0.3333,80,282,3.52,0.29311100024642656,10
gen_ml_python_006,memgpt_style,ml/python,synthetic,explicit,pending_tasks,1,0,0,1.0,0.0,0.0,80,282,3.52,0.29311100024642656,10
gen_ml_python_006,memgpt_style,ml/python,synthetic,explicit,decisions,2,1,1,1.0,0.5,0.6667,80,282,3.52,0.29311100024642656,10
gen_ml_python_006,memgpt_style,ml/python,synthetic,explicit,files,5,3,3,1.0,0.6,0.75,80,282,3.52,0.29311100024642656,10
gen_ml_python_006,memgpt_style,ml/python,synthetic,explicit,errors,3,1,1,1.0,0.3333,0.5,80,282,3.52,0.29311100024642656,10
gen_ml_python_006,sliding_window_10,ml/python,synthetic,explicit,completed_tasks,7,12,3,0.25,0.4286,0.3158,108,282,2.61,0.003268000000389293,12
gen_ml_python_006,sliding_window_10,ml/python,synthetic,explicit,pending_tasks,1,12,0,0.0,0.0,0.0,108,282,2.61,0.003268000000389293,12
gen_ml_python_006,sliding_window_10,ml/python,synthetic,explicit,decisions,2,12,2,0.1667,1.0,0.2857,108,282,2.61,0.003268000000389293,12
gen_ml_python_006,sliding_window_10,ml/python,synthetic,explicit,files,5,12,2,0.1667,0.4,0.2353,108,282,2.61,0.003268000000389293,12
gen_ml_python_006,sliding_window_10,ml/python,synthetic,explicit,errors,3,12,1,0.0833,0.3333,0.1333,108,282,2.61,0.003268000000389293,12
gen_ml_python_006,naive_truncation,ml/python,synthetic,explicit,completed_tasks,7,34,7,0.2059,1.0,0.3415,300,282,0.94,0.03696500061778352,34
gen_ml_python_006,naive_truncation,ml/python,synthetic,explicit,pending_tasks,1,34,1,0.0294,1.0,0.0571,300,282,0.94,0.03696500061778352,34
gen_ml_python_006,naive_truncation,ml/python,synthetic,explicit,decisions,2,34,2,0.0882,1.0,0.1622,300,282,0.94,0.03696500061778352,34
gen_ml_python_006,naive_truncation,ml/python,synthetic,explicit,files,5,34,5,0.1471,1.0,0.2564,300,282,0.94,0.03696500061778352,34
gen_ml_python_006,naive_truncation,ml/python,synthetic,explicit,errors,3,34,3,0.0882,1.0,0.1622,300,282,0.94,0.03696500061778352,34
gen_ml_python_006,naive_summary,ml/python,synthetic,explicit,completed_tasks,7,24,4,0.1667,0.5714,0.2581,210,282,1.34,0.0727280003047781,24
gen_ml_python_006,naive_summary,ml/python,synthetic,explicit,pending_tasks,1,24,1,0.0417,1.0,0.08,210,282,1.34,0.0727280003047781,24
gen_ml_python_006,naive_summary,ml/python,synthetic,explicit,decisions,2,24,1,0.0833,0.5,0.1429,210,282,1.34,0.0727280003047781,24
gen_ml_python_006,naive_summary,ml/python,synthetic,explicit,files,5,24,3,0.125,0.6,0.2069,210,282,1.34,0.0727280003047781,24
gen_ml_python_006,naive_summary,ml/python,synthetic,explicit,errors,3,24,2,0.0833,0.6667,0.1481,210,282,1.34,0.0727280003047781,24
gen_mobile_ios_001,tokenmizer_v0.5.2,mobile/ios,synthetic,explicit,completed_tasks,6,6,6,1.0,1.0,1.0,176,299,1.7,222.8059810004197,17
gen_mobile_ios_001,tokenmizer_v0.5.2,mobile/ios,synthetic,explicit,pending_tasks,2,2,2,1.0,1.0,1.0,176,299,1.7,222.8059810004197,17
gen_mobile_ios_001,tokenmizer_v0.5.2,mobile/ios,synthetic,explicit,decisions,3,3,3,1.0,1.0,1.0,176,299,1.7,222.8059810004197,17
gen_mobile_ios_001,tokenmizer_v0.5.2,mobile/ios,synthetic,explicit,files,3,3,3,1.0,1.0,1.0,176,299,1.7,222.8059810004197,17
gen_mobile_ios_001,tokenmizer_v0.5.2,mobile/ios,synthetic,explicit,errors,3,3,3,1.0,1.0,1.0,176,299,1.7,222.8059810004197,17
gen_mobile_ios_001,graphiti_style,mobile/ios,synthetic,explicit,completed_tasks,6,8,6,0.75,1.0,0.8571,190,299,1.57,0.7988110000951565,21
gen_mobile_ios_001,graphiti_style,mobile/ios,synthetic,explicit,pending_tasks,2,3,2,0.6667,1.0,0.8,190,299,1.57,0.7988110000951565,21
gen_mobile_ios_001,graphiti_style,mobile/ios,synthetic,explicit,decisions,3,4,3,0.75,1.0,0.8571,190,299,1.57,0.7988110000951565,21
gen_mobile_ios_001,graphiti_style,mobile/ios,synthetic,explicit,files,3,3,3,1.0,1.0,1.0,190,299,1.57,0.7988110000951565,21
gen_mobile_ios_001,graphiti_style,mobile/ios,synthetic,explicit,errors,3,3,3,1.0,1.0,1.0,190,299,1.57,0.7988110000951565,21
gen_mobile_ios_001,graphrag_style,mobile/ios,synthetic,explicit,completed_tasks,6,3,3,1.0,0.5,0.6667,145,299,2.06,0.45361699994828086,16
gen_mobile_ios_001,graphrag_style,mobile/ios,synthetic,explicit,pending_tasks,2,2,1,0.5,0.5,0.5,145,299,2.06,0.45361699994828086,16
gen_mobile_ios_001,graphrag_style,mobile/ios,synthetic,explicit,decisions,3,4,3,0.75,1.0,0.8571,145,299,2.06,0.45361699994828086,16
gen_mobile_ios_001,graphrag_style,mobile/ios,synthetic,explicit,files,3,3,3,1.0,1.0,1.0,145,299,2.06,0.45361699994828086,16
gen_mobile_ios_001,graphrag_style,mobile/ios,synthetic,explicit,errors,3,4,3,0.75,1.0,0.8571,145,299,2.06,0.45361699994828086,16
gen_mobile_ios_001,mem0_style,mobile/ios,synthetic,explicit,completed_tasks,6,8,6,0.75,1.0,0.8571,189,299,1.58,0.790918999882706,21
gen_mobile_ios_001,mem0_style,mobile/ios,synthetic,explicit,pending_tasks,2,3,2,0.6667,1.0,0.8,189,299,1.58,0.790918999882706,21
gen_mobile_ios_001,mem0_style,mobile/ios,synthetic,explicit,decisions,3,4,3,0.75,1.0,0.8571,189,299,1.58,0.790918999882706,21
gen_mobile_ios_001,mem0_style,mobile/ios,synthetic,explicit,files,3,3,3,1.0,1.0,1.0,189,299,1.58,0.790918999882706,21
gen_mobile_ios_001,mem0_style,mobile/ios,synthetic,explicit,errors,3,3,3,1.0,1.0,1.0,189,299,1.58,0.790918999882706,21
gen_mobile_ios_001,memgpt_style,mobile/ios,synthetic,explicit,completed_tasks,6,4,4,1.0,0.6667,0.8,85,299,3.52,0.35452900010568555,8
gen_mobile_ios_001,memgpt_style,mobile/ios,synthetic,explicit,pending_tasks,2,1,1,1.0,0.5,0.6667,85,299,3.52,0.35452900010568555,8
gen_mobile_ios_001,memgpt_style,mobile/ios,synthetic,explicit,decisions,3,1,1,1.0,0.3333,0.5,85,299,3.52,0.35452900010568555,8
gen_mobile_ios_001,memgpt_style,mobile/ios,synthetic,explicit,files,3,1,1,1.0,0.3333,0.5,85,299,3.52,0.35452900010568555,8
gen_mobile_ios_001,memgpt_style,mobile/ios,synthetic,explicit,errors,3,1,1,1.0,0.3333,0.5,85,299,3.52,0.35452900010568555,8
gen_mobile_ios_001,sliding_window_10,mobile/ios,synthetic,explicit,completed_tasks,6,13,4,0.3077,0.6667,0.4211,138,299,2.17,0.002661999133124482,13
gen_mobile_ios_001,sliding_window_10,mobile/ios,synthetic,explicit,pending_tasks,2,13,1,0.0769,0.5,0.1333,138,299,2.17,0.002661999133124482,13
gen_mobile_ios_001,sliding_window_10,mobile/ios,synthetic,explicit,decisions,3,13,1,0.0769,0.3333,0.125,138,299,2.17,0.002661999133124482,13
gen_mobile_ios_001,sliding_window_10,mobile/ios,synthetic,explicit,files,3,13,1,0.0769,0.3333,0.125,138,299,2.17,0.002661999133124482,13
gen_mobile_ios_001,sliding_window_10,mobile/ios,synthetic,explicit,errors,3,13,1,0.0769,0.3333,0.125,138,299,2.17,0.002661999133124482,13
gen_mobile_ios_001,naive_truncation,mobile/ios,synthetic,explicit,completed_tasks,6,30,6,0.2,1.0,0.3333,315,299,0.95,0.013706000572710764,30
gen_mobile_ios_001,naive_truncation,mobile/ios,synthetic,explicit,pending_tasks,2,30,2,0.0667,1.0,0.125,315,299,0.95,0.013706000572710764,30
gen_mobile_ios_001,naive_truncation,mobile/ios,synthetic,explicit,decisions,3,30,3,0.1,1.0,0.1818,315,299,0.95,0.013706000572710764,30
gen_mobile_ios_001,naive_truncation,mobile/ios,synthetic,explicit,files,3,30,3,0.1,1.0,0.1818,315,299,0.95,0.013706000572710764,30
gen_mobile_ios_001,naive_truncation,mobile/ios,synthetic,explicit,errors,3,30,3,0.1,1.0,0.1818,315,299,0.95,0.013706000572710764,30
gen_mobile_ios_001,naive_summary,mobile/ios,synthetic,explicit,completed_tasks,6,20,2,0.1,0.3333,0.1538,204,299,1.47,0.03270000070187962,20
gen_mobile_ios_001,naive_summary,mobile/ios,synthetic,explicit,pending_tasks,2,20,1,0.05,0.5,0.0909,204,299,1.47,0.03270000070187962,20
gen_mobile_ios_001,naive_summary,mobile/ios,synthetic,explicit,decisions,3,20,2,0.1,0.6667,0.1739,204,299,1.47,0.03270000070187962,20
gen_mobile_ios_001,naive_summary,mobile/ios,synthetic,explicit,files,3,20,2,0.1,0.6667,0.1739,204,299,1.47,0.03270000070187962,20
gen_mobile_ios_001,naive_summary,mobile/ios,synthetic,explicit,errors,3,20,3,0.15,1.0,0.2609,204,299,1.47,0.03270000070187962,20
gen_mobile_ios_002,tokenmizer_v0.5.2,mobile/ios,synthetic,explicit,completed_tasks,7,7,7,1.0,1.0,1.0,206,357,1.73,264.5305300002292,21
gen_mobile_ios_002,tokenmizer_v0.5.2,mobile/ios,synthetic,explicit,pending_tasks,2,2,2,1.0,1.0,1.0,206,357,1.73,264.5305300002292,21
gen_mobile_ios_002,tokenmizer_v0.5.2,mobile/ios,synthetic,explicit,decisions,6,6,6,1.0,1.0,1.0,206,357,1.73,264.5305300002292,21
gen_mobile_ios_002,tokenmizer_v0.5.2,mobile/ios,synthetic,explicit,files,3,3,3,1.0,1.0,1.0,206,357,1.73,264.5305300002292,21
gen_mobile_ios_002,tokenmizer_v0.5.2,mobile/ios,synthetic,explicit,errors,3,3,3,1.0,1.0,1.0,206,357,1.73,264.5305300002292,21
gen_mobile_ios_002,graphiti_style,mobile/ios,synthetic,explicit,completed_tasks,7,10,7,0.7,1.0,0.8235,202,357,1.77,1.0249959996144753,23
gen_mobile_ios_002,graphiti_style,mobile/ios,synthetic,explicit,pending_tasks,2,2,2,1.0,1.0,1.0,202,357,1.77,1.0249959996144753,23
gen_mobile_ios_002,graphiti_style,mobile/ios,synthetic,explicit,decisions,6,6,6,1.0,1.0,1.0,202,357,1.77,1.0249959996144753,23
gen_mobile_ios_002,graphiti_style,mobile/ios,synthetic,explicit,files,3,2,2,1.0,0.6667,0.8,202,357,1.77,1.0249959996144753,23
gen_mobile_ios_002,graphiti_style,mobile/ios,synthetic,explicit,errors,3,3,3,1.0,1.0,1.0,202,357,1.77,1.0249959996144753,23
gen_mobile_ios_002,graphrag_style,mobile/ios,synthetic,explicit,completed_tasks,7,2,2,1.0,0.2857,0.4444,140,357,2.55,0.5308029994921526,14
gen_mobile_ios_002,graphrag_style,mobile/ios,synthetic,explicit,pending_tasks,2,0,0,1.0,0.0,0.0,140,357,2.55,0.5308029994921526,14
gen_mobile_ios_002,graphrag_style,mobile/ios,synthetic,explicit,decisions,6,6,6,1.0,1.0,1.0,140,357,2.55,0.5308029994921526,14
gen_mobile_ios_002,graphrag_style,mobile/ios,synthetic,explicit,files,3,2,2,1.0,0.6667,0.8,140,357,2.55,0.5308029994921526,14
gen_mobile_ios_002,graphrag_style,mobile/ios,synthetic,explicit,errors,3,4,3,0.75,1.0,0.8571,140,357,2.55,0.5308029994921526,14
gen_mobile_ios_002,mem0_style,mobile/ios,synthetic,explicit,completed_tasks,7,10,7,0.7,1.0,0.8235,201,357,1.78,0.9544810000079451,23
gen_mobile_ios_002,mem0_style,mobile/ios,synthetic,explicit,pending_tasks,2,2,2,1.0,1.0,1.0,201,357,1.78,0.9544810000079451,23
gen_mobile_ios_002,mem0_style,mobile/ios,synthetic,explicit,decisions,6,6,6,1.0,1.0,1.0,201,357,1.78,0.9544810000079451,23
gen_mobile_ios_002,mem0_style,mobile/ios,synthetic,explicit,files,3,2,2,1.0,0.6667,0.8,201,357,1.78,0.9544810000079451,23
gen_mobile_ios_002,mem0_style,mobile/ios,synthetic,explicit,errors,3,3,3,1.0,1.0,1.0,201,357,1.78,0.9544810000079451,23
gen_mobile_ios_002,memgpt_style,mobile/ios,synthetic,explicit,completed_tasks,7,5,4,0.8,0.5714,0.6667,99,357,3.61,0.34195900025224546,10
gen_mobile_ios_002,memgpt_style,mobile/ios,synthetic,explicit,pending_tasks,2,0,0,1.0,0.0,0.0,99,357,3.61,0.34195900025224546,10
gen_mobile_ios_002,memgpt_style,mobile/ios,synthetic,explicit,decisions,6,4,4,1.0,0.6667,0.8,99,357,3.61,0.34195900025224546,10
gen_mobile_ios_002,memgpt_style,mobile/ios,synthetic,explicit,files,3,0,0,1.0,0.0,0.0,99,357,3.61,0.34195900025224546,10
gen_mobile_ios_002,memgpt_style,mobile/ios,synthetic,explicit,errors,3,1,1,1.0,0.3333,0.5,99,357,3.61,0.34195900025224546,10
gen_mobile_ios_002,sliding_window_10,mobile/ios,synthetic,explicit,completed_tasks,7,12,4,0.3333,0.5714,0.4211,114,357,3.13,0.0029599996196338907,12
gen_mobile_ios_002,sliding_window_10,mobile/ios,synthetic,explicit,pending_tasks,2,12,0,0.0,0.0,0.0,114,357,3.13,0.0029599996196338907,12
gen_mobile_ios_002,sliding_window_10,mobile/ios,synthetic,explicit,decisions,6,12,2,0.1667,0.3333,0.2222,114,357,3.13,0.0029599996196338907,12
gen_mobile_ios_002,sliding_window_10,mobile/ios,synthetic,explicit,files,3,12,0,0.0,0.0,0.0,114,357,3.13,0.0029599996196338907,12
gen_mobile_ios_002,sliding_window_10,mobile/ios,synthetic,explicit,errors,3,12,1,0.0833,0.3333,0.1333,114,357,3.13,0.0029599996196338907,12
gen_mobile_ios_002,naive_truncation,mobile/ios,synthetic,explicit,completed_tasks,7,34,7,0.2059,1.0,0.3415,314,357,1.14,0.017598999875190202,34
gen_mobile_ios_002,naive_truncation,mobile/ios,synthetic,explicit,pending_tasks,2,34,1,0.0294,0.5,0.0556,314,357,1.14,0.017598999875190202,34
gen_mobile_ios_002,naive_truncation,mobile/ios,synthetic,explicit,decisions,6,34,5,0.1471,0.8333,0.25,314,357,1.14,0.017598999875190202,34
gen_mobile_ios_002,naive_truncation,mobile/ios,synthetic,explicit,files,3,34,3,0.0882,1.0,0.1622,314,357,1.14,0.017598999875190202,34
gen_mobile_ios_002,naive_truncation,mobile/ios,synthetic,explicit,errors,3,34,3,0.0882,1.0,0.1622,314,357,1.14,0.017598999875190202,34
gen_mobile_ios_002,naive_summary,mobile/ios,synthetic,explicit,completed_tasks,7,22,2,0.0909,0.2857,0.1379,206,357,1.73,0.04348299989942461,22
gen_mobile_ios_002,naive_summary,mobile/ios,synthetic,explicit,pending_tasks,2,22,2,0.0909,1.0,0.1667,206,357,1.73,0.04348299989942461,22
gen_mobile_ios_002,naive_summary,mobile/ios,synthetic,explicit,decisions,6,22,2,0.0909,0.3333,0.1429,206,357,1.73,0.04348299989942461,22
gen_mobile_ios_002,naive_summary,mobile/ios,synthetic,explicit,files,3,22,2,0.0909,0.6667,0.16,206,357,1.73,0.04348299989942461,22
gen_mobile_ios_002,naive_summary,mobile/ios,synthetic,explicit,errors,3,22,2,0.0909,0.6667,0.16,206,357,1.73,0.04348299989942461,22
gen_mobile_ios_003,tokenmizer_v0.5.2,mobile/ios,synthetic,explicit,completed_tasks,6,6,6,1.0,1.0,1.0,211,381,1.81,224.83773899966764,23
gen_mobile_ios_003,tokenmizer_v0.5.2,mobile/ios,synthetic,explicit,pending_tasks,3,3,3,1.0,1.0,1.0,211,381,1.81,224.83773899966764,23
gen_mobile_ios_003,tokenmizer_v0.5.2,mobile/ios,synthetic,explicit,decisions,6,6,6,1.0,1.0,1.0,211,381,1.81,224.83773899966764,23
gen_mobile_ios_003,tokenmizer_v0.5.2,mobile/ios,synthetic,explicit,files,6,6,6,1.0,1.0,1.0,211,381,1.81,224.83773899966764,23
gen_mobile_ios_003,tokenmizer_v0.5.2,mobile/ios,synthetic,explicit,errors,2,2,2,1.0,1.0,1.0,211,381,1.81,224.83773899966764,23
gen_mobile_ios_003,graphiti_style,mobile/ios,synthetic,explicit,completed_tasks,6,10,6,0.6,1.0,0.75,213,381,1.79,0.9878139999273117,27
gen_mobile_ios_003,graphiti_style,mobile/ios,synthetic,explicit,pending_tasks,3,4,3,0.75,1.0,0.8571,213,381,1.79,0.9878139999273117,27
gen_mobile_ios_003,graphiti_style,mobile/ios,synthetic,explicit,decisions,6,7,6,0.8571,1.0,0.9231,213,381,1.79,0.9878139999273117,27
gen_mobile_ios_003,graphiti_style,mobile/ios,synthetic,explicit,files,6,4,4,1.0,0.6667,0.8,213,381,1.79,0.9878139999273117,27
gen_mobile_ios_003,graphiti_style,mobile/ios,synthetic,explicit,errors,2,2,2,1.0,1.0,1.0,213,381,1.79,0.9878139999273117,27
gen_mobile_ios_003,graphrag_style,mobile/ios,synthetic,explicit,completed_tasks,6,2,2,1.0,0.3333,0.5,182,381,2.09,0.6799799994041678,20
gen_mobile_ios_003,graphrag_style,mobile/ios,synthetic,explicit,pending_tasks,3,4,3,0.75,1.0,0.8571,182,381,2.09,0.6799799994041678,20
gen_mobile_ios_003,graphrag_style,mobile/ios,synthetic,explicit,decisions,6,7,6,0.8571,1.0,0.9231,182,381,2.09,0.6799799994041678,20
gen_mobile_ios_003,graphrag_style,mobile/ios,synthetic,explicit,files,6,4,4,1.0,0.6667,0.8,182,381,2.09,0.6799799994041678,20
gen_mobile_ios_003,graphrag_style,mobile/ios,synthetic,explicit,errors,2,3,2,0.6667,1.0,0.8,182,381,2.09,0.6799799994041678,20
gen_mobile_ios_003,mem0_style,mobile/ios,synthetic,explicit,completed_tasks,6,10,6,0.6,1.0,0.75,212,381,1.8,1.0478990006959066,27
gen_mobile_ios_003,mem0_style,mobile/ios,synthetic,explicit,pending_tasks,3,4,3,0.75,1.0,0.8571,212,381,1.8,1.0478990006959066,27
gen_mobile_ios_003,mem0_style,mobile/ios,synthetic,explicit,decisions,6,7,6,0.8571,1.0,0.9231,212,381,1.8,1.0478990006959066,27
gen_mobile_ios_003,mem0_style,mobile/ios,synthetic,explicit,files,6,4,4,1.0,0.6667,0.8,212,381,1.8,1.0478990006959066,27
gen_mobile_ios_003,mem0_style,mobile/ios,synthetic,explicit,errors,2,2,2,1.0,1.0,1.0,212,381,1.8,1.0478990006959066,27
gen_mobile_ios_003,memgpt_style,mobile/ios,synthetic,explicit,completed_tasks,6,6,4,0.6667,0.6667,0.6667,96,381,3.97,0.37537000025622547,11
gen_mobile_ios_003,memgpt_style,mobile/ios,synthetic,explicit,pending_tasks,3,0,0,1.0,0.0,0.0,96,381,3.97,0.37537000025622547,11
gen_mobile_ios_003,memgpt_style,mobile/ios,synthetic,explicit,decisions,6,2,2,1.0,0.3333,0.5,96,381,3.97,0.37537000025622547,11
gen_mobile_ios_003,memgpt_style,mobile/ios,synthetic,explicit,files,6,3,3,1.0,0.5,0.6667,96,381,3.97,0.37537000025622547,11
gen_mobile_ios_003,memgpt_style,mobile/ios,synthetic,explicit,errors,2,0,0,1.0,0.0,0.0,96,381,3.97,0.37537000025622547,11
gen_mobile_ios_003,sliding_window_10,mobile/ios,synthetic,explicit,completed_tasks,6,10,3,0.3,0.5,0.375,81,381,4.7,0.003336999725433998,10
gen_mobile_ios_003,sliding_window_10,mobile/ios,synthetic,explicit,pending_tasks,3,10,0,0.0,0.0,0.0,81,381,4.7,0.003336999725433998,10
gen_mobile_ios_003,sliding_window_10,mobile/ios,synthetic,explicit,decisions,6,10,0,0.0,0.0,0.0,81,381,4.7,0.003336999725433998,10
gen_mobile_ios_003,sliding_window_10,mobile/ios,synthetic,explicit,files,6,10,2,0.2,0.3333,0.25,81,381,4.7,0.003336999725433998,10
gen_mobile_ios_003,sliding_window_10,mobile/ios,synthetic,explicit,errors,2,10,0,0.0,0.0,0.0,81,381,4.7,0.003336999725433998,10
gen_mobile_ios_003,naive_truncation,mobile/ios,synthetic,explicit,completed_tasks,6,38,5,0.1579,0.8333,0.2655,324,381,1.18,0.014945000657462515,38
gen_mobile_ios_003,naive_truncation,mobile/ios,synthetic,explicit,pending_tasks,3,38,3,0.0789,1.0,0.1463,324,381,1.18,0.014945000657462515,38
gen_mobile_ios_003,naive_truncation,mobile/ios,synthetic,explicit,decisions,6,38,4,0.1053,0.6667,0.1818,324,381,1.18,0.014945000657462515,38
gen_mobile_ios_003,naive_truncation,mobile/ios,synthetic,explicit,files,6,38,6,0.1579,1.0,0.2727,324,381,1.18,0.014945000657462515,38
gen_mobile_ios_003,naive_truncation,mobile/ios,synthetic,explicit,errors,2,38,2,0.0526,1.0,0.1,324,381,1.18,0.014945000657462515,38
gen_mobile_ios_003,naive_summary,mobile/ios,synthetic,explicit,completed_tasks,6,22,1,0.0455,0.1667,0.0714,201,381,1.9,0.0397019994125003,22
gen_mobile_ios_003,naive_summary,mobile/ios,synthetic,explicit,pending_tasks,3,22,3,0.1364,1.0,0.24,201,381,1.9,0.0397019994125003,22
gen_mobile_ios_003,naive_summary,mobile/ios,synthetic,explicit,decisions,6,22,4,0.1818,0.6667,0.2857,201,381,1.9,0.0397019994125003,22
gen_mobile_ios_003,naive_summary,mobile/ios,synthetic,explicit,files,6,22,2,0.0909,0.3333,0.1429,201,381,1.9,0.0397019994125003,22
gen_mobile_ios_003,naive_summary,mobile/ios,synthetic,explicit,errors,2,22,0,0.0,0.0,0.0,201,381,1.9,0.0397019994125003,22
gen_mobile_ios_004,tokenmizer_v0.5.2,mobile/ios,synthetic,explicit,completed_tasks,5,5,5,1.0,1.0,1.0,157,273,1.74,220.0942400004351,17
gen_mobile_ios_004,tokenmizer_v0.5.2,mobile/ios,synthetic,explicit,pending_tasks,1,1,1,1.0,1.0,1.0,157,273,1.74,220.0942400004351,17
gen_mobile_ios_004,tokenmizer_v0.5.2,mobile/ios,synthetic,explicit,decisions,2,2,2,1.0,1.0,1.0,157,273,1.74,220.0942400004351,17
gen_mobile_ios_004,tokenmizer_v0.5.2,mobile/ios,synthetic,explicit,files,6,6,6,1.0,1.0,1.0,157,273,1.74,220.0942400004351,17
gen_mobile_ios_004,tokenmizer_v0.5.2,mobile/ios,synthetic,explicit,errors,3,3,3,1.0,1.0,1.0,157,273,1.74,220.0942400004351,17
gen_mobile_ios_004,graphiti_style,mobile/ios,synthetic,explicit,completed_tasks,5,8,5,0.625,1.0,0.7692,164,273,1.66,0.6896690001667594,21
gen_mobile_ios_004,graphiti_style,mobile/ios,synthetic,explicit,pending_tasks,1,2,1,0.5,1.0,0.6667,164,273,1.66,0.6896690001667594,21
gen_mobile_ios_004,graphiti_style,mobile/ios,synthetic,explicit,decisions,2,3,2,0.6667,1.0,0.8,164,273,1.66,0.6896690001667594,21
gen_mobile_ios_004,graphiti_style,mobile/ios,synthetic,explicit,files,6,5,5,1.0,0.8333,0.9091,164,273,1.66,0.6896690001667594,21
gen_mobile_ios_004,graphiti_style,mobile/ios,synthetic,explicit,errors,3,3,3,1.0,1.0,1.0,164,273,1.66,0.6896690001667594,21
gen_mobile_ios_004,graphrag_style,mobile/ios,synthetic,explicit,completed_tasks,5,1,1,1.0,0.2,0.3333,106,273,2.58,0.4005650007457007,13
gen_mobile_ios_004,graphrag_style,mobile/ios,synthetic,explicit,pending_tasks,1,1,0,0.0,0.0,0.0,106,273,2.58,0.4005650007457007,13
gen_mobile_ios_004,graphrag_style,mobile/ios,synthetic,explicit,decisions,2,3,2,0.6667,1.0,0.8,106,273,2.58,0.4005650007457007,13
gen_mobile_ios_004,graphrag_style,mobile/ios,synthetic,explicit,files,6,5,5,1.0,0.8333,0.9091,106,273,2.58,0.4005650007457007,13
gen_mobile_ios_004,graphrag_style,mobile/ios,synthetic,explicit,errors,3,3,3,1.0,1.0,1.0,106,273,2.58,0.4005650007457007,13
gen_mobile_ios_004,mem0_style,mobile/ios,synthetic,explicit,completed_tasks,5,8,5,0.625,1.0,0.7692,163,273,1.67,1.5405920003104256,21
gen_mobile_ios_004,mem0_style,mobile/ios,synthetic,explicit,pending_tasks,1,2,1,0.5,1.0,0.6667,163,273,1.67,1.5405920003104256,21
gen_mobile_ios_004,mem0_style,mobile/ios,synthetic,explicit,decisions,2,3,2,0.6667,1.0,0.8,163,273,1.67,1.5405920003104256,21
gen_mobile_ios_004,mem0_style,mobile/ios,synthetic,explicit,files,6,5,5,1.0,0.8333,0.9091,163,273,1.67,1.5405920003104256,21
gen_mobile_ios_004,mem0_style,mobile/ios,synthetic,explicit,errors,3,3,3,1.0,1.0,1.0,163,273,1.67,1.5405920003104256,21
gen_mobile_ios_004,memgpt_style,mobile/ios,synthetic,explicit,completed_tasks,5,4,2,0.5,0.4,0.4444,86,273,3.17,0.27929699990636436,10
gen_mobile_ios_004,memgpt_style,mobile/ios,synthetic,explicit,pending_tasks,1,0,0,1.0,0.0,0.0,86,273,3.17,0.27929699990636436,10
gen_mobile_ios_004,memgpt_style,mobile/ios,synthetic,explicit,decisions,2,0,0,1.0,0.0,0.0,86,273,3.17,0.27929699990636436,10
gen_mobile_ios_004,memgpt_style,mobile/ios,synthetic,explicit,files,6,4,4,1.0,0.6667,0.8,86,273,3.17,0.27929699990636436,10
gen_mobile_ios_004,memgpt_style,mobile/ios,synthetic,explicit,errors,3,2,2,1.0,0.6667,0.8,86,273,3.17,0.27929699990636436,10
gen_mobile_ios_004,sliding_window_10,mobile/ios,synthetic,explicit,completed_tasks,5,11,2,0.1818,0.4,0.25,110,273,2.48,0.002956999196612742,11
gen_mobile_ios_004,sliding_window_10,mobile/ios,synthetic,explicit,pending_tasks,1,11,0,0.0,0.0,0.0,110,273,2.48,0.002956999196612742,11
gen_mobile_ios_004,sliding_window_10,mobile/ios,synthetic,explicit,decisions,2,11,0,0.0,0.0,0.0,110,273,2.48,0.002956999196612742,11
gen_mobile_ios_004,sliding_window_10,mobile/ios,synthetic,explicit,files,6,11,3,0.2727,0.5,0.3529,110,273,2.48,0.002956999196612742,11
gen_mobile_ios_004,sliding_window_10,mobile/ios,synthetic,explicit,errors,3,11,1,0.0909,0.3333,0.1429,110,273,2.48,0.002956999196612742,11
gen_mobile_ios_004,naive_truncation,mobile/ios,synthetic,explicit,completed_tasks,5,32,5,0.1562,1.0,0.2703,288,273,0.95,0.014994000594015233,32
gen_mobile_ios_004,naive_truncation,mobile/ios,synthetic,explicit,pending_tasks,1,32,1,0.0312,1.0,0.0606,288,273,0.95,0.014994000594015233,32
gen_mobile_ios_004,naive_truncation,mobile/ios,synthetic,explicit,decisions,2,32,2,0.0625,1.0,0.1176,288,273,0.95,0.014994000594015233,32
gen_mobile_ios_004,naive_truncation,mobile/ios,synthetic,explicit,files,6,32,6,0.2188,1.0,0.359,288,273,0.95,0.014994000594015233,32
gen_mobile_ios_004,naive_truncation,mobile/ios,synthetic,explicit,errors,3,32,3,0.0938,1.0,0.1714,288,273,0.95,0.014994000594015233,32
gen_mobile_ios_004,naive_summary,mobile/ios,synthetic,explicit,completed_tasks,5,23,4,0.1739,0.8,0.2857,199,273,1.37,0.03495700002531521,23
gen_mobile_ios_004,naive_summary,mobile/ios,synthetic,explicit,pending_tasks,1,23,1,0.0435,1.0,0.0833,199,273,1.37,0.03495700002531521,23
gen_mobile_ios_004,naive_summary,mobile/ios,synthetic,explicit,decisions,2,23,2,0.087,1.0,0.16,199,273,1.37,0.03495700002531521,23
gen_mobile_ios_004,naive_summary,mobile/ios,synthetic,explicit,files,6,23,3,0.1739,0.5,0.2581,199,273,1.37,0.03495700002531521,23
gen_mobile_ios_004,naive_summary,mobile/ios,synthetic,explicit,errors,3,23,2,0.087,0.6667,0.1538,199,273,1.37,0.03495700002531521,23
gen_mobile_ios_005,tokenmizer_v0.5.2,mobile/ios,synthetic,explicit,completed_tasks,5,5,5,1.0,1.0,1.0,143,270,1.89,218.9320929992391,16
gen_mobile_ios_005,tokenmizer_v0.5.2,mobile/ios,synthetic,explicit,pending_tasks,2,2,2,1.0,1.0,1.0,143,270,1.89,218.9320929992391,16
gen_mobile_ios_005,tokenmizer_v0.5.2,mobile/ios,synthetic,explicit,decisions,3,3,3,1.0,1.0,1.0,143,270,1.89,218.9320929992391,16
gen_mobile_ios_005,tokenmizer_v0.5.2,mobile/ios,synthetic,explicit,files,6,6,6,1.0,1.0,1.0,143,270,1.89,218.9320929992391,16
gen_mobile_ios_005,graphiti_style,mobile/ios,synthetic,explicit,completed_tasks,5,8,5,0.625,1.0,0.7692,150,270,1.8,0.6823269995948067,19
gen_mobile_ios_005,graphiti_style,mobile/ios,synthetic,explicit,pending_tasks,2,2,2,1.0,1.0,1.0,150,270,1.8,0.6823269995948067,19
gen_mobile_ios_005,graphiti_style,mobile/ios,synthetic,explicit,decisions,3,4,3,0.75,1.0,0.8571,150,270,1.8,0.6823269995948067,19
gen_mobile_ios_005,graphiti_style,mobile/ios,synthetic,explicit,files,6,5,5,1.0,0.8333,0.9091,150,270,1.8,0.6823269995948067,19
gen_mobile_ios_005,graphrag_style,mobile/ios,synthetic,explicit,completed_tasks,5,2,2,1.0,0.4,0.5714,91,270,2.97,0.3885300002366421,11
gen_mobile_ios_005,graphrag_style,mobile/ios,synthetic,explicit,pending_tasks,2,0,0,1.0,0.0,0.0,91,270,2.97,0.3885300002366421,11
gen_mobile_ios_005,graphrag_style,mobile/ios,synthetic,explicit,decisions,3,4,3,0.75,1.0,0.8571,91,270,2.97,0.3885300002366421,11
gen_mobile_ios_005,graphrag_style,mobile/ios,synthetic,explicit,files,6,5,5,1.0,0.8333,0.9091,91,270,2.97,0.3885300002366421,11
gen_mobile_ios_005,mem0_style,mobile/ios,synthetic,explicit,completed_tasks,5,8,5,0.625,1.0,0.7692,149,270,1.81,0.6963579999137437,19
gen_mobile_ios_005,mem0_style,mobile/ios,synthetic,explicit,pending_tasks,2,2,2,1.0,1.0,1.0,149,270,1.81,0.6963579999137437,19
gen_mobile_ios_005,mem0_style,mobile/ios,synthetic,explicit,decisions,3,4,3,0.75,1.0,0.8571,149,270,1.81,0.6963579999137437,19
gen_mobile_ios_005,mem0_style,mobile/ios,synthetic,explicit,files,6,5,5,1.0,0.8333,0.9091,149,270,1.81,0.6963579999137437,19
gen_mobile_ios_005,memgpt_style,mobile/ios,synthetic,explicit,completed_tasks,5,4,2,0.5,0.4,0.4444,75,270,3.6,0.22616600017499877,9
gen_mobile_ios_005,memgpt_style,mobile/ios,synthetic,explicit,pending_tasks,2,1,1,1.0,0.5,0.6667,75,270,3.6,0.22616600017499877,9
gen_mobile_ios_005,memgpt_style,mobile/ios,synthetic,explicit,decisions,3,2,2,1.0,0.6667,0.8,75,270,3.6,0.22616600017499877,9
gen_mobile_ios_005,memgpt_style,mobile/ios,synthetic,explicit,files,6,2,2,1.0,0.3333,0.5,75,270,3.6,0.22616600017499877,9
gen_mobile_ios_005,sliding_window_10,mobile/ios,synthetic,explicit,completed_tasks,5,11,1,0.0909,0.2,0.125,93,270,2.9,0.0034659997254493646,11
gen_mobile_ios_005,sliding_window_10,mobile/ios,synthetic,explicit,pending_tasks,2,11,1,0.0909,0.5,0.1538,93,270,2.9,0.0034659997254493646,11
gen_mobile_ios_005,sliding_window_10,mobile/ios,synthetic,explicit,decisions,3,11,2,0.1818,0.6667,0.2857,93,270,2.9,0.0034659997254493646,11
gen_mobile_ios_005,sliding_window_10,mobile/ios,synthetic,explicit,files,6,11,2,0.1818,0.3333,0.2353,93,270,2.9,0.0034659997254493646,11
gen_mobile_ios_005,sliding_window_10,mobile/ios,synthetic,explicit,errors,0,11,0,0.0,1.0,0.0,93,270,2.9,0.0034659997254493646,11
gen_mobile_ios_005,naive_truncation,mobile/ios,synthetic,explicit,completed_tasks,5,31,5,0.1613,1.0,0.2778,289,270,0.93,0.014071999430598225,31
gen_mobile_ios_005,naive_truncation,mobile/ios,synthetic,explicit,pending_tasks,2,31,2,0.0645,1.0,0.1212,289,270,0.93,0.014071999430598225,31
gen_mobile_ios_005,naive_truncation,mobile/ios,synthetic,explicit,decisions,3,31,3,0.0968,1.0,0.1765,289,270,0.93,0.014071999430598225,31
gen_mobile_ios_005,naive_truncation,mobile/ios,synthetic,explicit,files,6,31,6,0.1935,1.0,0.3243,289,270,0.93,0.014071999430598225,31
gen_mobile_ios_005,naive_truncation,mobile/ios,synthetic,explicit,errors,0,31,0,0.0,1.0,0.0,289,270,0.93,0.014071999430598225,31
gen_mobile_ios_005,naive_summary,mobile/ios,synthetic,explicit,completed_tasks,5,21,4,0.1905,0.8,0.3077,207,270,1.3,0.030238999897846952,21
gen_mobile_ios_005,naive_summary,mobile/ios,synthetic,explicit,pending_tasks,2,21,1,0.0476,0.5,0.087,207,270,1.3,0.030238999897846952,21
gen_mobile_ios_005,naive_summary,mobile/ios,synthetic,explicit,decisions,3,21,1,0.0476,0.3333,0.0833,207,270,1.3,0.030238999897846952,21
gen_mobile_ios_005,naive_summary,mobile/ios,synthetic,explicit,files,6,21,4,0.1905,0.6667,0.2963,207,270,1.3,0.030238999897846952,21
gen_mobile_ios_005,naive_summary,mobile/ios,synthetic,explicit,errors,0,21,0,0.0,1.0,0.0,207,270,1.3,0.030238999897846952,21
gen_platform_api_001,tokenmizer_v0.5.2,platform/api,synthetic,semi,completed_tasks,3,3,3,1.0,1.0,1.0,113,316,2.8,219.39226300037262,14
gen_platform_api_001,tokenmizer_v0.5.2,platform/api,synthetic,semi,pending_tasks,4,4,4,1.0,1.0,1.0,113,316,2.8,219.39226300037262,14
gen_platform_api_001,tokenmizer_v0.5.2,platform/api,synthetic,semi,decisions,2,2,2,1.0,1.0,1.0,113,316,2.8,219.39226300037262,14
gen_platform_api_001,tokenmizer_v0.5.2,platform/api,synthetic,semi,files,5,5,5,1.0,1.0,1.0,113,316,2.8,219.39226300037262,14
gen_platform_api_001,tokenmizer_v0.5.2,platform/api,synthetic,semi,errors,1,0,0,1.0,0.0,0.0,113,316,2.8,219.39226300037262,14
gen_platform_api_001,graphiti_style,platform/api,synthetic,semi,completed_tasks,3,3,3,1.0,1.0,1.0,149,316,2.12,0.9541529998386977,18
gen_platform_api_001,graphiti_style,platform/api,synthetic,semi,pending_tasks,4,6,3,0.5,0.75,0.6,149,316,2.12,0.9541529998386977,18
gen_platform_api_001,graphiti_style,platform/api,synthetic,semi,decisions,2,2,1,0.5,0.5,0.5,149,316,2.12,0.9541529998386977,18
gen_platform_api_001,graphiti_style,platform/api,synthetic,semi,files,5,5,5,1.0,1.0,1.0,149,316,2.12,0.9541529998386977,18
gen_platform_api_001,graphiti_style,platform/api,synthetic,semi,errors,1,2,1,0.5,1.0,0.6667,149,316,2.12,0.9541529998386977,18
gen_platform_api_001,graphrag_style,platform/api,synthetic,semi,completed_tasks,3,0,0,1.0,0.0,0.0,59,316,5.36,0.4577829995469074,9
gen_platform_api_001,graphrag_style,platform/api,synthetic,semi,pending_tasks,4,2,0,0.0,0.0,0.0,59,316,5.36,0.4577829995469074,9
gen_platform_api_001,graphrag_style,platform/api,synthetic,semi,decisions,2,1,1,1.0,0.5,0.6667,59,316,5.36,0.4577829995469074,9
gen_platform_api_001,graphrag_style,platform/api,synthetic,semi,files,5,5,5,1.0,1.0,1.0,59,316,5.36,0.4577829995469074,9
gen_platform_api_001,graphrag_style,platform/api,synthetic,semi,errors,1,1,0,0.0,0.0,0.0,59,316,5.36,0.4577829995469074,9
gen_platform_api_001,mem0_style,platform/api,synthetic,semi,completed_tasks,3,3,3,1.0,1.0,1.0,155,316,2.04,0.8107740004561492,17
gen_platform_api_001,mem0_style,platform/api,synthetic,semi,pending_tasks,4,5,3,0.6,0.75,0.6667,155,316,2.04,0.8107740004561492,17
gen_platform_api_001,mem0_style,platform/api,synthetic,semi,decisions,2,2,1,0.5,0.5,0.5,155,316,2.04,0.8107740004561492,17
gen_platform_api_001,mem0_style,platform/api,synthetic,semi,files,5,5,5,1.0,1.0,1.0,155,316,2.04,0.8107740004561492,17
gen_platform_api_001,mem0_style,platform/api,synthetic,semi,errors,1,2,1,0.5,1.0,0.6667,155,316,2.04,0.8107740004561492,17
gen_platform_api_001,memgpt_style,platform/api,synthetic,semi,completed_tasks,3,2,2,1.0,0.6667,0.8,87,316,3.63,0.30373799927474465,9
gen_platform_api_001,memgpt_style,platform/api,synthetic,semi,pending_tasks,4,1,1,1.0,0.25,0.4,87,316,3.63,0.30373799927474465,9
gen_platform_api_001,memgpt_style,platform/api,synthetic,semi,decisions,2,2,1,0.5,0.5,0.5,87,316,3.63,0.30373799927474465,9
gen_platform_api_001,memgpt_style,platform/api,synthetic,semi,files,5,3,3,1.0,0.6,0.75,87,316,3.63,0.30373799927474465,9
gen_platform_api_001,memgpt_style,platform/api,synthetic,semi,errors,1,1,0,0.0,0.0,0.0,87,316,3.63,0.30373799927474465,9
gen_platform_api_001,sliding_window_10,platform/api,synthetic,semi,completed_tasks,3,11,1,0.0909,0.3333,0.1429,112,316,2.82,0.0028589993235073052,11
gen_platform_api_001,sliding_window_10,platform/api,synthetic,semi,pending_tasks,4,11,1,0.0909,0.25,0.1333,112,316,2.82,0.0028589993235073052,11
gen_platform_api_001,sliding_window_10,platform/api,synthetic,semi,decisions,2,11,1,0.0909,0.5,0.1538,112,316,2.82,0.0028589993235073052,11
gen_platform_api_001,sliding_window_10,platform/api,synthetic,semi,files,5,11,3,0.2727,0.6,0.375,112,316,2.82,0.0028589993235073052,11
gen_platform_api_001,sliding_window_10,platform/api,synthetic,semi,errors,1,11,0,0.0,0.0,0.0,112,316,2.82,0.0028589993235073052,11
gen_platform_api_001,naive_truncation,platform/api,synthetic,semi,completed_tasks,3,28,3,0.1071,1.0,0.1935,307,316,1.03,0.014987999747972935,28
gen_platform_api_001,naive_truncation,platform/api,synthetic,semi,pending_tasks,4,28,4,0.1429,1.0,0.25,307,316,1.03,0.014987999747972935,28
gen_platform_api_001,naive_truncation,platform/api,synthetic,semi,decisions,2,28,2,0.0714,1.0,0.1333,307,316,1.03,0.014987999747972935,28
gen_platform_api_001,naive_truncation,platform/api,synthetic,semi,files,5,28,5,0.1786,1.0,0.303,307,316,1.03,0.014987999747972935,28
gen_platform_api_001,naive_truncation,platform/api,synthetic,semi,errors,1,28,1,0.0357,1.0,0.069,307,316,1.03,0.014987999747972935,28
gen_platform_api_001,naive_summary,platform/api,synthetic,semi,completed_tasks,3,15,1,0.0667,0.3333,0.1111,174,316,1.82,0.04396399981487775,15
gen_platform_api_001,naive_summary,platform/api,synthetic,semi,pending_tasks,4,15,3,0.2,0.75,0.3158,174,316,1.82,0.04396399981487775,15
gen_platform_api_001,naive_summary,platform/api,synthetic,semi,decisions,2,15,0,0.0,0.0,0.0,174,316,1.82,0.04396399981487775,15
gen_platform_api_001,naive_summary,platform/api,synthetic,semi,files,5,15,2,0.1333,0.4,0.2,174,316,1.82,0.04396399981487775,15
gen_platform_api_001,naive_summary,platform/api,synthetic,semi,errors,1,15,1,0.0667,1.0,0.125,174,316,1.82,0.04396399981487775,15
gen_platform_api_002,tokenmizer_v0.5.2,platform/api,synthetic,semi,completed_tasks,6,6,6,1.0,1.0,1.0,169,309,1.83,224.87313900001027,15
gen_platform_api_002,tokenmizer_v0.5.2,platform/api,synthetic,semi,pending_tasks,3,3,3,1.0,1.0,1.0,169,309,1.83,224.87313900001027,15
gen_platform_api_002,tokenmizer_v0.5.2,platform/api,synthetic,semi,decisions,3,3,3,1.0,1.0,1.0,169,309,1.83,224.87313900001027,15
gen_platform_api_002,tokenmizer_v0.5.2,platform/api,synthetic,semi,files,2,2,2,1.0,1.0,1.0,169,309,1.83,224.87313900001027,15
gen_platform_api_002,tokenmizer_v0.5.2,platform/api,synthetic,semi,errors,1,1,1,1.0,1.0,1.0,169,309,1.83,224.87313900001027,15
gen_platform_api_002,graphiti_style,platform/api,synthetic,semi,completed_tasks,6,4,4,1.0,0.6667,0.8,157,309,1.97,0.765916000091238,16
gen_platform_api_002,graphiti_style,platform/api,synthetic,semi,pending_tasks,3,4,1,0.25,0.3333,0.2857,157,309,1.97,0.765916000091238,16
gen_platform_api_002,graphiti_style,platform/api,synthetic,semi,decisions,3,4,3,0.75,1.0,0.8571,157,309,1.97,0.765916000091238,16
gen_platform_api_002,graphiti_style,platform/api,synthetic,semi,files,2,2,2,1.0,1.0,1.0,157,309,1.97,0.765916000091238,16
gen_platform_api_002,graphiti_style,platform/api,synthetic,semi,errors,1,2,1,0.5,1.0,0.6667,157,309,1.97,0.765916000091238,16
gen_platform_api_002,graphrag_style,platform/api,synthetic,semi,completed_tasks,6,0,0,1.0,0.0,0.0,75,309,4.12,0.41042199973162496,8
gen_platform_api_002,graphrag_style,platform/api,synthetic,semi,pending_tasks,3,2,0,0.0,0.0,0.0,75,309,4.12,0.41042199973162496,8
gen_platform_api_002,graphrag_style,platform/api,synthetic,semi,decisions,3,3,3,1.0,1.0,1.0,75,309,4.12,0.41042199973162496,8
gen_platform_api_002,graphrag_style,platform/api,synthetic,semi,files,2,2,2,1.0,1.0,1.0,75,309,4.12,0.41042199973162496,8
gen_platform_api_002,graphrag_style,platform/api,synthetic,semi,errors,1,1,0,0.0,0.0,0.0,75,309,4.12,0.41042199973162496,8
gen_platform_api_002,mem0_style,platform/api,synthetic,semi,completed_tasks,6,4,4,1.0,0.6667,0.8,153,309,2.02,0.8780650005064672,15
gen_platform_api_002,mem0_style,platform/api,synthetic,semi,pending_tasks,3,3,1,0.3333,0.3333,0.3333,153,309,2.02,0.8780650005064672,15
gen_platform_api_002,mem0_style,platform/api,synthetic,semi,decisions,3,4,3,0.75,1.0,0.8571,153,309,2.02,0.8780650005064672,15
gen_platform_api_002,mem0_style,platform/api,synthetic,semi,files,2,2,2,1.0,1.0,1.0,153,309,2.02,0.8780650005064672,15
gen_platform_api_002,mem0_style,platform/api,synthetic,semi,errors,1,2,1,0.5,1.0,0.6667,153,309,2.02,0.8780650005064672,15
gen_platform_api_002,memgpt_style,platform/api,synthetic,semi,completed_tasks,6,2,2,1.0,0.3333,0.5,71,309,4.35,0.23107699962565675,5
gen_platform_api_002,memgpt_style,platform/api,synthetic,semi,pending_tasks,3,0,0,1.0,0.0,0.0,71,309,4.35,0.23107699962565675,5
gen_platform_api_002,memgpt_style,platform/api,synthetic,semi,decisions,3,0,0,1.0,0.0,0.0,71,309,4.35,0.23107699962565675,5
gen_platform_api_002,memgpt_style,platform/api,synthetic,semi,files,2,1,1,1.0,0.5,0.6667,71,309,4.35,0.23107699962565675,5
gen_platform_api_002,memgpt_style,platform/api,synthetic,semi,errors,1,2,1,0.5,1.0,0.6667,71,309,4.35,0.23107699962565675,5
gen_platform_api_002,sliding_window_10,platform/api,synthetic,semi,completed_tasks,6,10,3,0.3,0.5,0.375,106,309,2.92,0.0024230002964031883,10
gen_platform_api_002,sliding_window_10,platform/api,synthetic,semi,pending_tasks,3,10,0,0.0,0.0,0.0,106,309,2.92,0.0024230002964031883,10
gen_platform_api_002,sliding_window_10,platform/api,synthetic,semi,decisions,3,10,0,0.0,0.0,0.0,106,309,2.92,0.0024230002964031883,10
gen_platform_api_002,sliding_window_10,platform/api,synthetic,semi,files,2,10,1,0.1,0.5,0.1667,106,309,2.92,0.0024230002964031883,10
gen_platform_api_002,sliding_window_10,platform/api,synthetic,semi,errors,1,10,1,0.1,1.0,0.1818,106,309,2.92,0.0024230002964031883,10
gen_platform_api_002,naive_truncation,platform/api,synthetic,semi,completed_tasks,6,28,6,0.2143,1.0,0.3529,314,309,0.98,0.011299000107101165,28
gen_platform_api_002,naive_truncation,platform/api,synthetic,semi,pending_tasks,3,28,3,0.1071,1.0,0.1935,314,309,0.98,0.011299000107101165,28
gen_platform_api_002,naive_truncation,platform/api,synthetic,semi,decisions,3,28,3,0.1071,1.0,0.1935,314,309,0.98,0.011299000107101165,28
gen_platform_api_002,naive_truncation,platform/api,synthetic,semi,files,2,28,2,0.0714,1.0,0.1333,314,309,0.98,0.011299000107101165,28
gen_platform_api_002,naive_truncation,platform/api,synthetic,semi,errors,1,28,1,0.0357,1.0,0.069,314,309,0.98,0.011299000107101165,28
gen_platform_api_002,naive_summary,platform/api,synthetic,semi,completed_tasks,6,16,3,0.1875,0.5,0.2727,175,309,1.77,0.032181000278797,16
gen_platform_api_002,naive_summary,platform/api,synthetic,semi,pending_tasks,3,16,2,0.125,0.6667,0.2105,175,309,1.77,0.032181000278797,16
gen_platform_api_002,naive_summary,platform/api,synthetic,semi,decisions,3,16,1,0.0625,0.3333,0.1053,175,309,1.77,0.032181000278797,16
gen_platform_api_002,naive_summary,platform/api,synthetic,semi,files,2,16,1,0.0625,0.5,0.1111,175,309,1.77,0.032181000278797,16
gen_platform_api_002,naive_summary,platform/api,synthetic,semi,errors,1,16,0,0.0,0.0,0.0,175,309,1.77,0.032181000278797,16
gen_platform_api_003,tokenmizer_v0.5.2,platform/api,synthetic,semi,completed_tasks,7,7,7,1.0,1.0,1.0,225,476,2.12,232.50029500013625,22
gen_platform_api_003,tokenmizer_v0.5.2,platform/api,synthetic,semi,pending_tasks,4,4,4,1.0,1.0,1.0,225,476,2.12,232.50029500013625,22
gen_platform_api_003,tokenmizer_v0.5.2,platform/api,synthetic,semi,decisions,6,6,6,1.0,1.0,1.0,225,476,2.12,232.50029500013625,22
gen_platform_api_003,tokenmizer_v0.5.2,platform/api,synthetic,semi,files,3,3,3,1.0,1.0,1.0,225,476,2.12,232.50029500013625,22
gen_platform_api_003,tokenmizer_v0.5.2,platform/api,synthetic,semi,errors,3,2,2,1.0,0.6667,0.8,225,476,2.12,232.50029500013625,22
gen_platform_api_003,graphiti_style,platform/api,synthetic,semi,completed_tasks,7,5,5,1.0,0.7143,0.8333,203,476,2.34,1.972162000129174,21
gen_platform_api_003,graphiti_style,platform/api,synthetic,semi,pending_tasks,4,4,1,0.25,0.25,0.25,203,476,2.34,1.972162000129174,21
gen_platform_api_003,graphiti_style,platform/api,synthetic,semi,decisions,6,5,3,0.6,0.5,0.5455,203,476,2.34,1.972162000129174,21
gen_platform_api_003,graphiti_style,platform/api,synthetic,semi,files,3,3,3,1.0,1.0,1.0,203,476,2.34,1.972162000129174,21
gen_platform_api_003,graphiti_style,platform/api,synthetic,semi,errors,3,4,3,0.75,1.0,0.8571,203,476,2.34,1.972162000129174,21
gen_platform_api_003,graphrag_style,platform/api,synthetic,semi,completed_tasks,7,0,0,1.0,0.0,0.0,113,476,4.21,1.1109540000688867,13
gen_platform_api_003,graphrag_style,platform/api,synthetic,semi,pending_tasks,4,2,0,0.0,0.0,0.0,113,476,4.21,1.1109540000688867,13
gen_platform_api_003,graphrag_style,platform/api,synthetic,semi,decisions,6,5,4,0.8,0.6667,0.7273,113,476,4.21,1.1109540000688867,13
gen_platform_api_003,graphrag_style,platform/api,synthetic,semi,files,3,3,3,1.0,1.0,1.0,113,476,4.21,1.1109540000688867,13
gen_platform_api_003,graphrag_style,platform/api,synthetic,semi,errors,3,3,2,0.6667,0.6667,0.6667,113,476,4.21,1.1109540000688867,13
gen_platform_api_003,mem0_style,platform/api,synthetic,semi,completed_tasks,7,5,5,1.0,0.7143,0.8333,198,476,2.4,1.9886749996658182,20
gen_platform_api_003,mem0_style,platform/api,synthetic,semi,pending_tasks,4,3,1,0.3333,0.25,0.2857,198,476,2.4,1.9886749996658182,20
gen_platform_api_003,mem0_style,platform/api,synthetic,semi,decisions,6,5,3,0.6,0.5,0.5455,198,476,2.4,1.9886749996658182,20
gen_platform_api_003,mem0_style,platform/api,synthetic,semi,files,3,3,3,1.0,1.0,1.0,198,476,2.4,1.9886749996658182,20
gen_platform_api_003,mem0_style,platform/api,synthetic,semi,errors,3,4,3,0.75,1.0,0.8571,198,476,2.4,1.9886749996658182,20
gen_platform_api_003,memgpt_style,platform/api,synthetic,semi,completed_tasks,7,2,2,1.0,0.2857,0.4444,115,476,4.14,0.8801869998933398,9
gen_platform_api_003,memgpt_style,platform/api,synthetic,semi,pending_tasks,4,3,1,0.3333,0.25,0.2857,115,476,4.14,0.8801869998933398,9
gen_platform_api_003,memgpt_style,platform/api,synthetic,semi,decisions,6,0,0,1.0,0.0,0.0,115,476,4.14,0.8801869998933398,9
gen_platform_api_003,memgpt_style,platform/api,synthetic,semi,files,3,0,0,1.0,0.0,0.0,115,476,4.14,0.8801869998933398,9
gen_platform_api_003,memgpt_style,platform/api,synthetic,semi,errors,3,4,3,0.75,1.0,0.8571,115,476,4.14,0.8801869998933398,9
gen_platform_api_003,sliding_window_10,platform/api,synthetic,semi,completed_tasks,7,13,2,0.1538,0.2857,0.2,155,476,3.07,0.006551000296894927,13
gen_platform_api_003,sliding_window_10,platform/api,synthetic,semi,pending_tasks,4,13,3,0.2308,0.75,0.3529,155,476,3.07,0.006551000296894927,13
gen_platform_api_003,sliding_window_10,platform/api,synthetic,semi,decisions,6,13,1,0.0769,0.1667,0.1053,155,476,3.07,0.006551000296894927,13
gen_platform_api_003,sliding_window_10,platform/api,synthetic,semi,files,3,13,0,0.0,0.0,0.0,155,476,3.07,0.006551000296894927,13
gen_platform_api_003,sliding_window_10,platform/api,synthetic,semi,errors,3,13,2,0.1538,0.6667,0.25,155,476,3.07,0.006551000296894927,13
gen_platform_api_003,naive_truncation,platform/api,synthetic,semi,completed_tasks,7,23,6,0.2609,0.8571,0.4,296,476,1.61,0.019995000002381857,23
gen_platform_api_003,naive_truncation,platform/api,synthetic,semi,pending_tasks,4,23,3,0.1304,0.75,0.2222,296,476,1.61,0.019995000002381857,23
gen_platform_api_003,naive_truncation,platform/api,synthetic,semi,decisions,6,23,2,0.087,0.3333,0.1379,296,476,1.61,0.019995000002381857,23
gen_platform_api_003,naive_truncation,platform/api,synthetic,semi,files,3,23,0,0.0,0.0,0.0,296,476,1.61,0.019995000002381857,23
gen_platform_api_003,naive_truncation,platform/api,synthetic,semi,errors,3,23,3,0.1304,1.0,0.2308,296,476,1.61,0.019995000002381857,23
gen_platform_api_003,naive_summary,platform/api,synthetic,semi,completed_tasks,7,17,1,0.0588,0.1429,0.0833,176,476,2.7,0.06516899975395063,17
gen_platform_api_003,naive_summary,platform/api,synthetic,semi,pending_tasks,4,17,1,0.0588,0.25,0.0952,176,476,2.7,0.06516899975395063,17
gen_platform_api_003,naive_summary,platform/api,synthetic,semi,decisions,6,17,3,0.1765,0.5,0.2609,176,476,2.7,0.06516899975395063,17
gen_platform_api_003,naive_summary,platform/api,synthetic,semi,files,3,17,2,0.1176,0.6667,0.2,176,476,2.7,0.06516899975395063,17
gen_platform_api_003,naive_summary,platform/api,synthetic,semi,errors,3,17,0,0.0,0.0,0.0,176,476,2.7,0.06516899975395063,17
gen_platform_api_004,tokenmizer_v0.5.2,platform/api,synthetic,semi,completed_tasks,6,6,6,1.0,1.0,1.0,214,404,1.89,228.0099550007435,21
gen_platform_api_004,tokenmizer_v0.5.2,platform/api,synthetic,semi,pending_tasks,2,2,2,1.0,1.0,1.0,214,404,1.89,228.0099550007435,21
gen_platform_api_004,tokenmizer_v0.5.2,platform/api,synthetic,semi,decisions,5,5,4,0.8,0.8,0.8,214,404,1.89,228.0099550007435,21
gen_platform_api_004,tokenmizer_v0.5.2,platform/api,synthetic,semi,files,5,5,5,1.0,1.0,1.0,214,404,1.89,228.0099550007435,21
gen_platform_api_004,tokenmizer_v0.5.2,platform/api,synthetic,semi,errors,3,3,3,1.0,1.0,1.0,214,404,1.89,228.0099550007435,21
gen_platform_api_004,graphiti_style,platform/api,synthetic,semi,completed_tasks,6,5,4,0.8,0.6667,0.7273,162,404,2.49,1.5006940002422198,19
gen_platform_api_004,graphiti_style,platform/api,synthetic,semi,pending_tasks,2,3,0,0.0,0.0,0.0,162,404,2.49,1.5006940002422198,19
gen_platform_api_004,graphiti_style,platform/api,synthetic,semi,decisions,5,3,2,0.6667,0.4,0.5,162,404,2.49,1.5006940002422198,19
gen_platform_api_004,graphiti_style,platform/api,synthetic,semi,files,5,5,5,1.0,1.0,1.0,162,404,2.49,1.5006940002422198,19
gen_platform_api_004,graphiti_style,platform/api,synthetic,semi,errors,3,3,3,1.0,1.0,1.0,162,404,2.49,1.5006940002422198,19
gen_platform_api_004,graphrag_style,platform/api,synthetic,semi,completed_tasks,6,0,0,1.0,0.0,0.0,69,404,5.86,0.6619669993597199,11
gen_platform_api_004,graphrag_style,platform/api,synthetic,semi,pending_tasks,2,2,0,0.0,0.0,0.0,69,404,5.86,0.6619669993597199,11
gen_platform_api_004,graphrag_style,platform/api,synthetic,semi,decisions,5,3,2,0.6667,0.4,0.5,69,404,5.86,0.6619669993597199,11
gen_platform_api_004,graphrag_style,platform/api,synthetic,semi,files,5,5,5,1.0,1.0,1.0,69,404,5.86,0.6619669993597199,11
gen_platform_api_004,graphrag_style,platform/api,synthetic,semi,errors,3,1,1,1.0,0.3333,0.5,69,404,5.86,0.6619669993597199,11
gen_platform_api_004,mem0_style,platform/api,synthetic,semi,completed_tasks,6,5,4,0.8,0.6667,0.7273,158,404,2.56,1.2524760004453128,18
gen_platform_api_004,mem0_style,platform/api,synthetic,semi,pending_tasks,2,2,0,0.0,0.0,0.0,158,404,2.56,1.2524760004453128,18
gen_platform_api_004,mem0_style,platform/api,synthetic,semi,decisions,5,3,2,0.6667,0.4,0.5,158,404,2.56,1.2524760004453128,18
gen_platform_api_004,mem0_style,platform/api,synthetic,semi,files,5,5,5,1.0,1.0,1.0,158,404,2.56,1.2524760004453128,18
gen_platform_api_004,mem0_style,platform/api,synthetic,semi,errors,3,3,3,1.0,1.0,1.0,158,404,2.56,1.2524760004453128,18
gen_platform_api_004,memgpt_style,platform/api,synthetic,semi,completed_tasks,6,3,2,0.6667,0.3333,0.4444,77,404,5.25,0.42770700019900687,7
gen_platform_api_004,memgpt_style,platform/api,synthetic,semi,pending_tasks,2,0,0,1.0,0.0,0.0,77,404,5.25,0.42770700019900687,7
gen_platform_api_004,memgpt_style,platform/api,synthetic,semi,decisions,5,2,1,0.5,0.2,0.2857,77,404,5.25,0.42770700019900687,7
gen_platform_api_004,memgpt_style,platform/api,synthetic,semi,files,5,1,1,1.0,0.2,0.3333,77,404,5.25,0.42770700019900687,7
gen_platform_api_004,memgpt_style,platform/api,synthetic,semi,errors,3,1,1,1.0,0.3333,0.5,77,404,5.25,0.42770700019900687,7
gen_platform_api_004,sliding_window_10,platform/api,synthetic,semi,completed_tasks,6,12,3,0.25,0.5,0.3333,145,404,2.79,0.0036499995985650457,12
gen_platform_api_004,sliding_window_10,platform/api,synthetic,semi,pending_tasks,2,12,0,0.0,0.0,0.0,145,404,2.79,0.0036499995985650457,12
gen_platform_api_004,sliding_window_10,platform/api,synthetic,semi,decisions,5,12,3,0.25,0.6,0.3529,145,404,2.79,0.0036499995985650457,12
gen_platform_api_004,sliding_window_10,platform/api,synthetic,semi,files,5,12,0,0.0,0.0,0.0,145,404,2.79,0.0036499995985650457,12
gen_platform_api_004,sliding_window_10,platform/api,synthetic,semi,errors,3,12,1,0.0833,0.3333,0.1333,145,404,2.79,0.0036499995985650457,12
gen_platform_api_004,naive_truncation,platform/api,synthetic,semi,completed_tasks,6,27,6,0.2222,1.0,0.3636,313,404,1.29,0.014885999917169102,27
gen_platform_api_004,naive_truncation,platform/api,synthetic,semi,pending_tasks,2,27,1,0.037,0.5,0.069,313,404,1.29,0.014885999917169102,27
gen_platform_api_004,naive_truncation,platform/api,synthetic,semi,decisions,5,27,4,0.1481,0.8,0.25,313,404,1.29,0.014885999917169102,27
gen_platform_api_004,naive_truncation,platform/api,synthetic,semi,files,5,27,3,0.1111,0.6,0.1875,313,404,1.29,0.014885999917169102,27
gen_platform_api_004,naive_truncation,platform/api,synthetic,semi,errors,3,27,2,0.0741,0.6667,0.1333,313,404,1.29,0.014885999917169102,27
gen_platform_api_004,naive_summary,platform/api,synthetic,semi,completed_tasks,6,18,1,0.0556,0.1667,0.0833,178,404,2.27,0.04384699968795758,18
gen_platform_api_004,naive_summary,platform/api,synthetic,semi,pending_tasks,2,18,2,0.1111,1.0,0.2,178,404,2.27,0.04384699968795758,18
gen_platform_api_004,naive_summary,platform/api,synthetic,semi,decisions,5,18,1,0.0556,0.2,0.087,178,404,2.27,0.04384699968795758,18
gen_platform_api_004,naive_summary,platform/api,synthetic,semi,files,5,18,3,0.1667,0.6,0.2609,178,404,2.27,0.04384699968795758,18
gen_platform_api_004,naive_summary,platform/api,synthetic,semi,errors,3,18,2,0.1111,0.6667,0.1905,178,404,2.27,0.04384699968795758,18
gen_platform_api_005,tokenmizer_v0.5.2,platform/api,synthetic,semi,completed_tasks,7,7,7,1.0,1.0,1.0,158,386,2.44,232.02531100014312,18
gen_platform_api_005,tokenmizer_v0.5.2,platform/api,synthetic,semi,pending_tasks,4,4,4,1.0,1.0,1.0,158,386,2.44,232.02531100014312,18
gen_platform_api_005,tokenmizer_v0.5.2,platform/api,synthetic,semi,decisions,2,2,2,1.0,1.0,1.0,158,386,2.44,232.02531100014312,18
gen_platform_api_005,tokenmizer_v0.5.2,platform/api,synthetic,semi,files,5,5,5,1.0,1.0,1.0,158,386,2.44,232.02531100014312,18
gen_platform_api_005,graphiti_style,platform/api,synthetic,semi,completed_tasks,7,3,3,1.0,0.4286,0.6,132,386,2.92,0.9611250006855698,13
gen_platform_api_005,graphiti_style,platform/api,synthetic,semi,pending_tasks,4,1,1,1.0,0.25,0.4,132,386,2.92,0.9611250006855698,13
gen_platform_api_005,graphiti_style,platform/api,synthetic,semi,decisions,2,3,2,0.6667,1.0,0.8,132,386,2.92,0.9611250006855698,13
gen_platform_api_005,graphiti_style,platform/api,synthetic,semi,files,5,5,5,1.0,1.0,1.0,132,386,2.92,0.9611250006855698,13
gen_platform_api_005,graphiti_style,platform/api,synthetic,semi,errors,0,1,0,0.0,1.0,0.0,132,386,2.92,0.9611250006855698,13
gen_platform_api_005,graphrag_style,platform/api,synthetic,semi,completed_tasks,7,0,0,1.0,0.0,0.0,70,386,5.51,0.5034200003137812,8
gen_platform_api_005,graphrag_style,platform/api,synthetic,semi,pending_tasks,4,0,0,1.0,0.0,0.0,70,386,5.51,0.5034200003137812,8
gen_platform_api_005,graphrag_style,platform/api,synthetic,semi,decisions,2,2,2,1.0,1.0,1.0,70,386,5.51,0.5034200003137812,8
gen_platform_api_005,graphrag_style,platform/api,synthetic,semi,files,5,5,5,1.0,1.0,1.0,70,386,5.51,0.5034200003137812,8
gen_platform_api_005,graphrag_style,platform/api,synthetic,semi,errors,0,1,0,0.0,1.0,0.0,70,386,5.51,0.5034200003137812,8
gen_platform_api_005,mem0_style,platform/api,synthetic,semi,completed_tasks,7,3,3,1.0,0.4286,0.6,131,386,2.95,0.9878559994831448,13
gen_platform_api_005,mem0_style,platform/api,synthetic,semi,pending_tasks,4,1,1,1.0,0.25,0.4,131,386,2.95,0.9878559994831448,13
gen_platform_api_005,mem0_style,platform/api,synthetic,semi,decisions,2,3,2,0.6667,1.0,0.8,131,386,2.95,0.9878559994831448,13
gen_platform_api_005,mem0_style,platform/api,synthetic,semi,files,5,5,5,1.0,1.0,1.0,131,386,2.95,0.9878559994831448,13
gen_platform_api_005,mem0_style,platform/api,synthetic,semi,errors,0,1,0,0.0,1.0,0.0,131,386,2.95,0.9878559994831448,13
gen_platform_api_005,memgpt_style,platform/api,synthetic,semi,completed_tasks,7,1,1,1.0,0.1429,0.25,45,386,8.58,0.2967330001411028,5
gen_platform_api_005,memgpt_style,platform/api,synthetic,semi,pending_tasks,4,0,0,1.0,0.0,0.0,45,386,8.58,0.2967330001411028,5
gen_platform_api_005,memgpt_style,platform/api,synthetic,semi,decisions,2,1,1,1.0,0.5,0.6667,45,386,8.58,0.2967330001411028,5
gen_platform_api_005,memgpt_style,platform/api,synthetic,semi,files,5,3,3,1.0,0.6,0.75,45,386,8.58,0.2967330001411028,5
gen_platform_api_005,sliding_window_10,platform/api,synthetic,semi,completed_tasks,7,11,1,0.0909,0.1429,0.1111,110,386,3.51,0.0030769997465540655,11
gen_platform_api_005,sliding_window_10,platform/api,synthetic,semi,pending_tasks,4,11,1,0.0909,0.25,0.1333,110,386,3.51,0.0030769997465540655,11
gen_platform_api_005,sliding_window_10,platform/api,synthetic,semi,decisions,2,11,1,0.0909,0.5,0.1538,110,386,3.51,0.0030769997465540655,11
gen_platform_api_005,sliding_window_10,platform/api,synthetic,semi,files,5,11,3,0.2727,0.6,0.375,110,386,3.51,0.0030769997465540655,11
gen_platform_api_005,sliding_window_10,platform/api,synthetic,semi,errors,0,11,0,0.0,1.0,0.0,110,386,3.51,0.0030769997465540655,11
gen_platform_api_005,naive_truncation,platform/api,synthetic,semi,completed_tasks,7,27,5,0.1852,0.7143,0.2941,307,386,1.26,0.012791000699508004,27
gen_platform_api_005,naive_truncation,platform/api,synthetic,semi,pending_tasks,4,27,3,0.1111,0.75,0.1935,307,386,1.26,0.012791000699508004,27
gen_platform_api_005,naive_truncation,platform/api,synthetic,semi,decisions,2,27,2,0.0741,1.0,0.1379,307,386,1.26,0.012791000699508004,27
gen_platform_api_005,naive_truncation,platform/api,synthetic,semi,files,5,27,5,0.1852,1.0,0.3125,307,386,1.26,0.012791000699508004,27
gen_platform_api_005,naive_truncation,platform/api,synthetic,semi,errors,0,27,0,0.0,1.0,0.0,307,386,1.26,0.012791000699508004,27
gen_platform_api_005,naive_summary,platform/api,synthetic,semi,completed_tasks,7,16,3,0.1875,0.4286,0.2609,192,386,2.01,0.04300399996282067,16
gen_platform_api_005,naive_summary,platform/api,synthetic,semi,pending_tasks,4,16,3,0.1875,0.75,0.3,192,386,2.01,0.04300399996282067,16
gen_platform_api_005,naive_summary,platform/api,synthetic,semi,decisions,2,16,0,0.0,0.0,0.0,192,386,2.01,0.04300399996282067,16
gen_platform_api_005,naive_summary,platform/api,synthetic,semi,files,5,16,1,0.0625,0.2,0.0952,192,386,2.01,0.04300399996282067,16
gen_platform_api_005,naive_summary,platform/api,synthetic,semi,errors,0,16,0,0.0,1.0,0.0,192,386,2.01,0.04300399996282067,16
gen_product_analytics_001,tokenmizer_v0.5.2,product/analytics,synthetic,mixed,completed_tasks,5,5,5,1.0,1.0,1.0,177,408,2.31,228.9435949996914,15
gen_product_analytics_001,tokenmizer_v0.5.2,product/analytics,synthetic,mixed,pending_tasks,3,3,3,1.0,1.0,1.0,177,408,2.31,228.9435949996914,15
gen_product_analytics_001,tokenmizer_v0.5.2,product/analytics,synthetic,mixed,decisions,4,4,4,1.0,1.0,1.0,177,408,2.31,228.9435949996914,15
gen_product_analytics_001,tokenmizer_v0.5.2,product/analytics,synthetic,mixed,files,2,2,2,1.0,1.0,1.0,177,408,2.31,228.9435949996914,15
gen_product_analytics_001,tokenmizer_v0.5.2,product/analytics,synthetic,mixed,errors,2,1,1,1.0,0.5,0.6667,177,408,2.31,228.9435949996914,15
gen_product_analytics_001,graphiti_style,product/analytics,synthetic,mixed,completed_tasks,5,2,2,1.0,0.4,0.5714,91,408,4.48,1.153350000095088,9
gen_product_analytics_001,graphiti_style,product/analytics,synthetic,mixed,pending_tasks,3,0,0,1.0,0.0,0.0,91,408,4.48,1.153350000095088,9
gen_product_analytics_001,graphiti_style,product/analytics,synthetic,mixed,decisions,4,4,2,0.5,0.5,0.5,91,408,4.48,1.153350000095088,9
gen_product_analytics_001,graphiti_style,product/analytics,synthetic,mixed,files,2,2,1,0.5,0.5,0.5,91,408,4.48,1.153350000095088,9
gen_product_analytics_001,graphiti_style,product/analytics,synthetic,mixed,errors,2,1,1,1.0,0.5,0.6667,91,408,4.48,1.153350000095088,9
gen_product_analytics_001,graphrag_style,product/analytics,synthetic,mixed,completed_tasks,5,1,1,1.0,0.2,0.3333,71,408,5.75,0.5355690000214963,7
gen_product_analytics_001,graphrag_style,product/analytics,synthetic,mixed,pending_tasks,3,0,0,1.0,0.0,0.0,71,408,5.75,0.5355690000214963,7
gen_product_analytics_001,graphrag_style,product/analytics,synthetic,mixed,decisions,4,3,2,0.6667,0.5,0.5714,71,408,5.75,0.5355690000214963,7
gen_product_analytics_001,graphrag_style,product/analytics,synthetic,mixed,files,2,2,1,0.5,0.5,0.5,71,408,5.75,0.5355690000214963,7
gen_product_analytics_001,graphrag_style,product/analytics,synthetic,mixed,errors,2,1,1,1.0,0.5,0.6667,71,408,5.75,0.5355690000214963,7
gen_product_analytics_001,mem0_style,product/analytics,synthetic,mixed,completed_tasks,5,2,2,1.0,0.4,0.5714,90,408,4.53,1.1226570004509995,9
gen_product_analytics_001,mem0_style,product/analytics,synthetic,mixed,pending_tasks,3,0,0,1.0,0.0,0.0,90,408,4.53,1.1226570004509995,9
gen_product_analytics_001,mem0_style,product/analytics,synthetic,mixed,decisions,4,4,2,0.5,0.5,0.5,90,408,4.53,1.1226570004509995,9
gen_product_analytics_001,mem0_style,product/analytics,synthetic,mixed,files,2,2,1,0.5,0.5,0.5,90,408,4.53,1.1226570004509995,9
gen_product_analytics_001,mem0_style,product/analytics,synthetic,mixed,errors,2,1,1,1.0,0.5,0.6667,90,408,4.53,1.1226570004509995,9
gen_product_analytics_001,memgpt_style,product/analytics,synthetic,mixed,completed_tasks,5,0,0,1.0,0.0,0.0,25,408,16.32,0.5186500002309913,2
gen_product_analytics_001,memgpt_style,product/analytics,synthetic,mixed,pending_tasks,3,0,0,1.0,0.0,0.0,25,408,16.32,0.5186500002309913,2
gen_product_analytics_001,memgpt_style,product/analytics,synthetic,mixed,decisions,4,0,0,1.0,0.0,0.0,25,408,16.32,0.5186500002309913,2
gen_product_analytics_001,memgpt_style,product/analytics,synthetic,mixed,files,2,1,1,1.0,0.5,0.6667,25,408,16.32,0.5186500002309913,2
gen_product_analytics_001,memgpt_style,product/analytics,synthetic,mixed,errors,2,1,1,1.0,0.5,0.6667,25,408,16.32,0.5186500002309913,2
gen_product_analytics_001,sliding_window_10,product/analytics,synthetic,mixed,completed_tasks,5,13,1,0.0769,0.2,0.1111,207,408,1.97,0.0029719994927290827,13
gen_product_analytics_001,sliding_window_10,product/analytics,synthetic,mixed,pending_tasks,3,13,3,0.2308,1.0,0.375,207,408,1.97,0.0029719994927290827,13
gen_product_analytics_001,sliding_window_10,product/analytics,synthetic,mixed,decisions,4,13,1,0.0769,0.25,0.1176,207,408,1.97,0.0029719994927290827,13
gen_product_analytics_001,sliding_window_10,product/analytics,synthetic,mixed,files,2,13,1,0.0769,0.5,0.1333,207,408,1.97,0.0029719994927290827,13
gen_product_analytics_001,sliding_window_10,product/analytics,synthetic,mixed,errors,2,13,2,0.1538,1.0,0.2667,207,408,1.97,0.0029719994927290827,13
gen_product_analytics_001,naive_truncation,product/analytics,synthetic,mixed,completed_tasks,5,21,2,0.0952,0.4,0.1538,310,408,1.32,0.01025300025503384,21
gen_product_analytics_001,naive_truncation,product/analytics,synthetic,mixed,pending_tasks,3,21,3,0.1429,1.0,0.25,310,408,1.32,0.01025300025503384,21
gen_product_analytics_001,naive_truncation,product/analytics,synthetic,mixed,decisions,4,21,3,0.1429,0.75,0.24,310,408,1.32,0.01025300025503384,21
gen_product_analytics_001,naive_truncation,product/analytics,synthetic,mixed,files,2,21,2,0.0952,1.0,0.1739,310,408,1.32,0.01025300025503384,21
gen_product_analytics_001,naive_truncation,product/analytics,synthetic,mixed,errors,2,21,2,0.0952,1.0,0.1739,310,408,1.32,0.01025300025503384,21
gen_product_analytics_001,naive_summary,product/analytics,synthetic,mixed,completed_tasks,5,16,3,0.1875,0.6,0.2857,190,408,2.15,0.027774000045610592,16
gen_product_analytics_001,naive_summary,product/analytics,synthetic,mixed,pending_tasks,3,16,0,0.0,0.0,0.0,190,408,2.15,0.027774000045610592,16
gen_product_analytics_001,naive_summary,product/analytics,synthetic,mixed,decisions,4,16,3,0.1875,0.75,0.3,190,408,2.15,0.027774000045610592,16
gen_product_analytics_001,naive_summary,product/analytics,synthetic,mixed,files,2,16,1,0.0625,0.5,0.1111,190,408,2.15,0.027774000045610592,16
gen_product_analytics_001,naive_summary,product/analytics,synthetic,mixed,errors,2,16,0,0.0,0.0,0.0,190,408,2.15,0.027774000045610592,16
gen_product_analytics_002,tokenmizer_v0.5.2,product/analytics,synthetic,mixed,completed_tasks,4,4,4,1.0,1.0,1.0,187,406,2.17,225.03094500007137,16
gen_product_analytics_002,tokenmizer_v0.5.2,product/analytics,synthetic,mixed,pending_tasks,1,1,1,1.0,1.0,1.0,187,406,2.17,225.03094500007137,16
gen_product_analytics_002,tokenmizer_v0.5.2,product/analytics,synthetic,mixed,decisions,4,4,4,1.0,1.0,1.0,187,406,2.17,225.03094500007137,16
gen_product_analytics_002,tokenmizer_v0.5.2,product/analytics,synthetic,mixed,files,4,4,4,1.0,1.0,1.0,187,406,2.17,225.03094500007137,16
gen_product_analytics_002,tokenmizer_v0.5.2,product/analytics,synthetic,mixed,errors,3,3,3,1.0,1.0,1.0,187,406,2.17,225.03094500007137,16
gen_product_analytics_002,graphiti_style,product/analytics,synthetic,mixed,completed_tasks,4,3,1,0.3333,0.25,0.2857,85,406,4.78,1.1102790003860719,10
gen_product_analytics_002,graphiti_style,product/analytics,synthetic,mixed,pending_tasks,1,1,0,0.0,0.0,0.0,85,406,4.78,1.1102790003860719,10
gen_product_analytics_002,graphiti_style,product/analytics,synthetic,mixed,decisions,4,1,0,0.0,0.0,0.0,85,406,4.78,1.1102790003860719,10
gen_product_analytics_002,graphiti_style,product/analytics,synthetic,mixed,files,4,3,2,0.6667,0.5,0.5714,85,406,4.78,1.1102790003860719,10
gen_product_analytics_002,graphiti_style,product/analytics,synthetic,mixed,errors,3,2,2,1.0,0.6667,0.8,85,406,4.78,1.1102790003860719,10
gen_product_analytics_002,graphrag_style,product/analytics,synthetic,mixed,completed_tasks,4,1,1,1.0,0.25,0.4,60,406,6.77,0.5429060001915786,7
gen_product_analytics_002,graphrag_style,product/analytics,synthetic,mixed,pending_tasks,1,1,0,0.0,0.0,0.0,60,406,6.77,0.5429060001915786,7
gen_product_analytics_002,graphrag_style,product/analytics,synthetic,mixed,decisions,4,1,0,0.0,0.0,0.0,60,406,6.77,0.5429060001915786,7
gen_product_analytics_002,graphrag_style,product/analytics,synthetic,mixed,files,4,3,2,0.6667,0.5,0.5714,60,406,6.77,0.5429060001915786,7
gen_product_analytics_002,graphrag_style,product/analytics,synthetic,mixed,errors,3,1,1,1.0,0.3333,0.5,60,406,6.77,0.5429060001915786,7
gen_product_analytics_002,mem0_style,product/analytics,synthetic,mixed,completed_tasks,4,3,1,0.3333,0.25,0.2857,84,406,4.83,1.1440299995228997,10
gen_product_analytics_002,mem0_style,product/analytics,synthetic,mixed,pending_tasks,1,1,0,0.0,0.0,0.0,84,406,4.83,1.1440299995228997,10
gen_product_analytics_002,mem0_style,product/analytics,synthetic,mixed,decisions,4,1,0,0.0,0.0,0.0,84,406,4.83,1.1440299995228997,10
gen_product_analytics_002,mem0_style,product/analytics,synthetic,mixed,files,4,3,2,0.6667,0.5,0.5714,84,406,4.83,1.1440299995228997,10
gen_product_analytics_002,mem0_style,product/analytics,synthetic,mixed,errors,3,2,2,1.0,0.6667,0.8,84,406,4.83,1.1440299995228997,10
gen_product_analytics_002,memgpt_style,product/analytics,synthetic,mixed,completed_tasks,4,1,1,1.0,0.25,0.4,43,406,9.44,0.44862400045531103,4
gen_product_analytics_002,memgpt_style,product/analytics,synthetic,mixed,pending_tasks,1,0,0,1.0,0.0,0.0,43,406,9.44,0.44862400045531103,4
gen_product_analytics_002,memgpt_style,product/analytics,synthetic,mixed,decisions,4,1,0,0.0,0.0,0.0,43,406,9.44,0.44862400045531103,4
gen_product_analytics_002,memgpt_style,product/analytics,synthetic,mixed,files,4,1,0,0.0,0.0,0.0,43,406,9.44,0.44862400045531103,4
gen_product_analytics_002,memgpt_style,product/analytics,synthetic,mixed,errors,3,1,1,1.0,0.3333,0.5,43,406,9.44,0.44862400045531103,4
gen_product_analytics_002,sliding_window_10,product/analytics,synthetic,mixed,completed_tasks,4,12,2,0.1667,0.5,0.25,176,406,2.31,0.0030049995984882116,12
gen_product_analytics_002,sliding_window_10,product/analytics,synthetic,mixed,pending_tasks,1,12,1,0.0833,1.0,0.1538,176,406,2.31,0.0030049995984882116,12
gen_product_analytics_002,sliding_window_10,product/analytics,synthetic,mixed,decisions,4,12,1,0.0833,0.25,0.125,176,406,2.31,0.0030049995984882116,12
gen_product_analytics_002,sliding_window_10,product/analytics,synthetic,mixed,files,4,12,1,0.0833,0.25,0.125,176,406,2.31,0.0030049995984882116,12
gen_product_analytics_002,sliding_window_10,product/analytics,synthetic,mixed,errors,3,12,2,0.1667,0.6667,0.2667,176,406,2.31,0.0030049995984882116,12
gen_product_analytics_002,naive_truncation,product/analytics,synthetic,mixed,completed_tasks,4,21,3,0.1429,0.75,0.24,308,406,1.32,0.01022200012812391,21
gen_product_analytics_002,naive_truncation,product/analytics,synthetic,mixed,pending_tasks,1,21,1,0.0476,1.0,0.0909,308,406,1.32,0.01022200012812391,21
gen_product_analytics_002,naive_truncation,product/analytics,synthetic,mixed,decisions,4,21,3,0.1429,0.75,0.24,308,406,1.32,0.01022200012812391,21
gen_product_analytics_002,naive_truncation,product/analytics,synthetic,mixed,files,4,21,3,0.1429,0.75,0.24,308,406,1.32,0.01022200012812391,21
gen_product_analytics_002,naive_truncation,product/analytics,synthetic,mixed,errors,3,21,3,0.1429,1.0,0.25,308,406,1.32,0.01022200012812391,21
gen_product_analytics_002,naive_summary,product/analytics,synthetic,mixed,completed_tasks,4,14,1,0.0714,0.25,0.1111,198,406,2.05,0.038395000046875793,14
gen_product_analytics_002,naive_summary,product/analytics,synthetic,mixed,pending_tasks,1,14,0,0.0,0.0,0.0,198,406,2.05,0.038395000046875793,14
gen_product_analytics_002,naive_summary,product/analytics,synthetic,mixed,decisions,4,14,3,0.2143,0.75,0.3333,198,406,2.05,0.038395000046875793,14
gen_product_analytics_002,naive_summary,product/analytics,synthetic,mixed,files,4,14,3,0.2143,0.75,0.3333,198,406,2.05,0.038395000046875793,14
gen_product_analytics_002,naive_summary,product/analytics,synthetic,mixed,errors,3,14,0,0.0,0.0,0.0,198,406,2.05,0.038395000046875793,14
gen_product_analytics_003,tokenmizer_v0.5.2,product/analytics,synthetic,mixed,completed_tasks,4,4,4,1.0,1.0,1.0,149,300,2.01,243.29571499947633,13
gen_product_analytics_003,tokenmizer_v0.5.2,product/analytics,synthetic,mixed,pending_tasks,2,1,1,1.0,0.5,0.6667,149,300,2.01,243.29571499947633,13
gen_product_analytics_003,tokenmizer_v0.5.2,product/analytics,synthetic,mixed,decisions,2,2,2,1.0,1.0,1.0,149,300,2.01,243.29571499947633,13
gen_product_analytics_003,tokenmizer_v0.5.2,product/analytics,synthetic,mixed,files,4,4,4,1.0,1.0,1.0,149,300,2.01,243.29571499947633,13
gen_product_analytics_003,tokenmizer_v0.5.2,product/analytics,synthetic,mixed,errors,2,2,2,1.0,1.0,1.0,149,300,2.01,243.29571499947633,13
gen_product_analytics_003,graphiti_style,product/analytics,synthetic,mixed,completed_tasks,4,2,1,0.5,0.25,0.3333,118,300,2.54,1.4105540003583883,12
gen_product_analytics_003,graphiti_style,product/analytics,synthetic,mixed,pending_tasks,2,2,1,0.5,0.5,0.5,118,300,2.54,1.4105540003583883,12
gen_product_analytics_003,graphiti_style,product/analytics,synthetic,mixed,decisions,2,2,2,1.0,1.0,1.0,118,300,2.54,1.4105540003583883,12
gen_product_analytics_003,graphiti_style,product/analytics,synthetic,mixed,files,4,4,3,0.75,0.75,0.75,118,300,2.54,1.4105540003583883,12
gen_product_analytics_003,graphiti_style,product/analytics,synthetic,mixed,errors,2,2,2,1.0,1.0,1.0,118,300,2.54,1.4105540003583883,12
gen_product_analytics_003,graphrag_style,product/analytics,synthetic,mixed,completed_tasks,4,0,0,1.0,0.0,0.0,99,300,3.03,2.713470000344387,10
gen_product_analytics_003,graphrag_style,product/analytics,synthetic,mixed,pending_tasks,2,2,1,0.5,0.5,0.5,99,300,3.03,2.713470000344387,10
gen_product_analytics_003,graphrag_style,product/analytics,synthetic,mixed,decisions,2,2,2,1.0,1.0,1.0,99,300,3.03,2.713470000344387,10
gen_product_analytics_003,graphrag_style,product/analytics,synthetic,mixed,files,4,4,3,0.75,0.75,0.75,99,300,3.03,2.713470000344387,10
gen_product_analytics_003,graphrag_style,product/analytics,synthetic,mixed,errors,2,2,2,1.0,1.0,1.0,99,300,3.03,2.713470000344387,10
gen_product_analytics_003,mem0_style,product/analytics,synthetic,mixed,completed_tasks,4,2,1,0.5,0.25,0.3333,117,300,2.56,0.93896699945617,12
gen_product_analytics_003,mem0_style,product/analytics,synthetic,mixed,pending_tasks,2,2,1,0.5,0.5,0.5,117,300,2.56,0.93896699945617,12
gen_product_analytics_003,mem0_style,product/analytics,synthetic,mixed,decisions,2,2,2,1.0,1.0,1.0,117,300,2.56,0.93896699945617,12
gen_product_analytics_003,mem0_style,product/analytics,synthetic,mixed,files,4,4,3,0.75,0.75,0.75,117,300,2.56,0.93896699945617,12
gen_product_analytics_003,mem0_style,product/analytics,synthetic,mixed,errors,2,2,2,1.0,1.0,1.0,117,300,2.56,0.93896699945617,12
gen_product_analytics_003,memgpt_style,product/analytics,synthetic,mixed,completed_tasks,4,1,1,1.0,0.25,0.4,70,300,4.29,0.3706440002133604,5
gen_product_analytics_003,memgpt_style,product/analytics,synthetic,mixed,pending_tasks,2,1,1,1.0,0.5,0.6667,70,300,4.29,0.3706440002133604,5
gen_product_analytics_003,memgpt_style,product/analytics,synthetic,mixed,decisions,2,1,1,1.0,0.5,0.6667,70,300,4.29,0.3706440002133604,5
gen_product_analytics_003,memgpt_style,product/analytics,synthetic,mixed,files,4,1,1,1.0,0.25,0.4,70,300,4.29,0.3706440002133604,5
gen_product_analytics_003,memgpt_style,product/analytics,synthetic,mixed,errors,2,1,1,1.0,0.5,0.6667,70,300,4.29,0.3706440002133604,5
gen_product_analytics_003,sliding_window_10,product/analytics,synthetic,mixed,completed_tasks,4,12,2,0.1667,0.5,0.25,151,300,1.99,0.006881000444991514,12
gen_product_analytics_003,sliding_window_10,product/analytics,synthetic,mixed,pending_tasks,2,12,2,0.1667,1.0,0.2857,151,300,1.99,0.006881000444991514,12
gen_product_analytics_003,sliding_window_10,product/analytics,synthetic,mixed,decisions,2,12,1,0.0833,0.5,0.1429,151,300,1.99,0.006881000444991514,12
gen_product_analytics_003,sliding_window_10,product/analytics,synthetic,mixed,files,4,12,1,0.0833,0.25,0.125,151,300,1.99,0.006881000444991514,12
gen_product_analytics_003,sliding_window_10,product/analytics,synthetic,mixed,errors,2,12,1,0.0833,0.5,0.1429,151,300,1.99,0.006881000444991514,12
gen_product_analytics_003,naive_truncation,product/analytics,synthetic,mixed,completed_tasks,4,27,4,0.1481,1.0,0.2581,313,300,0.96,0.01579999934619991,27
gen_product_analytics_003,naive_truncation,product/analytics,synthetic,mixed,pending_tasks,2,27,2,0.0741,1.0,0.1379,313,300,0.96,0.01579999934619991,27
gen_product_analytics_003,naive_truncation,product/analytics,synthetic,mixed,decisions,2,27,2,0.0741,1.0,0.1379,313,300,0.96,0.01579999934619991,27
gen_product_analytics_003,naive_truncation,product/analytics,synthetic,mixed,files,4,27,4,0.1481,1.0,0.2581,313,300,0.96,0.01579999934619991,27
gen_product_analytics_003,naive_truncation,product/analytics,synthetic,mixed,errors,2,27,2,0.0741,1.0,0.1379,313,300,0.96,0.01579999934619991,27
gen_product_analytics_003,naive_summary,product/analytics,synthetic,mixed,completed_tasks,4,18,3,0.1667,0.75,0.2727,198,300,1.52,0.0269049996859394,18
gen_product_analytics_003,naive_summary,product/analytics,synthetic,mixed,pending_tasks,2,18,0,0.0,0.0,0.0,198,300,1.52,0.0269049996859394,18
gen_product_analytics_003,naive_summary,product/analytics,synthetic,mixed,decisions,2,18,1,0.0556,0.5,0.1,198,300,1.52,0.0269049996859394,18
gen_product_analytics_003,naive_summary,product/analytics,synthetic,mixed,files,4,18,3,0.1667,0.75,0.2727,198,300,1.52,0.0269049996859394,18
gen_product_analytics_003,naive_summary,product/analytics,synthetic,mixed,errors,2,18,1,0.0556,0.5,0.1,198,300,1.52,0.0269049996859394,18
gen_product_analytics_004,tokenmizer_v0.5.2,product/analytics,synthetic,mixed,completed_tasks,5,5,5,1.0,1.0,1.0,193,438,2.27,231.82396999982302,16
gen_product_analytics_004,tokenmizer_v0.5.2,product/analytics,synthetic,mixed,pending_tasks,3,2,2,1.0,0.6667,0.8,193,438,2.27,231.82396999982302,16
gen_product_analytics_004,tokenmizer_v0.5.2,product/analytics,synthetic,mixed,decisions,4,4,4,1.0,1.0,1.0,193,438,2.27,231.82396999982302,16
gen_product_analytics_004,tokenmizer_v0.5.2,product/analytics,synthetic,mixed,files,4,4,4,1.0,1.0,1.0,193,438,2.27,231.82396999982302,16
gen_product_analytics_004,tokenmizer_v0.5.2,product/analytics,synthetic,mixed,errors,2,1,1,1.0,0.5,0.6667,193,438,2.27,231.82396999982302,16
gen_product_analytics_004,graphiti_style,product/analytics,synthetic,mixed,completed_tasks,5,4,4,1.0,0.8,0.8889,163,438,2.69,1.344051000160107,14
gen_product_analytics_004,graphiti_style,product/analytics,synthetic,mixed,pending_tasks,3,2,2,1.0,0.6667,0.8,163,438,2.69,1.344051000160107,14
gen_product_analytics_004,graphiti_style,product/analytics,synthetic,mixed,decisions,4,3,3,1.0,0.75,0.8571,163,438,2.69,1.344051000160107,14
gen_product_analytics_004,graphiti_style,product/analytics,synthetic,mixed,files,4,4,4,1.0,1.0,1.0,163,438,2.69,1.344051000160107,14
gen_product_analytics_004,graphiti_style,product/analytics,synthetic,mixed,errors,2,1,1,1.0,0.5,0.6667,163,438,2.69,1.344051000160107,14
gen_product_analytics_004,graphrag_style,product/analytics,synthetic,mixed,completed_tasks,5,1,1,1.0,0.2,0.3333,101,438,4.34,0.5746440001530573,10
gen_product_analytics_004,graphrag_style,product/analytics,synthetic,mixed,pending_tasks,3,2,2,1.0,0.6667,0.8,101,438,4.34,0.5746440001530573,10
gen_product_analytics_004,graphrag_style,product/analytics,synthetic,mixed,decisions,4,3,3,1.0,0.75,0.8571,101,438,4.34,0.5746440001530573,10
gen_product_analytics_004,graphrag_style,product/analytics,synthetic,mixed,files,4,4,4,1.0,1.0,1.0,101,438,4.34,0.5746440001530573,10
gen_product_analytics_004,graphrag_style,product/analytics,synthetic,mixed,errors,2,0,0,1.0,0.0,0.0,101,438,4.34,0.5746440001530573,10
gen_product_analytics_004,mem0_style,product/analytics,synthetic,mixed,completed_tasks,5,4,4,1.0,0.8,0.8889,162,438,2.7,1.4571490000889753,14
gen_product_analytics_004,mem0_style,product/analytics,synthetic,mixed,pending_tasks,3,2,2,1.0,0.6667,0.8,162,438,2.7,1.4571490000889753,14
gen_product_analytics_004,mem0_style,product/analytics,synthetic,mixed,decisions,4,3,3,1.0,0.75,0.8571,162,438,2.7,1.4571490000889753,14
gen_product_analytics_004,mem0_style,product/analytics,synthetic,mixed,files,4,4,4,1.0,1.0,1.0,162,438,2.7,1.4571490000889753,14
gen_product_analytics_004,mem0_style,product/analytics,synthetic,mixed,errors,2,1,1,1.0,0.5,0.6667,162,438,2.7,1.4571490000889753,14
gen_product_analytics_004,memgpt_style,product/analytics,synthetic,mixed,completed_tasks,5,2,2,1.0,0.4,0.5714,78,438,5.62,0.4026500000691158,6
gen_product_analytics_004,memgpt_style,product/analytics,synthetic,mixed,pending_tasks,3,0,0,1.0,0.0,0.0,78,438,5.62,0.4026500000691158,6
gen_product_analytics_004,memgpt_style,product/analytics,synthetic,mixed,decisions,4,2,2,1.0,0.5,0.6667,78,438,5.62,0.4026500000691158,6
gen_product_analytics_004,memgpt_style,product/analytics,synthetic,mixed,files,4,2,2,1.0,0.5,0.6667,78,438,5.62,0.4026500000691158,6
gen_product_analytics_004,memgpt_style,product/analytics,synthetic,mixed,errors,2,0,0,1.0,0.0,0.0,78,438,5.62,0.4026500000691158,6
gen_product_analytics_004,sliding_window_10,product/analytics,synthetic,mixed,completed_tasks,5,13,3,0.2308,0.6,0.3333,191,438,2.29,0.0029659995561814867,13
gen_product_analytics_004,sliding_window_10,product/analytics,synthetic,mixed,pending_tasks,3,13,1,0.0769,0.3333,0.125,191,438,2.29,0.0029659995561814867,13
gen_product_analytics_004,sliding_window_10,product/analytics,synthetic,mixed,decisions,4,13,2,0.1538,0.5,0.2353,191,438,2.29,0.0029659995561814867,13
gen_product_analytics_004,sliding_window_10,product/analytics,synthetic,mixed,files,4,13,2,0.1538,0.5,0.2353,191,438,2.29,0.0029659995561814867,13
gen_product_analytics_004,sliding_window_10,product/analytics,synthetic,mixed,errors,2,13,0,0.0,0.0,0.0,191,438,2.29,0.0029659995561814867,13
gen_product_analytics_004,naive_truncation,product/analytics,synthetic,mixed,completed_tasks,5,22,4,0.1818,0.8,0.2963,313,438,1.4,0.013043999388173688,22
gen_product_analytics_004,naive_truncation,product/analytics,synthetic,mixed,pending_tasks,3,22,2,0.0909,0.6667,0.16,313,438,1.4,0.013043999388173688,22
gen_product_analytics_004,naive_truncation,product/analytics,synthetic,mixed,decisions,4,22,2,0.0909,0.5,0.1538,313,438,1.4,0.013043999388173688,22
gen_product_analytics_004,naive_truncation,product/analytics,synthetic,mixed,files,4,22,4,0.1818,1.0,0.3077,313,438,1.4,0.013043999388173688,22
gen_product_analytics_004,naive_truncation,product/analytics,synthetic,mixed,errors,2,22,1,0.0455,0.5,0.0833,313,438,1.4,0.013043999388173688,22
gen_product_analytics_004,naive_summary,product/analytics,synthetic,mixed,completed_tasks,5,13,1,0.0769,0.2,0.1111,188,438,2.33,0.036625000575440936,13
gen_product_analytics_004,naive_summary,product/analytics,synthetic,mixed,pending_tasks,3,13,1,0.0769,0.3333,0.125,188,438,2.33,0.036625000575440936,13
gen_product_analytics_004,naive_summary,product/analytics,synthetic,mixed,decisions,4,13,2,0.1538,0.5,0.2353,188,438,2.33,0.036625000575440936,13
gen_product_analytics_004,naive_summary,product/analytics,synthetic,mixed,files,4,13,0,0.0,0.0,0.0,188,438,2.33,0.036625000575440936,13
gen_product_analytics_004,naive_summary,product/analytics,synthetic,mixed,errors,2,13,2,0.1538,1.0,0.2667,188,438,2.33,0.036625000575440936,13
gen_product_analytics_005,tokenmizer_v0.5.2,product/analytics,synthetic,mixed,completed_tasks,6,6,6,1.0,1.0,1.0,201,427,2.12,226.68646600050124,20
gen_product_analytics_005,tokenmizer_v0.5.2,product/analytics,synthetic,mixed,pending_tasks,3,3,3,1.0,1.0,1.0,201,427,2.12,226.68646600050124,20
gen_product_analytics_005,tokenmizer_v0.5.2,product/analytics,synthetic,mixed,decisions,6,6,6,1.0,1.0,1.0,201,427,2.12,226.68646600050124,20
gen_product_analytics_005,tokenmizer_v0.5.2,product/analytics,synthetic,mixed,files,5,5,5,1.0,1.0,1.0,201,427,2.12,226.68646600050124,20
gen_product_analytics_005,graphiti_style,product/analytics,synthetic,mixed,completed_tasks,6,4,3,0.75,0.5,0.6,128,427,3.34,1.1250039997321437,15
gen_product_analytics_005,graphiti_style,product/analytics,synthetic,mixed,pending_tasks,3,2,1,0.5,0.3333,0.4,128,427,3.34,1.1250039997321437,15
gen_product_analytics_005,graphiti_style,product/analytics,synthetic,mixed,decisions,6,5,4,0.8,0.6667,0.7273,128,427,3.34,1.1250039997321437,15
gen_product_analytics_005,graphiti_style,product/analytics,synthetic,mixed,files,5,4,4,1.0,0.8,0.8889,128,427,3.34,1.1250039997321437,15
gen_product_analytics_005,graphrag_style,product/analytics,synthetic,mixed,completed_tasks,6,1,1,1.0,0.1667,0.2857,98,427,4.36,1.0529800001677359,11
gen_product_analytics_005,graphrag_style,product/analytics,synthetic,mixed,pending_tasks,3,2,1,0.5,0.3333,0.4,98,427,4.36,1.0529800001677359,11
gen_product_analytics_005,graphrag_style,product/analytics,synthetic,mixed,decisions,6,4,4,1.0,0.6667,0.8,98,427,4.36,1.0529800001677359,11
gen_product_analytics_005,graphrag_style,product/analytics,synthetic,mixed,files,5,4,4,1.0,0.8,0.8889,98,427,4.36,1.0529800001677359,11
gen_product_analytics_005,mem0_style,product/analytics,synthetic,mixed,completed_tasks,6,4,3,0.75,0.5,0.6,127,427,3.36,1.9880499994542333,15
gen_product_analytics_005,mem0_style,product/analytics,synthetic,mixed,pending_tasks,3,2,1,0.5,0.3333,0.4,127,427,3.36,1.9880499994542333,15
gen_product_analytics_005,mem0_style,product/analytics,synthetic,mixed,decisions,6,5,4,0.8,0.6667,0.7273,127,427,3.36,1.9880499994542333,15
gen_product_analytics_005,mem0_style,product/analytics,synthetic,mixed,files,5,4,4,1.0,0.8,0.8889,127,427,3.36,1.9880499994542333,15
gen_product_analytics_005,memgpt_style,product/analytics,synthetic,mixed,completed_tasks,6,2,2,1.0,0.3333,0.5,76,427,5.62,0.787037999543827,7
gen_product_analytics_005,memgpt_style,product/analytics,synthetic,mixed,pending_tasks,3,1,1,1.0,0.3333,0.5,76,427,5.62,0.787037999543827,7
gen_product_analytics_005,memgpt_style,product/analytics,synthetic,mixed,decisions,6,4,3,0.75,0.5,0.6,76,427,5.62,0.787037999543827,7
gen_product_analytics_005,memgpt_style,product/analytics,synthetic,mixed,files,5,0,0,1.0,0.0,0.0,76,427,5.62,0.787037999543827,7
gen_product_analytics_005,sliding_window_10,product/analytics,synthetic,mixed,completed_tasks,6,13,4,0.3077,0.6667,0.4211,178,427,2.4,0.006886999472044408,13
gen_product_analytics_005,sliding_window_10,product/analytics,synthetic,mixed,pending_tasks,3,13,1,0.0769,0.3333,0.125,178,427,2.4,0.006886999472044408,13
gen_product_analytics_005,sliding_window_10,product/analytics,synthetic,mixed,decisions,6,13,3,0.2308,0.5,0.3158,178,427,2.4,0.006886999472044408,13
gen_product_analytics_005,sliding_window_10,product/analytics,synthetic,mixed,files,5,13,0,0.0,0.0,0.0,178,427,2.4,0.006886999472044408,13
gen_product_analytics_005,sliding_window_10,product/analytics,synthetic,mixed,errors,0,13,0,0.0,1.0,0.0,178,427,2.4,0.006886999472044408,13
gen_product_analytics_005,naive_truncation,product/analytics,synthetic,mixed,completed_tasks,6,22,4,0.1818,0.6667,0.2857,309,427,1.38,0.02086200038320385,22
gen_product_analytics_005,naive_truncation,product/analytics,synthetic,mixed,pending_tasks,3,22,3,0.1364,1.0,0.24,309,427,1.38,0.02086200038320385,22
gen_product_analytics_005,naive_truncation,product/analytics,synthetic,mixed,decisions,6,22,5,0.2273,0.8333,0.3571,309,427,1.38,0.02086200038320385,22
gen_product_analytics_005,naive_truncation,product/analytics,synthetic,mixed,files,5,22,2,0.0909,0.4,0.1481,309,427,1.38,0.02086200038320385,22
gen_product_analytics_005,naive_truncation,product/analytics,synthetic,mixed,errors,0,22,0,0.0,1.0,0.0,309,427,1.38,0.02086200038320385,22
gen_product_analytics_005,naive_summary,product/analytics,synthetic,mixed,completed_tasks,6,19,2,0.1053,0.3333,0.16,202,427,2.11,0.04485200042836368,19
gen_product_analytics_005,naive_summary,product/analytics,synthetic,mixed,pending_tasks,3,19,2,0.1053,0.6667,0.1818,202,427,2.11,0.04485200042836368,19
gen_product_analytics_005,naive_summary,product/analytics,synthetic,mixed,decisions,6,19,1,0.0526,0.1667,0.08,202,427,2.11,0.04485200042836368,19
gen_product_analytics_005,naive_summary,product/analytics,synthetic,mixed,files,5,19,4,0.2105,0.8,0.3333,202,427,2.11,0.04485200042836368,19
gen_product_analytics_005,naive_summary,product/analytics,synthetic,mixed,errors,0,19,0,0.0,1.0,0.0,202,427,2.11,0.04485200042836368,19
gen_research_writing_001,tokenmizer_v0.5.2,research/writing,synthetic,mixed,completed_tasks,4,2,2,1.0,0.5,0.6667,98,295,3.01,233.30113800057006,11
gen_research_writing_001,tokenmizer_v0.5.2,research/writing,synthetic,mixed,pending_tasks,2,1,1,1.0,0.5,0.6667,98,295,3.01,233.30113800057006,11
gen_research_writing_001,tokenmizer_v0.5.2,research/writing,synthetic,mixed,decisions,3,3,3,1.0,1.0,1.0,98,295,3.01,233.30113800057006,11
gen_research_writing_001,tokenmizer_v0.5.2,research/writing,synthetic,mixed,files,5,5,5,1.0,1.0,1.0,98,295,3.01,233.30113800057006,11
gen_research_writing_001,graphiti_style,research/writing,synthetic,mixed,completed_tasks,4,4,2,0.5,0.5,0.5,109,295,2.71,0.799659999756841,14
gen_research_writing_001,graphiti_style,research/writing,synthetic,mixed,pending_tasks,2,3,1,0.3333,0.5,0.4,109,295,2.71,0.799659999756841,14
gen_research_writing_001,graphiti_style,research/writing,synthetic,mixed,decisions,3,3,3,1.0,1.0,1.0,109,295,2.71,0.799659999756841,14
gen_research_writing_001,graphiti_style,research/writing,synthetic,mixed,files,5,4,4,1.0,0.8,0.8889,109,295,2.71,0.799659999756841,14
gen_research_writing_001,graphrag_style,research/writing,synthetic,mixed,completed_tasks,4,2,2,1.0,0.5,0.6667,92,295,3.21,0.4312130004109349,11
gen_research_writing_001,graphrag_style,research/writing,synthetic,mixed,pending_tasks,2,2,0,0.0,0.0,0.0,92,295,3.21,0.4312130004109349,11
gen_research_writing_001,graphrag_style,research/writing,synthetic,mixed,decisions,3,3,3,1.0,1.0,1.0,92,295,3.21,0.4312130004109349,11
gen_research_writing_001,graphrag_style,research/writing,synthetic,mixed,files,5,4,4,1.0,0.8,0.8889,92,295,3.21,0.4312130004109349,11
gen_research_writing_001,mem0_style,research/writing,synthetic,mixed,completed_tasks,4,4,2,0.5,0.5,0.5,108,295,2.73,0.8213089995479095,14
gen_research_writing_001,mem0_style,research/writing,synthetic,mixed,pending_tasks,2,3,1,0.3333,0.5,0.4,108,295,2.73,0.8213089995479095,14
gen_research_writing_001,mem0_style,research/writing,synthetic,mixed,decisions,3,3,3,1.0,1.0,1.0,108,295,2.73,0.8213089995479095,14
gen_research_writing_001,mem0_style,research/writing,synthetic,mixed,files,5,4,4,1.0,0.8,0.8889,108,295,2.73,0.8213089995479095,14
gen_research_writing_001,memgpt_style,research/writing,synthetic,mixed,completed_tasks,4,2,1,0.5,0.25,0.3333,49,295,6.02,0.31722400035505416,6
gen_research_writing_001,memgpt_style,research/writing,synthetic,mixed,pending_tasks,2,1,0,0.0,0.0,0.0,49,295,6.02,0.31722400035505416,6
gen_research_writing_001,memgpt_style,research/writing,synthetic,mixed,decisions,3,1,1,1.0,0.3333,0.5,49,295,6.02,0.31722400035505416,6
gen_research_writing_001,memgpt_style,research/writing,synthetic,mixed,files,5,2,2,1.0,0.4,0.5714,49,295,6.02,0.31722400035505416,6
gen_research_writing_001,sliding_window_10,research/writing,synthetic,mixed,completed_tasks,4,11,2,0.1818,0.5,0.2667,136,295,2.17,0.0032830002965056337,11
gen_research_writing_001,sliding_window_10,research/writing,synthetic,mixed,pending_tasks,2,11,1,0.0909,0.5,0.1538,136,295,2.17,0.0032830002965056337,11
gen_research_writing_001,sliding_window_10,research/writing,synthetic,mixed,decisions,3,11,1,0.0909,0.3333,0.1429,136,295,2.17,0.0032830002965056337,11
gen_research_writing_001,sliding_window_10,research/writing,synthetic,mixed,files,5,11,2,0.1818,0.4,0.25,136,295,2.17,0.0032830002965056337,11
gen_research_writing_001,sliding_window_10,research/writing,synthetic,mixed,errors,0,11,0,0.0,1.0,0.0,136,295,2.17,0.0032830002965056337,11
gen_research_writing_001,naive_truncation,research/writing,synthetic,mixed,completed_tasks,4,27,4,0.1481,1.0,0.2581,309,295,0.95,0.012200000128359534,27
gen_research_writing_001,naive_truncation,research/writing,synthetic,mixed,pending_tasks,2,27,2,0.0741,1.0,0.1379,309,295,0.95,0.012200000128359534,27
gen_research_writing_001,naive_truncation,research/writing,synthetic,mixed,decisions,3,27,3,0.1111,1.0,0.2,309,295,0.95,0.012200000128359534,27
gen_research_writing_001,naive_truncation,research/writing,synthetic,mixed,files,5,27,5,0.1852,1.0,0.3125,309,295,0.95,0.012200000128359534,27
gen_research_writing_001,naive_truncation,research/writing,synthetic,mixed,errors,0,27,0,0.0,1.0,0.0,309,295,0.95,0.012200000128359534,27
gen_research_writing_001,naive_summary,research/writing,synthetic,mixed,completed_tasks,4,18,2,0.1111,0.5,0.1818,182,295,1.62,0.03712499983521411,18
gen_research_writing_001,naive_summary,research/writing,synthetic,mixed,pending_tasks,2,18,1,0.0556,0.5,0.1,182,295,1.62,0.03712499983521411,18
gen_research_writing_001,naive_summary,research/writing,synthetic,mixed,decisions,3,18,2,0.1111,0.6667,0.1905,182,295,1.62,0.03712499983521411,18
gen_research_writing_001,naive_summary,research/writing,synthetic,mixed,files,5,18,3,0.1667,0.6,0.2609,182,295,1.62,0.03712499983521411,18
gen_research_writing_001,naive_summary,research/writing,synthetic,mixed,errors,0,18,0,0.0,1.0,0.0,182,295,1.62,0.03712499983521411,18
gen_research_writing_002,tokenmizer_v0.5.2,research/writing,synthetic,mixed,completed_tasks,6,7,6,0.8571,1.0,0.9231,169,307,1.82,225.23891499986348,17
gen_research_writing_002,tokenmizer_v0.5.2,research/writing,synthetic,mixed,pending_tasks,1,1,1,1.0,1.0,1.0,169,307,1.82,225.23891499986348,17
gen_research_writing_002,tokenmizer_v0.5.2,research/writing,synthetic,mixed,decisions,5,5,5,1.0,1.0,1.0,169,307,1.82,225.23891499986348,17
gen_research_writing_002,tokenmizer_v0.5.2,research/writing,synthetic,mixed,files,4,4,4,1.0,1.0,1.0,169,307,1.82,225.23891499986348,17
gen_research_writing_002,graphiti_style,research/writing,synthetic,mixed,completed_tasks,6,5,2,0.4,0.3333,0.3636,103,307,2.98,1.1236480004299665,11
gen_research_writing_002,graphiti_style,research/writing,synthetic,mixed,pending_tasks,1,1,1,1.0,1.0,1.0,103,307,2.98,1.1236480004299665,11
gen_research_writing_002,graphiti_style,research/writing,synthetic,mixed,decisions,5,3,3,1.0,0.6,0.75,103,307,2.98,1.1236480004299665,11
gen_research_writing_002,graphiti_style,research/writing,synthetic,mixed,files,4,2,2,1.0,0.5,0.6667,103,307,2.98,1.1236480004299665,11
gen_research_writing_002,graphrag_style,research/writing,synthetic,mixed,completed_tasks,6,0,0,1.0,0.0,0.0,54,307,5.69,0.5758160004916135,5
gen_research_writing_002,graphrag_style,research/writing,synthetic,mixed,pending_tasks,1,0,0,1.0,0.0,0.0,54,307,5.69,0.5758160004916135,5
gen_research_writing_002,graphrag_style,research/writing,synthetic,mixed,decisions,5,3,3,1.0,0.6,0.75,54,307,5.69,0.5758160004916135,5
gen_research_writing_002,graphrag_style,research/writing,synthetic,mixed,files,4,2,2,1.0,0.5,0.6667,54,307,5.69,0.5758160004916135,5
gen_research_writing_002,mem0_style,research/writing,synthetic,mixed,completed_tasks,6,5,2,0.4,0.3333,0.3636,102,307,3.01,0.9513020004305872,11
gen_research_writing_002,mem0_style,research/writing,synthetic,mixed,pending_tasks,1,1,1,1.0,1.0,1.0,102,307,3.01,0.9513020004305872,11
gen_research_writing_002,mem0_style,research/writing,synthetic,mixed,decisions,5,3,3,1.0,0.6,0.75,102,307,3.01,0.9513020004305872,11
gen_research_writing_002,mem0_style,research/writing,synthetic,mixed,files,4,2,2,1.0,0.5,0.6667,102,307,3.01,0.9513020004305872,11
gen_research_writing_002,memgpt_style,research/writing,synthetic,mixed,completed_tasks,6,2,1,0.5,0.1667,0.25,36,307,8.53,0.26214599984086817,3
gen_research_writing_002,memgpt_style,research/writing,synthetic,mixed,pending_tasks,1,0,0,1.0,0.0,0.0,36,307,8.53,0.26214599984086817,3
gen_research_writing_002,memgpt_style,research/writing,synthetic,mixed,decisions,5,1,1,1.0,0.2,0.3333,36,307,8.53,0.26214599984086817,3
gen_research_writing_002,memgpt_style,research/writing,synthetic,mixed,files,4,0,0,1.0,0.0,0.0,36,307,8.53,0.26214599984086817,3
gen_research_writing_002,sliding_window_10,research/writing,synthetic,mixed,completed_tasks,6,12,4,0.3333,0.6667,0.4444,114,307,2.69,0.003295999704278074,12
gen_research_writing_002,sliding_window_10,research/writing,synthetic,mixed,pending_tasks,1,12,0,0.0,0.0,0.0,114,307,2.69,0.003295999704278074,12
gen_research_writing_002,sliding_window_10,research/writing,synthetic,mixed,decisions,5,12,1,0.0833,0.2,0.1176,114,307,2.69,0.003295999704278074,12
gen_research_writing_002,sliding_window_10,research/writing,synthetic,mixed,files,4,12,2,0.1667,0.5,0.25,114,307,2.69,0.003295999704278074,12
gen_research_writing_002,sliding_window_10,research/writing,synthetic,mixed,errors,0,12,0,0.0,1.0,0.0,114,307,2.69,0.003295999704278074,12
gen_research_writing_002,naive_truncation,research/writing,synthetic,mixed,completed_tasks,6,28,6,0.2143,1.0,0.3529,315,307,0.97,0.01236200023413403,28
gen_research_writing_002,naive_truncation,research/writing,synthetic,mixed,pending_tasks,1,28,1,0.0357,1.0,0.069,315,307,0.97,0.01236200023413403,28
gen_research_writing_002,naive_truncation,research/writing,synthetic,mixed,decisions,5,28,5,0.1786,1.0,0.303,315,307,0.97,0.01236200023413403,28
gen_research_writing_002,naive_truncation,research/writing,synthetic,mixed,files,4,28,4,0.1429,1.0,0.25,315,307,0.97,0.01236200023413403,28
gen_research_writing_002,naive_truncation,research/writing,synthetic,mixed,errors,0,28,0,0.0,1.0,0.0,315,307,0.97,0.01236200023413403,28
gen_research_writing_002,naive_summary,research/writing,synthetic,mixed,completed_tasks,6,15,1,0.0667,0.1667,0.0952,185,307,1.66,0.02784000025712885,15
gen_research_writing_002,naive_summary,research/writing,synthetic,mixed,pending_tasks,1,15,1,0.0667,1.0,0.125,185,307,1.66,0.02784000025712885,15
gen_research_writing_002,naive_summary,research/writing,synthetic,mixed,decisions,5,15,4,0.2667,0.8,0.4,185,307,1.66,0.02784000025712885,15
gen_research_writing_002,naive_summary,research/writing,synthetic,mixed,files,4,15,2,0.1333,0.5,0.2105,185,307,1.66,0.02784000025712885,15
gen_research_writing_002,naive_summary,research/writing,synthetic,mixed,errors,0,15,0,0.0,1.0,0.0,185,307,1.66,0.02784000025712885,15
gen_research_writing_003,tokenmizer_v0.5.2,research/writing,synthetic,mixed,completed_tasks,6,6,6,1.0,1.0,1.0,216,477,2.21,255.22644700049568,21
gen_research_writing_003,tokenmizer_v0.5.2,research/writing,synthetic,mixed,pending_tasks,2,2,2,1.0,1.0,1.0,216,477,2.21,255.22644700049568,21
gen_research_writing_003,tokenmizer_v0.5.2,research/writing,synthetic,mixed,decisions,6,5,5,1.0,0.8333,0.9091,216,477,2.21,255.22644700049568,21
gen_research_writing_003,tokenmizer_v0.5.2,research/writing,synthetic,mixed,files,6,6,6,1.0,1.0,1.0,216,477,2.21,255.22644700049568,21
gen_research_writing_003,tokenmizer_v0.5.2,research/writing,synthetic,mixed,errors,2,2,2,1.0,1.0,1.0,216,477,2.21,255.22644700049568,21
gen_research_writing_003,graphiti_style,research/writing,synthetic,mixed,completed_tasks,6,6,3,0.5,0.5,0.5,179,477,2.66,1.1662030001389212,21
gen_research_writing_003,graphiti_style,research/writing,synthetic,mixed,pending_tasks,2,4,1,0.25,0.5,0.3333,179,477,2.66,1.1662030001389212,21
gen_research_writing_003,graphiti_style,research/writing,synthetic,mixed,decisions,6,4,3,0.75,0.5,0.6,179,477,2.66,1.1662030001389212,21
gen_research_writing_003,graphiti_style,research/writing,synthetic,mixed,files,6,5,5,1.0,0.8333,0.9091,179,477,2.66,1.1662030001389212,21
gen_research_writing_003,graphiti_style,research/writing,synthetic,mixed,errors,2,2,2,1.0,1.0,1.0,179,477,2.66,1.1662030001389212,21
gen_research_writing_003,graphrag_style,research/writing,synthetic,mixed,completed_tasks,6,1,1,1.0,0.1667,0.2857,122,477,3.91,0.611850000495906,13
gen_research_writing_003,graphrag_style,research/writing,synthetic,mixed,pending_tasks,2,2,0,0.0,0.0,0.0,122,477,3.91,0.611850000495906,13
gen_research_writing_003,graphrag_style,research/writing,synthetic,mixed,decisions,6,3,3,1.0,0.5,0.6667,122,477,3.91,0.611850000495906,13
gen_research_writing_003,graphrag_style,research/writing,synthetic,mixed,files,6,5,5,1.0,0.8333,0.9091,122,477,3.91,0.611850000495906,13
gen_research_writing_003,graphrag_style,research/writing,synthetic,mixed,errors,2,2,2,1.0,1.0,1.0,122,477,3.91,0.611850000495906,13
gen_research_writing_003,mem0_style,research/writing,synthetic,mixed,completed_tasks,6,6,3,0.5,0.5,0.5,175,477,2.73,1.209801999721094,20
gen_research_writing_003,mem0_style,research/writing,synthetic,mixed,pending_tasks,2,3,1,0.3333,0.5,0.4,175,477,2.73,1.209801999721094,20
gen_research_writing_003,mem0_style,research/writing,synthetic,mixed,decisions,6,4,3,0.75,0.5,0.6,175,477,2.73,1.209801999721094,20
gen_research_writing_003,mem0_style,research/writing,synthetic,mixed,files,6,5,5,1.0,0.8333,0.9091,175,477,2.73,1.209801999721094,20
gen_research_writing_003,mem0_style,research/writing,synthetic,mixed,errors,2,2,2,1.0,1.0,1.0,175,477,2.73,1.209801999721094,20
gen_research_writing_003,memgpt_style,research/writing,synthetic,mixed,completed_tasks,6,3,1,0.3333,0.1667,0.2222,81,477,5.89,0.39786200068192557,9
gen_research_writing_003,memgpt_style,research/writing,synthetic,mixed,pending_tasks,2,0,0,1.0,0.0,0.0,81,477,5.89,0.39786200068192557,9
gen_research_writing_003,memgpt_style,research/writing,synthetic,mixed,decisions,6,3,2,0.6667,0.3333,0.4444,81,477,5.89,0.39786200068192557,9
gen_research_writing_003,memgpt_style,research/writing,synthetic,mixed,files,6,2,2,1.0,0.3333,0.5,81,477,5.89,0.39786200068192557,9
gen_research_writing_003,memgpt_style,research/writing,synthetic,mixed,errors,2,1,1,1.0,0.5,0.6667,81,477,5.89,0.39786200068192557,9
gen_research_writing_003,sliding_window_10,research/writing,synthetic,mixed,completed_tasks,6,10,2,0.2,0.3333,0.25,99,477,4.82,0.0036290002753958106,10
gen_research_writing_003,sliding_window_10,research/writing,synthetic,mixed,pending_tasks,2,10,0,0.0,0.0,0.0,99,477,4.82,0.0036290002753958106,10
gen_research_writing_003,sliding_window_10,research/writing,synthetic,mixed,decisions,6,10,1,0.1,0.1667,0.125,99,477,4.82,0.0036290002753958106,10
gen_research_writing_003,sliding_window_10,research/writing,synthetic,mixed,files,6,10,1,0.1,0.1667,0.125,99,477,4.82,0.0036290002753958106,10
gen_research_writing_003,sliding_window_10,research/writing,synthetic,mixed,errors,2,10,1,0.1,0.5,0.1667,99,477,4.82,0.0036290002753958106,10
gen_research_writing_003,naive_truncation,research/writing,synthetic,mixed,completed_tasks,6,26,4,0.1538,0.6667,0.25,295,477,1.62,0.013591999959317036,26
gen_research_writing_003,naive_truncation,research/writing,synthetic,mixed,pending_tasks,2,26,1,0.0385,0.5,0.0714,295,477,1.62,0.013591999959317036,26
gen_research_writing_003,naive_truncation,research/writing,synthetic,mixed,decisions,6,26,5,0.1923,0.8333,0.3125,295,477,1.62,0.013591999959317036,26
gen_research_writing_003,naive_truncation,research/writing,synthetic,mixed,files,6,26,3,0.1154,0.5,0.1875,295,477,1.62,0.013591999959317036,26
gen_research_writing_003,naive_truncation,research/writing,synthetic,mixed,errors,2,26,1,0.0385,0.5,0.0714,295,477,1.62,0.013591999959317036,26
gen_research_writing_003,naive_summary,research/writing,synthetic,mixed,completed_tasks,6,15,2,0.1333,0.3333,0.1905,182,477,2.62,0.05330400017555803,15
gen_research_writing_003,naive_summary,research/writing,synthetic,mixed,pending_tasks,2,15,0,0.0,0.0,0.0,182,477,2.62,0.05330400017555803,15
gen_research_writing_003,naive_summary,research/writing,synthetic,mixed,decisions,6,15,1,0.0667,0.1667,0.0952,182,477,2.62,0.05330400017555803,15
gen_research_writing_003,naive_summary,research/writing,synthetic,mixed,files,6,15,3,0.2,0.5,0.2857,182,477,2.62,0.05330400017555803,15
gen_research_writing_003,naive_summary,research/writing,synthetic,mixed,errors,2,15,1,0.0667,0.5,0.1176,182,477,2.62,0.05330400017555803,15
gen_research_writing_004,tokenmizer_v0.5.2,research/writing,synthetic,mixed,completed_tasks,4,3,2,0.6667,0.5,0.5714,149,324,2.17,225.4931919997034,14
gen_research_writing_004,tokenmizer_v0.5.2,research/writing,synthetic,mixed,pending_tasks,1,1,1,1.0,1.0,1.0,149,324,2.17,225.4931919997034,14
gen_research_writing_004,tokenmizer_v0.5.2,research/writing,synthetic,mixed,decisions,5,5,5,1.0,1.0,1.0,149,324,2.17,225.4931919997034,14
gen_research_writing_004,tokenmizer_v0.5.2,research/writing,synthetic,mixed,files,4,4,4,1.0,1.0,1.0,149,324,2.17,225.4931919997034,14
gen_research_writing_004,tokenmizer_v0.5.2,research/writing,synthetic,mixed,errors,1,1,1,1.0,1.0,1.0,149,324,2.17,225.4931919997034,14
gen_research_writing_004,graphiti_style,research/writing,synthetic,mixed,completed_tasks,4,3,2,0.6667,0.5,0.5714,111,324,2.92,0.9060170004886459,12
gen_research_writing_004,graphiti_style,research/writing,synthetic,mixed,pending_tasks,1,1,1,1.0,1.0,1.0,111,324,2.92,0.9060170004886459,12
gen_research_writing_004,graphiti_style,research/writing,synthetic,mixed,decisions,5,5,4,0.8,0.8,0.8,111,324,2.92,0.9060170004886459,12
gen_research_writing_004,graphiti_style,research/writing,synthetic,mixed,files,4,3,3,1.0,0.75,0.8571,111,324,2.92,0.9060170004886459,12
gen_research_writing_004,graphiti_style,research/writing,synthetic,mixed,errors,1,0,0,1.0,0.0,0.0,111,324,2.92,0.9060170004886459,12
gen_research_writing_004,graphrag_style,research/writing,synthetic,mixed,completed_tasks,4,0,0,1.0,0.0,0.0,74,324,4.38,0.44860999969387194,8
gen_research_writing_004,graphrag_style,research/writing,synthetic,mixed,pending_tasks,1,0,0,1.0,0.0,0.0,74,324,4.38,0.44860999969387194,8
gen_research_writing_004,graphrag_style,research/writing,synthetic,mixed,decisions,5,5,4,0.8,0.8,0.8,74,324,4.38,0.44860999969387194,8
gen_research_writing_004,graphrag_style,research/writing,synthetic,mixed,files,4,3,3,1.0,0.75,0.8571,74,324,4.38,0.44860999969387194,8
gen_research_writing_004,graphrag_style,research/writing,synthetic,mixed,errors,1,0,0,1.0,0.0,0.0,74,324,4.38,0.44860999969387194,8
gen_research_writing_004,mem0_style,research/writing,synthetic,mixed,completed_tasks,4,3,2,0.6667,0.5,0.5714,110,324,2.95,0.8525229995939299,12
gen_research_writing_004,mem0_style,research/writing,synthetic,mixed,pending_tasks,1,1,1,1.0,1.0,1.0,110,324,2.95,0.8525229995939299,12
gen_research_writing_004,mem0_style,research/writing,synthetic,mixed,decisions,5,5,4,0.8,0.8,0.8,110,324,2.95,0.8525229995939299,12
gen_research_writing_004,mem0_style,research/writing,synthetic,mixed,files,4,3,3,1.0,0.75,0.8571,110,324,2.95,0.8525229995939299,12
gen_research_writing_004,mem0_style,research/writing,synthetic,mixed,errors,1,0,0,1.0,0.0,0.0,110,324,2.95,0.8525229995939299,12
gen_research_writing_004,memgpt_style,research/writing,synthetic,mixed,completed_tasks,4,1,1,1.0,0.25,0.4,46,324,7.04,0.38398899960156996,4
gen_research_writing_004,memgpt_style,research/writing,synthetic,mixed,pending_tasks,1,0,0,1.0,0.0,0.0,46,324,7.04,0.38398899960156996,4
gen_research_writing_004,memgpt_style,research/writing,synthetic,mixed,decisions,5,2,2,1.0,0.4,0.5714,46,324,7.04,0.38398899960156996,4
gen_research_writing_004,memgpt_style,research/writing,synthetic,mixed,files,4,1,1,1.0,0.25,0.4,46,324,7.04,0.38398899960156996,4
gen_research_writing_004,memgpt_style,research/writing,synthetic,mixed,errors,1,0,0,1.0,0.0,0.0,46,324,7.04,0.38398899960156996,4
gen_research_writing_004,sliding_window_10,research/writing,synthetic,mixed,completed_tasks,4,13,3,0.2308,0.75,0.3529,171,324,1.89,0.002693000169529114,13
gen_research_writing_004,sliding_window_10,research/writing,synthetic,mixed,pending_tasks,1,13,0,0.0,0.0,0.0,171,324,1.89,0.002693000169529114,13
gen_research_writing_004,sliding_window_10,research/writing,synthetic,mixed,decisions,5,13,2,0.1538,0.4,0.2222,171,324,1.89,0.002693000169529114,13
gen_research_writing_004,sliding_window_10,research/writing,synthetic,mixed,files,4,13,2,0.1538,0.5,0.2353,171,324,1.89,0.002693000169529114,13
gen_research_writing_004,sliding_window_10,research/writing,synthetic,mixed,errors,1,13,1,0.0769,1.0,0.1429,171,324,1.89,0.002693000169529114,13
gen_research_writing_004,naive_truncation,research/writing,synthetic,mixed,completed_tasks,4,26,4,0.1538,1.0,0.2667,311,324,1.04,0.012581999726535287,26
gen_research_writing_004,naive_truncation,research/writing,synthetic,mixed,pending_tasks,1,26,1,0.0385,1.0,0.0741,311,324,1.04,0.012581999726535287,26
gen_research_writing_004,naive_truncation,research/writing,synthetic,mixed,decisions,5,26,5,0.1923,1.0,0.3226,311,324,1.04,0.012581999726535287,26
gen_research_writing_004,naive_truncation,research/writing,synthetic,mixed,files,4,26,4,0.1538,1.0,0.2667,311,324,1.04,0.012581999726535287,26
gen_research_writing_004,naive_truncation,research/writing,synthetic,mixed,errors,1,26,1,0.0385,1.0,0.0741,311,324,1.04,0.012581999726535287,26
gen_research_writing_004,naive_summary,research/writing,synthetic,mixed,completed_tasks,4,19,1,0.0526,0.25,0.087,190,324,1.71,0.033088000236602966,19
gen_research_writing_004,naive_summary,research/writing,synthetic,mixed,pending_tasks,1,19,1,0.0526,1.0,0.1,190,324,1.71,0.033088000236602966,19
gen_research_writing_004,naive_summary,research/writing,synthetic,mixed,decisions,5,19,3,0.1579,0.6,0.25,190,324,1.71,0.033088000236602966,19
gen_research_writing_004,naive_summary,research/writing,synthetic,mixed,files,4,19,3,0.1579,0.75,0.2609,190,324,1.71,0.033088000236602966,19
gen_research_writing_004,naive_summary,research/writing,synthetic,mixed,errors,1,19,0,0.0,0.0,0.0,190,324,1.71,0.033088000236602966,19
gen_research_writing_005,tokenmizer_v0.5.2,research/writing,synthetic,mixed,completed_tasks,7,6,6,1.0,0.8571,0.9231,162,326,2.01,249.2754340000829,12
gen_research_writing_005,tokenmizer_v0.5.2,research/writing,synthetic,mixed,pending_tasks,1,1,1,1.0,1.0,1.0,162,326,2.01,249.2754340000829,12
gen_research_writing_005,tokenmizer_v0.5.2,research/writing,synthetic,mixed,decisions,3,3,3,1.0,1.0,1.0,162,326,2.01,249.2754340000829,12
gen_research_writing_005,tokenmizer_v0.5.2,research/writing,synthetic,mixed,files,2,2,2,1.0,1.0,1.0,162,326,2.01,249.2754340000829,12
gen_research_writing_005,graphiti_style,research/writing,synthetic,mixed,completed_tasks,7,5,5,1.0,0.7143,0.8333,106,326,3.08,0.8256850005636807,10
gen_research_writing_005,graphiti_style,research/writing,synthetic,mixed,pending_tasks,1,2,0,0.0,0.0,0.0,106,326,3.08,0.8256850005636807,10
gen_research_writing_005,graphiti_style,research/writing,synthetic,mixed,decisions,3,1,1,1.0,0.3333,0.5,106,326,3.08,0.8256850005636807,10
gen_research_writing_005,graphiti_style,research/writing,synthetic,mixed,files,2,2,2,1.0,1.0,1.0,106,326,3.08,0.8256850005636807,10
gen_research_writing_005,graphrag_style,research/writing,synthetic,mixed,completed_tasks,7,1,1,1.0,0.1429,0.25,50,326,6.52,0.4864210004598135,6
gen_research_writing_005,graphrag_style,research/writing,synthetic,mixed,pending_tasks,1,2,0,0.0,0.0,0.0,50,326,6.52,0.4864210004598135,6
gen_research_writing_005,graphrag_style,research/writing,synthetic,mixed,decisions,3,1,1,1.0,0.3333,0.5,50,326,6.52,0.4864210004598135,6
gen_research_writing_005,graphrag_style,research/writing,synthetic,mixed,files,2,2,2,1.0,1.0,1.0,50,326,6.52,0.4864210004598135,6
gen_research_writing_005,mem0_style,research/writing,synthetic,mixed,completed_tasks,7,5,5,1.0,0.7143,0.8333,105,326,3.1,0.8125060003294493,10
gen_research_writing_005,mem0_style,research/writing,synthetic,mixed,pending_tasks,1,2,0,0.0,0.0,0.0,105,326,3.1,0.8125060003294493,10
gen_research_writing_005,mem0_style,research/writing,synthetic,mixed,decisions,3,1,1,1.0,0.3333,0.5,105,326,3.1,0.8125060003294493,10
gen_research_writing_005,mem0_style,research/writing,synthetic,mixed,files,2,2,2,1.0,1.0,1.0,105,326,3.1,0.8125060003294493,10
gen_research_writing_005,memgpt_style,research/writing,synthetic,mixed,completed_tasks,7,2,2,1.0,0.2857,0.4444,49,326,6.65,0.30259699997259304,4
gen_research_writing_005,memgpt_style,research/writing,synthetic,mixed,pending_tasks,1,0,0,1.0,0.0,0.0,49,326,6.65,0.30259699997259304,4
gen_research_writing_005,memgpt_style,research/writing,synthetic,mixed,decisions,3,1,1,1.0,0.3333,0.5,49,326,6.65,0.30259699997259304,4
gen_research_writing_005,memgpt_style,research/writing,synthetic,mixed,files,2,1,1,1.0,0.5,0.6667,49,326,6.65,0.30259699997259304,4
gen_research_writing_005,sliding_window_10,research/writing,synthetic,mixed,completed_tasks,7,11,3,0.2727,0.4286,0.3333,142,326,2.3,0.0036559995351126418,11
gen_research_writing_005,sliding_window_10,research/writing,synthetic,mixed,pending_tasks,1,11,1,0.0909,1.0,0.1667,142,326,2.3,0.0036559995351126418,11
gen_research_writing_005,sliding_window_10,research/writing,synthetic,mixed,decisions,3,11,1,0.0909,0.3333,0.1429,142,326,2.3,0.0036559995351126418,11
gen_research_writing_005,sliding_window_10,research/writing,synthetic,mixed,files,2,11,1,0.0909,0.5,0.1538,142,326,2.3,0.0036559995351126418,11
gen_research_writing_005,sliding_window_10,research/writing,synthetic,mixed,errors,0,11,0,0.0,1.0,0.0,142,326,2.3,0.0036559995351126418,11
gen_research_writing_005,naive_truncation,research/writing,synthetic,mixed,completed_tasks,7,21,7,0.3333,1.0,0.5,287,326,1.14,0.012530000276456121,21
gen_research_writing_005,naive_truncation,research/writing,synthetic,mixed,pending_tasks,1,21,1,0.0476,1.0,0.0909,287,326,1.14,0.012530000276456121,21
gen_research_writing_005,naive_truncation,research/writing,synthetic,mixed,decisions,3,21,2,0.0952,0.6667,0.1667,287,326,1.14,0.012530000276456121,21
gen_research_writing_005,naive_truncation,research/writing,synthetic,mixed,files,2,21,2,0.0952,1.0,0.1739,287,326,1.14,0.012530000276456121,21
gen_research_writing_005,naive_truncation,research/writing,synthetic,mixed,errors,0,21,0,0.0,1.0,0.0,287,326,1.14,0.012530000276456121,21
gen_research_writing_005,naive_summary,research/writing,synthetic,mixed,completed_tasks,7,13,3,0.2308,0.4286,0.3,179,326,1.82,0.03471299987722887,13
gen_research_writing_005,naive_summary,research/writing,synthetic,mixed,pending_tasks,1,13,0,0.0,0.0,0.0,179,326,1.82,0.03471299987722887,13
gen_research_writing_005,naive_summary,research/writing,synthetic,mixed,decisions,3,13,2,0.1538,0.6667,0.25,179,326,1.82,0.03471299987722887,13
gen_research_writing_005,naive_summary,research/writing,synthetic,mixed,files,2,13,1,0.0769,0.5,0.1333,179,326,1.82,0.03471299987722887,13
gen_research_writing_005,naive_summary,research/writing,synthetic,mixed,errors,0,13,0,0.0,1.0,0.0,179,326,1.82,0.03471299987722887,13
gen_security_appsec_001,tokenmizer_v0.5.2,security/appsec,synthetic,mixed,completed_tasks,7,6,6,1.0,0.8571,0.9231,135,337,2.5,217.38490300049307,15
gen_security_appsec_001,tokenmizer_v0.5.2,security/appsec,synthetic,mixed,pending_tasks,3,3,3,1.0,1.0,1.0,135,337,2.5,217.38490300049307,15
gen_security_appsec_001,tokenmizer_v0.5.2,security/appsec,synthetic,mixed,decisions,3,3,3,1.0,1.0,1.0,135,337,2.5,217.38490300049307,15
gen_security_appsec_001,tokenmizer_v0.5.2,security/appsec,synthetic,mixed,files,3,3,3,1.0,1.0,1.0,135,337,2.5,217.38490300049307,15
gen_security_appsec_001,graphiti_style,security/appsec,synthetic,mixed,completed_tasks,7,5,5,1.0,0.7143,0.8333,125,337,2.7,0.8768979996602866,15
gen_security_appsec_001,graphiti_style,security/appsec,synthetic,mixed,pending_tasks,3,5,3,0.6,1.0,0.75,125,337,2.7,0.8768979996602866,15
gen_security_appsec_001,graphiti_style,security/appsec,synthetic,mixed,decisions,3,2,1,0.5,0.3333,0.4,125,337,2.7,0.8768979996602866,15
gen_security_appsec_001,graphiti_style,security/appsec,synthetic,mixed,files,3,3,3,1.0,1.0,1.0,125,337,2.7,0.8768979996602866,15
gen_security_appsec_001,graphrag_style,security/appsec,synthetic,mixed,completed_tasks,7,3,3,1.0,0.4286,0.6,68,337,4.96,0.4846089996135561,9
gen_security_appsec_001,graphrag_style,security/appsec,synthetic,mixed,pending_tasks,3,2,0,0.0,0.0,0.0,68,337,4.96,0.4846089996135561,9
gen_security_appsec_001,graphrag_style,security/appsec,synthetic,mixed,decisions,3,1,1,1.0,0.3333,0.5,68,337,4.96,0.4846089996135561,9
gen_security_appsec_001,graphrag_style,security/appsec,synthetic,mixed,files,3,3,3,1.0,1.0,1.0,68,337,4.96,0.4846089996135561,9
gen_security_appsec_001,mem0_style,security/appsec,synthetic,mixed,completed_tasks,7,5,5,1.0,0.7143,0.8333,124,337,2.72,0.8612199999333825,15
gen_security_appsec_001,mem0_style,security/appsec,synthetic,mixed,pending_tasks,3,5,3,0.6,1.0,0.75,124,337,2.72,0.8612199999333825,15
gen_security_appsec_001,mem0_style,security/appsec,synthetic,mixed,decisions,3,2,1,0.5,0.3333,0.4,124,337,2.72,0.8612199999333825,15
gen_security_appsec_001,mem0_style,security/appsec,synthetic,mixed,files,3,3,3,1.0,1.0,1.0,124,337,2.72,0.8612199999333825,15
gen_security_appsec_001,memgpt_style,security/appsec,synthetic,mixed,completed_tasks,7,1,1,1.0,0.1429,0.25,49,337,6.88,0.3310470001451904,7
gen_security_appsec_001,memgpt_style,security/appsec,synthetic,mixed,pending_tasks,3,2,1,0.5,0.3333,0.4,49,337,6.88,0.3310470001451904,7
gen_security_appsec_001,memgpt_style,security/appsec,synthetic,mixed,decisions,3,2,1,0.5,0.3333,0.4,49,337,6.88,0.3310470001451904,7
gen_security_appsec_001,memgpt_style,security/appsec,synthetic,mixed,files,3,2,2,1.0,0.6667,0.8,49,337,6.88,0.3310470001451904,7
gen_security_appsec_001,sliding_window_10,security/appsec,synthetic,mixed,completed_tasks,7,11,2,0.1818,0.2857,0.2222,129,337,2.61,0.0036450001061894,11
gen_security_appsec_001,sliding_window_10,security/appsec,synthetic,mixed,pending_tasks,3,11,1,0.0909,0.3333,0.1429,129,337,2.61,0.0036450001061894,11
gen_security_appsec_001,sliding_window_10,security/appsec,synthetic,mixed,decisions,3,11,1,0.0909,0.3333,0.1429,129,337,2.61,0.0036450001061894,11
gen_security_appsec_001,sliding_window_10,security/appsec,synthetic,mixed,files,3,11,2,0.1818,0.6667,0.2857,129,337,2.61,0.0036450001061894,11
gen_security_appsec_001,sliding_window_10,security/appsec,synthetic,mixed,errors,0,11,0,0.0,1.0,0.0,129,337,2.61,0.0036450001061894,11
gen_security_appsec_001,naive_truncation,security/appsec,synthetic,mixed,completed_tasks,7,26,7,0.2692,1.0,0.4242,308,337,1.09,0.014827999621047638,26
gen_security_appsec_001,naive_truncation,security/appsec,synthetic,mixed,pending_tasks,3,26,2,0.0769,0.6667,0.1379,308,337,1.09,0.014827999621047638,26
gen_security_appsec_001,naive_truncation,security/appsec,synthetic,mixed,decisions,3,26,3,0.1154,1.0,0.2069,308,337,1.09,0.014827999621047638,26
gen_security_appsec_001,naive_truncation,security/appsec,synthetic,mixed,files,3,26,3,0.1154,1.0,0.2069,308,337,1.09,0.014827999621047638,26
gen_security_appsec_001,naive_truncation,security/appsec,synthetic,mixed,errors,0,26,0,0.0,1.0,0.0,308,337,1.09,0.014827999621047638,26
gen_security_appsec_001,naive_summary,security/appsec,synthetic,mixed,completed_tasks,7,18,5,0.2778,0.7143,0.4,190,337,1.77,0.04504400021687616,18
gen_security_appsec_001,naive_summary,security/appsec,synthetic,mixed,pending_tasks,3,18,2,0.1111,0.6667,0.1905,190,337,1.77,0.04504400021687616,18
gen_security_appsec_001,naive_summary,security/appsec,synthetic,mixed,decisions,3,18,0,0.0,0.0,0.0,190,337,1.77,0.04504400021687616,18
gen_security_appsec_001,naive_summary,security/appsec,synthetic,mixed,files,3,18,1,0.0556,0.3333,0.0952,190,337,1.77,0.04504400021687616,18
gen_security_appsec_001,naive_summary,security/appsec,synthetic,mixed,errors,0,18,0,0.0,1.0,0.0,190,337,1.77,0.04504400021687616,18
gen_security_appsec_002,tokenmizer_v0.5.2,security/appsec,synthetic,mixed,completed_tasks,3,2,2,1.0,0.6667,0.8,105,272,2.59,245.21238800025458,11
gen_security_appsec_002,tokenmizer_v0.5.2,security/appsec,synthetic,mixed,pending_tasks,3,2,2,1.0,0.6667,0.8,105,272,2.59,245.21238800025458,11
gen_security_appsec_002,tokenmizer_v0.5.2,security/appsec,synthetic,mixed,decisions,2,2,2,1.0,1.0,1.0,105,272,2.59,245.21238800025458,11
gen_security_appsec_002,tokenmizer_v0.5.2,security/appsec,synthetic,mixed,files,3,3,3,1.0,1.0,1.0,105,272,2.59,245.21238800025458,11
gen_security_appsec_002,tokenmizer_v0.5.2,security/appsec,synthetic,mixed,errors,2,2,2,1.0,1.0,1.0,105,272,2.59,245.21238800025458,11
gen_security_appsec_002,graphiti_style,security/appsec,synthetic,mixed,completed_tasks,3,3,2,0.6667,0.6667,0.6667,93,272,2.92,0.7102560002749669,11
gen_security_appsec_002,graphiti_style,security/appsec,synthetic,mixed,pending_tasks,3,3,2,0.6667,0.6667,0.6667,93,272,2.92,0.7102560002749669,11
gen_security_appsec_002,graphiti_style,security/appsec,synthetic,mixed,decisions,2,0,0,1.0,0.0,0.0,93,272,2.92,0.7102560002749669,11
gen_security_appsec_002,graphiti_style,security/appsec,synthetic,mixed,files,3,3,3,1.0,1.0,1.0,93,272,2.92,0.7102560002749669,11
gen_security_appsec_002,graphiti_style,security/appsec,synthetic,mixed,errors,2,2,2,1.0,1.0,1.0,93,272,2.92,0.7102560002749669,11
gen_security_appsec_002,graphrag_style,security/appsec,synthetic,mixed,completed_tasks,3,0,0,1.0,0.0,0.0,48,272,5.67,0.36006400023325114,6
gen_security_appsec_002,graphrag_style,security/appsec,synthetic,mixed,pending_tasks,3,2,1,0.5,0.3333,0.4,48,272,5.67,0.36006400023325114,6
gen_security_appsec_002,graphrag_style,security/appsec,synthetic,mixed,decisions,2,0,0,1.0,0.0,0.0,48,272,5.67,0.36006400023325114,6
gen_security_appsec_002,graphrag_style,security/appsec,synthetic,mixed,files,3,3,3,1.0,1.0,1.0,48,272,5.67,0.36006400023325114,6
gen_security_appsec_002,graphrag_style,security/appsec,synthetic,mixed,errors,2,1,1,1.0,0.5,0.6667,48,272,5.67,0.36006400023325114,6
gen_security_appsec_002,mem0_style,security/appsec,synthetic,mixed,completed_tasks,3,3,2,0.6667,0.6667,0.6667,92,272,2.96,0.7373409998763236,11
gen_security_appsec_002,mem0_style,security/appsec,synthetic,mixed,pending_tasks,3,3,2,0.6667,0.6667,0.6667,92,272,2.96,0.7373409998763236,11
gen_security_appsec_002,mem0_style,security/appsec,synthetic,mixed,decisions,2,0,0,1.0,0.0,0.0,92,272,2.96,0.7373409998763236,11
gen_security_appsec_002,mem0_style,security/appsec,synthetic,mixed,files,3,3,3,1.0,1.0,1.0,92,272,2.96,0.7373409998763236,11
gen_security_appsec_002,mem0_style,security/appsec,synthetic,mixed,errors,2,2,2,1.0,1.0,1.0,92,272,2.96,0.7373409998763236,11
gen_security_appsec_002,memgpt_style,security/appsec,synthetic,mixed,completed_tasks,3,2,1,0.5,0.3333,0.4,40,272,6.8,0.2587789995232015,5
gen_security_appsec_002,memgpt_style,security/appsec,synthetic,mixed,pending_tasks,3,1,1,1.0,0.3333,0.5,40,272,6.8,0.2587789995232015,5
gen_security_appsec_002,memgpt_style,security/appsec,synthetic,mixed,decisions,2,0,0,1.0,0.0,0.0,40,272,6.8,0.2587789995232015,5
gen_security_appsec_002,memgpt_style,security/appsec,synthetic,mixed,files,3,2,2,1.0,0.6667,0.8,40,272,6.8,0.2587789995232015,5
gen_security_appsec_002,memgpt_style,security/appsec,synthetic,mixed,errors,2,0,0,1.0,0.0,0.0,40,272,6.8,0.2587789995232015,5
gen_security_appsec_002,sliding_window_10,security/appsec,synthetic,mixed,completed_tasks,3,13,3,0.2308,1.0,0.375,177,272,1.54,0.0033370006349286996,13
gen_security_appsec_002,sliding_window_10,security/appsec,synthetic,mixed,pending_tasks,3,13,2,0.3077,0.6667,0.4211,177,272,1.54,0.0033370006349286996,13
gen_security_appsec_002,sliding_window_10,security/appsec,synthetic,mixed,decisions,2,13,1,0.0769,0.5,0.1333,177,272,1.54,0.0033370006349286996,13
gen_security_appsec_002,sliding_window_10,security/appsec,synthetic,mixed,files,3,13,2,0.1538,0.6667,0.25,177,272,1.54,0.0033370006349286996,13
gen_security_appsec_002,sliding_window_10,security/appsec,synthetic,mixed,errors,2,13,0,0.0,0.0,0.0,177,272,1.54,0.0033370006349286996,13
gen_security_appsec_002,naive_truncation,security/appsec,synthetic,mixed,completed_tasks,3,23,3,0.1304,1.0,0.2308,283,272,0.96,0.010857999768631998,23
gen_security_appsec_002,naive_truncation,security/appsec,synthetic,mixed,pending_tasks,3,23,3,0.3043,1.0,0.4667,283,272,0.96,0.010857999768631998,23
gen_security_appsec_002,naive_truncation,security/appsec,synthetic,mixed,decisions,2,23,2,0.087,1.0,0.16,283,272,0.96,0.010857999768631998,23
gen_security_appsec_002,naive_truncation,security/appsec,synthetic,mixed,files,3,23,3,0.1304,1.0,0.2308,283,272,0.96,0.010857999768631998,23
gen_security_appsec_002,naive_truncation,security/appsec,synthetic,mixed,errors,2,23,2,0.087,1.0,0.16,283,272,0.96,0.010857999768631998,23
gen_security_appsec_002,naive_summary,security/appsec,synthetic,mixed,completed_tasks,3,16,2,0.125,0.6667,0.2105,186,272,1.46,0.026327999876230024,16
gen_security_appsec_002,naive_summary,security/appsec,synthetic,mixed,pending_tasks,3,16,2,0.3125,0.6667,0.4255,186,272,1.46,0.026327999876230024,16
gen_security_appsec_002,naive_summary,security/appsec,synthetic,mixed,decisions,2,16,1,0.0625,0.5,0.1111,186,272,1.46,0.026327999876230024,16
gen_security_appsec_002,naive_summary,security/appsec,synthetic,mixed,files,3,16,2,0.125,0.6667,0.2105,186,272,1.46,0.026327999876230024,16
gen_security_appsec_002,naive_summary,security/appsec,synthetic,mixed,errors,2,16,2,0.125,1.0,0.2222,186,272,1.46,0.026327999876230024,16
gen_security_appsec_003,tokenmizer_v0.5.2,security/appsec,synthetic,mixed,completed_tasks,6,5,5,1.0,0.8333,0.9091,138,321,2.33,235.1232169994546,15
gen_security_appsec_003,tokenmizer_v0.5.2,security/appsec,synthetic,mixed,pending_tasks,3,3,3,1.0,1.0,1.0,138,321,2.33,235.1232169994546,15
gen_security_appsec_003,tokenmizer_v0.5.2,security/appsec,synthetic,mixed,decisions,3,3,3,1.0,1.0,1.0,138,321,2.33,235.1232169994546,15
gen_security_appsec_003,tokenmizer_v0.5.2,security/appsec,synthetic,mixed,files,2,2,2,1.0,1.0,1.0,138,321,2.33,235.1232169994546,15
gen_security_appsec_003,tokenmizer_v0.5.2,security/appsec,synthetic,mixed,errors,2,2,2,1.0,1.0,1.0,138,321,2.33,235.1232169994546,15
gen_security_appsec_003,graphiti_style,security/appsec,synthetic,mixed,completed_tasks,6,3,3,1.0,0.5,0.6667,110,321,2.92,0.8770140002525295,13
gen_security_appsec_003,graphiti_style,security/appsec,synthetic,mixed,pending_tasks,3,4,2,0.5,0.6667,0.5714,110,321,2.92,0.8770140002525295,13
gen_security_appsec_003,graphiti_style,security/appsec,synthetic,mixed,decisions,3,2,2,1.0,0.6667,0.8,110,321,2.92,0.8770140002525295,13
gen_security_appsec_003,graphiti_style,security/appsec,synthetic,mixed,files,2,2,2,1.0,1.0,1.0,110,321,2.92,0.8770140002525295,13
gen_security_appsec_003,graphiti_style,security/appsec,synthetic,mixed,errors,2,2,2,1.0,1.0,1.0,110,321,2.92,0.8770140002525295,13
gen_security_appsec_003,graphrag_style,security/appsec,synthetic,mixed,completed_tasks,6,1,1,1.0,0.1667,0.2857,69,321,4.65,0.5644680004479596,9
gen_security_appsec_003,graphrag_style,security/appsec,synthetic,mixed,pending_tasks,3,4,2,0.5,0.6667,0.5714,69,321,4.65,0.5644680004479596,9
gen_security_appsec_003,graphrag_style,security/appsec,synthetic,mixed,decisions,3,2,2,1.0,0.6667,0.8,69,321,4.65,0.5644680004479596,9
gen_security_appsec_003,graphrag_style,security/appsec,synthetic,mixed,files,2,2,2,1.0,1.0,1.0,69,321,4.65,0.5644680004479596,9
gen_security_appsec_003,graphrag_style,security/appsec,synthetic,mixed,errors,2,0,0,1.0,0.0,0.0,69,321,4.65,0.5644680004479596,9
gen_security_appsec_003,mem0_style,security/appsec,synthetic,mixed,completed_tasks,6,3,3,1.0,0.5,0.6667,109,321,2.94,0.8456160003333935,13
gen_security_appsec_003,mem0_style,security/appsec,synthetic,mixed,pending_tasks,3,4,2,0.5,0.6667,0.5714,109,321,2.94,0.8456160003333935,13
gen_security_appsec_003,mem0_style,security/appsec,synthetic,mixed,decisions,3,2,2,1.0,0.6667,0.8,109,321,2.94,0.8456160003333935,13
gen_security_appsec_003,mem0_style,security/appsec,synthetic,mixed,files,2,2,2,1.0,1.0,1.0,109,321,2.94,0.8456160003333935,13
gen_security_appsec_003,mem0_style,security/appsec,synthetic,mixed,errors,2,2,2,1.0,1.0,1.0,109,321,2.94,0.8456160003333935,13
gen_security_appsec_003,memgpt_style,security/appsec,synthetic,mixed,completed_tasks,6,2,2,1.0,0.3333,0.5,66,321,4.86,0.424357999690983,7
gen_security_appsec_003,memgpt_style,security/appsec,synthetic,mixed,pending_tasks,3,3,2,0.6667,0.6667,0.6667,66,321,4.86,0.424357999690983,7
gen_security_appsec_003,memgpt_style,security/appsec,synthetic,mixed,decisions,3,0,0,1.0,0.0,0.0,66,321,4.86,0.424357999690983,7
gen_security_appsec_003,memgpt_style,security/appsec,synthetic,mixed,files,2,1,1,1.0,0.5,0.6667,66,321,4.86,0.424357999690983,7
gen_security_appsec_003,memgpt_style,security/appsec,synthetic,mixed,errors,2,1,1,1.0,0.5,0.6667,66,321,4.86,0.424357999690983,7
gen_security_appsec_003,sliding_window_10,security/appsec,synthetic,mixed,completed_tasks,6,13,4,0.3077,0.6667,0.4211,155,321,2.07,0.003338000169605948,13
gen_security_appsec_003,sliding_window_10,security/appsec,synthetic,mixed,pending_tasks,3,13,2,0.1538,0.6667,0.25,155,321,2.07,0.003338000169605948,13
gen_security_appsec_003,sliding_window_10,security/appsec,synthetic,mixed,decisions,3,13,0,0.0,0.0,0.0,155,321,2.07,0.003338000169605948,13
gen_security_appsec_003,sliding_window_10,security/appsec,synthetic,mixed,files,2,13,1,0.0769,0.5,0.1333,155,321,2.07,0.003338000169605948,13
gen_security_appsec_003,sliding_window_10,security/appsec,synthetic,mixed,errors,2,13,1,0.0769,0.5,0.1333,155,321,2.07,0.003338000169605948,13
gen_security_appsec_003,naive_truncation,security/appsec,synthetic,mixed,completed_tasks,6,29,6,0.2069,1.0,0.3429,310,321,1.04,0.016891999621293508,29
gen_security_appsec_003,naive_truncation,security/appsec,synthetic,mixed,pending_tasks,3,29,3,0.1034,1.0,0.1875,310,321,1.04,0.016891999621293508,29
gen_security_appsec_003,naive_truncation,security/appsec,synthetic,mixed,decisions,3,29,3,0.1034,1.0,0.1875,310,321,1.04,0.016891999621293508,29
gen_security_appsec_003,naive_truncation,security/appsec,synthetic,mixed,files,2,29,2,0.069,1.0,0.129,310,321,1.04,0.016891999621293508,29
gen_security_appsec_003,naive_truncation,security/appsec,synthetic,mixed,errors,2,29,2,0.069,1.0,0.129,310,321,1.04,0.016891999621293508,29
gen_security_appsec_003,naive_summary,security/appsec,synthetic,mixed,completed_tasks,6,19,2,0.1053,0.3333,0.16,195,321,1.65,0.039417000152752735,19
gen_security_appsec_003,naive_summary,security/appsec,synthetic,mixed,pending_tasks,3,19,1,0.0526,0.3333,0.0909,195,321,1.65,0.039417000152752735,19
gen_security_appsec_003,naive_summary,security/appsec,synthetic,mixed,decisions,3,19,3,0.1579,1.0,0.2727,195,321,1.65,0.039417000152752735,19
gen_security_appsec_003,naive_summary,security/appsec,synthetic,mixed,files,2,19,1,0.0526,0.5,0.0952,195,321,1.65,0.039417000152752735,19
gen_security_appsec_003,naive_summary,security/appsec,synthetic,mixed,errors,2,19,1,0.0526,0.5,0.0952,195,321,1.65,0.039417000152752735,19
gen_security_appsec_004,tokenmizer_v0.5.2,security/appsec,synthetic,mixed,completed_tasks,5,5,5,1.0,1.0,1.0,112,253,2.26,226.8172890007918,14
gen_security_appsec_004,tokenmizer_v0.5.2,security/appsec,synthetic,mixed,pending_tasks,2,1,1,1.0,0.5,0.6667,112,253,2.26,226.8172890007918,14
gen_security_appsec_004,tokenmizer_v0.5.2,security/appsec,synthetic,mixed,decisions,2,2,2,1.0,1.0,1.0,112,253,2.26,226.8172890007918,14
gen_security_appsec_004,tokenmizer_v0.5.2,security/appsec,synthetic,mixed,files,6,6,6,1.0,1.0,1.0,112,253,2.26,226.8172890007918,14
gen_security_appsec_004,graphiti_style,security/appsec,synthetic,mixed,completed_tasks,5,5,4,0.8,0.8,0.8,104,253,2.43,0.7482390001314343,14
gen_security_appsec_004,graphiti_style,security/appsec,synthetic,mixed,pending_tasks,2,2,1,0.5,0.5,0.5,104,253,2.43,0.7482390001314343,14
gen_security_appsec_004,graphiti_style,security/appsec,synthetic,mixed,decisions,2,1,1,1.0,0.5,0.6667,104,253,2.43,0.7482390001314343,14
gen_security_appsec_004,graphiti_style,security/appsec,synthetic,mixed,files,6,6,5,0.8333,0.8333,0.8333,104,253,2.43,0.7482390001314343,14
gen_security_appsec_004,graphrag_style,security/appsec,synthetic,mixed,completed_tasks,5,0,0,1.0,0.0,0.0,57,253,4.44,0.3526460004650289,9
gen_security_appsec_004,graphrag_style,security/appsec,synthetic,mixed,pending_tasks,2,2,1,0.5,0.5,0.5,57,253,4.44,0.3526460004650289,9
gen_security_appsec_004,graphrag_style,security/appsec,synthetic,mixed,decisions,2,1,1,1.0,0.5,0.6667,57,253,4.44,0.3526460004650289,9
gen_security_appsec_004,graphrag_style,security/appsec,synthetic,mixed,files,6,6,5,0.8333,0.8333,0.8333,57,253,4.44,0.3526460004650289,9
gen_security_appsec_004,mem0_style,security/appsec,synthetic,mixed,completed_tasks,5,5,4,0.8,0.8,0.8,103,253,2.46,0.6836620004833094,14
gen_security_appsec_004,mem0_style,security/appsec,synthetic,mixed,pending_tasks,2,2,1,0.5,0.5,0.5,103,253,2.46,0.6836620004833094,14
gen_security_appsec_004,mem0_style,security/appsec,synthetic,mixed,decisions,2,1,1,1.0,0.5,0.6667,103,253,2.46,0.6836620004833094,14
gen_security_appsec_004,mem0_style,security/appsec,synthetic,mixed,files,6,6,5,0.8333,0.8333,0.8333,103,253,2.46,0.6836620004833094,14
gen_security_appsec_004,memgpt_style,security/appsec,synthetic,mixed,completed_tasks,5,3,2,0.6667,0.4,0.5,56,253,4.52,0.25467700015724404,7
gen_security_appsec_004,memgpt_style,security/appsec,synthetic,mixed,pending_tasks,2,1,1,1.0,0.5,0.6667,56,253,4.52,0.25467700015724404,7
gen_security_appsec_004,memgpt_style,security/appsec,synthetic,mixed,decisions,2,0,0,1.0,0.0,0.0,56,253,4.52,0.25467700015724404,7
gen_security_appsec_004,memgpt_style,security/appsec,synthetic,mixed,files,6,3,3,1.0,0.5,0.6667,56,253,4.52,0.25467700015724404,7
gen_security_appsec_004,sliding_window_10,security/appsec,synthetic,mixed,completed_tasks,5,13,3,0.2308,0.6,0.3333,123,253,2.06,0.0034479999158065766,13
gen_security_appsec_004,sliding_window_10,security/appsec,synthetic,mixed,pending_tasks,2,13,2,0.1538,1.0,0.2667,123,253,2.06,0.0034479999158065766,13
gen_security_appsec_004,sliding_window_10,security/appsec,synthetic,mixed,decisions,2,13,0,0.0,0.0,0.0,123,253,2.06,0.0034479999158065766,13
gen_security_appsec_004,sliding_window_10,security/appsec,synthetic,mixed,files,6,13,3,0.2308,0.5,0.3158,123,253,2.06,0.0034479999158065766,13
gen_security_appsec_004,sliding_window_10,security/appsec,synthetic,mixed,errors,0,13,0,0.0,1.0,0.0,123,253,2.06,0.0034479999158065766,13
gen_security_appsec_004,naive_truncation,security/appsec,synthetic,mixed,completed_tasks,5,27,5,0.1852,1.0,0.3125,267,253,0.95,0.011078999705205206,27
gen_security_appsec_004,naive_truncation,security/appsec,synthetic,mixed,pending_tasks,2,27,2,0.0741,1.0,0.1379,267,253,0.95,0.011078999705205206,27
gen_security_appsec_004,naive_truncation,security/appsec,synthetic,mixed,decisions,2,27,2,0.0741,1.0,0.1379,267,253,0.95,0.011078999705205206,27
gen_security_appsec_004,naive_truncation,security/appsec,synthetic,mixed,files,6,27,6,0.2222,1.0,0.3636,267,253,0.95,0.011078999705205206,27
gen_security_appsec_004,naive_truncation,security/appsec,synthetic,mixed,errors,0,27,0,0.0,1.0,0.0,267,253,0.95,0.011078999705205206,27
gen_security_appsec_004,naive_summary,security/appsec,synthetic,mixed,completed_tasks,5,19,2,0.1053,0.4,0.1667,177,253,1.43,0.018575000467535574,19
gen_security_appsec_004,naive_summary,security/appsec,synthetic,mixed,pending_tasks,2,19,1,0.0526,0.5,0.0952,177,253,1.43,0.018575000467535574,19
gen_security_appsec_004,naive_summary,security/appsec,synthetic,mixed,decisions,2,19,2,0.1053,1.0,0.1905,177,253,1.43,0.018575000467535574,19
gen_security_appsec_004,naive_summary,security/appsec,synthetic,mixed,files,6,19,4,0.2105,0.6667,0.32,177,253,1.43,0.018575000467535574,19
gen_security_appsec_004,naive_summary,security/appsec,synthetic,mixed,errors,0,19,0,0.0,1.0,0.0,177,253,1.43,0.018575000467535574,19
gen_security_appsec_005,tokenmizer_v0.5.2,security/appsec,synthetic,mixed,completed_tasks,5,5,5,1.0,1.0,1.0,134,360,2.69,223.63495900026464,15
gen_security_appsec_005,tokenmizer_v0.5.2,security/appsec,synthetic,mixed,pending_tasks,2,2,2,1.0,1.0,1.0,134,360,2.69,223.63495900026464,15
gen_security_appsec_005,tokenmizer_v0.5.2,security/appsec,synthetic,mixed,decisions,3,3,3,1.0,1.0,1.0,134,360,2.69,223.63495900026464,15
gen_security_appsec_005,tokenmizer_v0.5.2,security/appsec,synthetic,mixed,files,4,4,4,1.0,1.0,1.0,134,360,2.69,223.63495900026464,15
gen_security_appsec_005,tokenmizer_v0.5.2,security/appsec,synthetic,mixed,errors,1,1,0,0.0,0.0,0.0,134,360,2.69,223.63495900026464,15
gen_security_appsec_005,graphiti_style,security/appsec,synthetic,mixed,completed_tasks,5,4,4,1.0,0.8,0.8889,103,360,3.5,0.8896380004443927,11
gen_security_appsec_005,graphiti_style,security/appsec,synthetic,mixed,pending_tasks,2,2,1,0.5,0.5,0.5,103,360,3.5,0.8896380004443927,11
gen_security_appsec_005,graphiti_style,security/appsec,synthetic,mixed,decisions,3,1,1,1.0,0.3333,0.5,103,360,3.5,0.8896380004443927,11
gen_security_appsec_005,graphiti_style,security/appsec,synthetic,mixed,files,4,4,4,1.0,1.0,1.0,103,360,3.5,0.8896380004443927,11
gen_security_appsec_005,graphiti_style,security/appsec,synthetic,mixed,errors,1,0,0,1.0,0.0,0.0,103,360,3.5,0.8896380004443927,11
gen_security_appsec_005,graphrag_style,security/appsec,synthetic,mixed,completed_tasks,5,0,0,1.0,0.0,0.0,44,360,8.18,0.4792139998244238,6
gen_security_appsec_005,graphrag_style,security/appsec,synthetic,mixed,pending_tasks,2,1,0,0.0,0.0,0.0,44,360,8.18,0.4792139998244238,6
gen_security_appsec_005,graphrag_style,security/appsec,synthetic,mixed,decisions,3,1,1,1.0,0.3333,0.5,44,360,8.18,0.4792139998244238,6
gen_security_appsec_005,graphrag_style,security/appsec,synthetic,mixed,files,4,4,4,1.0,1.0,1.0,44,360,8.18,0.4792139998244238,6
gen_security_appsec_005,graphrag_style,security/appsec,synthetic,mixed,errors,1,0,0,1.0,0.0,0.0,44,360,8.18,0.4792139998244238,6
gen_security_appsec_005,mem0_style,security/appsec,synthetic,mixed,completed_tasks,5,4,4,1.0,0.8,0.8889,102,360,3.53,0.9092950003832811,11
gen_security_appsec_005,mem0_style,security/appsec,synthetic,mixed,pending_tasks,2,2,1,0.5,0.5,0.5,102,360,3.53,0.9092950003832811,11
gen_security_appsec_005,mem0_style,security/appsec,synthetic,mixed,decisions,3,1,1,1.0,0.3333,0.5,102,360,3.53,0.9092950003832811,11
gen_security_appsec_005,mem0_style,security/appsec,synthetic,mixed,files,4,4,4,1.0,1.0,1.0,102,360,3.53,0.9092950003832811,11
gen_security_appsec_005,mem0_style,security/appsec,synthetic,mixed,errors,1,0,0,1.0,0.0,0.0,102,360,3.53,0.9092950003832811,11
gen_security_appsec_005,memgpt_style,security/appsec,synthetic,mixed,completed_tasks,5,2,2,1.0,0.4,0.5714,45,360,8.0,0.41813899952103384,3
gen_security_appsec_005,memgpt_style,security/appsec,synthetic,mixed,pending_tasks,2,1,1,1.0,0.5,0.6667,45,360,8.0,0.41813899952103384,3
gen_security_appsec_005,memgpt_style,security/appsec,synthetic,mixed,decisions,3,0,0,1.0,0.0,0.0,45,360,8.0,0.41813899952103384,3
gen_security_appsec_005,memgpt_style,security/appsec,synthetic,mixed,files,4,0,0,1.0,0.0,0.0,45,360,8.0,0.41813899952103384,3
gen_security_appsec_005,memgpt_style,security/appsec,synthetic,mixed,errors,1,0,0,1.0,0.0,0.0,45,360,8.0,0.41813899952103384,3
gen_security_appsec_005,sliding_window_10,security/appsec,synthetic,mixed,completed_tasks,5,10,2,0.2,0.4,0.2667,142,360,2.54,0.0031520003176410682,10
gen_security_appsec_005,sliding_window_10,security/appsec,synthetic,mixed,pending_tasks,2,10,2,0.2,1.0,0.3333,142,360,2.54,0.0031520003176410682,10
gen_security_appsec_005,sliding_window_10,security/appsec,synthetic,mixed,decisions,3,10,2,0.2,0.6667,0.3077,142,360,2.54,0.0031520003176410682,10
gen_security_appsec_005,sliding_window_10,security/appsec,synthetic,mixed,files,4,10,0,0.0,0.0,0.0,142,360,2.54,0.0031520003176410682,10
gen_security_appsec_005,sliding_window_10,security/appsec,synthetic,mixed,errors,1,10,0,0.0,0.0,0.0,142,360,2.54,0.0031520003176410682,10
gen_security_appsec_005,naive_truncation,security/appsec,synthetic,mixed,completed_tasks,5,23,4,0.1739,0.8,0.2857,298,360,1.21,0.010826999641722068,23
gen_security_appsec_005,naive_truncation,security/appsec,synthetic,mixed,pending_tasks,2,23,2,0.1304,1.0,0.2308,298,360,1.21,0.010826999641722068,23
gen_security_appsec_005,naive_truncation,security/appsec,synthetic,mixed,decisions,3,23,3,0.1739,1.0,0.2963,298,360,1.21,0.010826999641722068,23
gen_security_appsec_005,naive_truncation,security/appsec,synthetic,mixed,files,4,23,2,0.087,0.5,0.1481,298,360,1.21,0.010826999641722068,23
gen_security_appsec_005,naive_truncation,security/appsec,synthetic,mixed,errors,1,23,1,0.0435,1.0,0.0833,298,360,1.21,0.010826999641722068,23
gen_security_appsec_005,naive_summary,security/appsec,synthetic,mixed,completed_tasks,5,17,2,0.1176,0.4,0.1818,199,360,1.81,0.037799999518028926,17
gen_security_appsec_005,naive_summary,security/appsec,synthetic,mixed,pending_tasks,2,17,1,0.0588,0.5,0.1053,199,360,1.81,0.037799999518028926,17
gen_security_appsec_005,naive_summary,security/appsec,synthetic,mixed,decisions,3,17,2,0.1176,0.6667,0.2,199,360,1.81,0.037799999518028926,17
gen_security_appsec_005,naive_summary,security/appsec,synthetic,mixed,files,4,17,3,0.1765,0.75,0.2857,199,360,1.81,0.037799999518028926,17
gen_security_appsec_005,naive_summary,security/appsec,synthetic,mixed,errors,1,17,1,0.0588,1.0,0.1111,199,360,1.81,0.037799999518028926,17
gen_systems_rust_001,tokenmizer_v0.5.2,systems/rust,synthetic,implicit,completed_tasks,4,1,1,1.0,0.25,0.4,90,394,4.38,220.44081200056098,11
gen_systems_rust_001,tokenmizer_v0.5.2,systems/rust,synthetic,implicit,pending_tasks,2,2,2,1.0,1.0,1.0,90,394,4.38,220.44081200056098,11
gen_systems_rust_001,tokenmizer_v0.5.2,systems/rust,synthetic,implicit,decisions,2,2,2,1.0,1.0,1.0,90,394,4.38,220.44081200056098,11
gen_systems_rust_001,tokenmizer_v0.5.2,systems/rust,synthetic,implicit,files,5,5,5,1.0,1.0,1.0,90,394,4.38,220.44081200056098,11
gen_systems_rust_001,tokenmizer_v0.5.2,systems/rust,synthetic,implicit,errors,2,1,1,1.0,0.5,0.6667,90,394,4.38,220.44081200056098,11
gen_systems_rust_001,graphiti_style,systems/rust,synthetic,implicit,completed_tasks,4,0,0,1.0,0.0,0.0,33,394,11.94,1.0375949996159761,8
gen_systems_rust_001,graphiti_style,systems/rust,synthetic,implicit,pending_tasks,2,2,0,0.0,0.0,0.0,33,394,11.94,1.0375949996159761,8
gen_systems_rust_001,graphiti_style,systems/rust,synthetic,implicit,decisions,2,1,0,0.0,0.0,0.0,33,394,11.94,1.0375949996159761,8
gen_systems_rust_001,graphiti_style,systems/rust,synthetic,implicit,files,5,5,5,1.0,1.0,1.0,33,394,11.94,1.0375949996159761,8
gen_systems_rust_001,graphiti_style,systems/rust,synthetic,implicit,errors,2,0,0,1.0,0.0,0.0,33,394,11.94,1.0375949996159761,8
gen_systems_rust_001,graphrag_style,systems/rust,synthetic,implicit,completed_tasks,4,0,0,1.0,0.0,0.0,29,394,13.59,0.5443039999590837,7
gen_systems_rust_001,graphrag_style,systems/rust,synthetic,implicit,pending_tasks,2,2,0,0.0,0.0,0.0,29,394,13.59,0.5443039999590837,7
gen_systems_rust_001,graphrag_style,systems/rust,synthetic,implicit,decisions,2,0,0,1.0,0.0,0.0,29,394,13.59,0.5443039999590837,7
gen_systems_rust_001,graphrag_style,systems/rust,synthetic,implicit,files,5,5,5,1.0,1.0,1.0,29,394,13.59,0.5443039999590837,7
gen_systems_rust_001,graphrag_style,systems/rust,synthetic,implicit,errors,2,0,0,1.0,0.0,0.0,29,394,13.59,0.5443039999590837,7
gen_systems_rust_001,mem0_style,systems/rust,synthetic,implicit,completed_tasks,4,0,0,1.0,0.0,0.0,32,394,12.31,0.9894799995890935,8
gen_systems_rust_001,mem0_style,systems/rust,synthetic,implicit,pending_tasks,2,2,0,0.0,0.0,0.0,32,394,12.31,0.9894799995890935,8
gen_systems_rust_001,mem0_style,systems/rust,synthetic,implicit,decisions,2,1,0,0.0,0.0,0.0,32,394,12.31,0.9894799995890935,8
gen_systems_rust_001,mem0_style,systems/rust,synthetic,implicit,files,5,5,5,1.0,1.0,1.0,32,394,12.31,0.9894799995890935,8
gen_systems_rust_001,mem0_style,systems/rust,synthetic,implicit,errors,2,0,0,1.0,0.0,0.0,32,394,12.31,0.9894799995890935,8
gen_systems_rust_001,memgpt_style,systems/rust,synthetic,implicit,completed_tasks,4,0,0,1.0,0.0,0.0,11,394,35.82,0.45740499990643,2
gen_systems_rust_001,memgpt_style,systems/rust,synthetic,implicit,pending_tasks,2,1,0,0.0,0.0,0.0,11,394,35.82,0.45740499990643,2
gen_systems_rust_001,memgpt_style,systems/rust,synthetic,implicit,decisions,2,0,0,1.0,0.0,0.0,11,394,35.82,0.45740499990643,2
gen_systems_rust_001,memgpt_style,systems/rust,synthetic,implicit,files,5,1,1,1.0,0.2,0.3333,11,394,35.82,0.45740499990643,2
gen_systems_rust_001,memgpt_style,systems/rust,synthetic,implicit,errors,2,0,0,1.0,0.0,0.0,11,394,35.82,0.45740499990643,2
gen_systems_rust_001,sliding_window_10,systems/rust,synthetic,implicit,completed_tasks,4,11,2,0.1818,0.5,0.2667,167,394,2.36,0.003105999894614797,11
gen_systems_rust_001,sliding_window_10,systems/rust,synthetic,implicit,pending_tasks,2,11,1,0.0909,0.5,0.1538,167,394,2.36,0.003105999894614797,11
gen_systems_rust_001,sliding_window_10,systems/rust,synthetic,implicit,decisions,2,11,0,0.0,0.0,0.0,167,394,2.36,0.003105999894614797,11
gen_systems_rust_001,sliding_window_10,systems/rust,synthetic,implicit,files,5,11,1,0.0909,0.2,0.125,167,394,2.36,0.003105999894614797,11
gen_systems_rust_001,sliding_window_10,systems/rust,synthetic,implicit,errors,2,11,2,0.1818,1.0,0.3077,167,394,2.36,0.003105999894614797,11
gen_systems_rust_001,naive_truncation,systems/rust,synthetic,implicit,completed_tasks,4,20,3,0.15,0.75,0.25,291,394,1.35,0.011013999937858898,20
gen_systems_rust_001,naive_truncation,systems/rust,synthetic,implicit,pending_tasks,2,20,1,0.05,0.5,0.0909,291,394,1.35,0.011013999937858898,20
gen_systems_rust_001,naive_truncation,systems/rust,synthetic,implicit,decisions,2,20,1,0.05,0.5,0.0909,291,394,1.35,0.011013999937858898,20
gen_systems_rust_001,naive_truncation,systems/rust,synthetic,implicit,files,5,20,4,0.2,0.8,0.32,291,394,1.35,0.011013999937858898,20
gen_systems_rust_001,naive_truncation,systems/rust,synthetic,implicit,errors,2,20,2,0.1,1.0,0.1818,291,394,1.35,0.011013999937858898,20
gen_systems_rust_001,naive_summary,systems/rust,synthetic,implicit,completed_tasks,4,13,2,0.1538,0.5,0.2353,171,394,2.3,0.04557100055535557,13
gen_systems_rust_001,naive_summary,systems/rust,synthetic,implicit,pending_tasks,2,13,1,0.0769,0.5,0.1333,171,394,2.3,0.04557100055535557,13
gen_systems_rust_001,naive_summary,systems/rust,synthetic,implicit,decisions,2,13,2,0.1538,1.0,0.2667,171,394,2.3,0.04557100055535557,13
gen_systems_rust_001,naive_summary,systems/rust,synthetic,implicit,files,5,13,1,0.0769,0.2,0.1111,171,394,2.3,0.04557100055535557,13
gen_systems_rust_001,naive_summary,systems/rust,synthetic,implicit,errors,2,13,0,0.0,0.0,0.0,171,394,2.3,0.04557100055535557,13
gen_systems_rust_002,tokenmizer_v0.5.2,systems/rust,synthetic,implicit,completed_tasks,7,6,6,1.0,0.8571,0.9231,169,506,2.99,265.3779209995264,18
gen_systems_rust_002,tokenmizer_v0.5.2,systems/rust,synthetic,implicit,pending_tasks,1,1,1,1.0,1.0,1.0,169,506,2.99,265.3779209995264,18
gen_systems_rust_002,tokenmizer_v0.5.2,systems/rust,synthetic,implicit,decisions,6,6,6,1.0,1.0,1.0,169,506,2.99,265.3779209995264,18
gen_systems_rust_002,tokenmizer_v0.5.2,systems/rust,synthetic,implicit,files,4,4,4,1.0,1.0,1.0,169,506,2.99,265.3779209995264,18
gen_systems_rust_002,tokenmizer_v0.5.2,systems/rust,synthetic,implicit,errors,1,1,1,1.0,1.0,1.0,169,506,2.99,265.3779209995264,18
gen_systems_rust_002,graphiti_style,systems/rust,synthetic,implicit,completed_tasks,7,0,0,1.0,0.0,0.0,50,506,10.12,2.1455730002344353,8
gen_systems_rust_002,graphiti_style,systems/rust,synthetic,implicit,pending_tasks,1,2,0,0.0,0.0,0.0,50,506,10.12,2.1455730002344353,8
gen_systems_rust_002,graphiti_style,systems/rust,synthetic,implicit,decisions,6,1,0,0.0,0.0,0.0,50,506,10.12,2.1455730002344353,8
gen_systems_rust_002,graphiti_style,systems/rust,synthetic,implicit,files,4,4,4,1.0,1.0,1.0,50,506,10.12,2.1455730002344353,8
gen_systems_rust_002,graphiti_style,systems/rust,synthetic,implicit,errors,1,1,0,0.0,0.0,0.0,50,506,10.12,2.1455730002344353,8
gen_systems_rust_002,graphrag_style,systems/rust,synthetic,implicit,completed_tasks,7,0,0,1.0,0.0,0.0,26,506,19.46,1.0668499999155756,6
gen_systems_rust_002,graphrag_style,systems/rust,synthetic,implicit,pending_tasks,1,2,0,0.0,0.0,0.0,26,506,19.46,1.0668499999155756,6
gen_systems_rust_002,graphrag_style,systems/rust,synthetic,implicit,decisions,6,0,0,1.0,0.0,0.0,26,506,19.46,1.0668499999155756,6
gen_systems_rust_002,graphrag_style,systems/rust,synthetic,implicit,files,4,4,4,1.0,1.0,1.0,26,506,19.46,1.0668499999155756,6
gen_systems_rust_002,graphrag_style,systems/rust,synthetic,implicit,errors,1,0,0,1.0,0.0,0.0,26,506,19.46,1.0668499999155756,6
gen_systems_rust_002,mem0_style,systems/rust,synthetic,implicit,completed_tasks,7,0,0,1.0,0.0,0.0,49,506,10.33,2.1711199997298536,8
gen_systems_rust_002,mem0_style,systems/rust,synthetic,implicit,pending_tasks,1,2,0,0.0,0.0,0.0,49,506,10.33,2.1711199997298536,8
gen_systems_rust_002,mem0_style,systems/rust,synthetic,implicit,decisions,6,1,0,0.0,0.0,0.0,49,506,10.33,2.1711199997298536,8
gen_systems_rust_002,mem0_style,systems/rust,synthetic,implicit,files,4,4,4,1.0,1.0,1.0,49,506,10.33,2.1711199997298536,8
gen_systems_rust_002,mem0_style,systems/rust,synthetic,implicit,errors,1,1,0,0.0,0.0,0.0,49,506,10.33,2.1711199997298536,8
gen_systems_rust_002,memgpt_style,systems/rust,synthetic,implicit,completed_tasks,7,0,0,1.0,0.0,0.0,11,506,46.0,0.8395109998673433,2
gen_systems_rust_002,memgpt_style,systems/rust,synthetic,implicit,pending_tasks,1,1,0,0.0,0.0,0.0,11,506,46.0,0.8395109998673433,2
gen_systems_rust_002,memgpt_style,systems/rust,synthetic,implicit,decisions,6,1,0,0.0,0.0,0.0,11,506,46.0,0.8395109998673433,2
gen_systems_rust_002,memgpt_style,systems/rust,synthetic,implicit,files,4,0,0,1.0,0.0,0.0,11,506,46.0,0.8395109998673433,2
gen_systems_rust_002,memgpt_style,systems/rust,synthetic,implicit,errors,1,0,0,1.0,0.0,0.0,11,506,46.0,0.8395109998673433,2
gen_systems_rust_002,sliding_window_10,systems/rust,synthetic,implicit,completed_tasks,7,10,2,0.2,0.2857,0.2353,145,506,3.49,0.005919000614085235,10
gen_systems_rust_002,sliding_window_10,systems/rust,synthetic,implicit,pending_tasks,1,10,0,0.0,0.0,0.0,145,506,3.49,0.005919000614085235,10
gen_systems_rust_002,sliding_window_10,systems/rust,synthetic,implicit,decisions,6,10,3,0.3,0.5,0.375,145,506,3.49,0.005919000614085235,10
gen_systems_rust_002,sliding_window_10,systems/rust,synthetic,implicit,files,4,10,0,0.0,0.0,0.0,145,506,3.49,0.005919000614085235,10
gen_systems_rust_002,sliding_window_10,systems/rust,synthetic,implicit,errors,1,10,0,0.0,0.0,0.0,145,506,3.49,0.005919000614085235,10
gen_systems_rust_002,naive_truncation,systems/rust,synthetic,implicit,completed_tasks,7,21,4,0.1905,0.5714,0.2857,302,506,1.68,0.022105999960331246,21
gen_systems_rust_002,naive_truncation,systems/rust,synthetic,implicit,pending_tasks,1,21,1,0.0476,1.0,0.0909,302,506,1.68,0.022105999960331246,21
gen_systems_rust_002,naive_truncation,systems/rust,synthetic,implicit,decisions,6,21,4,0.1905,0.6667,0.2963,302,506,1.68,0.022105999960331246,21
gen_systems_rust_002,naive_truncation,systems/rust,synthetic,implicit,files,4,21,2,0.0952,0.5,0.16,302,506,1.68,0.022105999960331246,21
gen_systems_rust_002,naive_truncation,systems/rust,synthetic,implicit,errors,1,21,0,0.0,0.0,0.0,302,506,1.68,0.022105999960331246,21
gen_systems_rust_002,naive_summary,systems/rust,synthetic,implicit,completed_tasks,7,13,2,0.1538,0.2857,0.2,167,506,3.03,0.11630000062723411,13
gen_systems_rust_002,naive_summary,systems/rust,synthetic,implicit,pending_tasks,1,13,0,0.0,0.0,0.0,167,506,3.03,0.11630000062723411,13
gen_systems_rust_002,naive_summary,systems/rust,synthetic,implicit,decisions,6,13,1,0.0769,0.1667,0.1053,167,506,3.03,0.11630000062723411,13
gen_systems_rust_002,naive_summary,systems/rust,synthetic,implicit,files,4,13,2,0.1538,0.5,0.2353,167,506,3.03,0.11630000062723411,13
gen_systems_rust_002,naive_summary,systems/rust,synthetic,implicit,errors,1,13,1,0.0769,1.0,0.1429,167,506,3.03,0.11630000062723411,13
gen_systems_rust_003,tokenmizer_v0.5.2,systems/rust,synthetic,implicit,completed_tasks,3,2,2,1.0,0.6667,0.8,142,369,2.6,300.128754999605,14
gen_systems_rust_003,tokenmizer_v0.5.2,systems/rust,synthetic,implicit,pending_tasks,2,2,2,1.0,1.0,1.0,142,369,2.6,300.128754999605,14
gen_systems_rust_003,tokenmizer_v0.5.2,systems/rust,synthetic,implicit,decisions,3,3,3,1.0,1.0,1.0,142,369,2.6,300.128754999605,14
gen_systems_rust_003,tokenmizer_v0.5.2,systems/rust,synthetic,implicit,files,4,4,4,1.0,1.0,1.0,142,369,2.6,300.128754999605,14
gen_systems_rust_003,tokenmizer_v0.5.2,systems/rust,synthetic,implicit,errors,2,3,2,1.0,1.0,1.0,142,369,2.6,300.128754999605,14
gen_systems_rust_003,graphiti_style,systems/rust,synthetic,implicit,completed_tasks,3,0,0,1.0,0.0,0.0,42,369,8.79,1.0466630001246813,6
gen_systems_rust_003,graphiti_style,systems/rust,synthetic,implicit,pending_tasks,2,2,1,0.5,0.5,0.5,42,369,8.79,1.0466630001246813,6
gen_systems_rust_003,graphiti_style,systems/rust,synthetic,implicit,decisions,3,0,0,1.0,0.0,0.0,42,369,8.79,1.0466630001246813,6
gen_systems_rust_003,graphiti_style,systems/rust,synthetic,implicit,files,4,4,4,1.0,1.0,1.0,42,369,8.79,1.0466630001246813,6
gen_systems_rust_003,graphiti_style,systems/rust,synthetic,implicit,errors,2,0,0,1.0,0.0,0.0,42,369,8.79,1.0466630001246813,6
gen_systems_rust_003,graphrag_style,systems/rust,synthetic,implicit,completed_tasks,3,0,0,1.0,0.0,0.0,28,369,13.18,0.5095269998491858,5
gen_systems_rust_003,graphrag_style,systems/rust,synthetic,implicit,pending_tasks,2,1,0,0.0,0.0,0.0,28,369,13.18,0.5095269998491858,5
gen_systems_rust_003,graphrag_style,systems/rust,synthetic,implicit,decisions,3,0,0,1.0,0.0,0.0,28,369,13.18,0.5095269998491858,5
gen_systems_rust_003,graphrag_style,systems/rust,synthetic,implicit,files,4,4,4,1.0,1.0,1.0,28,369,13.18,0.5095269998491858,5
gen_systems_rust_003,graphrag_style,systems/rust,synthetic,implicit,errors,2,0,0,1.0,0.0,0.0,28,369,13.18,0.5095269998491858,5
gen_systems_rust_003,mem0_style,systems/rust,synthetic,implicit,completed_tasks,3,0,0,1.0,0.0,0.0,41,369,9.0,0.923980000152369,6
gen_systems_rust_003,mem0_style,systems/rust,synthetic,implicit,pending_tasks,2,2,1,0.5,0.5,0.5,41,369,9.0,0.923980000152369,6
gen_systems_rust_003,mem0_style,systems/rust,synthetic,implicit,decisions,3,0,0,1.0,0.0,0.0,41,369,9.0,0.923980000152369,6
gen_systems_rust_003,mem0_style,systems/rust,synthetic,implicit,files,4,4,4,1.0,1.0,1.0,41,369,9.0,0.923980000152369,6
gen_systems_rust_003,mem0_style,systems/rust,synthetic,implicit,errors,2,0,0,1.0,0.0,0.0,41,369,9.0,0.923980000152369,6
gen_systems_rust_003,memgpt_style,systems/rust,synthetic,implicit,completed_tasks,3,0,0,1.0,0.0,0.0,15,369,24.6,0.5336529993655859,2
gen_systems_rust_003,memgpt_style,systems/rust,synthetic,implicit,pending_tasks,2,0,0,1.0,0.0,0.0,15,369,24.6,0.5336529993655859,2
gen_systems_rust_003,memgpt_style,systems/rust,synthetic,implicit,decisions,3,0,0,1.0,0.0,0.0,15,369,24.6,0.5336529993655859,2
gen_systems_rust_003,memgpt_style,systems/rust,synthetic,implicit,files,4,2,2,1.0,0.5,0.6667,15,369,24.6,0.5336529993655859,2
gen_systems_rust_003,memgpt_style,systems/rust,synthetic,implicit,errors,2,0,0,1.0,0.0,0.0,15,369,24.6,0.5336529993655859,2
gen_systems_rust_003,sliding_window_10,systems/rust,synthetic,implicit,completed_tasks,3,11,1,0.0909,0.3333,0.1429,162,369,2.28,0.004006999915873166,11
gen_systems_rust_003,sliding_window_10,systems/rust,synthetic,implicit,pending_tasks,2,11,1,0.0909,0.5,0.1538,162,369,2.28,0.004006999915873166,11
gen_systems_rust_003,sliding_window_10,systems/rust,synthetic,implicit,decisions,3,11,1,0.0909,0.3333,0.1429,162,369,2.28,0.004006999915873166,11
gen_systems_rust_003,sliding_window_10,systems/rust,synthetic,implicit,files,4,11,2,0.1818,0.5,0.2667,162,369,2.28,0.004006999915873166,11
gen_systems_rust_003,sliding_window_10,systems/rust,synthetic,implicit,errors,2,11,1,0.0909,0.5,0.1538,162,369,2.28,0.004006999915873166,11
gen_systems_rust_003,naive_truncation,systems/rust,synthetic,implicit,completed_tasks,3,21,2,0.0952,0.6667,0.1667,304,369,1.21,0.012907000382256228,21
gen_systems_rust_003,naive_truncation,systems/rust,synthetic,implicit,pending_tasks,2,21,1,0.0476,0.5,0.087,304,369,1.21,0.012907000382256228,21
gen_systems_rust_003,naive_truncation,systems/rust,synthetic,implicit,decisions,3,21,3,0.1429,1.0,0.25,304,369,1.21,0.012907000382256228,21
gen_systems_rust_003,naive_truncation,systems/rust,synthetic,implicit,files,4,21,4,0.1905,1.0,0.32,304,369,1.21,0.012907000382256228,21
gen_systems_rust_003,naive_truncation,systems/rust,synthetic,implicit,errors,2,21,2,0.0952,1.0,0.1739,304,369,1.21,0.012907000382256228,21
gen_systems_rust_003,naive_summary,systems/rust,synthetic,implicit,completed_tasks,3,14,2,0.1429,0.6667,0.2353,176,369,2.1,0.03520700010994915,14
gen_systems_rust_003,naive_summary,systems/rust,synthetic,implicit,pending_tasks,2,14,1,0.0714,0.5,0.125,176,369,2.1,0.03520700010994915,14
gen_systems_rust_003,naive_summary,systems/rust,synthetic,implicit,decisions,3,14,1,0.0714,0.3333,0.1176,176,369,2.1,0.03520700010994915,14
gen_systems_rust_003,naive_summary,systems/rust,synthetic,implicit,files,4,14,2,0.1429,0.5,0.2222,176,369,2.1,0.03520700010994915,14
gen_systems_rust_003,naive_summary,systems/rust,synthetic,implicit,errors,2,14,0,0.0,0.0,0.0,176,369,2.1,0.03520700010994915,14
gen_systems_rust_004,tokenmizer_v0.5.2,systems/rust,synthetic,implicit,completed_tasks,5,4,4,1.0,0.8,0.8889,105,357,3.4,226.24677499970858,10
gen_systems_rust_004,tokenmizer_v0.5.2,systems/rust,synthetic,implicit,pending_tasks,4,2,2,1.0,0.5,0.6667,105,357,3.4,226.24677499970858,10
gen_systems_rust_004,tokenmizer_v0.5.2,systems/rust,synthetic,implicit,decisions,2,2,2,1.0,1.0,1.0,105,357,3.4,226.24677499970858,10
gen_systems_rust_004,tokenmizer_v0.5.2,systems/rust,synthetic,implicit,files,2,2,2,1.0,1.0,1.0,105,357,3.4,226.24677499970858,10
gen_systems_rust_004,graphiti_style,systems/rust,synthetic,implicit,completed_tasks,5,0,0,1.0,0.0,0.0,54,357,6.61,1.1423269997976604,6
gen_systems_rust_004,graphiti_style,systems/rust,synthetic,implicit,pending_tasks,4,2,1,0.5,0.25,0.3333,54,357,6.61,1.1423269997976604,6
gen_systems_rust_004,graphiti_style,systems/rust,synthetic,implicit,decisions,2,1,0,0.0,0.0,0.0,54,357,6.61,1.1423269997976604,6
gen_systems_rust_004,graphiti_style,systems/rust,synthetic,implicit,files,2,2,2,1.0,1.0,1.0,54,357,6.61,1.1423269997976604,6
gen_systems_rust_004,graphiti_style,systems/rust,synthetic,implicit,errors,0,1,0,0.0,1.0,0.0,54,357,6.61,1.1423269997976604,6
gen_systems_rust_004,graphrag_style,systems/rust,synthetic,implicit,completed_tasks,5,0,0,1.0,0.0,0.0,40,357,8.93,0.4416720003064256,5
gen_systems_rust_004,graphrag_style,systems/rust,synthetic,implicit,pending_tasks,4,1,0,0.0,0.0,0.0,40,357,8.93,0.4416720003064256,5
gen_systems_rust_004,graphrag_style,systems/rust,synthetic,implicit,decisions,2,1,0,0.0,0.0,0.0,40,357,8.93,0.4416720003064256,5
gen_systems_rust_004,graphrag_style,systems/rust,synthetic,implicit,files,2,2,2,1.0,1.0,1.0,40,357,8.93,0.4416720003064256,5
gen_systems_rust_004,graphrag_style,systems/rust,synthetic,implicit,errors,0,1,0,0.0,1.0,0.0,40,357,8.93,0.4416720003064256,5
gen_systems_rust_004,mem0_style,systems/rust,synthetic,implicit,completed_tasks,5,0,0,1.0,0.0,0.0,53,357,6.74,0.8877809996192809,6
gen_systems_rust_004,mem0_style,systems/rust,synthetic,implicit,pending_tasks,4,2,1,0.5,0.25,0.3333,53,357,6.74,0.8877809996192809,6
gen_systems_rust_004,mem0_style,systems/rust,synthetic,implicit,decisions,2,1,0,0.0,0.0,0.0,53,357,6.74,0.8877809996192809,6
gen_systems_rust_004,mem0_style,systems/rust,synthetic,implicit,files,2,2,2,1.0,1.0,1.0,53,357,6.74,0.8877809996192809,6
gen_systems_rust_004,mem0_style,systems/rust,synthetic,implicit,errors,0,1,0,0.0,1.0,0.0,53,357,6.74,0.8877809996192809,6
gen_systems_rust_004,memgpt_style,systems/rust,synthetic,implicit,completed_tasks,5,0,0,1.0,0.0,0.0,24,357,14.88,0.43427099990367424,2
gen_systems_rust_004,memgpt_style,systems/rust,synthetic,implicit,pending_tasks,4,0,0,1.0,0.0,0.0,24,357,14.88,0.43427099990367424,2
gen_systems_rust_004,memgpt_style,systems/rust,synthetic,implicit,decisions,2,0,0,1.0,0.0,0.0,24,357,14.88,0.43427099990367424,2
gen_systems_rust_004,memgpt_style,systems/rust,synthetic,implicit,files,2,1,1,1.0,0.5,0.6667,24,357,14.88,0.43427099990367424,2
gen_systems_rust_004,memgpt_style,systems/rust,synthetic,implicit,errors,0,1,0,0.0,1.0,0.0,24,357,14.88,0.43427099990367424,2
gen_systems_rust_004,sliding_window_10,systems/rust,synthetic,implicit,completed_tasks,5,12,2,0.1667,0.4,0.2353,193,357,1.85,0.0033160004022647627,12
gen_systems_rust_004,sliding_window_10,systems/rust,synthetic,implicit,pending_tasks,4,12,3,0.25,0.75,0.375,193,357,1.85,0.0033160004022647627,12
gen_systems_rust_004,sliding_window_10,systems/rust,synthetic,implicit,decisions,2,12,1,0.0833,0.5,0.1429,193,357,1.85,0.0033160004022647627,12
gen_systems_rust_004,sliding_window_10,systems/rust,synthetic,implicit,files,2,12,1,0.0833,0.5,0.1429,193,357,1.85,0.0033160004022647627,12
gen_systems_rust_004,sliding_window_10,systems/rust,synthetic,implicit,errors,0,12,0,0.0,1.0,0.0,193,357,1.85,0.0033160004022647627,12
gen_systems_rust_004,naive_truncation,systems/rust,synthetic,implicit,completed_tasks,5,20,5,0.25,1.0,0.4,304,357,1.17,0.011426000128267333,20
gen_systems_rust_004,naive_truncation,systems/rust,synthetic,implicit,pending_tasks,4,20,3,0.15,0.75,0.25,304,357,1.17,0.011426000128267333,20
gen_systems_rust_004,naive_truncation,systems/rust,synthetic,implicit,decisions,2,20,2,0.1,1.0,0.1818,304,357,1.17,0.011426000128267333,20
gen_systems_rust_004,naive_truncation,systems/rust,synthetic,implicit,files,2,20,1,0.05,0.5,0.0909,304,357,1.17,0.011426000128267333,20
gen_systems_rust_004,naive_truncation,systems/rust,synthetic,implicit,errors,0,20,0,0.0,1.0,0.0,304,357,1.17,0.011426000128267333,20
gen_systems_rust_004,naive_summary,systems/rust,synthetic,implicit,completed_tasks,5,13,3,0.2308,0.6,0.3333,174,357,2.05,0.03227499928470934,13
gen_systems_rust_004,naive_summary,systems/rust,synthetic,implicit,pending_tasks,4,13,1,0.0769,0.25,0.1176,174,357,2.05,0.03227499928470934,13
gen_systems_rust_004,naive_summary,systems/rust,synthetic,implicit,decisions,2,13,1,0.0769,0.5,0.1333,174,357,2.05,0.03227499928470934,13
gen_systems_rust_004,naive_summary,systems/rust,synthetic,implicit,files,2,13,1,0.0769,0.5,0.1333,174,357,2.05,0.03227499928470934,13
gen_systems_rust_004,naive_summary,systems/rust,synthetic,implicit,errors,0,13,0,0.0,1.0,0.0,174,357,2.05,0.03227499928470934,13
gen_systems_rust_005,tokenmizer_v0.5.2,systems/rust,synthetic,implicit,completed_tasks,6,6,5,0.8333,0.8333,0.8333,135,488,3.61,216.58827699957328,15
gen_systems_rust_005,tokenmizer_v0.5.2,systems/rust,synthetic,implicit,pending_tasks,4,2,2,1.0,0.5,0.6667,135,488,3.61,216.58827699957328,15
gen_systems_rust_005,tokenmizer_v0.5.2,systems/rust,synthetic,implicit,decisions,2,1,1,1.0,0.5,0.6667,135,488,3.61,216.58827699957328,15
gen_systems_rust_005,tokenmizer_v0.5.2,systems/rust,synthetic,implicit,files,4,4,4,1.0,1.0,1.0,135,488,3.61,216.58827699957328,15
gen_systems_rust_005,tokenmizer_v0.5.2,systems/rust,synthetic,implicit,errors,2,2,2,1.0,1.0,1.0,135,488,3.61,216.58827699957328,15
gen_systems_rust_005,graphiti_style,systems/rust,synthetic,implicit,completed_tasks,6,0,0,1.0,0.0,0.0,51,488,9.57,1.2783920001311344,9
gen_systems_rust_005,graphiti_style,systems/rust,synthetic,implicit,pending_tasks,4,2,0,0.0,0.0,0.0,51,488,9.57,1.2783920001311344,9
gen_systems_rust_005,graphiti_style,systems/rust,synthetic,implicit,decisions,2,2,0,0.0,0.0,0.0,51,488,9.57,1.2783920001311344,9
gen_systems_rust_005,graphiti_style,systems/rust,synthetic,implicit,files,4,4,4,1.0,1.0,1.0,51,488,9.57,1.2783920001311344,9
gen_systems_rust_005,graphiti_style,systems/rust,synthetic,implicit,errors,2,1,0,0.0,0.0,0.0,51,488,9.57,1.2783920001311344,9
gen_systems_rust_005,graphrag_style,systems/rust,synthetic,implicit,completed_tasks,6,0,0,1.0,0.0,0.0,29,488,16.83,0.6409970001186593,7
gen_systems_rust_005,graphrag_style,systems/rust,synthetic,implicit,pending_tasks,4,2,0,0.0,0.0,0.0,29,488,16.83,0.6409970001186593,7
gen_systems_rust_005,graphrag_style,systems/rust,synthetic,implicit,decisions,2,1,0,0.0,0.0,0.0,29,488,16.83,0.6409970001186593,7
gen_systems_rust_005,graphrag_style,systems/rust,synthetic,implicit,files,4,4,4,1.0,1.0,1.0,29,488,16.83,0.6409970001186593,7
gen_systems_rust_005,graphrag_style,systems/rust,synthetic,implicit,errors,2,0,0,1.0,0.0,0.0,29,488,16.83,0.6409970001186593,7
gen_systems_rust_005,mem0_style,systems/rust,synthetic,implicit,completed_tasks,6,0,0,1.0,0.0,0.0,50,488,9.76,1.2570799999593874,9
gen_systems_rust_005,mem0_style,systems/rust,synthetic,implicit,pending_tasks,4,2,0,0.0,0.0,0.0,50,488,9.76,1.2570799999593874,9
gen_systems_rust_005,mem0_style,systems/rust,synthetic,implicit,decisions,2,2,0,0.0,0.0,0.0,50,488,9.76,1.2570799999593874,9
gen_systems_rust_005,mem0_style,systems/rust,synthetic,implicit,files,4,4,4,1.0,1.0,1.0,50,488,9.76,1.2570799999593874,9
gen_systems_rust_005,mem0_style,systems/rust,synthetic,implicit,errors,2,1,0,0.0,0.0,0.0,50,488,9.76,1.2570799999593874,9
gen_systems_rust_005,memgpt_style,systems/rust,synthetic,implicit,completed_tasks,6,0,0,1.0,0.0,0.0,31,488,15.74,0.5112119997647824,3
gen_systems_rust_005,memgpt_style,systems/rust,synthetic,implicit,pending_tasks,4,0,0,1.0,0.0,0.0,31,488,15.74,0.5112119997647824,3
gen_systems_rust_005,memgpt_style,systems/rust,synthetic,implicit,decisions,2,1,0,0.0,0.0,0.0,31,488,15.74,0.5112119997647824,3
gen_systems_rust_005,memgpt_style,systems/rust,synthetic,implicit,files,4,1,1,1.0,0.25,0.4,31,488,15.74,0.5112119997647824,3
gen_systems_rust_005,memgpt_style,systems/rust,synthetic,implicit,errors,2,1,0,0.0,0.0,0.0,31,488,15.74,0.5112119997647824,3
gen_systems_rust_005,sliding_window_10,systems/rust,synthetic,implicit,completed_tasks,6,12,4,0.3333,0.6667,0.4444,189,488,2.58,0.0027790001695393585,12
gen_systems_rust_005,sliding_window_10,systems/rust,synthetic,implicit,pending_tasks,4,12,0,0.0,0.0,0.0,189,488,2.58,0.0027790001695393585,12
gen_systems_rust_005,sliding_window_10,systems/rust,synthetic,implicit,decisions,2,12,1,0.0833,0.5,0.1429,189,488,2.58,0.0027790001695393585,12
gen_systems_rust_005,sliding_window_10,systems/rust,synthetic,implicit,files,4,12,1,0.0833,0.25,0.125,189,488,2.58,0.0027790001695393585,12
gen_systems_rust_005,sliding_window_10,systems/rust,synthetic,implicit,errors,2,12,1,0.0833,0.5,0.1429,189,488,2.58,0.0027790001695393585,12
gen_systems_rust_005,naive_truncation,systems/rust,synthetic,implicit,completed_tasks,6,19,5,0.2632,0.8333,0.4,300,488,1.63,0.012085999514965806,19
gen_systems_rust_005,naive_truncation,systems/rust,synthetic,implicit,pending_tasks,4,19,2,0.1053,0.5,0.1739,300,488,1.63,0.012085999514965806,19
gen_systems_rust_005,naive_truncation,systems/rust,synthetic,implicit,decisions,2,19,1,0.0526,0.5,0.0952,300,488,1.63,0.012085999514965806,19
gen_systems_rust_005,naive_truncation,systems/rust,synthetic,implicit,files,4,19,2,0.1053,0.5,0.1739,300,488,1.63,0.012085999514965806,19
gen_systems_rust_005,naive_truncation,systems/rust,synthetic,implicit,errors,2,19,1,0.0526,0.5,0.0952,300,488,1.63,0.012085999514965806,19
gen_systems_rust_005,naive_summary,systems/rust,synthetic,implicit,completed_tasks,6,12,1,0.0833,0.1667,0.1111,166,488,2.94,0.058104999880015384,12
gen_systems_rust_005,naive_summary,systems/rust,synthetic,implicit,pending_tasks,4,12,2,0.1667,0.5,0.25,166,488,2.94,0.058104999880015384,12
gen_systems_rust_005,naive_summary,systems/rust,synthetic,implicit,decisions,2,12,0,0.0,0.0,0.0,166,488,2.94,0.058104999880015384,12
gen_systems_rust_005,naive_summary,systems/rust,synthetic,implicit,files,4,12,2,0.1667,0.5,0.25,166,488,2.94,0.058104999880015384,12
gen_systems_rust_005,naive_summary,systems/rust,synthetic,implicit,errors,2,12,1,0.0833,0.5,0.1429,166,488,2.94,0.058104999880015384,12
go_microservice,tokenmizer_v0.5.2,backend/go,synthetic,unspecified,completed_tasks,4,4,4,1.0,1.0,1.0,169,206,1.22,221.86808199967345,17
go_microservice,tokenmizer_v0.5.2,backend/go,synthetic,unspecified,pending_tasks,1,1,1,1.0,1.0,1.0,169,206,1.22,221.86808199967345,17
go_microservice,tokenmizer_v0.5.2,backend/go,synthetic,unspecified,decisions,4,4,4,1.0,1.0,1.0,169,206,1.22,221.86808199967345,17
go_microservice,tokenmizer_v0.5.2,backend/go,synthetic,unspecified,files,6,6,6,1.0,1.0,1.0,169,206,1.22,221.86808199967345,17
go_microservice,tokenmizer_v0.5.2,backend/go,synthetic,unspecified,errors,2,2,2,1.0,1.0,1.0,169,206,1.22,221.86808199967345,17
go_microservice,graphiti_style,backend/go,synthetic,unspecified,completed_tasks,4,2,1,0.5,0.25,0.3333,106,206,1.94,0.6295829998634872,13
go_microservice,graphiti_style,backend/go,synthetic,unspecified,pending_tasks,1,2,1,0.5,1.0,0.6667,106,206,1.94,0.6295829998634872,13
go_microservice,graphiti_style,backend/go,synthetic,unspecified,decisions,4,3,2,0.6667,0.5,0.5714,106,206,1.94,0.6295829998634872,13
go_microservice,graphiti_style,backend/go,synthetic,unspecified,files,6,6,6,1.0,1.0,1.0,106,206,1.94,0.6295829998634872,13
go_microservice,graphiti_style,backend/go,synthetic,unspecified,errors,2,0,0,1.0,0.0,0.0,106,206,1.94,0.6295829998634872,13
go_microservice,graphrag_style,backend/go,synthetic,unspecified,completed_tasks,4,0,0,1.0,0.0,0.0,58,206,3.55,0.2792749992295285,9
go_microservice,graphrag_style,backend/go,synthetic,unspecified,pending_tasks,1,0,0,1.0,0.0,0.0,58,206,3.55,0.2792749992295285,9
go_microservice,graphrag_style,backend/go,synthetic,unspecified,decisions,4,3,2,0.6667,0.5,0.5714,58,206,3.55,0.2792749992295285,9
go_microservice,graphrag_style,backend/go,synthetic,unspecified,files,6,6,6,1.0,1.0,1.0,58,206,3.55,0.2792749992295285,9
go_microservice,graphrag_style,backend/go,synthetic,unspecified,errors,2,0,0,1.0,0.0,0.0,58,206,3.55,0.2792749992295285,9
go_microservice,mem0_style,backend/go,synthetic,unspecified,completed_tasks,4,2,1,0.5,0.25,0.3333,105,206,1.96,0.5553900000450085,13
go_microservice,mem0_style,backend/go,synthetic,unspecified,pending_tasks,1,2,1,0.5,1.0,0.6667,105,206,1.96,0.5553900000450085,13
go_microservice,mem0_style,backend/go,synthetic,unspecified,decisions,4,3,2,0.6667,0.5,0.5714,105,206,1.96,0.5553900000450085,13
go_microservice,mem0_style,backend/go,synthetic,unspecified,files,6,6,6,1.0,1.0,1.0,105,206,1.96,0.5553900000450085,13
go_microservice,mem0_style,backend/go,synthetic,unspecified,errors,2,0,0,1.0,0.0,0.0,105,206,1.96,0.5553900000450085,13
go_microservice,memgpt_style,backend/go,synthetic,unspecified,completed_tasks,4,1,1,1.0,0.25,0.4,65,206,3.17,0.3104410006926628,6
go_microservice,memgpt_style,backend/go,synthetic,unspecified,pending_tasks,1,2,1,0.5,1.0,0.6667,65,206,3.17,0.3104410006926628,6
go_microservice,memgpt_style,backend/go,synthetic,unspecified,decisions,4,1,1,1.0,0.25,0.4,65,206,3.17,0.3104410006926628,6
go_microservice,memgpt_style,backend/go,synthetic,unspecified,files,6,2,3,1.0,0.5,0.6667,65,206,3.17,0.3104410006926628,6
go_microservice,memgpt_style,backend/go,synthetic,unspecified,errors,2,0,0,1.0,0.0,0.0,65,206,3.17,0.3104410006926628,6
go_microservice,sliding_window_10,backend/go,synthetic,unspecified,completed_tasks,4,15,4,0.2667,1.0,0.4211,212,206,0.97,0.0035920002119382843,15
go_microservice,sliding_window_10,backend/go,synthetic,unspecified,pending_tasks,1,15,1,0.0667,1.0,0.125,212,206,0.97,0.0035920002119382843,15
go_microservice,sliding_window_10,backend/go,synthetic,unspecified,decisions,4,15,4,0.4,1.0,0.5714,212,206,0.97,0.0035920002119382843,15
go_microservice,sliding_window_10,backend/go,synthetic,unspecified,files,6,15,6,0.3333,1.0,0.5,212,206,0.97,0.0035920002119382843,15
go_microservice,sliding_window_10,backend/go,synthetic,unspecified,errors,2,15,2,0.0667,1.0,0.125,212,206,0.97,0.0035920002119382843,15
go_microservice,naive_truncation,backend/go,synthetic,unspecified,completed_tasks,4,15,4,0.2667,1.0,0.4211,212,206,0.97,0.011500000255182385,15
go_microservice,naive_truncation,backend/go,synthetic,unspecified,pending_tasks,1,15,1,0.0667,1.0,0.125,212,206,0.97,0.011500000255182385,15
go_microservice,naive_truncation,backend/go,synthetic,unspecified,decisions,4,15,4,0.4,1.0,0.5714,212,206,0.97,0.011500000255182385,15
go_microservice,naive_truncation,backend/go,synthetic,unspecified,files,6,15,6,0.3333,1.0,0.5,212,206,0.97,0.011500000255182385,15
go_microservice,naive_truncation,backend/go,synthetic,unspecified,errors,2,15,2,0.0667,1.0,0.125,212,206,0.97,0.011500000255182385,15
go_microservice,naive_summary,backend/go,synthetic,unspecified,completed_tasks,4,15,4,0.2667,1.0,0.4211,212,206,0.97,0.02603699977044016,15
go_microservice,naive_summary,backend/go,synthetic,unspecified,pending_tasks,1,15,1,0.0667,1.0,0.125,212,206,0.97,0.02603699977044016,15
go_microservice,naive_summary,backend/go,synthetic,unspecified,decisions,4,15,4,0.4,1.0,0.5714,212,206,0.97,0.02603699977044016,15
go_microservice,naive_summary,backend/go,synthetic,unspecified,files,6,15,6,0.3333,1.0,0.5,212,206,0.97,0.02603699977044016,15
go_microservice,naive_summary,backend/go,synthetic,unspecified,errors,2,15,2,0.0667,1.0,0.125,212,206,0.97,0.02603699977044016,15
ml_pipeline,tokenmizer_v0.5.2,ml/python,synthetic,unspecified,completed_tasks,4,3,4,1.0,1.0,1.0,149,206,1.38,244.79971500022657,12
ml_pipeline,tokenmizer_v0.5.2,ml/python,synthetic,unspecified,decisions,4,4,4,1.0,1.0,1.0,149,206,1.38,244.79971500022657,12
ml_pipeline,tokenmizer_v0.5.2,ml/python,synthetic,unspecified,files,5,5,5,1.0,1.0,1.0,149,206,1.38,244.79971500022657,12
ml_pipeline,graphiti_style,ml/python,synthetic,unspecified,completed_tasks,4,5,4,0.6,1.0,0.75,117,206,1.76,0.5799029995614546,16
ml_pipeline,graphiti_style,ml/python,synthetic,unspecified,pending_tasks,0,2,0,0.0,1.0,0.0,117,206,1.76,0.5799029995614546,16
ml_pipeline,graphiti_style,ml/python,synthetic,unspecified,decisions,4,4,3,0.75,0.75,0.75,117,206,1.76,0.5799029995614546,16
ml_pipeline,graphiti_style,ml/python,synthetic,unspecified,files,5,5,5,1.0,1.0,1.0,117,206,1.76,0.5799029995614546,16
ml_pipeline,graphrag_style,ml/python,synthetic,unspecified,completed_tasks,4,2,2,1.0,0.5,0.6667,78,206,2.64,0.29932500001450535,11
ml_pipeline,graphrag_style,ml/python,synthetic,unspecified,decisions,4,4,3,0.75,0.75,0.75,78,206,2.64,0.29932500001450535,11
ml_pipeline,graphrag_style,ml/python,synthetic,unspecified,files,5,5,5,1.0,1.0,1.0,78,206,2.64,0.29932500001450535,11
ml_pipeline,mem0_style,ml/python,synthetic,unspecified,completed_tasks,4,5,4,0.6,1.0,0.75,116,206,1.78,0.6053089991837624,16
ml_pipeline,mem0_style,ml/python,synthetic,unspecified,pending_tasks,0,2,0,0.0,1.0,0.0,116,206,1.78,0.6053089991837624,16
ml_pipeline,mem0_style,ml/python,synthetic,unspecified,decisions,4,4,3,0.75,0.75,0.75,116,206,1.78,0.6053089991837624,16
ml_pipeline,mem0_style,ml/python,synthetic,unspecified,files,5,5,5,1.0,1.0,1.0,116,206,1.78,0.6053089991837624,16
ml_pipeline,memgpt_style,ml/python,synthetic,unspecified,completed_tasks,4,4,3,0.5,0.75,0.6,53,206,3.89,0.38308100010908674,9
ml_pipeline,memgpt_style,ml/python,synthetic,unspecified,decisions,4,1,0,0.0,0.0,0.0,53,206,3.89,0.38308100010908674,9
ml_pipeline,memgpt_style,ml/python,synthetic,unspecified,files,5,4,4,1.0,0.8,0.8889,53,206,3.89,0.38308100010908674,9
ml_pipeline,sliding_window_10,ml/python,synthetic,unspecified,completed_tasks,4,12,4,0.25,1.0,0.4,211,206,0.98,0.005957999746897258,12
ml_pipeline,sliding_window_10,ml/python,synthetic,unspecified,pending_tasks,0,12,0,0.0,1.0,0.0,211,206,0.98,0.005957999746897258,12
ml_pipeline,sliding_window_10,ml/python,synthetic,unspecified,decisions,4,12,4,0.25,1.0,0.4,211,206,0.98,0.005957999746897258,12
ml_pipeline,sliding_window_10,ml/python,synthetic,unspecified,files,5,12,5,0.3333,1.0,0.5,211,206,0.98,0.005957999746897258,12
ml_pipeline,sliding_window_10,ml/python,synthetic,unspecified,errors,0,12,0,0.0,1.0,0.0,211,206,0.98,0.005957999746897258,12
ml_pipeline,naive_truncation,ml/python,synthetic,unspecified,completed_tasks,4,12,4,0.25,1.0,0.4,211,206,0.98,0.009890000001178123,12
ml_pipeline,naive_truncation,ml/python,synthetic,unspecified,pending_tasks,0,12,0,0.0,1.0,0.0,211,206,0.98,0.009890000001178123,12
ml_pipeline,naive_truncation,ml/python,synthetic,unspecified,decisions,4,12,4,0.25,1.0,0.4,211,206,0.98,0.009890000001178123,12
ml_pipeline,naive_truncation,ml/python,synthetic,unspecified,files,5,12,5,0.3333,1.0,0.5,211,206,0.98,0.009890000001178123,12
ml_pipeline,naive_truncation,ml/python,synthetic,unspecified,errors,0,12,0,0.0,1.0,0.0,211,206,0.98,0.009890000001178123,12
ml_pipeline,naive_summary,ml/python,synthetic,unspecified,completed_tasks,4,12,4,0.25,1.0,0.4,211,206,0.98,0.02965500061691273,12
ml_pipeline,naive_summary,ml/python,synthetic,unspecified,pending_tasks,0,12,0,0.0,1.0,0.0,211,206,0.98,0.02965500061691273,12
ml_pipeline,naive_summary,ml/python,synthetic,unspecified,decisions,4,12,4,0.25,1.0,0.4,211,206,0.98,0.02965500061691273,12
ml_pipeline,naive_summary,ml/python,synthetic,unspecified,files,5,12,5,0.3333,1.0,0.5,211,206,0.98,0.02965500061691273,12
ml_pipeline,naive_summary,ml/python,synthetic,unspecified,errors,0,12,0,0.0,1.0,0.0,211,206,0.98,0.02965500061691273,12
react_dashboard,tokenmizer_v0.5.2,frontend/typescript,synthetic,unspecified,completed_tasks,4,3,3,1.0,0.75,0.8571,186,205,1.1,230.03744800007553,18
react_dashboard,tokenmizer_v0.5.2,frontend/typescript,synthetic,unspecified,decisions,6,6,6,0.8333,1.0,0.9091,186,205,1.1,230.03744800007553,18
react_dashboard,tokenmizer_v0.5.2,frontend/typescript,synthetic,unspecified,files,7,7,7,1.0,1.0,1.0,186,205,1.1,230.03744800007553,18
react_dashboard,tokenmizer_v0.5.2,frontend/typescript,synthetic,unspecified,errors,2,2,2,1.0,1.0,1.0,186,205,1.1,230.03744800007553,18
react_dashboard,graphiti_style,frontend/typescript,synthetic,unspecified,completed_tasks,4,5,4,0.6,1.0,0.75,171,205,1.2,0.6092049998187576,18
react_dashboard,graphiti_style,frontend/typescript,synthetic,unspecified,pending_tasks,0,2,0,0.0,1.0,0.0,171,205,1.2,0.6092049998187576,18
react_dashboard,graphiti_style,frontend/typescript,synthetic,unspecified,decisions,6,5,5,0.8,0.8333,0.8163,171,205,1.2,0.6092049998187576,18
react_dashboard,graphiti_style,frontend/typescript,synthetic,unspecified,files,7,6,5,0.8333,0.7143,0.7692,171,205,1.2,0.6092049998187576,18
react_dashboard,graphiti_style,frontend/typescript,synthetic,unspecified,errors,2,0,0,1.0,0.0,0.0,171,205,1.2,0.6092049998187576,18
react_dashboard,graphrag_style,frontend/typescript,synthetic,unspecified,completed_tasks,4,2,2,1.0,0.5,0.6667,119,205,1.72,0.49111799944512313,13
react_dashboard,graphrag_style,frontend/typescript,synthetic,unspecified,decisions,6,5,5,0.8,0.8333,0.8163,119,205,1.72,0.49111799944512313,13
react_dashboard,graphrag_style,frontend/typescript,synthetic,unspecified,files,7,6,5,0.8333,0.7143,0.7692,119,205,1.72,0.49111799944512313,13
react_dashboard,graphrag_style,frontend/typescript,synthetic,unspecified,errors,2,0,0,1.0,0.0,0.0,119,205,1.72,0.49111799944512313,13
react_dashboard,mem0_style,frontend/typescript,synthetic,unspecified,completed_tasks,4,5,4,0.6,1.0,0.75,170,205,1.21,0.9232439997504116,18
react_dashboard,mem0_style,frontend/typescript,synthetic,unspecified,pending_tasks,0,2,0,0.0,1.0,0.0,170,205,1.21,0.9232439997504116,18
react_dashboard,mem0_style,frontend/typescript,synthetic,unspecified,decisions,6,5,5,0.8,0.8333,0.8163,170,205,1.21,0.9232439997504116,18
react_dashboard,mem0_style,frontend/typescript,synthetic,unspecified,files,7,6,5,0.8333,0.7143,0.7692,170,205,1.21,0.9232439997504116,18
react_dashboard,mem0_style,frontend/typescript,synthetic,unspecified,errors,2,0,0,1.0,0.0,0.0,170,205,1.21,0.9232439997504116,18
react_dashboard,memgpt_style,frontend/typescript,synthetic,unspecified,completed_tasks,4,4,3,0.5,0.75,0.6,108,205,1.9,0.5102470004203497,11
react_dashboard,memgpt_style,frontend/typescript,synthetic,unspecified,pending_tasks,0,1,0,0.0,1.0,0.0,108,205,1.9,0.5102470004203497,11
react_dashboard,memgpt_style,frontend/typescript,synthetic,unspecified,decisions,6,2,2,1.0,0.3333,0.5,108,205,1.9,0.5102470004203497,11
react_dashboard,memgpt_style,frontend/typescript,synthetic,unspecified,files,7,4,4,1.0,0.5714,0.7273,108,205,1.9,0.5102470004203497,11
react_dashboard,memgpt_style,frontend/typescript,synthetic,unspecified,errors,2,0,0,1.0,0.0,0.0,108,205,1.9,0.5102470004203497,11
react_dashboard,sliding_window_10,frontend/typescript,synthetic,unspecified,completed_tasks,4,12,4,0.3333,1.0,0.5,212,205,0.97,0.008508999599143863,12
react_dashboard,sliding_window_10,frontend/typescript,synthetic,unspecified,pending_tasks,0,12,0,0.0,1.0,0.0,212,205,0.97,0.008508999599143863,12
react_dashboard,sliding_window_10,frontend/typescript,synthetic,unspecified,decisions,6,12,6,0.4167,1.0,0.5882,212,205,0.97,0.008508999599143863,12
react_dashboard,sliding_window_10,frontend/typescript,synthetic,unspecified,files,7,12,7,0.4167,1.0,0.5882,212,205,0.97,0.008508999599143863,12
react_dashboard,sliding_window_10,frontend/typescript,synthetic,unspecified,errors,2,12,2,0.0833,1.0,0.1538,212,205,0.97,0.008508999599143863,12
react_dashboard,naive_truncation,frontend/typescript,synthetic,unspecified,completed_tasks,4,12,4,0.3333,1.0,0.5,212,205,0.97,0.01541399979032576,12
react_dashboard,naive_truncation,frontend/typescript,synthetic,unspecified,pending_tasks,0,12,0,0.0,1.0,0.0,212,205,0.97,0.01541399979032576,12
react_dashboard,naive_truncation,frontend/typescript,synthetic,unspecified,decisions,6,12,6,0.4167,1.0,0.5882,212,205,0.97,0.01541399979032576,12
react_dashboard,naive_truncation,frontend/typescript,synthetic,unspecified,files,7,12,7,0.4167,1.0,0.5882,212,205,0.97,0.01541399979032576,12
react_dashboard,naive_truncation,frontend/typescript,synthetic,unspecified,errors,2,12,2,0.0833,1.0,0.1538,212,205,0.97,0.01541399979032576,12
react_dashboard,naive_summary,frontend/typescript,synthetic,unspecified,completed_tasks,4,12,4,0.3333,1.0,0.5,212,205,0.97,0.03243199989810819,12
react_dashboard,naive_summary,frontend/typescript,synthetic,unspecified,pending_tasks,0,12,0,0.0,1.0,0.0,212,205,0.97,0.03243199989810819,12
react_dashboard,naive_summary,frontend/typescript,synthetic,unspecified,decisions,6,12,6,0.4167,1.0,0.5882,212,205,0.97,0.03243199989810819,12
react_dashboard,naive_summary,frontend/typescript,synthetic,unspecified,files,7,12,7,0.4167,1.0,0.5882,212,205,0.97,0.03243199989810819,12
react_dashboard,naive_summary,frontend/typescript,synthetic,unspecified,errors,2,12,2,0.0833,1.0,0.1538,212,205,0.97,0.03243199989810819,12
real_audit_concurrency,tokenmizer_v0.5.2,audit/systems,real,unspecified,completed_tasks,3,3,3,1.0,1.0,1.0,107,237,2.21,214.33161499953712,9
real_audit_concurrency,tokenmizer_v0.5.2,audit/systems,real,unspecified,pending_tasks,1,1,1,1.0,1.0,1.0,107,237,2.21,214.33161499953712,9
real_audit_concurrency,tokenmizer_v0.5.2,audit/systems,real,unspecified,decisions,1,1,1,1.0,1.0,1.0,107,237,2.21,214.33161499953712,9
real_audit_concurrency,tokenmizer_v0.5.2,audit/systems,real,unspecified,files,2,2,2,1.0,1.0,1.0,107,237,2.21,214.33161499953712,9
real_audit_concurrency,tokenmizer_v0.5.2,audit/systems,real,unspecified,errors,2,2,2,1.0,1.0,1.0,107,237,2.21,214.33161499953712,9
real_audit_concurrency,graphiti_style,audit/systems,real,unspecified,completed_tasks,3,4,1,0.25,0.3333,0.2857,91,237,2.6,0.6763609999325126,8
real_audit_concurrency,graphiti_style,audit/systems,real,unspecified,pending_tasks,1,1,1,1.0,1.0,1.0,91,237,2.6,0.6763609999325126,8
real_audit_concurrency,graphiti_style,audit/systems,real,unspecified,decisions,1,1,1,1.0,1.0,1.0,91,237,2.6,0.6763609999325126,8
real_audit_concurrency,graphiti_style,audit/systems,real,unspecified,files,2,2,2,1.0,1.0,1.0,91,237,2.6,0.6763609999325126,8
real_audit_concurrency,graphiti_style,audit/systems,real,unspecified,errors,2,0,0,1.0,0.0,0.0,91,237,2.6,0.6763609999325126,8
real_audit_concurrency,graphrag_style,audit/systems,real,unspecified,completed_tasks,3,1,1,1.0,0.3333,0.5,55,237,4.31,0.3506579996610526,4
real_audit_concurrency,graphrag_style,audit/systems,real,unspecified,pending_tasks,1,0,0,1.0,0.0,0.0,55,237,4.31,0.3506579996610526,4
real_audit_concurrency,graphrag_style,audit/systems,real,unspecified,decisions,1,1,1,1.0,1.0,1.0,55,237,4.31,0.3506579996610526,4
real_audit_concurrency,graphrag_style,audit/systems,real,unspecified,files,2,2,2,1.0,1.0,1.0,55,237,4.31,0.3506579996610526,4
real_audit_concurrency,graphrag_style,audit/systems,real,unspecified,errors,2,0,0,1.0,0.0,0.0,55,237,4.31,0.3506579996610526,4
real_audit_concurrency,mem0_style,audit/systems,real,unspecified,completed_tasks,3,4,1,0.25,0.3333,0.2857,90,237,2.63,0.5585720000453875,8
real_audit_concurrency,mem0_style,audit/systems,real,unspecified,pending_tasks,1,1,1,1.0,1.0,1.0,90,237,2.63,0.5585720000453875,8
real_audit_concurrency,mem0_style,audit/systems,real,unspecified,decisions,1,1,1,1.0,1.0,1.0,90,237,2.63,0.5585720000453875,8
real_audit_concurrency,mem0_style,audit/systems,real,unspecified,files,2,2,2,1.0,1.0,1.0,90,237,2.63,0.5585720000453875,8
real_audit_concurrency,mem0_style,audit/systems,real,unspecified,errors,2,0,0,1.0,0.0,0.0,90,237,2.63,0.5585720000453875,8
real_audit_concurrency,memgpt_style,audit/systems,real,unspecified,completed_tasks,3,3,1,0.3333,0.3333,0.3333,60,237,3.95,0.3061620000153198,5
real_audit_concurrency,memgpt_style,audit/systems,real,unspecified,pending_tasks,1,1,1,1.0,1.0,1.0,60,237,3.95,0.3061620000153198,5
real_audit_concurrency,memgpt_style,audit/systems,real,unspecified,decisions,1,0,0,1.0,0.0,0.0,60,237,3.95,0.3061620000153198,5
real_audit_concurrency,memgpt_style,audit/systems,real,unspecified,files,2,1,1,1.0,0.5,0.6667,60,237,3.95,0.3061620000153198,5
real_audit_concurrency,memgpt_style,audit/systems,real,unspecified,errors,2,0,0,1.0,0.0,0.0,60,237,3.95,0.3061620000153198,5
real_audit_concurrency,sliding_window_10,audit/systems,real,unspecified,completed_tasks,3,16,3,0.1875,1.0,0.3158,243,237,0.98,0.002793000021483749,16
real_audit_concurrency,sliding_window_10,audit/systems,real,unspecified,pending_tasks,1,16,1,0.0625,1.0,0.1176,243,237,0.98,0.002793000021483749,16
real_audit_concurrency,sliding_window_10,audit/systems,real,unspecified,decisions,1,16,1,0.0625,1.0,0.1176,243,237,0.98,0.002793000021483749,16
real_audit_concurrency,sliding_window_10,audit/systems,real,unspecified,files,2,16,2,0.125,1.0,0.2222,243,237,0.98,0.002793000021483749,16
real_audit_concurrency,sliding_window_10,audit/systems,real,unspecified,errors,2,16,2,0.125,1.0,0.2222,243,237,0.98,0.002793000021483749,16
real_audit_concurrency,naive_truncation,audit/systems,real,unspecified,completed_tasks,3,16,3,0.1875,1.0,0.3158,243,237,0.98,0.008182999408745673,16
real_audit_concurrency,naive_truncation,audit/systems,real,unspecified,pending_tasks,1,16,1,0.0625,1.0,0.1176,243,237,0.98,0.008182999408745673,16
real_audit_concurrency,naive_truncation,audit/systems,real,unspecified,decisions,1,16,1,0.0625,1.0,0.1176,243,237,0.98,0.008182999408745673,16
real_audit_concurrency,naive_truncation,audit/systems,real,unspecified,files,2,16,2,0.125,1.0,0.2222,243,237,0.98,0.008182999408745673,16
real_audit_concurrency,naive_truncation,audit/systems,real,unspecified,errors,2,16,2,0.125,1.0,0.2222,243,237,0.98,0.008182999408745673,16
real_audit_concurrency,naive_summary,audit/systems,real,unspecified,completed_tasks,3,13,3,0.2308,1.0,0.375,191,237,1.24,0.03101499987678835,13
real_audit_concurrency,naive_summary,audit/systems,real,unspecified,pending_tasks,1,13,0,0.0,0.0,0.0,191,237,1.24,0.03101499987678835,13
real_audit_concurrency,naive_summary,audit/systems,real,unspecified,decisions,1,13,1,0.0769,1.0,0.1429,191,237,1.24,0.03101499987678835,13
real_audit_concurrency,naive_summary,audit/systems,real,unspecified,files,2,13,2,0.1538,1.0,0.2667,191,237,1.24,0.03101499987678835,13
real_audit_concurrency,naive_summary,audit/systems,real,unspecified,errors,2,13,1,0.0769,0.5,0.1333,191,237,1.24,0.03101499987678835,13
real_audit_corruption,tokenmizer_v0.5.2,audit/storage,real,unspecified,completed_tasks,2,2,2,1.0,1.0,1.0,120,231,1.93,234.84976700001425,11
real_audit_corruption,tokenmizer_v0.5.2,audit/storage,real,unspecified,decisions,2,2,2,1.0,1.0,1.0,120,231,1.93,234.84976700001425,11
real_audit_corruption,tokenmizer_v0.5.2,audit/storage,real,unspecified,files,2,2,2,1.0,1.0,1.0,120,231,1.93,234.84976700001425,11
real_audit_corruption,tokenmizer_v0.5.2,audit/storage,real,unspecified,errors,5,5,5,0.8,1.0,0.8889,120,231,1.93,234.84976700001425,11
real_audit_corruption,graphiti_style,audit/storage,real,unspecified,completed_tasks,2,2,2,1.0,1.0,1.0,115,231,2.01,0.5652119998558192,7
real_audit_corruption,graphiti_style,audit/storage,real,unspecified,pending_tasks,0,1,0,0.0,1.0,0.0,115,231,2.01,0.5652119998558192,7
real_audit_corruption,graphiti_style,audit/storage,real,unspecified,decisions,2,2,2,1.0,1.0,1.0,115,231,2.01,0.5652119998558192,7
real_audit_corruption,graphiti_style,audit/storage,real,unspecified,files,2,1,1,1.0,0.5,0.6667,115,231,2.01,0.5652119998558192,7
real_audit_corruption,graphiti_style,audit/storage,real,unspecified,errors,5,1,2,1.0,0.4,0.5714,115,231,2.01,0.5652119998558192,7
real_audit_corruption,graphrag_style,audit/storage,real,unspecified,completed_tasks,2,1,1,1.0,0.5,0.6667,74,231,3.12,0.32548800027143443,5
real_audit_corruption,graphrag_style,audit/storage,real,unspecified,pending_tasks,0,1,0,0.0,1.0,0.0,74,231,3.12,0.32548800027143443,5
real_audit_corruption,graphrag_style,audit/storage,real,unspecified,decisions,2,2,2,1.0,1.0,1.0,74,231,3.12,0.32548800027143443,5
real_audit_corruption,graphrag_style,audit/storage,real,unspecified,files,2,1,1,1.0,0.5,0.6667,74,231,3.12,0.32548800027143443,5
real_audit_corruption,graphrag_style,audit/storage,real,unspecified,errors,5,0,0,1.0,0.0,0.0,74,231,3.12,0.32548800027143443,5
real_audit_corruption,mem0_style,audit/storage,real,unspecified,completed_tasks,2,2,2,1.0,1.0,1.0,114,231,2.03,0.5320669997672667,7
real_audit_corruption,mem0_style,audit/storage,real,unspecified,pending_tasks,0,1,0,0.0,1.0,0.0,114,231,2.03,0.5320669997672667,7
real_audit_corruption,mem0_style,audit/storage,real,unspecified,decisions,2,2,2,1.0,1.0,1.0,114,231,2.03,0.5320669997672667,7
real_audit_corruption,mem0_style,audit/storage,real,unspecified,files,2,1,1,1.0,0.5,0.6667,114,231,2.03,0.5320669997672667,7
real_audit_corruption,mem0_style,audit/storage,real,unspecified,errors,5,1,2,1.0,0.4,0.5714,114,231,2.03,0.5320669997672667,7
real_audit_corruption,memgpt_style,audit/storage,real,unspecified,completed_tasks,2,2,2,1.0,1.0,1.0,101,231,2.29,0.27863200011779554,6
real_audit_corruption,memgpt_style,audit/storage,real,unspecified,decisions,2,2,2,1.0,1.0,1.0,101,231,2.29,0.27863200011779554,6
real_audit_corruption,memgpt_style,audit/storage,real,unspecified,files,2,1,1,1.0,0.5,0.6667,101,231,2.29,0.27863200011779554,6
real_audit_corruption,memgpt_style,audit/storage,real,unspecified,errors,5,1,2,1.0,0.4,0.5714,101,231,2.29,0.27863200011779554,6
real_audit_corruption,sliding_window_10,audit/storage,real,unspecified,completed_tasks,2,11,2,0.1818,1.0,0.3077,236,231,0.98,0.003820000529231038,11
real_audit_corruption,sliding_window_10,audit/storage,real,unspecified,pending_tasks,0,11,0,0.0,1.0,0.0,236,231,0.98,0.003820000529231038,11
real_audit_corruption,sliding_window_10,audit/storage,real,unspecified,decisions,2,11,2,0.1818,1.0,0.3077,236,231,0.98,0.003820000529231038,11
real_audit_corruption,sliding_window_10,audit/storage,real,unspecified,files,2,11,2,0.1818,1.0,0.3077,236,231,0.98,0.003820000529231038,11
real_audit_corruption,sliding_window_10,audit/storage,real,unspecified,errors,5,11,5,0.3636,1.0,0.5333,236,231,0.98,0.003820000529231038,11
real_audit_corruption,naive_truncation,audit/storage,real,unspecified,completed_tasks,2,11,2,0.1818,1.0,0.3077,236,231,0.98,0.008549999620299786,11
real_audit_corruption,naive_truncation,audit/storage,real,unspecified,pending_tasks,0,11,0,0.0,1.0,0.0,236,231,0.98,0.008549999620299786,11
real_audit_corruption,naive_truncation,audit/storage,real,unspecified,decisions,2,11,2,0.1818,1.0,0.3077,236,231,0.98,0.008549999620299786,11
real_audit_corruption,naive_truncation,audit/storage,real,unspecified,files,2,11,2,0.1818,1.0,0.3077,236,231,0.98,0.008549999620299786,11
real_audit_corruption,naive_truncation,audit/storage,real,unspecified,errors,5,11,5,0.3636,1.0,0.5333,236,231,0.98,0.008549999620299786,11
real_audit_corruption,naive_summary,audit/storage,real,unspecified,completed_tasks,2,11,1,0.0909,0.5,0.1538,208,231,1.11,0.0284589996226714,11
real_audit_corruption,naive_summary,audit/storage,real,unspecified,pending_tasks,0,11,0,0.0,1.0,0.0,208,231,1.11,0.0284589996226714,11
real_audit_corruption,naive_summary,audit/storage,real,unspecified,decisions,2,11,2,0.1818,1.0,0.3077,208,231,1.11,0.0284589996226714,11
real_audit_corruption,naive_summary,audit/storage,real,unspecified,files,2,11,2,0.1818,1.0,0.3077,208,231,1.11,0.0284589996226714,11
real_audit_corruption,naive_summary,audit/storage,real,unspecified,errors,5,11,5,0.3636,1.0,0.5333,208,231,1.11,0.0284589996226714,11
real_audit_extraction,tokenmizer_v0.5.2,audit/nlp,real,unspecified,completed_tasks,3,3,3,1.0,1.0,1.0,147,333,2.27,223.7362910000229,11
real_audit_extraction,tokenmizer_v0.5.2,audit/nlp,real,unspecified,decisions,2,2,2,1.0,1.0,1.0,147,333,2.27,223.7362910000229,11
real_audit_extraction,tokenmizer_v0.5.2,audit/nlp,real,unspecified,files,4,4,4,1.0,1.0,1.0,147,333,2.27,223.7362910000229,11
real_audit_extraction,tokenmizer_v0.5.2,audit/nlp,real,unspecified,errors,3,2,2,1.0,0.6667,0.8,147,333,2.27,223.7362910000229,11
real_audit_extraction,graphiti_style,audit/nlp,real,unspecified,completed_tasks,3,5,2,0.4,0.6667,0.5,175,333,1.9,0.8670919996802695,15
real_audit_extraction,graphiti_style,audit/nlp,real,unspecified,decisions,2,3,2,0.6667,1.0,0.8,175,333,1.9,0.8670919996802695,15
real_audit_extraction,graphiti_style,audit/nlp,real,unspecified,files,4,4,4,1.0,1.0,1.0,175,333,1.9,0.8670919996802695,15
real_audit_extraction,graphiti_style,audit/nlp,real,unspecified,errors,3,3,1,0.3333,0.3333,0.3333,175,333,1.9,0.8670919996802695,15
real_audit_extraction,graphrag_style,audit/nlp,real,unspecified,completed_tasks,3,2,0,0.0,0.0,0.0,143,333,2.33,0.4531619997578673,12
real_audit_extraction,graphrag_style,audit/nlp,real,unspecified,decisions,2,3,2,0.6667,1.0,0.8,143,333,2.33,0.4531619997578673,12
real_audit_extraction,graphrag_style,audit/nlp,real,unspecified,files,4,4,4,1.0,1.0,1.0,143,333,2.33,0.4531619997578673,12
real_audit_extraction,graphrag_style,audit/nlp,real,unspecified,errors,3,3,1,0.3333,0.3333,0.3333,143,333,2.33,0.4531619997578673,12
real_audit_extraction,mem0_style,audit/nlp,real,unspecified,completed_tasks,3,5,2,0.4,0.6667,0.5,174,333,1.91,1.0898589998760144,15
real_audit_extraction,mem0_style,audit/nlp,real,unspecified,decisions,2,3,2,0.6667,1.0,0.8,174,333,1.91,1.0898589998760144,15
real_audit_extraction,mem0_style,audit/nlp,real,unspecified,files,4,4,4,1.0,1.0,1.0,174,333,1.91,1.0898589998760144,15
real_audit_extraction,mem0_style,audit/nlp,real,unspecified,errors,3,3,1,0.3333,0.3333,0.3333,174,333,1.91,1.0898589998760144,15
real_audit_extraction,memgpt_style,audit/nlp,real,unspecified,completed_tasks,3,3,1,0.3333,0.3333,0.3333,76,333,4.38,0.38884500008862233,6
real_audit_extraction,memgpt_style,audit/nlp,real,unspecified,decisions,2,2,1,0.5,0.5,0.5,76,333,4.38,0.38884500008862233,6
real_audit_extraction,memgpt_style,audit/nlp,real,unspecified,files,4,1,1,1.0,0.25,0.4,76,333,4.38,0.38884500008862233,6
real_audit_extraction,memgpt_style,audit/nlp,real,unspecified,errors,3,0,0,1.0,0.0,0.0,76,333,4.38,0.38884500008862233,6
real_audit_extraction,sliding_window_10,audit/nlp,real,unspecified,completed_tasks,3,14,3,0.2143,1.0,0.3529,271,333,1.23,0.003338000169605948,14
real_audit_extraction,sliding_window_10,audit/nlp,real,unspecified,pending_tasks,0,14,0,0.0,1.0,0.0,271,333,1.23,0.003338000169605948,14
real_audit_extraction,sliding_window_10,audit/nlp,real,unspecified,decisions,2,14,1,0.0714,0.5,0.125,271,333,1.23,0.003338000169605948,14
real_audit_extraction,sliding_window_10,audit/nlp,real,unspecified,files,4,14,2,0.1429,0.5,0.2222,271,333,1.23,0.003338000169605948,14
real_audit_extraction,sliding_window_10,audit/nlp,real,unspecified,errors,3,14,3,0.2857,1.0,0.4444,271,333,1.23,0.003338000169605948,14
real_audit_extraction,naive_truncation,audit/nlp,real,unspecified,completed_tasks,3,14,3,0.2143,1.0,0.3529,271,333,1.23,0.00978800017037429,14
real_audit_extraction,naive_truncation,audit/nlp,real,unspecified,pending_tasks,0,14,0,0.0,1.0,0.0,271,333,1.23,0.00978800017037429,14
real_audit_extraction,naive_truncation,audit/nlp,real,unspecified,decisions,2,14,1,0.0714,0.5,0.125,271,333,1.23,0.00978800017037429,14
real_audit_extraction,naive_truncation,audit/nlp,real,unspecified,files,4,14,2,0.1429,0.5,0.2222,271,333,1.23,0.00978800017037429,14
real_audit_extraction,naive_truncation,audit/nlp,real,unspecified,errors,3,14,3,0.2857,1.0,0.4444,271,333,1.23,0.00978800017037429,14
real_audit_extraction,naive_summary,audit/nlp,real,unspecified,completed_tasks,3,10,2,0.2,0.6667,0.3077,188,333,1.77,0.02785400010907324,10
real_audit_extraction,naive_summary,audit/nlp,real,unspecified,pending_tasks,0,10,0,0.0,1.0,0.0,188,333,1.77,0.02785400010907324,10
real_audit_extraction,naive_summary,audit/nlp,real,unspecified,decisions,2,10,1,0.1,0.5,0.1667,188,333,1.77,0.02785400010907324,10
real_audit_extraction,naive_summary,audit/nlp,real,unspecified,files,4,10,3,0.2,0.75,0.3158,188,333,1.77,0.02785400010907324,10
real_audit_extraction,naive_summary,audit/nlp,real,unspecified,errors,3,10,1,0.2,0.3333,0.25,188,333,1.77,0.02785400010907324,10
real_audit_persistence,tokenmizer_v0.5.2,audit/python,real,unspecified,completed_tasks,3,3,3,1.0,1.0,1.0,125,322,2.58,229.52299899952777,9
real_audit_persistence,tokenmizer_v0.5.2,audit/python,real,unspecified,decisions,2,2,2,1.0,1.0,1.0,125,322,2.58,229.52299899952777,9
real_audit_persistence,tokenmizer_v0.5.2,audit/python,real,unspecified,files,3,3,3,1.0,1.0,1.0,125,322,2.58,229.52299899952777,9
real_audit_persistence,tokenmizer_v0.5.2,audit/python,real,unspecified,errors,1,1,1,1.0,1.0,1.0,125,322,2.58,229.52299899952777,9
real_audit_persistence,graphiti_style,audit/python,real,unspecified,completed_tasks,3,4,2,0.5,0.6667,0.5714,128,322,2.52,0.8245720000559231,12
real_audit_persistence,graphiti_style,audit/python,real,unspecified,pending_tasks,0,2,0,0.0,1.0,0.0,128,322,2.52,0.8245720000559231,12
real_audit_persistence,graphiti_style,audit/python,real,unspecified,decisions,2,2,2,1.0,1.0,1.0,128,322,2.52,0.8245720000559231,12
real_audit_persistence,graphiti_style,audit/python,real,unspecified,files,3,4,3,0.75,1.0,0.8571,128,322,2.52,0.8245720000559231,12
real_audit_persistence,graphiti_style,audit/python,real,unspecified,errors,1,0,0,1.0,0.0,0.0,128,322,2.52,0.8245720000559231,12
real_audit_persistence,graphrag_style,audit/python,real,unspecified,completed_tasks,3,1,1,1.0,0.3333,0.5,74,322,4.35,0.37036100002296735,7
real_audit_persistence,graphrag_style,audit/python,real,unspecified,decisions,2,2,2,1.0,1.0,1.0,74,322,4.35,0.37036100002296735,7
real_audit_persistence,graphrag_style,audit/python,real,unspecified,files,3,4,3,0.75,1.0,0.8571,74,322,4.35,0.37036100002296735,7
real_audit_persistence,graphrag_style,audit/python,real,unspecified,errors,1,0,0,1.0,0.0,0.0,74,322,4.35,0.37036100002296735,7
real_audit_persistence,mem0_style,audit/python,real,unspecified,completed_tasks,3,4,2,0.5,0.6667,0.5714,127,322,2.54,0.7609159993080539,12
real_audit_persistence,mem0_style,audit/python,real,unspecified,pending_tasks,0,2,0,0.0,1.0,0.0,127,322,2.54,0.7609159993080539,12
real_audit_persistence,mem0_style,audit/python,real,unspecified,decisions,2,2,2,1.0,1.0,1.0,127,322,2.54,0.7609159993080539,12
real_audit_persistence,mem0_style,audit/python,real,unspecified,files,3,4,3,0.75,1.0,0.8571,127,322,2.54,0.7609159993080539,12
real_audit_persistence,mem0_style,audit/python,real,unspecified,errors,1,0,0,1.0,0.0,0.0,127,322,2.54,0.7609159993080539,12
real_audit_persistence,memgpt_style,audit/python,real,unspecified,completed_tasks,3,3,2,0.6667,0.6667,0.6667,76,322,4.24,0.3236880002077669,7
real_audit_persistence,memgpt_style,audit/python,real,unspecified,pending_tasks,0,1,0,0.0,1.0,0.0,76,322,4.24,0.3236880002077669,7
real_audit_persistence,memgpt_style,audit/python,real,unspecified,decisions,2,0,0,1.0,0.0,0.0,76,322,4.24,0.3236880002077669,7
real_audit_persistence,memgpt_style,audit/python,real,unspecified,files,3,3,2,0.6667,0.6667,0.6667,76,322,4.24,0.3236880002077669,7
real_audit_persistence,memgpt_style,audit/python,real,unspecified,errors,1,0,0,1.0,0.0,0.0,76,322,4.24,0.3236880002077669,7
real_audit_persistence,sliding_window_10,audit/python,real,unspecified,completed_tasks,3,15,3,0.2,1.0,0.3333,270,322,1.19,0.0036860001273453236,15
real_audit_persistence,sliding_window_10,audit/python,real,unspecified,pending_tasks,0,15,0,0.0,1.0,0.0,270,322,1.19,0.0036860001273453236,15
real_audit_persistence,sliding_window_10,audit/python,real,unspecified,decisions,2,15,2,0.1333,1.0,0.2353,270,322,1.19,0.0036860001273453236,15
real_audit_persistence,sliding_window_10,audit/python,real,unspecified,files,3,15,2,0.1333,0.6667,0.2222,270,322,1.19,0.0036860001273453236,15
real_audit_persistence,sliding_window_10,audit/python,real,unspecified,errors,1,15,1,0.0667,1.0,0.125,270,322,1.19,0.0036860001273453236,15
real_audit_persistence,naive_truncation,audit/python,real,unspecified,completed_tasks,3,15,3,0.2,1.0,0.3333,270,322,1.19,0.008299000000988599,15
real_audit_persistence,naive_truncation,audit/python,real,unspecified,pending_tasks,0,15,0,0.0,1.0,0.0,270,322,1.19,0.008299000000988599,15
real_audit_persistence,naive_truncation,audit/python,real,unspecified,decisions,2,15,2,0.1333,1.0,0.2353,270,322,1.19,0.008299000000988599,15
real_audit_persistence,naive_truncation,audit/python,real,unspecified,files,3,15,2,0.1333,0.6667,0.2222,270,322,1.19,0.008299000000988599,15
real_audit_persistence,naive_truncation,audit/python,real,unspecified,errors,1,15,1,0.0667,1.0,0.125,270,322,1.19,0.008299000000988599,15
real_audit_persistence,naive_summary,audit/python,real,unspecified,completed_tasks,3,10,0,0.0,0.0,0.0,178,322,1.81,0.03166599981341278,10
real_audit_persistence,naive_summary,audit/python,real,unspecified,pending_tasks,0,10,0,0.0,1.0,0.0,178,322,1.81,0.03166599981341278,10
real_audit_persistence,naive_summary,audit/python,real,unspecified,decisions,2,10,2,0.2,1.0,0.3333,178,322,1.81,0.03166599981341278,10
real_audit_persistence,naive_summary,audit/python,real,unspecified,files,3,10,1,0.1,0.3333,0.1538,178,322,1.81,0.03166599981341278,10
real_audit_persistence,naive_summary,audit/python,real,unspecified,errors,1,10,1,0.1,1.0,0.1818,178,322,1.81,0.03166599981341278,10
real_audit_security,tokenmizer_v0.5.2,audit/security,real,unspecified,completed_tasks,3,3,3,1.0,1.0,1.0,103,240,2.33,218.95567199953803,9
real_audit_security,tokenmizer_v0.5.2,audit/security,real,unspecified,decisions,3,3,3,1.0,1.0,1.0,103,240,2.33,218.95567199953803,9
real_audit_security,tokenmizer_v0.5.2,audit/security,real,unspecified,files,2,2,2,1.0,1.0,1.0,103,240,2.33,218.95567199953803,9
real_audit_security,tokenmizer_v0.5.2,audit/security,real,unspecified,errors,1,1,1,1.0,1.0,1.0,103,240,2.33,218.95567199953803,9
real_audit_security,graphiti_style,audit/security,real,unspecified,completed_tasks,3,3,1,0.3333,0.3333,0.3333,82,240,2.93,0.6426270001611556,9
real_audit_security,graphiti_style,audit/security,real,unspecified,decisions,3,4,3,0.75,1.0,0.8571,82,240,2.93,0.6426270001611556,9
real_audit_security,graphiti_style,audit/security,real,unspecified,files,2,2,2,1.0,1.0,1.0,82,240,2.93,0.6426270001611556,9
real_audit_security,graphiti_style,audit/security,real,unspecified,errors,1,0,0,1.0,0.0,0.0,82,240,2.93,0.6426270001611556,9
real_audit_security,graphrag_style,audit/security,real,unspecified,completed_tasks,3,2,1,0.5,0.3333,0.4,77,240,3.12,0.3122950001852587,8
real_audit_security,graphrag_style,audit/security,real,unspecified,decisions,3,4,3,0.75,1.0,0.8571,77,240,3.12,0.3122950001852587,8
real_audit_security,graphrag_style,audit/security,real,unspecified,files,2,2,2,1.0,1.0,1.0,77,240,3.12,0.3122950001852587,8
real_audit_security,graphrag_style,audit/security,real,unspecified,errors,1,0,0,1.0,0.0,0.0,77,240,3.12,0.3122950001852587,8
real_audit_security,mem0_style,audit/security,real,unspecified,completed_tasks,3,3,1,0.3333,0.3333,0.3333,81,240,2.96,0.6542299997818191,9
real_audit_security,mem0_style,audit/security,real,unspecified,decisions,3,4,3,0.75,1.0,0.8571,81,240,2.96,0.6542299997818191,9
real_audit_security,mem0_style,audit/security,real,unspecified,files,2,2,2,1.0,1.0,1.0,81,240,2.96,0.6542299997818191,9
real_audit_security,mem0_style,audit/security,real,unspecified,errors,1,0,0,1.0,0.0,0.0,81,240,2.96,0.6542299997818191,9
real_audit_security,memgpt_style,audit/security,real,unspecified,completed_tasks,3,3,1,0.3333,0.3333,0.3333,68,240,3.53,0.38159799987624865,8
real_audit_security,memgpt_style,audit/security,real,unspecified,decisions,3,3,2,0.6667,0.6667,0.6667,68,240,3.53,0.38159799987624865,8
real_audit_security,memgpt_style,audit/security,real,unspecified,files,2,2,2,1.0,1.0,1.0,68,240,3.53,0.38159799987624865,8
real_audit_security,memgpt_style,audit/security,real,unspecified,errors,1,0,0,1.0,0.0,0.0,68,240,3.53,0.38159799987624865,8
real_audit_security,sliding_window_10,audit/security,real,unspecified,completed_tasks,3,14,3,0.2143,1.0,0.3529,246,240,0.98,0.0037130002965568565,14
real_audit_security,sliding_window_10,audit/security,real,unspecified,pending_tasks,0,14,0,0.0,1.0,0.0,246,240,0.98,0.0037130002965568565,14
real_audit_security,sliding_window_10,audit/security,real,unspecified,decisions,3,14,3,0.2143,1.0,0.3529,246,240,0.98,0.0037130002965568565,14
real_audit_security,sliding_window_10,audit/security,real,unspecified,files,2,14,2,0.1429,1.0,0.25,246,240,0.98,0.0037130002965568565,14
real_audit_security,sliding_window_10,audit/security,real,unspecified,errors,1,14,1,0.0714,1.0,0.1333,246,240,0.98,0.0037130002965568565,14
real_audit_security,naive_truncation,audit/security,real,unspecified,completed_tasks,3,14,3,0.2143,1.0,0.3529,246,240,0.98,0.008463999620289542,14
real_audit_security,naive_truncation,audit/security,real,unspecified,pending_tasks,0,14,0,0.0,1.0,0.0,246,240,0.98,0.008463999620289542,14
real_audit_security,naive_truncation,audit/security,real,unspecified,decisions,3,14,3,0.2143,1.0,0.3529,246,240,0.98,0.008463999620289542,14
real_audit_security,naive_truncation,audit/security,real,unspecified,files,2,14,2,0.1429,1.0,0.25,246,240,0.98,0.008463999620289542,14
real_audit_security,naive_truncation,audit/security,real,unspecified,errors,1,14,1,0.0714,1.0,0.1333,246,240,0.98,0.008463999620289542,14
real_audit_security,naive_summary,audit/security,real,unspecified,completed_tasks,3,11,1,0.0909,0.3333,0.1429,187,240,1.28,0.06510699950013077,11
real_audit_security,naive_summary,audit/security,real,unspecified,pending_tasks,0,11,0,0.0,1.0,0.0,187,240,1.28,0.06510699950013077,11
real_audit_security,naive_summary,audit/security,real,unspecified,decisions,3,11,3,0.2727,1.0,0.4286,187,240,1.28,0.06510699950013077,11
real_audit_security,naive_summary,audit/security,real,unspecified,files,2,11,1,0.0909,0.5,0.1538,187,240,1.28,0.06510699950013077,11
real_audit_security,naive_summary,audit/security,real,unspecified,errors,1,11,1,0.0909,1.0,0.1667,187,240,1.28,0.06510699950013077,11
real_audit_tokenizer,tokenmizer_v0.5.2,audit/infra,real,unspecified,completed_tasks,0,1,0,0.0,1.0,0.0,85,213,2.51,221.88407300018298,8
real_audit_tokenizer,tokenmizer_v0.5.2,audit/infra,real,unspecified,pending_tasks,1,0,0,1.0,0.0,0.0,85,213,2.51,221.88407300018298,8
real_audit_tokenizer,tokenmizer_v0.5.2,audit/infra,real,unspecified,decisions,2,2,2,1.0,1.0,1.0,85,213,2.51,221.88407300018298,8
real_audit_tokenizer,tokenmizer_v0.5.2,audit/infra,real,unspecified,files,2,2,2,1.0,1.0,1.0,85,213,2.51,221.88407300018298,8
real_audit_tokenizer,tokenmizer_v0.5.2,audit/infra,real,unspecified,errors,3,3,3,1.0,1.0,1.0,85,213,2.51,221.88407300018298,8
real_audit_tokenizer,graphiti_style,audit/infra,real,unspecified,completed_tasks,0,1,0,0.0,1.0,0.0,118,213,1.81,0.59419799981697,7
real_audit_tokenizer,graphiti_style,audit/infra,real,unspecified,pending_tasks,1,1,1,1.0,1.0,1.0,118,213,1.81,0.59419799981697,7
real_audit_tokenizer,graphiti_style,audit/infra,real,unspecified,decisions,2,3,2,0.6667,1.0,0.8,118,213,1.81,0.59419799981697,7
real_audit_tokenizer,graphiti_style,audit/infra,real,unspecified,files,2,1,1,1.0,0.5,0.6667,118,213,1.81,0.59419799981697,7
real_audit_tokenizer,graphiti_style,audit/infra,real,unspecified,errors,3,1,0,0.0,0.0,0.0,118,213,1.81,0.59419799981697,7
real_audit_tokenizer,graphrag_style,audit/infra,real,unspecified,pending_tasks,1,0,0,1.0,0.0,0.0,105,213,2.03,0.29712699961237377,8
real_audit_tokenizer,graphrag_style,audit/infra,real,unspecified,decisions,2,3,2,0.6667,1.0,0.8,105,213,2.03,0.29712699961237377,8
real_audit_tokenizer,graphrag_style,audit/infra,real,unspecified,files,2,1,1,1.0,0.5,0.6667,105,213,2.03,0.29712699961237377,8
real_audit_tokenizer,graphrag_style,audit/infra,real,unspecified,errors,3,4,1,0.25,0.3333,0.2857,105,213,2.03,0.29712699961237377,8
real_audit_tokenizer,mem0_style,audit/infra,real,unspecified,completed_tasks,0,1,0,0.0,1.0,0.0,117,213,1.82,0.551660999917658,7
real_audit_tokenizer,mem0_style,audit/infra,real,unspecified,pending_tasks,1,1,1,1.0,1.0,1.0,117,213,1.82,0.551660999917658,7
real_audit_tokenizer,mem0_style,audit/infra,real,unspecified,decisions,2,3,2,0.6667,1.0,0.8,117,213,1.82,0.551660999917658,7
real_audit_tokenizer,mem0_style,audit/infra,real,unspecified,files,2,1,1,1.0,0.5,0.6667,117,213,1.82,0.551660999917658,7
real_audit_tokenizer,mem0_style,audit/infra,real,unspecified,errors,3,1,0,0.0,0.0,0.0,117,213,1.82,0.551660999917658,7
real_audit_tokenizer,memgpt_style,audit/infra,real,unspecified,completed_tasks,0,1,0,0.0,1.0,0.0,97,213,2.2,0.421763000304054,6
real_audit_tokenizer,memgpt_style,audit/infra,real,unspecified,pending_tasks,1,1,1,1.0,1.0,1.0,97,213,2.2,0.421763000304054,6
real_audit_tokenizer,memgpt_style,audit/infra,real,unspecified,decisions,2,2,2,1.0,1.0,1.0,97,213,2.2,0.421763000304054,6
real_audit_tokenizer,memgpt_style,audit/infra,real,unspecified,files,2,1,1,1.0,0.5,0.6667,97,213,2.2,0.421763000304054,6
real_audit_tokenizer,memgpt_style,audit/infra,real,unspecified,errors,3,1,0,0.0,0.0,0.0,97,213,2.2,0.421763000304054,6
real_audit_tokenizer,sliding_window_10,audit/infra,real,unspecified,completed_tasks,0,13,0,0.0,1.0,0.0,218,213,0.98,0.004630000148608815,13
real_audit_tokenizer,sliding_window_10,audit/infra,real,unspecified,pending_tasks,1,13,1,0.0769,1.0,0.1429,218,213,0.98,0.004630000148608815,13
real_audit_tokenizer,sliding_window_10,audit/infra,real,unspecified,decisions,2,13,2,0.1538,1.0,0.2667,218,213,0.98,0.004630000148608815,13
real_audit_tokenizer,sliding_window_10,audit/infra,real,unspecified,files,2,13,2,0.1538,1.0,0.2667,218,213,0.98,0.004630000148608815,13
real_audit_tokenizer,sliding_window_10,audit/infra,real,unspecified,errors,3,13,3,0.2308,1.0,0.375,218,213,0.98,0.004630000148608815,13
real_audit_tokenizer,naive_truncation,audit/infra,real,unspecified,completed_tasks,0,13,0,0.0,1.0,0.0,218,213,0.98,0.00862400065670954,13
real_audit_tokenizer,naive_truncation,audit/infra,real,unspecified,pending_tasks,1,13,1,0.0769,1.0,0.1429,218,213,0.98,0.00862400065670954,13
real_audit_tokenizer,naive_truncation,audit/infra,real,unspecified,decisions,2,13,2,0.1538,1.0,0.2667,218,213,0.98,0.00862400065670954,13
real_audit_tokenizer,naive_truncation,audit/infra,real,unspecified,files,2,13,2,0.1538,1.0,0.2667,218,213,0.98,0.00862400065670954,13
real_audit_tokenizer,naive_truncation,audit/infra,real,unspecified,errors,3,13,3,0.2308,1.0,0.375,218,213,0.98,0.00862400065670954,13
real_audit_tokenizer,naive_summary,audit/infra,real,unspecified,completed_tasks,0,11,0,0.0,1.0,0.0,178,213,1.2,0.029525000172725413,11
real_audit_tokenizer,naive_summary,audit/infra,real,unspecified,pending_tasks,1,11,0,0.0,0.0,0.0,178,213,1.2,0.029525000172725413,11
real_audit_tokenizer,naive_summary,audit/infra,real,unspecified,decisions,2,11,1,0.0909,0.5,0.1538,178,213,1.2,0.029525000172725413,11
real_audit_tokenizer,naive_summary,audit/infra,real,unspecified,files,2,11,1,0.0909,0.5,0.1538,178,213,1.2,0.029525000172725413,11
real_audit_tokenizer,naive_summary,audit/infra,real,unspecified,errors,3,11,3,0.2727,1.0,0.4286,178,213,1.2,0.029525000172725413,11
rust_cli,tokenmizer_v0.5.2,systems/rust,synthetic,unspecified,completed_tasks,3,3,3,1.0,1.0,1.0,84,148,1.76,215.59771099964564,10
rust_cli,tokenmizer_v0.5.2,systems/rust,synthetic,unspecified,pending_tasks,1,1,1,1.0,1.0,1.0,84,148,1.76,215.59771099964564,10
rust_cli,tokenmizer_v0.5.2,systems/rust,synthetic,unspecified,decisions,3,2,3,1.0,1.0,1.0,84,148,1.76,215.59771099964564,10
rust_cli,tokenmizer_v0.5.2,systems/rust,synthetic,unspecified,files,3,3,3,1.0,1.0,1.0,84,148,1.76,215.59771099964564,10
rust_cli,tokenmizer_v0.5.2,systems/rust,synthetic,unspecified,errors,1,1,1,1.0,1.0,1.0,84,148,1.76,215.59771099964564,10
rust_cli,graphiti_style,systems/rust,synthetic,unspecified,completed_tasks,3,4,2,0.5,0.6667,0.5714,109,148,1.36,0.4314200004955637,12
rust_cli,graphiti_style,systems/rust,synthetic,unspecified,pending_tasks,1,1,1,1.0,1.0,1.0,109,148,1.36,0.4314200004955637,12
rust_cli,graphiti_style,systems/rust,synthetic,unspecified,decisions,3,2,3,1.0,1.0,1.0,109,148,1.36,0.4314200004955637,12
rust_cli,graphiti_style,systems/rust,synthetic,unspecified,files,3,3,3,1.0,1.0,1.0,109,148,1.36,0.4314200004955637,12
rust_cli,graphiti_style,systems/rust,synthetic,unspecified,errors,1,2,0,0.0,0.0,0.0,109,148,1.36,0.4314200004955637,12
rust_cli,graphrag_style,systems/rust,synthetic,unspecified,completed_tasks,3,1,0,0.0,0.0,0.0,68,148,2.18,0.21927499983576126,8
rust_cli,graphrag_style,systems/rust,synthetic,unspecified,pending_tasks,1,0,0,1.0,0.0,0.0,68,148,2.18,0.21927499983576126,8
rust_cli,graphrag_style,systems/rust,synthetic,unspecified,decisions,3,2,3,1.0,1.0,1.0,68,148,2.18,0.21927499983576126,8
rust_cli,graphrag_style,systems/rust,synthetic,unspecified,files,3,3,3,1.0,1.0,1.0,68,148,2.18,0.21927499983576126,8
rust_cli,graphrag_style,systems/rust,synthetic,unspecified,errors,1,2,0,0.0,0.0,0.0,68,148,2.18,0.21927499983576126,8
rust_cli,mem0_style,systems/rust,synthetic,unspecified,completed_tasks,3,4,2,0.5,0.6667,0.5714,108,148,1.37,0.41522400078974897,12
rust_cli,mem0_style,systems/rust,synthetic,unspecified,pending_tasks,1,1,1,1.0,1.0,1.0,108,148,1.37,0.41522400078974897,12
rust_cli,mem0_style,systems/rust,synthetic,unspecified,decisions,3,2,3,1.0,1.0,1.0,108,148,1.37,0.41522400078974897,12
rust_cli,mem0_style,systems/rust,synthetic,unspecified,files,3,3,3,1.0,1.0,1.0,108,148,1.37,0.41522400078974897,12
rust_cli,mem0_style,systems/rust,synthetic,unspecified,errors,1,2,0,0.0,0.0,0.0,108,148,1.37,0.41522400078974897,12
rust_cli,memgpt_style,systems/rust,synthetic,unspecified,completed_tasks,3,3,2,0.6667,0.6667,0.6667,80,148,1.85,0.26290900041203713,7
rust_cli,memgpt_style,systems/rust,synthetic,unspecified,pending_tasks,1,1,1,1.0,1.0,1.0,80,148,1.85,0.26290900041203713,7
rust_cli,memgpt_style,systems/rust,synthetic,unspecified,decisions,3,1,1,1.0,0.3333,0.5,80,148,1.85,0.26290900041203713,7
rust_cli,memgpt_style,systems/rust,synthetic,unspecified,files,3,1,1,1.0,0.3333,0.5,80,148,1.85,0.26290900041203713,7
rust_cli,memgpt_style,systems/rust,synthetic,unspecified,errors,1,1,0,0.0,0.0,0.0,80,148,1.85,0.26290900041203713,7
rust_cli,sliding_window_10,systems/rust,synthetic,unspecified,completed_tasks,3,9,3,0.4444,1.0,0.6154,151,148,0.98,0.002815999323502183,9
rust_cli,sliding_window_10,systems/rust,synthetic,unspecified,pending_tasks,1,9,1,0.1111,1.0,0.2,151,148,0.98,0.002815999323502183,9
rust_cli,sliding_window_10,systems/rust,synthetic,unspecified,decisions,3,9,3,0.2222,1.0,0.3636,151,148,0.98,0.002815999323502183,9
rust_cli,sliding_window_10,systems/rust,synthetic,unspecified,files,3,9,3,0.3333,1.0,0.5,151,148,0.98,0.002815999323502183,9
rust_cli,sliding_window_10,systems/rust,synthetic,unspecified,errors,1,9,1,0.1111,1.0,0.2,151,148,0.98,0.002815999323502183,9
rust_cli,naive_truncation,systems/rust,synthetic,unspecified,completed_tasks,3,9,3,0.4444,1.0,0.6154,151,148,0.98,0.008475999493384734,9
rust_cli,naive_truncation,systems/rust,synthetic,unspecified,pending_tasks,1,9,1,0.1111,1.0,0.2,151,148,0.98,0.008475999493384734,9
rust_cli,naive_truncation,systems/rust,synthetic,unspecified,decisions,3,9,3,0.2222,1.0,0.3636,151,148,0.98,0.008475999493384734,9
rust_cli,naive_truncation,systems/rust,synthetic,unspecified,files,3,9,3,0.3333,1.0,0.5,151,148,0.98,0.008475999493384734,9
rust_cli,naive_truncation,systems/rust,synthetic,unspecified,errors,1,9,1,0.1111,1.0,0.2,151,148,0.98,0.008475999493384734,9
rust_cli,naive_summary,systems/rust,synthetic,unspecified,completed_tasks,3,9,3,0.4444,1.0,0.6154,151,148,0.98,0.02459600000292994,9
rust_cli,naive_summary,systems/rust,synthetic,unspecified,pending_tasks,1,9,1,0.1111,1.0,0.2,151,148,0.98,0.02459600000292994,9
rust_cli,naive_summary,systems/rust,synthetic,unspecified,decisions,3,9,3,0.2222,1.0,0.3636,151,148,0.98,0.02459600000292994,9
rust_cli,naive_summary,systems/rust,synthetic,unspecified,files,3,9,3,0.3333,1.0,0.5,151,148,0.98,0.02459600000292994,9
rust_cli,naive_summary,systems/rust,synthetic,unspecified,errors,1,9,1,0.1111,1.0,0.2,151,148,0.98,0.02459600000292994,9
