session_id,method,domain,origin,register,category,expected,extracted,true_positives,precision,recall,f1,resume_tokens,total_tokens,compression_ratio,extract_ms,node_count
data_migration,tokenmizer_v0.5.2,data/sql,synthetic,unspecified,completed_tasks,2,2,2,1.0,1.0,1.0,137,178,1.3,281.14977499990346,13
data_migration,tokenmizer_v0.5.2,data/sql,synthetic,unspecified,pending_tasks,1,1,1,1.0,1.0,1.0,137,178,1.3,281.14977499990346,13
data_migration,tokenmizer_v0.5.2,data/sql,synthetic,unspecified,decisions,4,4,4,1.0,1.0,1.0,137,178,1.3,281.14977499990346,13
data_migration,tokenmizer_v0.5.2,data/sql,synthetic,unspecified,files,4,4,4,1.0,1.0,1.0,137,178,1.3,281.14977499990346,13
data_migration,tokenmizer_v0.5.2,data/sql,synthetic,unspecified,errors,1,2,1,0.5,1.0,0.6667,137,178,1.3,281.14977499990346,13
data_migration,graphiti_style,data/sql,synthetic,unspecified,completed_tasks,2,5,2,0.4,1.0,0.5714,137,178,1.3,1.1750529997698322,17
data_migration,graphiti_style,data/sql,synthetic,unspecified,pending_tasks,1,3,1,0.3333,1.0,0.5,137,178,1.3,1.1750529997698322,17
data_migration,graphiti_style,data/sql,synthetic,unspecified,decisions,4,5,4,1.0,1.0,1.0,137,178,1.3,1.1750529997698322,17
data_migration,graphiti_style,data/sql,synthetic,unspecified,files,4,4,4,1.0,1.0,1.0,137,178,1.3,1.1750529997698322,17
data_migration,graphiti_style,data/sql,synthetic,unspecified,errors,1,0,0,1.0,0.0,0.0,137,178,1.3,1.1750529997698322,17
data_migration,graphrag_style,data/sql,synthetic,unspecified,completed_tasks,2,1,1,1.0,0.5,0.6667,73,178,2.44,0.6323630000224512,10
data_migration,graphrag_style,data/sql,synthetic,unspecified,pending_tasks,1,0,0,1.0,0.0,0.0,73,178,2.44,0.6323630000224512,10
data_migration,graphrag_style,data/sql,synthetic,unspecified,decisions,4,5,4,1.0,1.0,1.0,73,178,2.44,0.6323630000224512,10
data_migration,graphrag_style,data/sql,synthetic,unspecified,files,4,4,4,1.0,1.0,1.0,73,178,2.44,0.6323630000224512,10
data_migration,graphrag_style,data/sql,synthetic,unspecified,errors,1,0,0,1.0,0.0,0.0,73,178,2.44,0.6323630000224512,10
data_migration,mem0_style,data/sql,synthetic,unspecified,completed_tasks,2,4,2,0.5,1.0,0.6667,129,178,1.38,0.6175160001475888,15
data_migration,mem0_style,data/sql,synthetic,unspecified,pending_tasks,1,3,1,0.3333,1.0,0.5,129,178,1.38,0.6175160001475888,15
data_migration,mem0_style,data/sql,synthetic,unspecified,decisions,4,4,4,1.0,1.0,1.0,129,178,1.38,0.6175160001475888,15
data_migration,mem0_style,data/sql,synthetic,unspecified,files,4,4,4,1.0,1.0,1.0,129,178,1.38,0.6175160001475888,15
data_migration,mem0_style,data/sql,synthetic,unspecified,errors,1,0,0,1.0,0.0,0.0,129,178,1.38,0.6175160001475888,15
data_migration,memgpt_style,data/sql,synthetic,unspecified,completed_tasks,2,3,2,0.6667,1.0,0.8,79,178,2.25,0.27608800019152113,10
data_migration,memgpt_style,data/sql,synthetic,unspecified,pending_tasks,1,2,1,0.5,1.0,0.6667,79,178,2.25,0.27608800019152113,10
data_migration,memgpt_style,data/sql,synthetic,unspecified,decisions,4,2,1,1.0,0.25,0.4,79,178,2.25,0.27608800019152113,10
data_migration,memgpt_style,data/sql,synthetic,unspecified,files,4,3,3,1.0,0.75,0.8571,79,178,2.25,0.27608800019152113,10
data_migration,memgpt_style,data/sql,synthetic,unspecified,errors,1,0,0,1.0,0.0,0.0,79,178,2.25,0.27608800019152113,10
data_migration,sliding_window_10,data/sql,synthetic,unspecified,completed_tasks,2,14,2,0.1429,1.0,0.25,183,178,0.97,0.0042340002437413204,14
data_migration,sliding_window_10,data/sql,synthetic,unspecified,pending_tasks,1,14,1,0.0714,1.0,0.1333,183,178,0.97,0.0042340002437413204,14
data_migration,sliding_window_10,data/sql,synthetic,unspecified,decisions,4,14,4,0.3571,1.0,0.5263,183,178,0.97,0.0042340002437413204,14
data_migration,sliding_window_10,data/sql,synthetic,unspecified,files,4,14,4,0.3571,1.0,0.5263,183,178,0.97,0.0042340002437413204,14
data_migration,sliding_window_10,data/sql,synthetic,unspecified,errors,1,14,1,0.0714,1.0,0.1333,183,178,0.97,0.0042340002437413204,14
data_migration,naive_truncation,data/sql,synthetic,unspecified,completed_tasks,2,14,2,0.1429,1.0,0.25,183,178,0.97,0.01918499992825673,14
data_migration,naive_truncation,data/sql,synthetic,unspecified,pending_tasks,1,14,1,0.0714,1.0,0.1333,183,178,0.97,0.01918499992825673,14
data_migration,naive_truncation,data/sql,synthetic,unspecified,decisions,4,14,4,0.3571,1.0,0.5263,183,178,0.97,0.01918499992825673,14
data_migration,naive_truncation,data/sql,synthetic,unspecified,files,4,14,4,0.3571,1.0,0.5263,183,178,0.97,0.01918499992825673,14
data_migration,naive_truncation,data/sql,synthetic,unspecified,errors,1,14,1,0.0714,1.0,0.1333,183,178,0.97,0.01918499992825673,14
data_migration,naive_summary,data/sql,synthetic,unspecified,completed_tasks,2,14,2,0.1429,1.0,0.25,183,178,0.97,0.03401000003577792,14
data_migration,naive_summary,data/sql,synthetic,unspecified,pending_tasks,1,14,1,0.0714,1.0,0.1333,183,178,0.97,0.03401000003577792,14
data_migration,naive_summary,data/sql,synthetic,unspecified,decisions,4,14,4,0.3571,1.0,0.5263,183,178,0.97,0.03401000003577792,14
data_migration,naive_summary,data/sql,synthetic,unspecified,files,4,14,4,0.3571,1.0,0.5263,183,178,0.97,0.03401000003577792,14
data_migration,naive_summary,data/sql,synthetic,unspecified,errors,1,14,1,0.0714,1.0,0.1333,183,178,0.97,0.03401000003577792,14
fastapi_auth,tokenmizer_v0.5.2,backend/python,synthetic,unspecified,completed_tasks,7,7,7,1.0,1.0,1.0,184,347,1.89,327.2796719998041,22
fastapi_auth,tokenmizer_v0.5.2,backend/python,synthetic,unspecified,pending_tasks,3,3,3,1.0,1.0,1.0,184,347,1.89,327.2796719998041,22
fastapi_auth,tokenmizer_v0.5.2,backend/python,synthetic,unspecified,decisions,5,5,5,1.0,1.0,1.0,184,347,1.89,327.2796719998041,22
fastapi_auth,tokenmizer_v0.5.2,backend/python,synthetic,unspecified,files,6,6,6,1.0,1.0,1.0,184,347,1.89,327.2796719998041,22
fastapi_auth,tokenmizer_v0.5.2,backend/python,synthetic,unspecified,errors,2,1,2,1.0,1.0,1.0,184,347,1.89,327.2796719998041,22
fastapi_auth,graphiti_style,backend/python,synthetic,unspecified,completed_tasks,7,7,6,0.5714,0.8571,0.6857,177,347,1.96,1.6557889998694009,23
fastapi_auth,graphiti_style,backend/python,synthetic,unspecified,pending_tasks,3,4,2,0.5,0.6667,0.5714,177,347,1.96,1.6557889998694009,23
fastapi_auth,graphiti_style,backend/python,synthetic,unspecified,decisions,5,5,2,0.4,0.4,0.4,177,347,1.96,1.6557889998694009,23
fastapi_auth,graphiti_style,backend/python,synthetic,unspecified,files,6,6,6,1.0,1.0,1.0,177,347,1.96,1.6557889998694009,23
fastapi_auth,graphiti_style,backend/python,synthetic,unspecified,errors,2,1,1,1.0,0.5,0.6667,177,347,1.96,1.6557889998694009,23
fastapi_auth,graphrag_style,backend/python,synthetic,unspecified,completed_tasks,7,2,2,1.0,0.2857,0.4444,109,347,3.18,0.9406950002812664,15
fastapi_auth,graphrag_style,backend/python,synthetic,unspecified,pending_tasks,3,0,0,1.0,0.0,0.0,109,347,3.18,0.9406950002812664,15
fastapi_auth,graphrag_style,backend/python,synthetic,unspecified,decisions,5,6,3,0.6667,0.6,0.6316,109,347,3.18,0.9406950002812664,15
fastapi_auth,graphrag_style,backend/python,synthetic,unspecified,files,6,6,6,1.0,1.0,1.0,109,347,3.18,0.9406950002812664,15
fastapi_auth,graphrag_style,backend/python,synthetic,unspecified,errors,2,1,1,1.0,0.5,0.6667,109,347,3.18,0.9406950002812664,15
fastapi_auth,mem0_style,backend/python,synthetic,unspecified,completed_tasks,7,6,5,0.5,0.7143,0.5882,154,347,2.25,1.1938339998778247,21
fastapi_auth,mem0_style,backend/python,synthetic,unspecified,pending_tasks,3,4,2,0.5,0.6667,0.5714,154,347,2.25,1.1938339998778247,21
fastapi_auth,mem0_style,backend/python,synthetic,unspecified,decisions,5,4,1,0.25,0.2,0.2222,154,347,2.25,1.1938339998778247,21
fastapi_auth,mem0_style,backend/python,synthetic,unspecified,files,6,6,6,1.0,1.0,1.0,154,347,2.25,1.1938339998778247,21
fastapi_auth,mem0_style,backend/python,synthetic,unspecified,errors,2,1,1,1.0,0.5,0.6667,154,347,2.25,1.1938339998778247,21
fastapi_auth,memgpt_style,backend/python,synthetic,unspecified,completed_tasks,7,1,0,0.0,0.0,0.0,82,347,4.23,0.5697850001524785,12
fastapi_auth,memgpt_style,backend/python,synthetic,unspecified,pending_tasks,3,4,2,0.5,0.6667,0.5714,82,347,4.23,0.5697850001524785,12
fastapi_auth,memgpt_style,backend/python,synthetic,unspecified,decisions,5,3,1,0.3333,0.2,0.25,82,347,4.23,0.5697850001524785,12
fastapi_auth,memgpt_style,backend/python,synthetic,unspecified,files,6,4,4,1.0,0.6667,0.8,82,347,4.23,0.5697850001524785,12
fastapi_auth,memgpt_style,backend/python,synthetic,unspecified,errors,2,0,0,1.0,0.0,0.0,82,347,4.23,0.5697850001524785,12
fastapi_auth,sliding_window_10,backend/python,synthetic,unspecified,completed_tasks,7,13,2,0.1538,0.2857,0.2,204,347,1.7,0.004594000074575888,13
fastapi_auth,sliding_window_10,backend/python,synthetic,unspecified,pending_tasks,3,13,3,0.3077,1.0,0.4706,204,347,1.7,0.004594000074575888,13
fastapi_auth,sliding_window_10,backend/python,synthetic,unspecified,decisions,5,13,1,0.0769,0.2,0.1111,204,347,1.7,0.004594000074575888,13
fastapi_auth,sliding_window_10,backend/python,synthetic,unspecified,files,6,13,5,0.3846,0.8333,0.5263,204,347,1.7,0.004594000074575888,13
fastapi_auth,sliding_window_10,backend/python,synthetic,unspecified,errors,2,13,2,0.0769,1.0,0.1429,204,347,1.7,0.004594000074575888,13
fastapi_auth,naive_truncation,backend/python,synthetic,unspecified,completed_tasks,7,17,7,0.2353,1.0,0.381,306,347,1.13,0.01808099978006794,17
fastapi_auth,naive_truncation,backend/python,synthetic,unspecified,pending_tasks,3,17,3,0.2353,1.0,0.381,306,347,1.13,0.01808099978006794,17
fastapi_auth,naive_truncation,backend/python,synthetic,unspecified,decisions,5,17,4,0.2353,0.8,0.3636,306,347,1.13,0.01808099978006794,17
fastapi_auth,naive_truncation,backend/python,synthetic,unspecified,files,6,17,5,0.4118,0.8333,0.5512,306,347,1.13,0.01808099978006794,17
fastapi_auth,naive_truncation,backend/python,synthetic,unspecified,errors,2,17,2,0.0588,1.0,0.1111,306,347,1.13,0.01808099978006794,17
fastapi_auth,naive_summary,backend/python,synthetic,unspecified,completed_tasks,7,11,6,0.3636,0.8571,0.5106,234,347,1.48,0.05034299965700484,11
fastapi_auth,naive_summary,backend/python,synthetic,unspecified,pending_tasks,3,11,2,0.2727,0.6667,0.3871,234,347,1.48,0.05034299965700484,11
fastapi_auth,naive_summary,backend/python,synthetic,unspecified,decisions,5,11,5,0.4545,1.0,0.625,234,347,1.48,0.05034299965700484,11
fastapi_auth,naive_summary,backend/python,synthetic,unspecified,files,6,11,5,0.4545,0.8333,0.5882,234,347,1.48,0.05034299965700484,11
fastapi_auth,naive_summary,backend/python,synthetic,unspecified,errors,2,11,2,0.0909,1.0,0.1667,234,347,1.48,0.05034299965700484,11
flaky_ci,tokenmizer_v0.5.2,devops/ci,synthetic,unspecified,completed_tasks,3,3,3,1.0,1.0,1.0,98,169,1.72,300.9528779998618,11
flaky_ci,tokenmizer_v0.5.2,devops/ci,synthetic,unspecified,pending_tasks,1,1,1,1.0,1.0,1.0,98,169,1.72,300.9528779998618,11
flaky_ci,tokenmizer_v0.5.2,devops/ci,synthetic,unspecified,files,2,2,2,1.0,1.0,1.0,98,169,1.72,300.9528779998618,11
flaky_ci,tokenmizer_v0.5.2,devops/ci,synthetic,unspecified,errors,4,5,4,1.0,1.0,1.0,98,169,1.72,300.9528779998618,11
flaky_ci,graphiti_style,devops/ci,synthetic,unspecified,completed_tasks,3,4,3,0.75,1.0,0.8571,81,169,2.09,0.5551119998017384,7
flaky_ci,graphiti_style,devops/ci,synthetic,unspecified,pending_tasks,1,1,1,1.0,1.0,1.0,81,169,2.09,0.5551119998017384,7
flaky_ci,graphiti_style,devops/ci,synthetic,unspecified,files,2,2,2,1.0,1.0,1.0,81,169,2.09,0.5551119998017384,7
flaky_ci,graphiti_style,devops/ci,synthetic,unspecified,errors,4,0,0,1.0,0.0,0.0,81,169,2.09,0.5551119998017384,7
flaky_ci,graphrag_style,devops/ci,synthetic,unspecified,completed_tasks,3,0,0,1.0,0.0,0.0,39,169,4.33,0.3436669999246078,3
flaky_ci,graphrag_style,devops/ci,synthetic,unspecified,pending_tasks,1,0,0,1.0,0.0,0.0,39,169,4.33,0.3436669999246078,3
flaky_ci,graphrag_style,devops/ci,synthetic,unspecified,files,2,2,2,1.0,1.0,1.0,39,169,4.33,0.3436669999246078,3
flaky_ci,graphrag_style,devops/ci,synthetic,unspecified,errors,4,1,2,1.0,0.5,0.6667,39,169,4.33,0.3436669999246078,3
flaky_ci,mem0_style,devops/ci,synthetic,unspecified,completed_tasks,3,3,3,1.0,1.0,1.0,76,169,2.22,0.518817999818566,6
flaky_ci,mem0_style,devops/ci,synthetic,unspecified,pending_tasks,1,1,1,1.0,1.0,1.0,76,169,2.22,0.518817999818566,6
flaky_ci,mem0_style,devops/ci,synthetic,unspecified,files,2,2,2,1.0,1.0,1.0,76,169,2.22,0.518817999818566,6
flaky_ci,mem0_style,devops/ci,synthetic,unspecified,errors,4,0,0,1.0,0.0,0.0,76,169,2.22,0.518817999818566,6
flaky_ci,memgpt_style,devops/ci,synthetic,unspecified,completed_tasks,3,4,3,0.75,1.0,0.8571,81,169,2.09,0.3477699997347372,7
flaky_ci,memgpt_style,devops/ci,synthetic,unspecified,pending_tasks,1,1,1,1.0,1.0,1.0,81,169,2.09,0.3477699997347372,7
flaky_ci,memgpt_style,devops/ci,synthetic,unspecified,files,2,2,2,1.0,1.0,1.0,81,169,2.09,0.3477699997347372,7
flaky_ci,memgpt_style,devops/ci,synthetic,unspecified,errors,4,0,0,1.0,0.0,0.0,81,169,2.09,0.3477699997347372,7
flaky_ci,sliding_window_10,devops/ci,synthetic,unspecified,completed_tasks,3,11,3,0.3636,1.0,0.5333,172,169,0.98,0.004212000021652784,11
flaky_ci,sliding_window_10,devops/ci,synthetic,unspecified,pending_tasks,1,11,1,0.0909,1.0,0.1667,172,169,0.98,0.004212000021652784,11
flaky_ci,sliding_window_10,devops/ci,synthetic,unspecified,decisions,0,11,0,0.0,1.0,0.0,172,169,0.98,0.004212000021652784,11
flaky_ci,sliding_window_10,devops/ci,synthetic,unspecified,files,2,11,2,0.3636,1.0,0.5333,172,169,0.98,0.004212000021652784,11
flaky_ci,sliding_window_10,devops/ci,synthetic,unspecified,errors,4,11,4,0.4545,1.0,0.625,172,169,0.98,0.004212000021652784,11
flaky_ci,naive_truncation,devops/ci,synthetic,unspecified,completed_tasks,3,11,3,0.3636,1.0,0.5333,172,169,0.98,0.008385999990423443,11
flaky_ci,naive_truncation,devops/ci,synthetic,unspecified,pending_tasks,1,11,1,0.0909,1.0,0.1667,172,169,0.98,0.008385999990423443,11
flaky_ci,naive_truncation,devops/ci,synthetic,unspecified,decisions,0,11,0,0.0,1.0,0.0,172,169,0.98,0.008385999990423443,11
flaky_ci,naive_truncation,devops/ci,synthetic,unspecified,files,2,11,2,0.3636,1.0,0.5333,172,169,0.98,0.008385999990423443,11
flaky_ci,naive_truncation,devops/ci,synthetic,unspecified,errors,4,11,4,0.4545,1.0,0.625,172,169,0.98,0.008385999990423443,11
flaky_ci,naive_summary,devops/ci,synthetic,unspecified,completed_tasks,3,11,3,0.3636,1.0,0.5333,172,169,0.98,0.02481199999238015,11
flaky_ci,naive_summary,devops/ci,synthetic,unspecified,pending_tasks,1,11,1,0.0909,1.0,0.1667,172,169,0.98,0.02481199999238015,11
flaky_ci,naive_summary,devops/ci,synthetic,unspecified,decisions,0,11,0,0.0,1.0,0.0,172,169,0.98,0.02481199999238015,11
flaky_ci,naive_summary,devops/ci,synthetic,unspecified,files,2,11,2,0.3636,1.0,0.5333,172,169,0.98,0.02481199999238015,11
flaky_ci,naive_summary,devops/ci,synthetic,unspecified,errors,4,11,4,0.4545,1.0,0.625,172,169,0.98,0.02481199999238015,11
frontend_perf,tokenmizer_v0.5.2,frontend/react,synthetic,unspecified,completed_tasks,1,1,1,1.0,1.0,1.0,74,150,2.03,284.93549700033327,9
frontend_perf,tokenmizer_v0.5.2,frontend/react,synthetic,unspecified,pending_tasks,1,1,1,1.0,1.0,1.0,74,150,2.03,284.93549700033327,9
frontend_perf,tokenmizer_v0.5.2,frontend/react,synthetic,unspecified,decisions,2,2,2,1.0,1.0,1.0,74,150,2.03,284.93549700033327,9
frontend_perf,tokenmizer_v0.5.2,frontend/react,synthetic,unspecified,files,5,5,5,1.0,1.0,1.0,74,150,2.03,284.93549700033327,9
frontend_perf,graphiti_style,frontend/react,synthetic,unspecified,completed_tasks,1,3,1,0.3333,1.0,0.5,74,150,2.03,0.5157089999556774,11
frontend_perf,graphiti_style,frontend/react,synthetic,unspecified,pending_tasks,1,1,1,1.0,1.0,1.0,74,150,2.03,0.5157089999556774,11
frontend_perf,graphiti_style,frontend/react,synthetic,unspecified,decisions,2,2,2,1.0,1.0,1.0,74,150,2.03,0.5157089999556774,11
frontend_perf,graphiti_style,frontend/react,synthetic,unspecified,files,5,5,1,0.2,0.2,0.2,74,150,2.03,0.5157089999556774,11
frontend_perf,graphrag_style,frontend/react,synthetic,unspecified,completed_tasks,1,1,1,1.0,1.0,1.0,74,150,2.03,0.3276939996794681,8
frontend_perf,graphrag_style,frontend/react,synthetic,unspecified,pending_tasks,1,0,0,1.0,0.0,0.0,74,150,2.03,0.3276939996794681,8
frontend_perf,graphrag_style,frontend/react,synthetic,unspecified,decisions,2,2,2,1.0,1.0,1.0,74,150,2.03,0.3276939996794681,8
frontend_perf,graphrag_style,frontend/react,synthetic,unspecified,files,5,5,1,0.2,0.2,0.2,74,150,2.03,0.3276939996794681,8
frontend_perf,mem0_style,frontend/react,synthetic,unspecified,completed_tasks,1,3,1,0.3333,1.0,0.5,73,150,2.05,0.6180700002005324,11
frontend_perf,mem0_style,frontend/react,synthetic,unspecified,pending_tasks,1,1,1,1.0,1.0,1.0,73,150,2.05,0.6180700002005324,11
frontend_perf,mem0_style,frontend/react,synthetic,unspecified,decisions,2,2,2,1.0,1.0,1.0,73,150,2.05,0.6180700002005324,11
frontend_perf,mem0_style,frontend/react,synthetic,unspecified,files,5,5,1,0.2,0.2,0.2,73,150,2.05,0.6180700002005324,11
frontend_perf,memgpt_style,frontend/react,synthetic,unspecified,completed_tasks,1,2,1,0.5,1.0,0.6667,58,150,2.59,0.3416600002310588,7
frontend_perf,memgpt_style,frontend/react,synthetic,unspecified,pending_tasks,1,1,1,1.0,1.0,1.0,58,150,2.59,0.3416600002310588,7
frontend_perf,memgpt_style,frontend/react,synthetic,unspecified,decisions,2,1,1,1.0,0.5,0.6667,58,150,2.59,0.3416600002310588,7
frontend_perf,memgpt_style,frontend/react,synthetic,unspecified,files,5,3,1,0.3333,0.2,0.25,58,150,2.59,0.3416600002310588,7
frontend_perf,sliding_window_10,frontend/react,synthetic,unspecified,completed_tasks,1,12,1,0.1667,1.0,0.2857,154,150,0.97,0.0071320000643027015,12
frontend_perf,sliding_window_10,frontend/react,synthetic,unspecified,pending_tasks,1,12,1,0.0833,1.0,0.1538,154,150,0.97,0.0071320000643027015,12
frontend_perf,sliding_window_10,frontend/react,synthetic,unspecified,decisions,2,12,2,0.25,1.0,0.4,154,150,0.97,0.0071320000643027015,12
frontend_perf,sliding_window_10,frontend/react,synthetic,unspecified,files,5,12,5,0.25,1.0,0.4,154,150,0.97,0.0071320000643027015,12
frontend_perf,sliding_window_10,frontend/react,synthetic,unspecified,errors,0,12,0,0.0,1.0,0.0,154,150,0.97,0.0071320000643027015,12
frontend_perf,naive_truncation,frontend/react,synthetic,unspecified,completed_tasks,1,12,1,0.1667,1.0,0.2857,154,150,0.97,0.011633999747573398,12
frontend_perf,naive_truncation,frontend/react,synthetic,unspecified,pending_tasks,1,12,1,0.0833,1.0,0.1538,154,150,0.97,0.011633999747573398,12
frontend_perf,naive_truncation,frontend/react,synthetic,unspecified,decisions,2,12,2,0.25,1.0,0.4,154,150,0.97,0.011633999747573398,12
frontend_perf,naive_truncation,frontend/react,synthetic,unspecified,files,5,12,5,0.25,1.0,0.4,154,150,0.97,0.011633999747573398,12
frontend_perf,naive_truncation,frontend/react,synthetic,unspecified,errors,0,12,0,0.0,1.0,0.0,154,150,0.97,0.011633999747573398,12
frontend_perf,naive_summary,frontend/react,synthetic,unspecified,completed_tasks,1,12,1,0.1667,1.0,0.2857,154,150,0.97,0.025083999844355276,12
frontend_perf,naive_summary,frontend/react,synthetic,unspecified,pending_tasks,1,12,1,0.0833,1.0,0.1538,154,150,0.97,0.025083999844355276,12
frontend_perf,naive_summary,frontend/react,synthetic,unspecified,decisions,2,12,2,0.25,1.0,0.4,154,150,0.97,0.025083999844355276,12
frontend_perf,naive_summary,frontend/react,synthetic,unspecified,files,5,12,5,0.25,1.0,0.4,154,150,0.97,0.025083999844355276,12
frontend_perf,naive_summary,frontend/react,synthetic,unspecified,errors,0,12,0,0.0,1.0,0.0,154,150,0.97,0.025083999844355276,12
gen_backend_go_001,tokenmizer_v0.5.2,backend/go,synthetic,semi,completed_tasks,7,7,7,1.0,1.0,1.0,212,397,1.87,301.05547400034993,21
gen_backend_go_001,tokenmizer_v0.5.2,backend/go,synthetic,semi,pending_tasks,3,3,3,1.0,1.0,1.0,212,397,1.87,301.05547400034993,21
gen_backend_go_001,tokenmizer_v0.5.2,backend/go,synthetic,semi,decisions,4,4,4,1.0,1.0,1.0,212,397,1.87,301.05547400034993,21
gen_backend_go_001,tokenmizer_v0.5.2,backend/go,synthetic,semi,files,4,4,4,1.0,1.0,1.0,212,397,1.87,301.05547400034993,21
gen_backend_go_001,tokenmizer_v0.5.2,backend/go,synthetic,semi,errors,3,3,3,1.0,1.0,1.0,212,397,1.87,301.05547400034993,21
gen_backend_go_001,graphiti_style,backend/go,synthetic,semi,completed_tasks,7,5,5,1.0,0.7143,0.8333,174,397,2.28,1.4045809998606273,19
gen_backend_go_001,graphiti_style,backend/go,synthetic,semi,pending_tasks,3,3,0,0.0,0.0,0.0,174,397,2.28,1.4045809998606273,19
gen_backend_go_001,graphiti_style,backend/go,synthetic,semi,decisions,4,5,4,0.8,1.0,0.8889,174,397,2.28,1.4045809998606273,19
gen_backend_go_001,graphiti_style,backend/go,synthetic,semi,files,4,3,3,1.0,0.75,0.8571,174,397,2.28,1.4045809998606273,19
gen_backend_go_001,graphiti_style,backend/go,synthetic,semi,errors,3,3,3,1.0,1.0,1.0,174,397,2.28,1.4045809998606273,19
gen_backend_go_001,graphrag_style,backend/go,synthetic,semi,completed_tasks,7,0,0,1.0,0.0,0.0,74,397,5.36,0.7730909997007984,10
gen_backend_go_001,graphrag_style,backend/go,synthetic,semi,pending_tasks,3,2,0,0.0,0.0,0.0,74,397,5.36,0.7730909997007984,10
gen_backend_go_001,graphrag_style,backend/go,synthetic,semi,decisions,4,5,4,0.8,1.0,0.8889,74,397,5.36,0.7730909997007984,10
gen_backend_go_001,graphrag_style,backend/go,synthetic,semi,files,4,3,3,1.0,0.75,0.8571,74,397,5.36,0.7730909997007984,10
gen_backend_go_001,graphrag_style,backend/go,synthetic,semi,errors,3,0,0,1.0,0.0,0.0,74,397,5.36,0.7730909997007984,10
gen_backend_go_001,mem0_style,backend/go,synthetic,semi,completed_tasks,7,5,5,1.0,0.7143,0.8333,170,397,2.34,1.3067049999335723,18
gen_backend_go_001,mem0_style,backend/go,synthetic,semi,pending_tasks,3,2,0,0.0,0.0,0.0,170,397,2.34,1.3067049999335723,18
gen_backend_go_001,mem0_style,backend/go,synthetic,semi,decisions,4,5,4,0.8,1.0,0.8889,170,397,2.34,1.3067049999335723,18
gen_backend_go_001,mem0_style,backend/go,synthetic,semi,files,4,3,3,1.0,0.75,0.8571,170,397,2.34,1.3067049999335723,18
gen_backend_go_001,mem0_style,backend/go,synthetic,semi,errors,3,3,3,1.0,1.0,1.0,170,397,2.34,1.3067049999335723,18
gen_backend_go_001,memgpt_style,backend/go,synthetic,semi,completed_tasks,7,0,0,1.0,0.0,0.0,51,397,7.78,0.5503289999069239,7
gen_backend_go_001,memgpt_style,backend/go,synthetic,semi,pending_tasks,3,2,0,0.0,0.0,0.0,51,397,7.78,0.5503289999069239,7
gen_backend_go_001,memgpt_style,backend/go,synthetic,semi,decisions,4,2,1,0.5,0.25,0.3333,51,397,7.78,0.5503289999069239,7
gen_backend_go_001,memgpt_style,backend/go,synthetic,semi,files,4,2,3,1.0,0.75,0.8571,51,397,7.78,0.5503289999069239,7
gen_backend_go_001,memgpt_style,backend/go,synthetic,semi,errors,3,1,1,1.0,0.3333,0.5,51,397,7.78,0.5503289999069239,7
gen_backend_go_001,sliding_window_10,backend/go,synthetic,semi,completed_tasks,7,10,1,0.1,0.1429,0.1176,108,397,3.68,0.0046860000111337285,10
gen_backend_go_001,sliding_window_10,backend/go,synthetic,semi,pending_tasks,3,10,2,0.2,0.6667,0.3077,108,397,3.68,0.0046860000111337285,10
gen_backend_go_001,sliding_window_10,backend/go,synthetic,semi,decisions,4,10,0,0.0,0.0,0.0,108,397,3.68,0.0046860000111337285,10
gen_backend_go_001,sliding_window_10,backend/go,synthetic,semi,files,4,10,1,0.1,0.25,0.1429,108,397,3.68,0.0046860000111337285,10
gen_backend_go_001,sliding_window_10,backend/go,synthetic,semi,errors,3,10,1,0.1,0.3333,0.1538,108,397,3.68,0.0046860000111337285,10
gen_backend_go_001,naive_truncation,backend/go,synthetic,semi,completed_tasks,7,28,5,0.1786,0.7143,0.2857,309,397,1.28,0.019607000012911158,28
gen_backend_go_001,naive_truncation,backend/go,synthetic,semi,pending_tasks,3,28,3,0.1071,1.0,0.1935,309,397,1.28,0.019607000012911158,28
gen_backend_go_001,naive_truncation,backend/go,synthetic,semi,decisions,4,28,2,0.0714,0.5,0.125,309,397,1.28,0.019607000012911158,28
gen_backend_go_001,naive_truncation,backend/go,synthetic,semi,files,4,28,4,0.1429,1.0,0.25,309,397,1.28,0.019607000012911158,28
gen_backend_go_001,naive_truncation,backend/go,synthetic,semi,errors,3,28,2,0.0714,0.6667,0.129,309,397,1.28,0.019607000012911158,28
gen_backend_go_001,naive_summary,backend/go,synthetic,semi,completed_tasks,7,19,3,0.1579,0.4286,0.2308,190,397,2.09,0.0557570001546992,19
gen_backend_go_001,naive_summary,backend/go,synthetic,semi,pending_tasks,3,19,0,0.0,0.0,0.0,190,397,2.09,0.0557570001546992,19
gen_backend_go_001,naive_summary,backend/go,synthetic,semi,decisions,4,19,3,0.1579,0.75,0.2609,190,397,2.09,0.0557570001546992,19
gen_backend_go_001,naive_summary,backend/go,synthetic,semi,files,4,19,2,0.0526,0.5,0.0952,190,397,2.09,0.0557570001546992,19
gen_backend_go_001,naive_summary,backend/go,synthetic,semi,errors,3,19,2,0.1053,0.6667,0.1818,190,397,2.09,0.0557570001546992,19
gen_backend_go_002,tokenmizer_v0.5.2,backend/go,synthetic,semi,completed_tasks,7,7,7,1.0,1.0,1.0,165,269,1.63,282.8153049999855,15
gen_backend_go_002,tokenmizer_v0.5.2,backend/go,synthetic,semi,pending_tasks,1,1,1,1.0,1.0,1.0,165,269,1.63,282.8153049999855,15
gen_backend_go_002,tokenmizer_v0.5.2,backend/go,synthetic,semi,decisions,2,2,2,1.0,1.0,1.0,165,269,1.63,282.8153049999855,15
gen_backend_go_002,tokenmizer_v0.5.2,backend/go,synthetic,semi,files,2,2,2,1.0,1.0,1.0,165,269,1.63,282.8153049999855,15
gen_backend_go_002,tokenmizer_v0.5.2,backend/go,synthetic,semi,errors,2,3,2,0.6667,1.0,0.8,165,269,1.63,282.8153049999855,15
gen_backend_go_002,graphiti_style,backend/go,synthetic,semi,completed_tasks,7,6,6,1.0,0.8571,0.9231,156,269,1.72,0.8629399999335874,13
gen_backend_go_002,graphiti_style,backend/go,synthetic,semi,pending_tasks,1,1,1,1.0,1.0,1.0,156,269,1.72,0.8629399999335874,13
gen_backend_go_002,graphiti_style,backend/go,synthetic,semi,decisions,2,2,1,0.5,0.5,0.5,156,269,1.72,0.8629399999335874,13
gen_backend_go_002,graphiti_style,backend/go,synthetic,semi,files,2,2,2,1.0,1.0,1.0,156,269,1.72,0.8629399999335874,13
gen_backend_go_002,graphiti_style,backend/go,synthetic,semi,errors,2,2,2,1.0,1.0,1.0,156,269,1.72,0.8629399999335874,13
gen_backend_go_002,graphrag_style,backend/go,synthetic,semi,completed_tasks,7,0,0,1.0,0.0,0.0,60,269,4.48,0.6558039999617904,6
gen_backend_go_002,graphrag_style,backend/go,synthetic,semi,pending_tasks,1,0,0,1.0,0.0,0.0,60,269,4.48,0.6558039999617904,6
gen_backend_go_002,graphrag_style,backend/go,synthetic,semi,decisions,2,2,1,0.5,0.5,0.5,60,269,4.48,0.6558039999617904,6
gen_backend_go_002,graphrag_style,backend/go,synthetic,semi,files,2,2,2,1.0,1.0,1.0,60,269,4.48,0.6558039999617904,6
gen_backend_go_002,graphrag_style,backend/go,synthetic,semi,errors,2,2,2,1.0,1.0,1.0,60,269,4.48,0.6558039999617904,6
gen_backend_go_002,mem0_style,backend/go,synthetic,semi,completed_tasks,7,6,6,1.0,0.8571,0.9231,155,269,1.74,0.8755670000937243,13
gen_backend_go_002,mem0_style,backend/go,synthetic,semi,pending_tasks,1,1,1,1.0,1.0,1.0,155,269,1.74,0.8755670000937243,13
gen_backend_go_002,mem0_style,backend/go,synthetic,semi,decisions,2,2,1,0.5,0.5,0.5,155,269,1.74,0.8755670000937243,13
gen_backend_go_002,mem0_style,backend/go,synthetic,semi,files,2,2,2,1.0,1.0,1.0,155,269,1.74,0.8755670000937243,13
gen_backend_go_002,mem0_style,backend/go,synthetic,semi,errors,2,2,2,1.0,1.0,1.0,155,269,1.74,0.8755670000937243,13
gen_backend_go_002,memgpt_style,backend/go,synthetic,semi,completed_tasks,7,2,2,1.0,0.2857,0.4444,82,269,3.28,0.33948000009331736,6
gen_backend_go_002,memgpt_style,backend/go,synthetic,semi,pending_tasks,1,1,1,1.0,1.0,1.0,82,269,3.28,0.33948000009331736,6
gen_backend_go_002,memgpt_style,backend/go,synthetic,semi,decisions,2,1,1,1.0,0.5,0.6667,82,269,3.28,0.33948000009331736,6
gen_backend_go_002,memgpt_style,backend/go,synthetic,semi,files,2,1,1,1.0,0.5,0.6667,82,269,3.28,0.33948000009331736,6
gen_backend_go_002,memgpt_style,backend/go,synthetic,semi,errors,2,1,1,1.0,0.5,0.6667,82,269,3.28,0.33948000009331736,6
gen_backend_go_002,sliding_window_10,backend/go,synthetic,semi,completed_tasks,7,13,3,0.2308,0.4286,0.3,137,269,1.96,0.004413000169734005,13
gen_backend_go_002,sliding_window_10,backend/go,synthetic,semi,pending_tasks,1,13,1,0.0769,1.0,0.1429,137,269,1.96,0.004413000169734005,13
gen_backend_go_002,sliding_window_10,backend/go,synthetic,semi,decisions,2,13,2,0.1538,1.0,0.2667,137,269,1.96,0.004413000169734005,13
gen_backend_go_002,sliding_window_10,backend/go,synthetic,semi,files,2,13,1,0.0769,0.5,0.1333,137,269,1.96,0.004413000169734005,13
gen_backend_go_002,sliding_window_10,backend/go,synthetic,semi,errors,2,13,1,0.0769,0.5,0.1333,137,269,1.96,0.004413000169734005,13
gen_backend_go_002,naive_truncation,backend/go,synthetic,semi,completed_tasks,7,25,7,0.28,1.0,0.4375,281,269,0.96,0.014871000075800112,25
gen_backend_go_002,naive_truncation,backend/go,synthetic,semi,pending_tasks,1,25,1,0.04,1.0,0.0769,281,269,0.96,0.014871000075800112,25
gen_backend_go_002,naive_truncation,backend/go,synthetic,semi,decisions,2,25,2,0.08,1.0,0.1481,281,269,0.96,0.014871000075800112,25
gen_backend_go_002,naive_truncation,backend/go,synthetic,semi,files,2,25,2,0.08,1.0,0.1481,281,269,0.96,0.014871000075800112,25
gen_backend_go_002,naive_truncation,backend/go,synthetic,semi,errors,2,25,2,0.08,1.0,0.1481,281,269,0.96,0.014871000075800112,25
gen_backend_go_002,naive_summary,backend/go,synthetic,semi,completed_tasks,7,17,6,0.3529,0.8571,0.5,192,269,1.4,0.030913000045984518,17
gen_backend_go_002,naive_summary,backend/go,synthetic,semi,pending_tasks,1,17,0,0.0,0.0,0.0,192,269,1.4,0.030913000045984518,17
gen_backend_go_002,naive_summary,backend/go,synthetic,semi,decisions,2,17,0,0.0,0.0,0.0,192,269,1.4,0.030913000045984518,17
gen_backend_go_002,naive_summary,backend/go,synthetic,semi,files,2,17,1,0.0588,0.5,0.1053,192,269,1.4,0.030913000045984518,17
gen_backend_go_002,naive_summary,backend/go,synthetic,semi,errors,2,17,1,0.0588,0.5,0.1053,192,269,1.4,0.030913000045984518,17
gen_backend_go_003,tokenmizer_v0.5.2,backend/go,synthetic,semi,completed_tasks,4,4,4,1.0,1.0,1.0,138,284,2.06,292.6017140002841,16
gen_backend_go_003,tokenmizer_v0.5.2,backend/go,synthetic,semi,pending_tasks,1,1,1,1.0,1.0,1.0,138,284,2.06,292.6017140002841,16
gen_backend_go_003,tokenmizer_v0.5.2,backend/go,synthetic,semi,decisions,4,4,4,1.0,1.0,1.0,138,284,2.06,292.6017140002841,16
gen_backend_go_003,tokenmizer_v0.5.2,backend/go,synthetic,semi,files,6,6,6,1.0,1.0,1.0,138,284,2.06,292.6017140002841,16
gen_backend_go_003,tokenmizer_v0.5.2,backend/go,synthetic,semi,errors,1,1,1,1.0,1.0,1.0,138,284,2.06,292.6017140002841,16
gen_backend_go_003,graphiti_style,backend/go,synthetic,semi,completed_tasks,4,3,3,1.0,0.75,0.8571,134,284,2.12,1.2971179999112792,15
gen_backend_go_003,graphiti_style,backend/go,synthetic,semi,pending_tasks,1,1,1,1.0,1.0,1.0,134,284,2.12,1.2971179999112792,15
gen_backend_go_003,graphiti_style,backend/go,synthetic,semi,decisions,4,5,3,0.6,0.75,0.6667,134,284,2.12,1.2971179999112792,15
gen_backend_go_003,graphiti_style,backend/go,synthetic,semi,files,6,5,5,1.0,0.8333,0.9091,134,284,2.12,1.2971179999112792,15
gen_backend_go_003,graphiti_style,backend/go,synthetic,semi,errors,1,1,1,1.0,1.0,1.0,134,284,2.12,1.2971179999112792,15
gen_backend_go_003,graphrag_style,backend/go,synthetic,semi,completed_tasks,4,0,0,1.0,0.0,0.0,73,284,3.89,0.6044040001143003,10
gen_backend_go_003,graphrag_style,backend/go,synthetic,semi,pending_tasks,1,0,0,1.0,0.0,0.0,73,284,3.89,0.6044040001143003,10
gen_backend_go_003,graphrag_style,backend/go,synthetic,semi,decisions,4,5,3,0.6,0.75,0.6667,73,284,3.89,0.6044040001143003,10
gen_backend_go_003,graphrag_style,backend/go,synthetic,semi,files,6,5,5,1.0,0.8333,0.9091,73,284,3.89,0.6044040001143003,10
gen_backend_go_003,graphrag_style,backend/go,synthetic,semi,errors,1,0,0,1.0,0.0,0.0,73,284,3.89,0.6044040001143003,10
gen_backend_go_003,mem0_style,backend/go,synthetic,semi,completed_tasks,4,3,3,1.0,0.75,0.8571,133,284,2.14,0.9085070000764972,15
gen_backend_go_003,mem0_style,backend/go,synthetic,semi,pending_tasks,1,1,1,1.0,1.0,1.0,133,284,2.14,0.9085070000764972,15
gen_backend_go_003,mem0_style,backend/go,synthetic,semi,decisions,4,5,3,0.6,0.75,0.6667,133,284,2.14,0.9085070000764972,15
gen_backend_go_003,mem0_style,backend/go,synthetic,semi,files,6,5,5,1.0,0.8333,0.9091,133,284,2.14,0.9085070000764972,15
gen_backend_go_003,mem0_style,backend/go,synthetic,semi,errors,1,1,1,1.0,1.0,1.0,133,284,2.14,0.9085070000764972,15
gen_backend_go_003,memgpt_style,backend/go,synthetic,semi,completed_tasks,4,3,3,1.0,0.75,0.8571,72,284,3.94,0.46020899981158436,8
gen_backend_go_003,memgpt_style,backend/go,synthetic,semi,pending_tasks,1,0,0,1.0,0.0,0.0,72,284,3.94,0.46020899981158436,8
gen_backend_go_003,memgpt_style,backend/go,synthetic,semi,decisions,4,1,0,0.0,0.0,0.0,72,284,3.94,0.46020899981158436,8
gen_backend_go_003,memgpt_style,backend/go,synthetic,semi,files,6,4,4,1.0,0.6667,0.8,72,284,3.94,0.46020899981158436,8
gen_backend_go_003,memgpt_style,backend/go,synthetic,semi,errors,1,0,0,1.0,0.0,0.0,72,284,3.94,0.46020899981158436,8
gen_backend_go_003,sliding_window_10,backend/go,synthetic,semi,completed_tasks,4,14,3,0.2143,0.75,0.3333,156,284,1.82,0.0069389998316182755,14
gen_backend_go_003,sliding_window_10,backend/go,synthetic,semi,pending_tasks,1,14,1,0.0714,1.0,0.1333,156,284,1.82,0.0069389998316182755,14
gen_backend_go_003,sliding_window_10,backend/go,synthetic,semi,decisions,4,14,1,0.0714,0.25,0.1111,156,284,1.82,0.0069389998316182755,14
gen_backend_go_003,sliding_window_10,backend/go,synthetic,semi,files,6,14,4,0.2857,0.6667,0.4,156,284,1.82,0.0069389998316182755,14
gen_backend_go_003,sliding_window_10,backend/go,synthetic,semi,errors,1,14,0,0.0,0.0,0.0,156,284,1.82,0.0069389998316182755,14
gen_backend_go_003,naive_truncation,backend/go,synthetic,semi,completed_tasks,4,27,4,0.1481,1.0,0.2581,295,284,0.96,0.01640699974814197,27
gen_backend_go_003,naive_truncation,backend/go,synthetic,semi,pending_tasks,1,27,1,0.037,1.0,0.0714,295,284,0.96,0.01640699974814197,27
gen_backend_go_003,naive_truncation,backend/go,synthetic,semi,decisions,4,27,4,0.1481,1.0,0.2581,295,284,0.96,0.01640699974814197,27
gen_backend_go_003,naive_truncation,backend/go,synthetic,semi,files,6,27,6,0.2222,1.0,0.3636,295,284,0.96,0.01640699974814197,27
gen_backend_go_003,naive_truncation,backend/go,synthetic,semi,errors,1,27,1,0.037,1.0,0.0714,295,284,0.96,0.01640699974814197,27
gen_backend_go_003,naive_summary,backend/go,synthetic,semi,completed_tasks,4,16,1,0.0625,0.25,0.1,172,284,1.65,0.04434999982549925,16
gen_backend_go_003,naive_summary,backend/go,synthetic,semi,pending_tasks,1,16,1,0.0625,1.0,0.1176,172,284,1.65,0.04434999982549925,16
gen_backend_go_003,naive_summary,backend/go,synthetic,semi,decisions,4,16,4,0.25,1.0,0.4,172,284,1.65,0.04434999982549925,16
gen_backend_go_003,naive_summary,backend/go,synthetic,semi,files,6,16,2,0.125,0.3333,0.1818,172,284,1.65,0.04434999982549925,16
gen_backend_go_003,naive_summary,backend/go,synthetic,semi,errors,1,16,1,0.0625,1.0,0.1176,172,284,1.65,0.04434999982549925,16
gen_backend_go_004,tokenmizer_v0.5.2,backend/go,synthetic,semi,completed_tasks,7,7,7,1.0,1.0,1.0,159,298,1.87,292.2300639997957,16
gen_backend_go_004,tokenmizer_v0.5.2,backend/go,synthetic,semi,pending_tasks,3,3,3,1.0,1.0,1.0,159,298,1.87,292.2300639997957,16
gen_backend_go_004,tokenmizer_v0.5.2,backend/go,synthetic,semi,decisions,3,3,3,1.0,1.0,1.0,159,298,1.87,292.2300639997957,16
gen_backend_go_004,tokenmizer_v0.5.2,backend/go,synthetic,semi,files,2,2,2,1.0,1.0,1.0,159,298,1.87,292.2300639997957,16
gen_backend_go_004,tokenmizer_v0.5.2,backend/go,synthetic,semi,errors,1,1,1,1.0,1.0,1.0,159,298,1.87,292.2300639997957,16
gen_backend_go_004,graphiti_style,backend/go,synthetic,semi,completed_tasks,7,6,6,1.0,0.8571,0.9231,159,298,1.87,1.1051229998884082,18
gen_backend_go_004,graphiti_style,backend/go,synthetic,semi,pending_tasks,3,5,2,0.4,0.6667,0.5,159,298,1.87,1.1051229998884082,18
gen_backend_go_004,graphiti_style,backend/go,synthetic,semi,decisions,3,4,2,0.5,0.6667,0.5714,159,298,1.87,1.1051229998884082,18
gen_backend_go_004,graphiti_style,backend/go,synthetic,semi,files,2,2,2,1.0,1.0,1.0,159,298,1.87,1.1051229998884082,18
gen_backend_go_004,graphiti_style,backend/go,synthetic,semi,errors,1,1,1,1.0,1.0,1.0,159,298,1.87,1.1051229998884082,18
gen_backend_go_004,graphrag_style,backend/go,synthetic,semi,completed_tasks,7,0,0,1.0,0.0,0.0,63,298,4.73,0.5773659995611524,9
gen_backend_go_004,graphrag_style,backend/go,synthetic,semi,pending_tasks,3,2,0,0.0,0.0,0.0,63,298,4.73,0.5773659995611524,9
gen_backend_go_004,graphrag_style,backend/go,synthetic,semi,decisions,3,4,2,0.5,0.6667,0.5714,63,298,4.73,0.5773659995611524,9
gen_backend_go_004,graphrag_style,backend/go,synthetic,semi,files,2,2,2,1.0,1.0,1.0,63,298,4.73,0.5773659995611524,9
gen_backend_go_004,graphrag_style,backend/go,synthetic,semi,errors,1,1,1,1.0,1.0,1.0,63,298,4.73,0.5773659995611524,9
gen_backend_go_004,mem0_style,backend/go,synthetic,semi,completed_tasks,7,6,6,1.0,0.8571,0.9231,155,298,1.92,1.0685090001061326,17
gen_backend_go_004,mem0_style,backend/go,synthetic,semi,pending_tasks,3,4,2,0.5,0.6667,0.5714,155,298,1.92,1.0685090001061326,17
gen_backend_go_004,mem0_style,backend/go,synthetic,semi,decisions,3,4,2,0.5,0.6667,0.5714,155,298,1.92,1.0685090001061326,17
gen_backend_go_004,mem0_style,backend/go,synthetic,semi,files,2,2,2,1.0,1.0,1.0,155,298,1.92,1.0685090001061326,17
gen_backend_go_004,mem0_style,backend/go,synthetic,semi,errors,1,1,1,1.0,1.0,1.0,155,298,1.92,1.0685090001061326,17
gen_backend_go_004,memgpt_style,backend/go,synthetic,semi,completed_tasks,7,1,1,1.0,0.1429,0.25,67,298,4.45,0.3785989997595607,9
gen_backend_go_004,memgpt_style,backend/go,synthetic,semi,pending_tasks,3,4,2,0.5,0.6667,0.5714,67,298,4.45,0.3785989997595607,9
gen_backend_go_004,memgpt_style,backend/go,synthetic,semi,decisions,3,3,1,0.3333,0.3333,0.3333,67,298,4.45,0.3785989997595607,9
gen_backend_go_004,memgpt_style,backend/go,synthetic,semi,files,2,1,1,1.0,0.5,0.6667,67,298,4.45,0.3785989997595607,9
gen_backend_go_004,memgpt_style,backend/go,synthetic,semi,errors,1,0,0,1.0,0.0,0.0,67,298,4.45,0.3785989997595607,9
gen_backend_go_004,sliding_window_10,backend/go,synthetic,semi,completed_tasks,7,11,1,0.0909,0.1429,0.1111,104,298,2.87,0.004355000328359893,11
gen_backend_go_004,sliding_window_10,backend/go,synthetic,semi,pending_tasks,3,11,2,0.1818,0.6667,0.2857,104,298,2.87,0.004355000328359893,11
gen_backend_go_004,sliding_window_10,backend/go,synthetic,semi,decisions,3,11,2,0.1818,0.6667,0.2857,104,298,2.87,0.004355000328359893,11
gen_backend_go_004,sliding_window_10,backend/go,synthetic,semi,files,2,11,1,0.0909,0.5,0.1538,104,298,2.87,0.004355000328359893,11
gen_backend_go_004,sliding_window_10,backend/go,synthetic,semi,errors,1,11,0,0.0,0.0,0.0,104,298,2.87,0.004355000328359893,11
gen_backend_go_004,naive_truncation,backend/go,synthetic,semi,completed_tasks,7,31,7,0.2258,1.0,0.3684,314,298,0.95,0.016992999917420093,31
gen_backend_go_004,naive_truncation,backend/go,synthetic,semi,pending_tasks,3,31,3,0.0968,1.0,0.1765,314,298,0.95,0.016992999917420093,31
gen_backend_go_004,naive_truncation,backend/go,synthetic,semi,decisions,3,31,3,0.0968,1.0,0.1765,314,298,0.95,0.016992999917420093,31
gen_backend_go_004,naive_truncation,backend/go,synthetic,semi,files,2,31,2,0.0645,1.0,0.1212,314,298,0.95,0.016992999917420093,31
gen_backend_go_004,naive_truncation,backend/go,synthetic,semi,errors,1,31,1,0.0323,1.0,0.0625,314,298,0.95,0.016992999917420093,31
gen_backend_go_004,naive_summary,backend/go,synthetic,semi,completed_tasks,7,18,6,0.3333,0.8571,0.48,176,298,1.69,0.0469159999738622,18
gen_backend_go_004,naive_summary,backend/go,synthetic,semi,pending_tasks,3,18,0,0.0,0.0,0.0,176,298,1.69,0.0469159999738622,18
gen_backend_go_004,naive_summary,backend/go,synthetic,semi,decisions,3,18,1,0.0556,0.3333,0.0952,176,298,1.69,0.0469159999738622,18
gen_backend_go_004,naive_summary,backend/go,synthetic,semi,files,2,18,0,0.0,0.0,0.0,176,298,1.69,0.0469159999738622,18
gen_backend_go_004,naive_summary,backend/go,synthetic,semi,errors,1,18,1,0.0556,1.0,0.1053,176,298,1.69,0.0469159999738622,18
gen_backend_go_005,tokenmizer_v0.5.2,backend/go,synthetic,semi,completed_tasks,7,7,7,1.0,1.0,1.0,168,335,1.99,276.60631199978525,17
gen_backend_go_005,tokenmizer_v0.5.2,backend/go,synthetic,semi,pending_tasks,2,2,2,1.0,1.0,1.0,168,335,1.99,276.60631199978525,17
gen_backend_go_005,tokenmizer_v0.5.2,backend/go,synthetic,semi,decisions,6,6,6,1.0,1.0,1.0,168,335,1.99,276.60631199978525,17
gen_backend_go_005,tokenmizer_v0.5.2,backend/go,synthetic,semi,files,2,2,2,1.0,1.0,1.0,168,335,1.99,276.60631199978525,17
gen_backend_go_005,graphiti_style,backend/go,synthetic,semi,completed_tasks,7,6,6,1.0,0.8571,0.9231,145,335,2.31,1.073306000307639,16
gen_backend_go_005,graphiti_style,backend/go,synthetic,semi,pending_tasks,2,2,0,0.0,0.0,0.0,145,335,2.31,1.073306000307639,16
gen_backend_go_005,graphiti_style,backend/go,synthetic,semi,decisions,6,7,4,0.5714,0.6667,0.6154,145,335,2.31,1.073306000307639,16
gen_backend_go_005,graphiti_style,backend/go,synthetic,semi,files,2,1,1,1.0,0.5,0.6667,145,335,2.31,1.073306000307639,16
gen_backend_go_005,graphrag_style,backend/go,synthetic,semi,completed_tasks,7,0,0,1.0,0.0,0.0,65,335,5.15,0.599471999976231,8
gen_backend_go_005,graphrag_style,backend/go,synthetic,semi,pending_tasks,2,1,0,0.0,0.0,0.0,65,335,5.15,0.599471999976231,8
gen_backend_go_005,graphrag_style,backend/go,synthetic,semi,decisions,6,6,5,0.8333,0.8333,0.8333,65,335,5.15,0.599471999976231,8
gen_backend_go_005,graphrag_style,backend/go,synthetic,semi,files,2,1,1,1.0,0.5,0.6667,65,335,5.15,0.599471999976231,8
gen_backend_go_005,mem0_style,backend/go,synthetic,semi,completed_tasks,7,6,6,1.0,0.8571,0.9231,140,335,2.39,1.134986000124627,15
gen_backend_go_005,mem0_style,backend/go,synthetic,semi,pending_tasks,2,1,0,0.0,0.0,0.0,140,335,2.39,1.134986000124627,15
gen_backend_go_005,mem0_style,backend/go,synthetic,semi,decisions,6,7,4,0.5714,0.6667,0.6154,140,335,2.39,1.134986000124627,15
gen_backend_go_005,mem0_style,backend/go,synthetic,semi,files,2,1,1,1.0,0.5,0.6667,140,335,2.39,1.134986000124627,15
gen_backend_go_005,memgpt_style,backend/go,synthetic,semi,completed_tasks,7,4,4,1.0,0.5714,0.7273,101,335,3.32,0.477418000173202,12
gen_backend_go_005,memgpt_style,backend/go,synthetic,semi,pending_tasks,2,2,0,0.0,0.0,0.0,101,335,3.32,0.477418000173202,12
gen_backend_go_005,memgpt_style,backend/go,synthetic,semi,decisions,6,6,3,0.5,0.5,0.5,101,335,3.32,0.477418000173202,12
gen_backend_go_005,memgpt_style,backend/go,synthetic,semi,files,2,0,0,1.0,0.0,0.0,101,335,3.32,0.477418000173202,12
gen_backend_go_005,sliding_window_10,backend/go,synthetic,semi,completed_tasks,7,12,3,0.25,0.4286,0.3158,128,335,2.62,0.004127000011067139,12
gen_backend_go_005,sliding_window_10,backend/go,synthetic,semi,pending_tasks,2,12,1,0.0833,0.5,0.1429,128,335,2.62,0.004127000011067139,12
gen_backend_go_005,sliding_window_10,backend/go,synthetic,semi,decisions,6,12,3,0.25,0.5,0.3333,128,335,2.62,0.004127000011067139,12
gen_backend_go_005,sliding_window_10,backend/go,synthetic,semi,files,2,12,0,0.0,0.0,0.0,128,335,2.62,0.004127000011067139,12
gen_backend_go_005,sliding_window_10,backend/go,synthetic,semi,errors,0,12,0,0.0,1.0,0.0,128,335,2.62,0.004127000011067139,12
gen_backend_go_005,naive_truncation,backend/go,synthetic,semi,completed_tasks,7,30,6,0.2,0.8571,0.3243,303,335,1.11,0.017643000319367275,30
gen_backend_go_005,naive_truncation,backend/go,synthetic,semi,pending_tasks,2,30,2,0.0667,1.0,0.125,303,335,1.11,0.017643000319367275,30
gen_backend_go_005,naive_truncation,backend/go,synthetic,semi,decisions,6,30,6,0.2,1.0,0.3333,303,335,1.11,0.017643000319367275,30
gen_backend_go_005,naive_truncation,backend/go,synthetic,semi,files,2,30,2,0.0667,1.0,0.125,303,335,1.11,0.017643000319367275,30
gen_backend_go_005,naive_truncation,backend/go,synthetic,semi,errors,0,30,0,0.0,1.0,0.0,303,335,1.11,0.017643000319367275,30
gen_backend_go_005,naive_summary,backend/go,synthetic,semi,completed_tasks,7,18,2,0.1111,0.2857,0.16,175,335,1.91,0.03669199986688909,18
gen_backend_go_005,naive_summary,backend/go,synthetic,semi,pending_tasks,2,18,1,0.0556,0.5,0.1,175,335,1.91,0.03669199986688909,18
gen_backend_go_005,naive_summary,backend/go,synthetic,semi,decisions,6,18,2,0.1111,0.3333,0.1667,175,335,1.91,0.03669199986688909,18
gen_backend_go_005,naive_summary,backend/go,synthetic,semi,files,2,18,2,0.1111,1.0,0.2,175,335,1.91,0.03669199986688909,18
gen_backend_go_005,naive_summary,backend/go,synthetic,semi,errors,0,18,0,0.0,1.0,0.0,175,335,1.91,0.03669199986688909,18
gen_backend_go_006,tokenmizer_v0.5.2,backend/go,synthetic,semi,completed_tasks,4,4,4,1.0,1.0,1.0,151,270,1.79,297.5415519999842,14
gen_backend_go_006,tokenmizer_v0.5.2,backend/go,synthetic,semi,pending_tasks,4,4,4,1.0,1.0,1.0,151,270,1.79,297.5415519999842,14
gen_backend_go_006,tokenmizer_v0.5.2,backend/go,synthetic,semi,decisions,2,2,2,1.0,1.0,1.0,151,270,1.79,297.5415519999842,14
gen_backend_go_006,tokenmizer_v0.5.2,backend/go,synthetic,semi,files,2,2,2,1.0,1.0,1.0,151,270,1.79,297.5415519999842,14
gen_backend_go_006,tokenmizer_v0.5.2,backend/go,synthetic,semi,errors,2,2,2,1.0,1.0,1.0,151,270,1.79,297.5415519999842,14
gen_backend_go_006,graphiti_style,backend/go,synthetic,semi,completed_tasks,4,3,3,1.0,0.75,0.8571,89,270,3.03,1.6200320001189539,10
gen_backend_go_006,graphiti_style,backend/go,synthetic,semi,pending_tasks,4,3,0,0.0,0.0,0.0,89,270,3.03,1.6200320001189539,10
gen_backend_go_006,graphiti_style,backend/go,synthetic,semi,decisions,2,0,0,1.0,0.0,0.0,89,270,3.03,1.6200320001189539,10
gen_backend_go_006,graphiti_style,backend/go,synthetic,semi,files,2,2,2,1.0,1.0,1.0,89,270,3.03,1.6200320001189539,10
gen_backend_go_006,graphiti_style,backend/go,synthetic,semi,errors,2,2,2,1.0,1.0,1.0,89,270,3.03,1.6200320001189539,10
gen_backend_go_006,graphrag_style,backend/go,synthetic,semi,completed_tasks,4,0,0,1.0,0.0,0.0,35,270,7.71,1.013911999962147,5
gen_backend_go_006,graphrag_style,backend/go,synthetic,semi,pending_tasks,4,2,0,0.0,0.0,0.0,35,270,7.71,1.013911999962147,5
gen_backend_go_006,graphrag_style,backend/go,synthetic,semi,decisions,2,0,0,1.0,0.0,0.0,35,270,7.71,1.013911999962147,5
gen_backend_go_006,graphrag_style,backend/go,synthetic,semi,files,2,2,2,1.0,1.0,1.0,35,270,7.71,1.013911999962147,5
gen_backend_go_006,graphrag_style,backend/go,synthetic,semi,errors,2,1,1,1.0,0.5,0.6667,35,270,7.71,1.013911999962147,5
gen_backend_go_006,mem0_style,backend/go,synthetic,semi,completed_tasks,4,3,3,1.0,0.75,0.8571,85,270,3.18,1.682355000411917,9
gen_backend_go_006,mem0_style,backend/go,synthetic,semi,pending_tasks,4,2,0,0.0,0.0,0.0,85,270,3.18,1.682355000411917,9
gen_backend_go_006,mem0_style,backend/go,synthetic,semi,decisions,2,0,0,1.0,0.0,0.0,85,270,3.18,1.682355000411917,9
gen_backend_go_006,mem0_style,backend/go,synthetic,semi,files,2,2,2,1.0,1.0,1.0,85,270,3.18,1.682355000411917,9
gen_backend_go_006,mem0_style,backend/go,synthetic,semi,errors,2,2,2,1.0,1.0,1.0,85,270,3.18,1.682355000411917,9
gen_backend_go_006,memgpt_style,backend/go,synthetic,semi,completed_tasks,4,1,1,1.0,0.25,0.4,30,270,9.0,0.7045470001685317,2
gen_backend_go_006,memgpt_style,backend/go,synthetic,semi,pending_tasks,4,0,0,1.0,0.0,0.0,30,270,9.0,0.7045470001685317,2
gen_backend_go_006,memgpt_style,backend/go,synthetic,semi,decisions,2,0,0,1.0,0.0,0.0,30,270,9.0,0.7045470001685317,2
gen_backend_go_006,memgpt_style,backend/go,synthetic,semi,files,2,0,0,1.0,0.0,0.0,30,270,9.0,0.7045470001685317,2
gen_backend_go_006,memgpt_style,backend/go,synthetic,semi,errors,2,1,1,1.0,0.5,0.6667,30,270,9.0,0.7045470001685317,2
gen_backend_go_006,sliding_window_10,backend/go,synthetic,semi,completed_tasks,4,13,3,0.2308,0.75,0.3529,148,270,1.82,0.006546999884449178,13
gen_backend_go_006,sliding_window_10,backend/go,synthetic,semi,pending_tasks,4,13,2,0.1538,0.5,0.2353,148,270,1.82,0.006546999884449178,13
gen_backend_go_006,sliding_window_10,backend/go,synthetic,semi,decisions,2,13,1,0.0769,0.5,0.1333,148,270,1.82,0.006546999884449178,13
gen_backend_go_006,sliding_window_10,backend/go,synthetic,semi,files,2,13,1,0.0769,0.5,0.1333,148,270,1.82,0.006546999884449178,13
gen_backend_go_006,sliding_window_10,backend/go,synthetic,semi,errors,2,13,1,0.0769,0.5,0.1333,148,270,1.82,0.006546999884449178,13
gen_backend_go_006,naive_truncation,backend/go,synthetic,semi,completed_tasks,4,25,4,0.16,1.0,0.2759,283,270,0.95,0.026538999918557238,25
gen_backend_go_006,naive_truncation,backend/go,synthetic,semi,pending_tasks,4,25,4,0.16,1.0,0.2759,283,270,0.95,0.026538999918557238,25
gen_backend_go_006,naive_truncation,backend/go,synthetic,semi,decisions,2,25,2,0.08,1.0,0.1481,283,270,0.95,0.026538999918557238,25
gen_backend_go_006,naive_truncation,backend/go,synthetic,semi,files,2,25,2,0.08,1.0,0.1481,283,270,0.95,0.026538999918557238,25
gen_backend_go_006,naive_truncation,backend/go,synthetic,semi,errors,2,25,2,0.08,1.0,0.1481,283,270,0.95,0.026538999918557238,25
gen_backend_go_006,naive_summary,backend/go,synthetic,semi,completed_tasks,4,18,3,0.1667,0.75,0.2727,193,270,1.4,0.058291000186727615,18
gen_backend_go_006,naive_summary,backend/go,synthetic,semi,pending_tasks,4,18,2,0.1111,0.5,0.1818,193,270,1.4,0.058291000186727615,18
gen_backend_go_006,naive_summary,backend/go,synthetic,semi,decisions,2,18,1,0.0556,0.5,0.1,193,270,1.4,0.058291000186727615,18
gen_backend_go_006,naive_summary,backend/go,synthetic,semi,files,2,18,2,0.1111,1.0,0.2,193,270,1.4,0.058291000186727615,18
gen_backend_go_006,naive_summary,backend/go,synthetic,semi,errors,2,18,1,0.0556,0.5,0.1,193,270,1.4,0.058291000186727615,18
gen_backend_python_001,tokenmizer_v0.5.2,backend/python,synthetic,explicit,completed_tasks,7,7,7,1.0,1.0,1.0,171,319,1.87,284.8300789996756,20
gen_backend_python_001,tokenmizer_v0.5.2,backend/python,synthetic,explicit,pending_tasks,1,1,1,1.0,1.0,1.0,171,319,1.87,284.8300789996756,20
gen_backend_python_001,tokenmizer_v0.5.2,backend/python,synthetic,explicit,decisions,5,5,5,1.0,1.0,1.0,171,319,1.87,284.8300789996756,20
gen_backend_python_001,tokenmizer_v0.5.2,backend/python,synthetic,explicit,files,6,6,6,1.0,1.0,1.0,171,319,1.87,284.8300789996756,20
gen_backend_python_001,tokenmizer_v0.5.2,backend/python,synthetic,explicit,errors,1,1,1,1.0,1.0,1.0,171,319,1.87,284.8300789996756,20
gen_backend_python_001,graphiti_style,backend/python,synthetic,explicit,completed_tasks,7,9,7,0.7778,1.0,0.875,166,319,1.92,1.0881849998440885,24
gen_backend_python_001,graphiti_style,backend/python,synthetic,explicit,pending_tasks,1,2,1,0.5,1.0,0.6667,166,319,1.92,1.0881849998440885,24
gen_backend_python_001,graphiti_style,backend/python,synthetic,explicit,decisions,5,6,4,0.6667,0.8,0.7273,166,319,1.92,1.0881849998440885,24
gen_backend_python_001,graphiti_style,backend/python,synthetic,explicit,files,6,6,6,1.0,1.0,1.0,166,319,1.92,1.0881849998440885,24
gen_backend_python_001,graphiti_style,backend/python,synthetic,explicit,errors,1,1,1,1.0,1.0,1.0,166,319,1.92,1.0881849998440885,24
gen_backend_python_001,graphrag_style,backend/python,synthetic,explicit,completed_tasks,7,4,4,1.0,0.5714,0.7273,140,319,2.28,0.6800559999646794,19
gen_backend_python_001,graphrag_style,backend/python,synthetic,explicit,pending_tasks,1,1,0,0.0,0.0,0.0,140,319,2.28,0.6800559999646794,19
gen_backend_python_001,graphrag_style,backend/python,synthetic,explicit,decisions,5,6,5,0.8333,1.0,0.9091,140,319,2.28,0.6800559999646794,19
gen_backend_python_001,graphrag_style,backend/python,synthetic,explicit,files,6,6,6,1.0,1.0,1.0,140,319,2.28,0.6800559999646794,19
gen_backend_python_001,graphrag_style,backend/python,synthetic,explicit,errors,1,2,1,0.5,1.0,0.6667,140,319,2.28,0.6800559999646794,19
gen_backend_python_001,mem0_style,backend/python,synthetic,explicit,completed_tasks,7,9,7,0.7778,1.0,0.875,165,319,1.93,1.1580059999687364,24
gen_backend_python_001,mem0_style,backend/python,synthetic,explicit,pending_tasks,1,2,1,0.5,1.0,0.6667,165,319,1.93,1.1580059999687364,24
gen_backend_python_001,mem0_style,backend/python,synthetic,explicit,decisions,5,6,4,0.6667,0.8,0.7273,165,319,1.93,1.1580059999687364,24
gen_backend_python_001,mem0_style,backend/python,synthetic,explicit,files,6,6,6,1.0,1.0,1.0,165,319,1.93,1.1580059999687364,24
gen_backend_python_001,mem0_style,backend/python,synthetic,explicit,errors,1,1,1,1.0,1.0,1.0,165,319,1.93,1.1580059999687364,24
gen_backend_python_001,memgpt_style,backend/python,synthetic,explicit,completed_tasks,7,6,5,0.8333,0.7143,0.7692,84,319,3.8,0.44705899972541374,10
gen_backend_python_001,memgpt_style,backend/python,synthetic,explicit,pending_tasks,1,0,0,1.0,0.0,0.0,84,319,3.8,0.44705899972541374,10
gen_backend_python_001,memgpt_style,backend/python,synthetic,explicit,decisions,5,2,1,0.5,0.2,0.2857,84,319,3.8,0.44705899972541374,10
gen_backend_python_001,memgpt_style,backend/python,synthetic,explicit,files,6,2,2,1.0,0.3333,0.5,84,319,3.8,0.44705899972541374,10
gen_backend_python_001,memgpt_style,backend/python,synthetic,explicit,errors,1,0,0,1.0,0.0,0.0,84,319,3.8,0.44705899972541374,10
gen_backend_python_001,sliding_window_10,backend/python,synthetic,explicit,completed_tasks,7,11,3,0.2727,0.4286,0.3333,108,319,2.95,0.003639000169641804,11
gen_backend_python_001,sliding_window_10,backend/python,synthetic,explicit,pending_tasks,1,11,0,0.0,0.0,0.0,108,319,2.95,0.003639000169641804,11
gen_backend_python_001,sliding_window_10,backend/python,synthetic,explicit,decisions,5,11,2,0.1818,0.4,0.25,108,319,2.95,0.003639000169641804,11
gen_backend_python_001,sliding_window_10,backend/python,synthetic,explicit,files,6,11,1,0.0909,0.1667,0.1176,108,319,2.95,0.003639000169641804,11
gen_backend_python_001,sliding_window_10,backend/python,synthetic,explicit,errors,1,11,0,0.0,0.0,0.0,108,319,2.95,0.003639000169641804,11
gen_backend_python_001,naive_truncation,backend/python,synthetic,explicit,completed_tasks,7,35,7,0.2,1.0,0.3333,316,319,1.01,0.019608000002335757,35
gen_backend_python_001,naive_truncation,backend/python,synthetic,explicit,pending_tasks,1,35,1,0.0286,1.0,0.0556,316,319,1.01,0.019608000002335757,35
gen_backend_python_001,naive_truncation,backend/python,synthetic,explicit,decisions,5,35,5,0.1429,1.0,0.25,316,319,1.01,0.019608000002335757,35
gen_backend_python_001,naive_truncation,backend/python,synthetic,explicit,files,6,35,6,0.1714,1.0,0.2927,316,319,1.01,0.019608000002335757,35
gen_backend_python_001,naive_truncation,backend/python,synthetic,explicit,errors,1,35,1,0.0286,1.0,0.0556,316,319,1.01,0.019608000002335757,35
gen_backend_python_001,naive_summary,backend/python,synthetic,explicit,completed_tasks,7,24,2,0.0833,0.2857,0.129,201,319,1.59,0.028091000331187388,24
gen_backend_python_001,naive_summary,backend/python,synthetic,explicit,pending_tasks,1,24,1,0.0417,1.0,0.08,201,319,1.59,0.028091000331187388,24
gen_backend_python_001,naive_summary,backend/python,synthetic,explicit,decisions,5,24,3,0.125,0.6,0.2069,201,319,1.59,0.028091000331187388,24
gen_backend_python_001,naive_summary,backend/python,synthetic,explicit,files,6,24,5,0.2083,0.8333,0.3333,201,319,1.59,0.028091000331187388,24
gen_backend_python_001,naive_summary,backend/python,synthetic,explicit,errors,1,24,1,0.0417,1.0,0.08,201,319,1.59,0.028091000331187388,24
gen_backend_python_002,tokenmizer_v0.5.2,backend/python,synthetic,explicit,completed_tasks,7,8,7,0.875,1.0,0.9333,177,342,1.93,320.64450300003955,22
gen_backend_python_002,tokenmizer_v0.5.2,backend/python,synthetic,explicit,pending_tasks,4,4,4,1.0,1.0,1.0,177,342,1.93,320.64450300003955,22
gen_backend_python_002,tokenmizer_v0.5.2,backend/python,synthetic,explicit,decisions,3,3,3,1.0,1.0,1.0,177,342,1.93,320.64450300003955,22
gen_backend_python_002,tokenmizer_v0.5.2,backend/python,synthetic,explicit,files,6,6,6,1.0,1.0,1.0,177,342,1.93,320.64450300003955,22
gen_backend_python_002,tokenmizer_v0.5.2,backend/python,synthetic,explicit,errors,1,1,1,1.0,1.0,1.0,177,342,1.93,320.64450300003955,22
gen_backend_python_002,graphiti_style,backend/python,synthetic,explicit,completed_tasks,7,12,7,0.5833,1.0,0.7368,185,342,1.85,1.4901389999977255,28
gen_backend_python_002,graphiti_style,backend/python,synthetic,explicit,pending_tasks,4,5,4,0.8,1.0,0.8889,185,342,1.85,1.4901389999977255,28
gen_backend_python_002,graphiti_style,backend/python,synthetic,explicit,decisions,3,4,3,0.75,1.0,0.8571,185,342,1.85,1.4901389999977255,28
gen_backend_python_002,graphiti_style,backend/python,synthetic,explicit,files,6,6,6,1.0,1.0,1.0,185,342,1.85,1.4901389999977255,28
gen_backend_python_002,graphiti_style,backend/python,synthetic,explicit,errors,1,1,1,1.0,1.0,1.0,185,342,1.85,1.4901389999977255,28
gen_backend_python_002,graphrag_style,backend/python,synthetic,explicit,completed_tasks,7,4,4,1.0,0.5714,0.7273,143,342,2.39,0.7299260000763752,17
gen_backend_python_002,graphrag_style,backend/python,synthetic,explicit,pending_tasks,4,3,2,0.6667,0.5,0.5714,143,342,2.39,0.7299260000763752,17
gen_backend_python_002,graphrag_style,backend/python,synthetic,explicit,decisions,3,3,3,1.0,1.0,1.0,143,342,2.39,0.7299260000763752,17
gen_backend_python_002,graphrag_style,backend/python,synthetic,explicit,files,6,6,6,1.0,1.0,1.0,143,342,2.39,0.7299260000763752,17
gen_backend_python_002,graphrag_style,backend/python,synthetic,explicit,errors,1,1,1,1.0,1.0,1.0,143,342,2.39,0.7299260000763752,17
gen_backend_python_002,mem0_style,backend/python,synthetic,explicit,completed_tasks,7,12,7,0.5833,1.0,0.7368,184,342,1.86,1.2327600002208783,28
gen_backend_python_002,mem0_style,backend/python,synthetic,explicit,pending_tasks,4,5,4,0.8,1.0,0.8889,184,342,1.86,1.2327600002208783,28
gen_backend_python_002,mem0_style,backend/python,synthetic,explicit,decisions,3,4,3,0.75,1.0,0.8571,184,342,1.86,1.2327600002208783,28
gen_backend_python_002,mem0_style,backend/python,synthetic,explicit,files,6,6,6,1.0,1.0,1.0,184,342,1.86,1.2327600002208783,28
gen_backend_python_002,mem0_style,backend/python,synthetic,explicit,errors,1,1,1,1.0,1.0,1.0,184,342,1.86,1.2327600002208783,28
gen_backend_python_002,memgpt_style,backend/python,synthetic,explicit,completed_tasks,7,4,2,0.5,0.2857,0.3636,70,342,4.89,0.3337960001772444,9
gen_backend_python_002,memgpt_style,backend/python,synthetic,explicit,pending_tasks,4,2,2,1.0,0.5,0.6667,70,342,4.89,0.3337960001772444,9
gen_backend_python_002,memgpt_style,backend/python,synthetic,explicit,decisions,3,1,1,1.0,0.3333,0.5,70,342,4.89,0.3337960001772444,9
gen_backend_python_002,memgpt_style,backend/python,synthetic,explicit,files,6,2,2,1.0,0.3333,0.5,70,342,4.89,0.3337960001772444,9
gen_backend_python_002,memgpt_style,backend/python,synthetic,explicit,errors,1,0,0,1.0,0.0,0.0,70,342,4.89,0.3337960001772444,9
gen_backend_python_002,sliding_window_10,backend/python,synthetic,explicit,completed_tasks,7,10,1,0.1,0.1429,0.1176,76,342,4.5,0.003507000201352639,10
gen_backend_python_002,sliding_window_10,backend/python,synthetic,explicit,pending_tasks,4,10,2,0.2,0.5,0.2857,76,342,4.5,0.003507000201352639,10
gen_backend_python_002,sliding_window_10,backend/python,synthetic,explicit,decisions,3,10,0,0.0,0.0,0.0,76,342,4.5,0.003507000201352639,10
gen_backend_python_002,sliding_window_10,backend/python,synthetic,explicit,files,6,10,2,0.2,0.3333,0.25,76,342,4.5,0.003507000201352639,10
gen_backend_python_002,sliding_window_10,backend/python,synthetic,explicit,errors,1,10,0,0.0,0.0,0.0,76,342,4.5,0.003507000201352639,10
gen_backend_python_002,naive_truncation,backend/python,synthetic,explicit,completed_tasks,7,35,6,0.1714,0.8571,0.2857,308,342,1.11,0.020569999833242036,35
gen_backend_python_002,naive_truncation,backend/python,synthetic,explicit,pending_tasks,4,35,4,0.1143,1.0,0.2051,308,342,1.11,0.020569999833242036,35
gen_backend_python_002,naive_truncation,backend/python,synthetic,explicit,decisions,3,35,2,0.0571,0.6667,0.1053,308,342,1.11,0.020569999833242036,35
gen_backend_python_002,naive_truncation,backend/python,synthetic,explicit,files,6,35,6,0.1714,1.0,0.2927,308,342,1.11,0.020569999833242036,35
gen_backend_python_002,naive_truncation,backend/python,synthetic,explicit,errors,1,35,1,0.0286,1.0,0.0556,308,342,1.11,0.020569999833242036,35
gen_backend_python_002,naive_summary,backend/python,synthetic,explicit,completed_tasks,7,21,5,0.2381,0.7143,0.3571,209,342,1.64,0.05192900016481872,21
gen_backend_python_002,naive_summary,backend/python,synthetic,explicit,pending_tasks,4,21,2,0.0952,0.5,0.16,209,342,1.64,0.05192900016481872,21
gen_backend_python_002,naive_summary,backend/python,synthetic,explicit,decisions,3,21,2,0.0952,0.6667,0.1667,209,342,1.64,0.05192900016481872,21
gen_backend_python_002,naive_summary,backend/python,synthetic,explicit,files,6,21,2,0.0952,0.3333,0.1481,209,342,1.64,0.05192900016481872,21
gen_backend_python_002,naive_summary,backend/python,synthetic,explicit,errors,1,21,0,0.0,0.0,0.0,209,342,1.64,0.05192900016481872,21
gen_backend_python_003,tokenmizer_v0.5.2,backend/python,synthetic,explicit,completed_tasks,4,4,4,1.0,1.0,1.0,124,259,2.09,271.8806519997088,15
gen_backend_python_003,tokenmizer_v0.5.2,backend/python,synthetic,explicit,pending_tasks,3,3,3,1.0,1.0,1.0,124,259,2.09,271.8806519997088,15
gen_backend_python_003,tokenmizer_v0.5.2,backend/python,synthetic,explicit,decisions,2,2,2,1.0,1.0,1.0,124,259,2.09,271.8806519997088,15
gen_backend_python_003,tokenmizer_v0.5.2,backend/python,synthetic,explicit,files,6,6,6,1.0,1.0,1.0,124,259,2.09,271.8806519997088,15
gen_backend_python_003,graphiti_style,backend/python,synthetic,explicit,completed_tasks,4,8,4,0.5,1.0,0.6667,141,259,1.84,0.8527439999852504,21
gen_backend_python_003,graphiti_style,backend/python,synthetic,explicit,pending_tasks,3,4,3,0.75,1.0,0.8571,141,259,1.84,0.8527439999852504,21
gen_backend_python_003,graphiti_style,backend/python,synthetic,explicit,decisions,2,3,2,0.6667,1.0,0.8,141,259,1.84,0.8527439999852504,21
gen_backend_python_003,graphiti_style,backend/python,synthetic,explicit,files,6,6,6,1.0,1.0,1.0,141,259,1.84,0.8527439999852504,21
gen_backend_python_003,graphrag_style,backend/python,synthetic,explicit,completed_tasks,4,3,3,1.0,0.75,0.8571,106,259,2.44,1.196175000131916,15
gen_backend_python_003,graphrag_style,backend/python,synthetic,explicit,pending_tasks,3,2,1,0.5,0.3333,0.4,106,259,2.44,1.196175000131916,15
gen_backend_python_003,graphrag_style,backend/python,synthetic,explicit,decisions,2,3,2,0.6667,1.0,0.8,106,259,2.44,1.196175000131916,15
gen_backend_python_003,graphrag_style,backend/python,synthetic,explicit,files,6,6,6,1.0,1.0,1.0,106,259,2.44,1.196175000131916,15
gen_backend_python_003,graphrag_style,backend/python,synthetic,explicit,errors,0,1,0,0.0,1.0,0.0,106,259,2.44,1.196175000131916,15
gen_backend_python_003,mem0_style,backend/python,synthetic,explicit,completed_tasks,4,8,4,0.5,1.0,0.6667,140,259,1.85,0.9001739999803249,21
gen_backend_python_003,mem0_style,backend/python,synthetic,explicit,pending_tasks,3,4,3,0.75,1.0,0.8571,140,259,1.85,0.9001739999803249,21
gen_backend_python_003,mem0_style,backend/python,synthetic,explicit,decisions,2,3,2,0.6667,1.0,0.8,140,259,1.85,0.9001739999803249,21
gen_backend_python_003,mem0_style,backend/python,synthetic,explicit,files,6,6,6,1.0,1.0,1.0,140,259,1.85,0.9001739999803249,21
gen_backend_python_003,memgpt_style,backend/python,synthetic,explicit,completed_tasks,4,3,1,0.3333,0.25,0.2857,60,259,4.32,0.2809090001392178,8
gen_backend_python_003,memgpt_style,backend/python,synthetic,explicit,pending_tasks,3,1,1,1.0,0.3333,0.5,60,259,4.32,0.2809090001392178,8
gen_backend_python_003,memgpt_style,backend/python,synthetic,explicit,decisions,2,1,1,1.0,0.5,0.6667,60,259,4.32,0.2809090001392178,8
gen_backend_python_003,memgpt_style,backend/python,synthetic,explicit,files,6,3,3,1.0,0.5,0.6667,60,259,4.32,0.2809090001392178,8
gen_backend_python_003,sliding_window_10,backend/python,synthetic,explicit,completed_tasks,4,10,1,0.1,0.25,0.1429,77,259,3.36,0.0038759999370086007,10
gen_backend_python_003,sliding_window_10,backend/python,synthetic,explicit,pending_tasks,3,10,1,0.1,0.3333,0.1538,77,259,3.36,0.0038759999370086007,10
gen_backend_python_003,sliding_window_10,backend/python,synthetic,explicit,decisions,2,10,0,0.0,0.0,0.0,77,259,3.36,0.0038759999370086007,10
gen_backend_python_003,sliding_window_10,backend/python,synthetic,explicit,files,6,10,3,0.3,0.5,0.375,77,259,3.36,0.0038759999370086007,10
gen_backend_python_003,sliding_window_10,backend/python,synthetic,explicit,errors,0,10,0,0.0,1.0,0.0,77,259,3.36,0.0038759999370086007,10
gen_backend_python_003,naive_truncation,backend/python,synthetic,explicit,completed_tasks,4,30,4,0.1333,1.0,0.2353,276,259,0.94,0.021952000224700896,30
gen_backend_python_003,naive_truncation,backend/python,synthetic,explicit,pending_tasks,3,30,3,0.1,1.0,0.1818,276,259,0.94,0.021952000224700896,30
gen_backend_python_003,naive_truncation,backend/python,synthetic,explicit,decisions,2,30,2,0.0667,1.0,0.125,276,259,0.94,0.021952000224700896,30
gen_backend_python_003,naive_truncation,backend/python,synthetic,explicit,files,6,30,6,0.2,1.0,0.3333,276,259,0.94,0.021952000224700896,30
gen_backend_python_003,naive_truncation,backend/python,synthetic,explicit,errors,0,30,0,0.0,1.0,0.0,276,259,0.94,0.021952000224700896,30
gen_backend_python_003,naive_summary,backend/python,synthetic,explicit,completed_tasks,4,20,3,0.15,0.75,0.25,191,259,1.36,0.035027000194531865,20
gen_backend_python_003,naive_summary,backend/python,synthetic,explicit,pending_tasks,3,20,2,0.1,0.6667,0.1739,191,259,1.36,0.035027000194531865,20
gen_backend_python_003,naive_summary,backend/python,synthetic,explicit,decisions,2,20,1,0.05,0.5,0.0909,191,259,1.36,0.035027000194531865,20
gen_backend_python_003,naive_summary,backend/python,synthetic,explicit,files,6,20,3,0.15,0.5,0.2308,191,259,1.36,0.035027000194531865,20
gen_backend_python_003,naive_summary,backend/python,synthetic,explicit,errors,0,20,0,0.0,1.0,0.0,191,259,1.36,0.035027000194531865,20
gen_backend_python_004,tokenmizer_v0.5.2,backend/python,synthetic,explicit,completed_tasks,3,3,3,1.0,1.0,1.0,154,276,1.79,300.37003799998274,17
gen_backend_python_004,tokenmizer_v0.5.2,backend/python,synthetic,explicit,pending_tasks,2,2,2,1.0,1.0,1.0,154,276,1.79,300.37003799998274,17
gen_backend_python_004,tokenmizer_v0.5.2,backend/python,synthetic,explicit,decisions,4,4,4,1.0,1.0,1.0,154,276,1.79,300.37003799998274,17
gen_backend_python_004,tokenmizer_v0.5.2,backend/python,synthetic,explicit,files,5,5,5,1.0,1.0,1.0,154,276,1.79,300.37003799998274,17
gen_backend_python_004,tokenmizer_v0.5.2,backend/python,synthetic,explicit,errors,3,3,3,1.0,1.0,1.0,154,276,1.79,300.37003799998274,17
gen_backend_python_004,graphiti_style,backend/python,synthetic,explicit,completed_tasks,3,6,3,0.5,1.0,0.6667,163,276,1.69,0.9609720000298694,22
gen_backend_python_004,graphiti_style,backend/python,synthetic,explicit,pending_tasks,2,3,2,0.6667,1.0,0.8,163,276,1.69,0.9609720000298694,22
gen_backend_python_004,graphiti_style,backend/python,synthetic,explicit,decisions,4,5,3,0.6,0.75,0.6667,163,276,1.69,0.9609720000298694,22
gen_backend_python_004,graphiti_style,backend/python,synthetic,explicit,files,5,5,5,1.0,1.0,1.0,163,276,1.69,0.9609720000298694,22
gen_backend_python_004,graphiti_style,backend/python,synthetic,explicit,errors,3,3,3,1.0,1.0,1.0,163,276,1.69,0.9609720000298694,22
gen_backend_python_004,graphrag_style,backend/python,synthetic,explicit,completed_tasks,3,1,1,1.0,0.3333,0.5,140,276,1.97,0.6024680001246452,17
gen_backend_python_004,graphrag_style,backend/python,synthetic,explicit,pending_tasks,2,3,2,0.6667,1.0,0.8,140,276,1.97,0.6024680001246452,17
gen_backend_python_004,graphrag_style,backend/python,synthetic,explicit,decisions,4,5,4,0.8,1.0,0.8889,140,276,1.97,0.6024680001246452,17
gen_backend_python_004,graphrag_style,backend/python,synthetic,explicit,files,5,5,5,1.0,1.0,1.0,140,276,1.97,0.6024680001246452,17
gen_backend_python_004,graphrag_style,backend/python,synthetic,explicit,errors,3,3,3,1.0,1.0,1.0,140,276,1.97,0.6024680001246452,17
gen_backend_python_004,mem0_style,backend/python,synthetic,explicit,completed_tasks,3,6,3,0.5,1.0,0.6667,162,276,1.7,1.02411799980473,22
gen_backend_python_004,mem0_style,backend/python,synthetic,explicit,pending_tasks,2,3,2,0.6667,1.0,0.8,162,276,1.7,1.02411799980473,22
gen_backend_python_004,mem0_style,backend/python,synthetic,explicit,decisions,4,5,3,0.6,0.75,0.6667,162,276,1.7,1.02411799980473,22
gen_backend_python_004,mem0_style,backend/python,synthetic,explicit,files,5,5,5,1.0,1.0,1.0,162,276,1.7,1.02411799980473,22
gen_backend_python_004,mem0_style,backend/python,synthetic,explicit,errors,3,3,3,1.0,1.0,1.0,162,276,1.7,1.02411799980473,22
gen_backend_python_004,memgpt_style,backend/python,synthetic,explicit,completed_tasks,3,3,1,0.3333,0.3333,0.3333,68,276,4.06,0.33000900020851986,9
gen_backend_python_004,memgpt_style,backend/python,synthetic,explicit,pending_tasks,2,0,0,1.0,0.0,0.0,68,276,4.06,0.33000900020851986,9
gen_backend_python_004,memgpt_style,backend/python,synthetic,explicit,decisions,4,1,0,0.0,0.0,0.0,68,276,4.06,0.33000900020851986,9
gen_backend_python_004,memgpt_style,backend/python,synthetic,explicit,files,5,3,3,1.0,0.6,0.75,68,276,4.06,0.33000900020851986,9
gen_backend_python_004,memgpt_style,backend/python,synthetic,explicit,errors,3,2,2,1.0,0.6667,0.8,68,276,4.06,0.33000900020851986,9
gen_backend_python_004,sliding_window_10,backend/python,synthetic,explicit,completed_tasks,3,11,1,0.0909,0.3333,0.1429,97,276,2.85,0.004491999789024703,11
gen_backend_python_004,sliding_window_10,backend/python,synthetic,explicit,pending_tasks,2,11,0,0.0,0.0,0.0,97,276,2.85,0.004491999789024703,11
gen_backend_python_004,sliding_window_10,backend/python,synthetic,explicit,decisions,4,11,1,0.0909,0.25,0.1333,97,276,2.85,0.004491999789024703,11
gen_backend_python_004,sliding_window_10,backend/python,synthetic,explicit,files,5,11,2,0.1818,0.4,0.25,97,276,2.85,0.004491999789024703,11
gen_backend_python_004,sliding_window_10,backend/python,synthetic,explicit,errors,3,11,2,0.1818,0.6667,0.2857,97,276,2.85,0.004491999789024703,11
gen_backend_python_004,naive_truncation,backend/python,synthetic,explicit,completed_tasks,3,33,3,0.0909,1.0,0.1667,295,276,0.94,0.04282500003682799,33
gen_backend_python_004,naive_truncation,backend/python,synthetic,explicit,pending_tasks,2,33,2,0.0606,1.0,0.1143,295,276,0.94,0.04282500003682799,33
gen_backend_python_004,naive_truncation,backend/python,synthetic,explicit,decisions,4,33,4,0.1212,1.0,0.2162,295,276,0.94,0.04282500003682799,33
gen_backend_python_004,naive_truncation,backend/python,synthetic,explicit,files,5,33,5,0.1515,1.0,0.2632,295,276,0.94,0.04282500003682799,33
gen_backend_python_004,naive_truncation,backend/python,synthetic,explicit,errors,3,33,3,0.0909,1.0,0.1667,295,276,0.94,0.04282500003682799,33
gen_backend_python_004,naive_summary,backend/python,synthetic,explicit,completed_tasks,3,22,2,0.0909,0.6667,0.16,192,276,1.44,0.03771299998334143,22
gen_backend_python_004,naive_summary,backend/python,synthetic,explicit,pending_tasks,2,22,2,0.0909,1.0,0.1667,192,276,1.44,0.03771299998334143,22
gen_backend_python_004,naive_summary,backend/python,synthetic,explicit,decisions,4,22,3,0.1364,0.75,0.2308,192,276,1.44,0.03771299998334143,22
gen_backend_python_004,naive_summary,backend/python,synthetic,explicit,files,5,22,2,0.0909,0.4,0.1481,192,276,1.44,0.03771299998334143,22
gen_backend_python_004,naive_summary,backend/python,synthetic,explicit,errors,3,22,1,0.0455,0.3333,0.08,192,276,1.44,0.03771299998334143,22
gen_backend_python_005,tokenmizer_v0.5.2,backend/python,synthetic,explicit,completed_tasks,7,8,7,0.875,1.0,0.9333,126,244,1.94,287.902977000158,17
gen_backend_python_005,tokenmizer_v0.5.2,backend/python,synthetic,explicit,pending_tasks,1,1,1,1.0,1.0,1.0,126,244,1.94,287.902977000158,17
gen_backend_python_005,tokenmizer_v0.5.2,backend/python,synthetic,explicit,decisions,2,2,2,1.0,1.0,1.0,126,244,1.94,287.902977000158,17
gen_backend_python_005,tokenmizer_v0.5.2,backend/python,synthetic,explicit,files,6,6,6,1.0,1.0,1.0,126,244,1.94,287.902977000158,17
gen_backend_python_005,graphiti_style,backend/python,synthetic,explicit,completed_tasks,7,12,7,0.5833,1.0,0.7368,131,244,1.86,1.1984969996774453,23
gen_backend_python_005,graphiti_style,backend/python,synthetic,explicit,pending_tasks,1,2,1,0.5,1.0,0.6667,131,244,1.86,1.1984969996774453,23
gen_backend_python_005,graphiti_style,backend/python,synthetic,explicit,decisions,2,3,2,0.6667,1.0,0.8,131,244,1.86,1.1984969996774453,23
gen_backend_python_005,graphiti_style,backend/python,synthetic,explicit,files,6,6,6,1.0,1.0,1.0,131,244,1.86,1.1984969996774453,23
gen_backend_python_005,graphrag_style,backend/python,synthetic,explicit,completed_tasks,7,3,3,1.0,0.4286,0.6,100,244,2.44,0.9426340002391953,14
gen_backend_python_005,graphrag_style,backend/python,synthetic,explicit,pending_tasks,1,2,1,0.5,1.0,0.6667,100,244,2.44,0.9426340002391953,14
gen_backend_python_005,graphrag_style,backend/python,synthetic,explicit,decisions,2,2,2,1.0,1.0,1.0,100,244,2.44,0.9426340002391953,14
gen_backend_python_005,graphrag_style,backend/python,synthetic,explicit,files,6,6,6,1.0,1.0,1.0,100,244,2.44,0.9426340002391953,14
gen_backend_python_005,graphrag_style,backend/python,synthetic,explicit,errors,0,1,0,0.0,1.0,0.0,100,244,2.44,0.9426340002391953,14
gen_backend_python_005,mem0_style,backend/python,synthetic,explicit,completed_tasks,7,12,7,0.5833,1.0,0.7368,130,244,1.88,1.7699559998618497,23
gen_backend_python_005,mem0_style,backend/python,synthetic,explicit,pending_tasks,1,2,1,0.5,1.0,0.6667,130,244,1.88,1.7699559998618497,23
gen_backend_python_005,mem0_style,backend/python,synthetic,explicit,decisions,2,3,2,0.6667,1.0,0.8,130,244,1.88,1.7699559998618497,23
gen_backend_python_005,mem0_style,backend/python,synthetic,explicit,files,6,6,6,1.0,1.0,1.0,130,244,1.88,1.7699559998618497,23
gen_backend_python_005,memgpt_style,backend/python,synthetic,explicit,completed_tasks,7,4,3,0.75,0.4286,0.5455,76,244,3.21,0.30584700016333954,9
gen_backend_python_005,memgpt_style,backend/python,synthetic,explicit,pending_tasks,1,1,1,1.0,1.0,1.0,76,244,3.21,0.30584700016333954,9
gen_backend_python_005,memgpt_style,backend/python,synthetic,explicit,decisions,2,2,1,0.5,0.5,0.5,76,244,3.21,0.30584700016333954,9
gen_backend_python_005,memgpt_style,backend/python,synthetic,explicit,files,6,2,2,1.0,0.3333,0.5,76,244,3.21,0.30584700016333954,9
gen_backend_python_005,sliding_window_10,backend/python,synthetic,explicit,completed_tasks,7,12,3,0.25,0.4286,0.3158,104,244,2.35,0.0038240000321820844,12
gen_backend_python_005,sliding_window_10,backend/python,synthetic,explicit,pending_tasks,1,12,1,0.0833,1.0,0.1538,104,244,2.35,0.0038240000321820844,12
gen_backend_python_005,sliding_window_10,backend/python,synthetic,explicit,decisions,2,12,1,0.0833,0.5,0.1429,104,244,2.35,0.0038240000321820844,12
gen_backend_python_005,sliding_window_10,backend/python,synthetic,explicit,files,6,12,2,0.1667,0.3333,0.2222,104,244,2.35,0.0038240000321820844,12
gen_backend_python_005,sliding_window_10,backend/python,synthetic,explicit,errors,0,12,0,0.0,1.0,0.0,104,244,2.35,0.0038240000321820844,12
gen_backend_python_005,naive_truncation,backend/python,synthetic,explicit,completed_tasks,7,29,7,0.2414,1.0,0.3889,260,244,0.94,0.01701500013950863,29
gen_backend_python_005,naive_truncation,backend/python,synthetic,explicit,pending_tasks,1,29,1,0.0345,1.0,0.0667,260,244,0.94,0.01701500013950863,29
gen_backend_python_005,naive_truncation,backend/python,synthetic,explicit,decisions,2,29,2,0.069,1.0,0.129,260,244,0.94,0.01701500013950863,29
gen_backend_python_005,naive_truncation,backend/python,synthetic,explicit,files,6,29,6,0.2069,1.0,0.3429,260,244,0.94,0.01701500013950863,29
gen_backend_python_005,naive_truncation,backend/python,synthetic,explicit,errors,0,29,0,0.0,1.0,0.0,260,244,0.94,0.01701500013950863,29
gen_backend_python_005,naive_summary,backend/python,synthetic,explicit,completed_tasks,7,24,6,0.25,0.8571,0.3871,207,244,1.18,0.035088999993604375,24
gen_backend_python_005,naive_summary,backend/python,synthetic,explicit,pending_tasks,1,24,0,0.0,0.0,0.0,207,244,1.18,0.035088999993604375,24
gen_backend_python_005,naive_summary,backend/python,synthetic,explicit,decisions,2,24,1,0.0417,0.5,0.0769,207,244,1.18,0.035088999993604375,24
gen_backend_python_005,naive_summary,backend/python,synthetic,explicit,files,6,24,5,0.2083,0.8333,0.3333,207,244,1.18,0.035088999993604375,24
gen_backend_python_005,naive_summary,backend/python,synthetic,explicit,errors,0,24,0,0.0,1.0,0.0,207,244,1.18,0.035088999993604375,24
gen_backend_python_006,tokenmizer_v0.5.2,backend/python,synthetic,explicit,completed_tasks,4,4,4,1.0,1.0,1.0,142,260,1.83,270.6825210002535,16
gen_backend_python_006,tokenmizer_v0.5.2,backend/python,synthetic,explicit,pending_tasks,3,3,3,1.0,1.0,1.0,142,260,1.83,270.6825210002535,16
gen_backend_python_006,tokenmizer_v0.5.2,backend/python,synthetic,explicit,decisions,4,4,4,1.0,1.0,1.0,142,260,1.83,270.6825210002535,16
gen_backend_python_006,tokenmizer_v0.5.2,backend/python,synthetic,explicit,files,5,5,5,1.0,1.0,1.0,142,260,1.83,270.6825210002535,16
gen_backend_python_006,graphiti_style,backend/python,synthetic,explicit,completed_tasks,4,7,4,0.5714,1.0,0.7273,153,260,1.7,1.1120899998786626,20
gen_backend_python_006,graphiti_style,backend/python,synthetic,explicit,pending_tasks,3,4,3,0.75,1.0,0.8571,153,260,1.7,1.1120899998786626,20
gen_backend_python_006,graphiti_style,backend/python,synthetic,explicit,decisions,4,4,4,1.0,1.0,1.0,153,260,1.7,1.1120899998786626,20
gen_backend_python_006,graphiti_style,backend/python,synthetic,explicit,files,5,5,5,1.0,1.0,1.0,153,260,1.7,1.1120899998786626,20
gen_backend_python_006,graphrag_style,backend/python,synthetic,explicit,completed_tasks,4,1,1,1.0,0.25,0.4,82,260,3.17,0.5002779998903861,11
gen_backend_python_006,graphrag_style,backend/python,synthetic,explicit,pending_tasks,3,1,0,0.0,0.0,0.0,82,260,3.17,0.5002779998903861,11
gen_backend_python_006,graphrag_style,backend/python,synthetic,explicit,decisions,4,4,4,1.0,1.0,1.0,82,260,3.17,0.5002779998903861,11
gen_backend_python_006,graphrag_style,backend/python,synthetic,explicit,files,5,5,5,1.0,1.0,1.0,82,260,3.17,0.5002779998903861,11
gen_backend_python_006,mem0_style,backend/python,synthetic,explicit,completed_tasks,4,7,4,0.5714,1.0,0.7273,152,260,1.71,0.8912910002436547,20
gen_backend_python_006,mem0_style,backend/python,synthetic,explicit,pending_tasks,3,4,3,0.75,1.0,0.8571,152,260,1.71,0.8912910002436547,20
gen_backend_python_006,mem0_style,backend/python,synthetic,explicit,decisions,4,4,4,1.0,1.0,1.0,152,260,1.71,0.8912910002436547,20
gen_backend_python_006,mem0_style,backend/python,synthetic,explicit,files,5,5,5,1.0,1.0,1.0,152,260,1.71,0.8912910002436547,20
gen_backend_python_006,memgpt_style,backend/python,synthetic,explicit,completed_tasks,4,4,3,0.75,0.75,0.75,71,260,3.66,0.36474000035013887,8
gen_backend_python_006,memgpt_style,backend/python,synthetic,explicit,pending_tasks,3,1,1,1.0,0.3333,0.5,71,260,3.66,0.36474000035013887,8
gen_backend_python_006,memgpt_style,backend/python,synthetic,explicit,decisions,4,1,1,1.0,0.25,0.4,71,260,3.66,0.36474000035013887,8
gen_backend_python_006,memgpt_style,backend/python,synthetic,explicit,files,5,2,2,1.0,0.4,0.5714,71,260,3.66,0.36474000035013887,8
gen_backend_python_006,sliding_window_10,backend/python,synthetic,explicit,completed_tasks,4,11,2,0.1818,0.5,0.2667,89,260,2.92,0.004288000127417035,11
gen_backend_python_006,sliding_window_10,backend/python,synthetic,explicit,pending_tasks,3,11,1,0.0909,0.3333,0.1429,89,260,2.92,0.004288000127417035,11
gen_backend_python_006,sliding_window_10,backend/python,synthetic,explicit,decisions,4,11,1,0.0909,0.25,0.1333,89,260,2.92,0.004288000127417035,11
gen_backend_python_006,sliding_window_10,backend/python,synthetic,explicit,files,5,11,2,0.1818,0.4,0.25,89,260,2.92,0.004288000127417035,11
gen_backend_python_006,sliding_window_10,backend/python,synthetic,explicit,errors,0,11,0,0.0,1.0,0.0,89,260,2.92,0.004288000127417035,11
gen_backend_python_006,naive_truncation,backend/python,synthetic,explicit,completed_tasks,4,32,4,0.125,1.0,0.2222,277,260,0.94,0.01940099991770694,32
gen_backend_python_006,naive_truncation,backend/python,synthetic,explicit,pending_tasks,3,32,3,0.0938,1.0,0.1714,277,260,0.94,0.01940099991770694,32
gen_backend_python_006,naive_truncation,backend/python,synthetic,explicit,decisions,4,32,4,0.125,1.0,0.2222,277,260,0.94,0.01940099991770694,32
gen_backend_python_006,naive_truncation,backend/python,synthetic,explicit,files,5,32,5,0.1562,1.0,0.2703,277,260,0.94,0.01940099991770694,32
gen_backend_python_006,naive_truncation,backend/python,synthetic,explicit,errors,0,32,0,0.0,1.0,0.0,277,260,0.94,0.01940099991770694,32
gen_backend_python_006,naive_summary,backend/python,synthetic,explicit,completed_tasks,4,23,2,0.087,0.5,0.1481,199,260,1.31,0.039475999983551446,23
gen_backend_python_006,naive_summary,backend/python,synthetic,explicit,pending_tasks,3,23,3,0.1304,1.0,0.2308,199,260,1.31,0.039475999983551446,23
gen_backend_python_006,naive_summary,backend/python,synthetic,explicit,decisions,4,23,3,0.1304,0.75,0.2222,199,260,1.31,0.039475999983551446,23
gen_backend_python_006,naive_summary,backend/python,synthetic,explicit,files,5,23,3,0.1304,0.6,0.2143,199,260,1.31,0.039475999983551446,23
gen_backend_python_006,naive_summary,backend/python,synthetic,explicit,errors,0,23,0,0.0,1.0,0.0,199,260,1.31,0.039475999983551446,23
gen_data_sql_001,tokenmizer_v0.5.2,data/sql,synthetic,mixed,completed_tasks,6,6,6,1.0,1.0,1.0,156,350,2.24,290.07755900011034,15
gen_data_sql_001,tokenmizer_v0.5.2,data/sql,synthetic,mixed,pending_tasks,2,1,1,1.0,0.5,0.6667,156,350,2.24,290.07755900011034,15
gen_data_sql_001,tokenmizer_v0.5.2,data/sql,synthetic,mixed,decisions,2,2,2,1.0,1.0,1.0,156,350,2.24,290.07755900011034,15
gen_data_sql_001,tokenmizer_v0.5.2,data/sql,synthetic,mixed,files,5,5,5,1.0,1.0,1.0,156,350,2.24,290.07755900011034,15
gen_data_sql_001,tokenmizer_v0.5.2,data/sql,synthetic,mixed,errors,2,1,1,1.0,0.5,0.6667,156,350,2.24,290.07755900011034,15
gen_data_sql_001,graphiti_style,data/sql,synthetic,mixed,completed_tasks,6,5,4,0.8,0.6667,0.7273,141,350,2.48,1.363779999792314,15
gen_data_sql_001,graphiti_style,data/sql,synthetic,mixed,pending_tasks,2,2,1,0.5,0.5,0.5,141,350,2.48,1.363779999792314,15
gen_data_sql_001,graphiti_style,data/sql,synthetic,mixed,decisions,2,3,2,0.6667,1.0,0.8,141,350,2.48,1.363779999792314,15
gen_data_sql_001,graphiti_style,data/sql,synthetic,mixed,files,5,5,5,1.0,1.0,1.0,141,350,2.48,1.363779999792314,15
gen_data_sql_001,graphiti_style,data/sql,synthetic,mixed,errors,2,0,0,1.0,0.0,0.0,141,350,2.48,1.363779999792314,15
gen_data_sql_001,graphrag_style,data/sql,synthetic,mixed,completed_tasks,6,1,1,1.0,0.1667,0.2857,91,350,3.85,0.9364880002067366,11
gen_data_sql_001,graphrag_style,data/sql,synthetic,mixed,pending_tasks,2,1,0,0.0,0.0,0.0,91,350,3.85,0.9364880002067366,11
gen_data_sql_001,graphrag_style,data/sql,synthetic,mixed,decisions,2,3,2,0.6667,1.0,0.8,91,350,3.85,0.9364880002067366,11
gen_data_sql_001,graphrag_style,data/sql,synthetic,mixed,files,5,5,5,1.0,1.0,1.0,91,350,3.85,0.9364880002067366,11
gen_data_sql_001,graphrag_style,data/sql,synthetic,mixed,errors,2,1,0,0.0,0.0,0.0,91,350,3.85,0.9364880002067366,11
gen_data_sql_001,mem0_style,data/sql,synthetic,mixed,completed_tasks,6,5,4,0.8,0.6667,0.7273,140,350,2.5,1.157015999979194,15
gen_data_sql_001,mem0_style,data/sql,synthetic,mixed,pending_tasks,2,2,1,0.5,0.5,0.5,140,350,2.5,1.157015999979194,15
gen_data_sql_001,mem0_style,data/sql,synthetic,mixed,decisions,2,3,2,0.6667,1.0,0.8,140,350,2.5,1.157015999979194,15
gen_data_sql_001,mem0_style,data/sql,synthetic,mixed,files,5,5,5,1.0,1.0,1.0,140,350,2.5,1.157015999979194,15
gen_data_sql_001,mem0_style,data/sql,synthetic,mixed,errors,2,0,0,1.0,0.0,0.0,140,350,2.5,1.157015999979194,15
gen_data_sql_001,memgpt_style,data/sql,synthetic,mixed,completed_tasks,6,2,2,1.0,0.3333,0.5,70,350,5.0,0.48841100033314433,6
gen_data_sql_001,memgpt_style,data/sql,synthetic,mixed,pending_tasks,2,1,1,1.0,0.5,0.6667,70,350,5.0,0.48841100033314433,6
gen_data_sql_001,memgpt_style,data/sql,synthetic,mixed,decisions,2,1,0,0.0,0.0,0.0,70,350,5.0,0.48841100033314433,6
gen_data_sql_001,memgpt_style,data/sql,synthetic,mixed,files,5,2,3,1.0,0.6,0.75,70,350,5.0,0.48841100033314433,6
gen_data_sql_001,memgpt_style,data/sql,synthetic,mixed,errors,2,0,0,1.0,0.0,0.0,70,350,5.0,0.48841100033314433,6
gen_data_sql_001,sliding_window_10,data/sql,synthetic,mixed,completed_tasks,6,12,3,0.25,0.5,0.3333,150,350,2.33,0.0037039999369881116,12
gen_data_sql_001,sliding_window_10,data/sql,synthetic,mixed,pending_tasks,2,12,2,0.1667,1.0,0.2857,150,350,2.33,0.0037039999369881116,12
gen_data_sql_001,sliding_window_10,data/sql,synthetic,mixed,decisions,2,12,0,0.0,0.0,0.0,150,350,2.33,0.0037039999369881116,12
gen_data_sql_001,sliding_window_10,data/sql,synthetic,mixed,files,5,12,1,0.0833,0.2,0.1176,150,350,2.33,0.0037039999369881116,12
gen_data_sql_001,sliding_window_10,data/sql,synthetic,mixed,errors,2,12,1,0.0833,0.5,0.1429,150,350,2.33,0.0037039999369881116,12
gen_data_sql_001,naive_truncation,data/sql,synthetic,mixed,completed_tasks,6,26,5,0.1923,0.8333,0.3125,295,350,1.19,0.01733699991746107,26
gen_data_sql_001,naive_truncation,data/sql,synthetic,mixed,pending_tasks,2,26,2,0.0769,1.0,0.1429,295,350,1.19,0.01733699991746107,26
gen_data_sql_001,naive_truncation,data/sql,synthetic,mixed,decisions,2,26,2,0.0769,1.0,0.1429,295,350,1.19,0.01733699991746107,26
gen_data_sql_001,naive_truncation,data/sql,synthetic,mixed,files,5,26,5,0.1923,1.0,0.3226,295,350,1.19,0.01733699991746107,26
gen_data_sql_001,naive_truncation,data/sql,synthetic,mixed,errors,2,26,1,0.0385,0.5,0.0714,295,350,1.19,0.01733699991746107,26
gen_data_sql_001,naive_summary,data/sql,synthetic,mixed,completed_tasks,6,19,3,0.1579,0.5,0.24,193,350,1.81,0.0499360003232141,19
gen_data_sql_001,naive_summary,data/sql,synthetic,mixed,pending_tasks,2,19,0,0.0,0.0,0.0,193,350,1.81,0.0499360003232141,19
gen_data_sql_001,naive_summary,data/sql,synthetic,mixed,decisions,2,19,2,0.1053,1.0,0.1905,193,350,1.81,0.0499360003232141,19
gen_data_sql_001,naive_summary,data/sql,synthetic,mixed,files,5,19,4,0.1579,0.8,0.2637,193,350,1.81,0.0499360003232141,19
gen_data_sql_001,naive_summary,data/sql,synthetic,mixed,errors,2,19,1,0.0526,0.5,0.0952,193,350,1.81,0.0499360003232141,19
gen_data_sql_002,tokenmizer_v0.5.2,data/sql,synthetic,mixed,completed_tasks,3,2,2,1.0,0.6667,0.8,146,371,2.54,321.64779000004273,15
gen_data_sql_002,tokenmizer_v0.5.2,data/sql,synthetic,mixed,pending_tasks,4,2,2,1.0,0.5,0.6667,146,371,2.54,321.64779000004273,15
gen_data_sql_002,tokenmizer_v0.5.2,data/sql,synthetic,mixed,decisions,3,3,3,1.0,1.0,1.0,146,371,2.54,321.64779000004273,15
gen_data_sql_002,tokenmizer_v0.5.2,data/sql,synthetic,mixed,files,6,6,6,1.0,1.0,1.0,146,371,2.54,321.64779000004273,15
gen_data_sql_002,tokenmizer_v0.5.2,data/sql,synthetic,mixed,errors,2,2,2,1.0,1.0,1.0,146,371,2.54,321.64779000004273,15
gen_data_sql_002,graphiti_style,data/sql,synthetic,mixed,completed_tasks,3,6,2,0.3333,0.6667,0.4444,150,371,2.47,1.2409269997988304,20
gen_data_sql_002,graphiti_style,data/sql,synthetic,mixed,pending_tasks,4,4,1,0.25,0.25,0.25,150,371,2.47,1.2409269997988304,20
gen_data_sql_002,graphiti_style,data/sql,synthetic,mixed,decisions,3,3,3,1.0,1.0,1.0,150,371,2.47,1.2409269997988304,20
gen_data_sql_002,graphiti_style,data/sql,synthetic,mixed,files,6,6,6,1.0,1.0,1.0,150,371,2.47,1.2409269997988304,20
gen_data_sql_002,graphiti_style,data/sql,synthetic,mixed,errors,2,1,1,1.0,0.5,0.6667,150,371,2.47,1.2409269997988304,20
gen_data_sql_002,graphrag_style,data/sql,synthetic,mixed,completed_tasks,3,0,0,1.0,0.0,0.0,84,371,4.42,0.6583780000255501,12
gen_data_sql_002,graphrag_style,data/sql,synthetic,mixed,pending_tasks,4,3,1,0.3333,0.25,0.2857,84,371,4.42,0.6583780000255501,12
gen_data_sql_002,graphrag_style,data/sql,synthetic,mixed,decisions,3,3,3,1.0,1.0,1.0,84,371,4.42,0.6583780000255501,12
gen_data_sql_002,graphrag_style,data/sql,synthetic,mixed,files,6,6,6,1.0,1.0,1.0,84,371,4.42,0.6583780000255501,12
gen_data_sql_002,graphrag_style,data/sql,synthetic,mixed,errors,2,0,0,1.0,0.0,0.0,84,371,4.42,0.6583780000255501,12
gen_data_sql_002,mem0_style,data/sql,synthetic,mixed,completed_tasks,3,6,2,0.3333,0.6667,0.4444,146,371,2.54,1.1849519996758318,19
gen_data_sql_002,mem0_style,data/sql,synthetic,mixed,pending_tasks,4,3,1,0.3333,0.25,0.2857,146,371,2.54,1.1849519996758318,19
gen_data_sql_002,mem0_style,data/sql,synthetic,mixed,decisions,3,3,3,1.0,1.0,1.0,146,371,2.54,1.1849519996758318,19
gen_data_sql_002,mem0_style,data/sql,synthetic,mixed,files,6,6,6,1.0,1.0,1.0,146,371,2.54,1.1849519996758318,19
gen_data_sql_002,mem0_style,data/sql,synthetic,mixed,errors,2,1,1,1.0,0.5,0.6667,146,371,2.54,1.1849519996758318,19
gen_data_sql_002,memgpt_style,data/sql,synthetic,mixed,completed_tasks,3,4,1,0.25,0.3333,0.2857,74,371,5.01,0.4247749998285144,9
gen_data_sql_002,memgpt_style,data/sql,synthetic,mixed,pending_tasks,4,0,0,1.0,0.0,0.0,74,371,5.01,0.4247749998285144,9
gen_data_sql_002,memgpt_style,data/sql,synthetic,mixed,decisions,3,1,1,1.0,0.3333,0.5,74,371,5.01,0.4247749998285144,9
gen_data_sql_002,memgpt_style,data/sql,synthetic,mixed,files,6,3,4,1.0,0.6667,0.8,74,371,5.01,0.4247749998285144,9
gen_data_sql_002,memgpt_style,data/sql,synthetic,mixed,errors,2,1,1,1.0,0.5,0.6667,74,371,5.01,0.4247749998285144,9
gen_data_sql_002,sliding_window_10,data/sql,synthetic,mixed,completed_tasks,3,12,2,0.1667,0.6667,0.2667,126,371,2.94,0.0034570002753753215,12
gen_data_sql_002,sliding_window_10,data/sql,synthetic,mixed,pending_tasks,4,12,1,0.0833,0.25,0.125,126,371,2.94,0.0034570002753753215,12
gen_data_sql_002,sliding_window_10,data/sql,synthetic,mixed,decisions,3,12,1,0.0833,0.3333,0.1333,126,371,2.94,0.0034570002753753215,12
gen_data_sql_002,sliding_window_10,data/sql,synthetic,mixed,files,6,12,4,0.25,0.6667,0.3636,126,371,2.94,0.0034570002753753215,12
gen_data_sql_002,sliding_window_10,data/sql,synthetic,mixed,errors,2,12,0,0.0,0.0,0.0,126,371,2.94,0.0034570002753753215,12
gen_data_sql_002,naive_truncation,data/sql,synthetic,mixed,completed_tasks,3,27,3,0.1111,1.0,0.2,301,371,1.23,0.014897999790264294,27
gen_data_sql_002,naive_truncation,data/sql,synthetic,mixed,pending_tasks,4,27,3,0.1111,0.75,0.1935,301,371,1.23,0.014897999790264294,27
gen_data_sql_002,naive_truncation,data/sql,synthetic,mixed,decisions,3,27,2,0.0741,0.6667,0.1333,301,371,1.23,0.014897999790264294,27
gen_data_sql_002,naive_truncation,data/sql,synthetic,mixed,files,6,27,6,0.1852,1.0,0.3125,301,371,1.23,0.014897999790264294,27
gen_data_sql_002,naive_truncation,data/sql,synthetic,mixed,errors,2,27,2,0.0741,1.0,0.1379,301,371,1.23,0.014897999790264294,27
gen_data_sql_002,naive_summary,data/sql,synthetic,mixed,completed_tasks,3,14,0,0.0,0.0,0.0,178,371,2.08,0.04565500012176926,14
gen_data_sql_002,naive_summary,data/sql,synthetic,mixed,pending_tasks,4,14,2,0.1429,0.5,0.2222,178,371,2.08,0.04565500012176926,14
gen_data_sql_002,naive_summary,data/sql,synthetic,mixed,decisions,3,14,1,0.0714,0.3333,0.1176,178,371,2.08,0.04565500012176926,14
gen_data_sql_002,naive_summary,data/sql,synthetic,mixed,files,6,14,4,0.2143,0.6667,0.3243,178,371,2.08,0.04565500012176926,14
gen_data_sql_002,naive_summary,data/sql,synthetic,mixed,errors,2,14,1,0.0714,0.5,0.125,178,371,2.08,0.04565500012176926,14
gen_data_sql_003,tokenmizer_v0.5.2,data/sql,synthetic,mixed,completed_tasks,3,2,2,1.0,0.6667,0.8,99,258,2.61,294.5808089998536,10
gen_data_sql_003,tokenmizer_v0.5.2,data/sql,synthetic,mixed,pending_tasks,1,1,1,1.0,1.0,1.0,99,258,2.61,294.5808089998536,10
gen_data_sql_003,tokenmizer_v0.5.2,data/sql,synthetic,mixed,decisions,5,5,5,1.0,1.0,1.0,99,258,2.61,294.5808089998536,10
gen_data_sql_003,tokenmizer_v0.5.2,data/sql,synthetic,mixed,files,2,2,2,1.0,1.0,1.0,99,258,2.61,294.5808089998536,10
gen_data_sql_003,graphiti_style,data/sql,synthetic,mixed,completed_tasks,3,1,1,1.0,0.3333,0.5,74,258,3.49,1.1131690002912364,9
gen_data_sql_003,graphiti_style,data/sql,synthetic,mixed,pending_tasks,1,1,0,0.0,0.0,0.0,74,258,3.49,1.1131690002912364,9
gen_data_sql_003,graphiti_style,data/sql,synthetic,mixed,decisions,5,5,4,0.8,0.8,0.8,74,258,3.49,1.1131690002912364,9
gen_data_sql_003,graphiti_style,data/sql,synthetic,mixed,files,2,2,2,1.0,1.0,1.0,74,258,3.49,1.1131690002912364,9
gen_data_sql_003,graphrag_style,data/sql,synthetic,mixed,completed_tasks,3,0,0,1.0,0.0,0.0,62,258,4.16,0.4602660001182812,7
gen_data_sql_003,graphrag_style,data/sql,synthetic,mixed,pending_tasks,1,1,0,0.0,0.0,0.0,62,258,4.16,0.4602660001182812,7
gen_data_sql_003,graphrag_style,data/sql,synthetic,mixed,decisions,5,4,4,1.0,0.8,0.8889,62,258,4.16,0.4602660001182812,7
gen_data_sql_003,graphrag_style,data/sql,synthetic,mixed,files,2,2,2,1.0,1.0,1.0,62,258,4.16,0.4602660001182812,7
gen_data_sql_003,mem0_style,data/sql,synthetic,mixed,completed_tasks,3,1,1,1.0,0.3333,0.5,73,258,3.53,1.0078439995595545,9
gen_data_sql_003,mem0_style,data/sql,synthetic,mixed,pending_tasks,1,1,0,0.0,0.0,0.0,73,258,3.53,1.0078439995595545,9
gen_data_sql_003,mem0_style,data/sql,synthetic,mixed,decisions,5,5,4,0.8,0.8,0.8,73,258,3.53,1.0078439995595545,9
gen_data_sql_003,mem0_style,data/sql,synthetic,mixed,files,2,2,2,1.0,1.0,1.0,73,258,3.53,1.0078439995595545,9
gen_data_sql_003,memgpt_style,data/sql,synthetic,mixed,completed_tasks,3,1,1,1.0,0.3333,0.5,40,258,6.45,0.32691100022930186,4
gen_data_sql_003,memgpt_style,data/sql,synthetic,mixed,pending_tasks,1,0,0,1.0,0.0,0.0,40,258,6.45,0.32691100022930186,4
gen_data_sql_003,memgpt_style,data/sql,synthetic,mixed,decisions,5,2,2,1.0,0.4,0.5714,40,258,6.45,0.32691100022930186,4
gen_data_sql_003,memgpt_style,data/sql,synthetic,mixed,files,2,1,1,1.0,0.5,0.6667,40,258,6.45,0.32691100022930186,4
gen_data_sql_003,sliding_window_10,data/sql,synthetic,mixed,completed_tasks,3,12,2,0.1667,0.6667,0.2667,144,258,1.79,0.07815599974492216,12
gen_data_sql_003,sliding_window_10,data/sql,synthetic,mixed,pending_tasks,1,12,1,0.0833,1.0,0.1538,144,258,1.79,0.07815599974492216,12
gen_data_sql_003,sliding_window_10,data/sql,synthetic,mixed,decisions,5,12,3,0.25,0.6,0.3529,144,258,1.79,0.07815599974492216,12
gen_data_sql_003,sliding_window_10,data/sql,synthetic,mixed,files,2,12,1,0.0833,0.5,0.1429,144,258,1.79,0.07815599974492216,12
gen_data_sql_003,sliding_window_10,data/sql,synthetic,mixed,errors,0,12,0,0.0,1.0,0.0,144,258,1.79,0.07815599974492216,12
gen_data_sql_003,naive_truncation,data/sql,synthetic,mixed,completed_tasks,3,22,3,0.1364,1.0,0.24,269,258,0.96,0.01732400005494128,22
gen_data_sql_003,naive_truncation,data/sql,synthetic,mixed,pending_tasks,1,22,1,0.0455,1.0,0.087,269,258,0.96,0.01732400005494128,22
gen_data_sql_003,naive_truncation,data/sql,synthetic,mixed,decisions,5,22,5,0.2273,1.0,0.3704,269,258,0.96,0.01732400005494128,22
gen_data_sql_003,naive_truncation,data/sql,synthetic,mixed,files,2,22,2,0.0909,1.0,0.1667,269,258,0.96,0.01732400005494128,22
gen_data_sql_003,naive_truncation,data/sql,synthetic,mixed,errors,0,22,0,0.0,1.0,0.0,269,258,0.96,0.01732400005494128,22
gen_data_sql_003,naive_summary,data/sql,synthetic,mixed,completed_tasks,3,14,2,0.1429,0.6667,0.2353,169,258,1.53,0.035259000014775665,14
gen_data_sql_003,naive_summary,data/sql,synthetic,mixed,pending_tasks,1,14,0,0.0,0.0,0.0,169,258,1.53,0.035259000014775665,14
gen_data_sql_003,naive_summary,data/sql,synthetic,mixed,decisions,5,14,2,0.1429,0.4,0.2105,169,258,1.53,0.035259000014775665,14
gen_data_sql_003,naive_summary,data/sql,synthetic,mixed,files,2,14,1,0.0714,0.5,0.125,169,258,1.53,0.035259000014775665,14
gen_data_sql_003,naive_summary,data/sql,synthetic,mixed,errors,0,14,0,0.0,1.0,0.0,169,258,1.53,0.035259000014775665,14
gen_data_sql_004,tokenmizer_v0.5.2,data/sql,synthetic,mixed,completed_tasks,5,4,3,0.75,0.6,0.6667,125,331,2.65,281.68575200015766,13
gen_data_sql_004,tokenmizer_v0.5.2,data/sql,synthetic,mixed,pending_tasks,1,1,1,1.0,1.0,1.0,125,331,2.65,281.68575200015766,13
gen_data_sql_004,tokenmizer_v0.5.2,data/sql,synthetic,mixed,decisions,3,3,3,1.0,1.0,1.0,125,331,2.65,281.68575200015766,13
gen_data_sql_004,tokenmizer_v0.5.2,data/sql,synthetic,mixed,files,2,2,2,1.0,1.0,1.0,125,331,2.65,281.68575200015766,13
gen_data_sql_004,tokenmizer_v0.5.2,data/sql,synthetic,mixed,errors,2,3,2,0.6667,1.0,0.8,125,331,2.65,281.68575200015766,13
gen_data_sql_004,graphiti_style,data/sql,synthetic,mixed,completed_tasks,5,3,2,0.6667,0.4,0.5,83,331,3.99,1.178030000119179,10
gen_data_sql_004,graphiti_style,data/sql,synthetic,mixed,pending_tasks,1,2,0,0.0,0.0,0.0,83,331,3.99,1.178030000119179,10
gen_data_sql_004,graphiti_style,data/sql,synthetic,mixed,decisions,3,2,1,0.5,0.3333,0.4,83,331,3.99,1.178030000119179,10
gen_data_sql_004,graphiti_style,data/sql,synthetic,mixed,files,2,2,2,1.0,1.0,1.0,83,331,3.99,1.178030000119179,10
gen_data_sql_004,graphiti_style,data/sql,synthetic,mixed,errors,2,1,1,1.0,0.5,0.6667,83,331,3.99,1.178030000119179,10
gen_data_sql_004,graphrag_style,data/sql,synthetic,mixed,completed_tasks,5,1,1,1.0,0.2,0.3333,50,331,6.62,0.5714110002372763,7
gen_data_sql_004,graphrag_style,data/sql,synthetic,mixed,pending_tasks,1,2,0,0.0,0.0,0.0,50,331,6.62,0.5714110002372763,7
gen_data_sql_004,graphrag_style,data/sql,synthetic,mixed,decisions,3,2,1,0.5,0.3333,0.4,50,331,6.62,0.5714110002372763,7
gen_data_sql_004,graphrag_style,data/sql,synthetic,mixed,files,2,2,2,1.0,1.0,1.0,50,331,6.62,0.5714110002372763,7
gen_data_sql_004,graphrag_style,data/sql,synthetic,mixed,errors,2,0,0,1.0,0.0,0.0,50,331,6.62,0.5714110002372763,7
gen_data_sql_004,mem0_style,data/sql,synthetic,mixed,completed_tasks,5,3,2,0.6667,0.4,0.5,82,331,4.04,1.190558000416786,10
gen_data_sql_004,mem0_style,data/sql,synthetic,mixed,pending_tasks,1,2,0,0.0,0.0,0.0,82,331,4.04,1.190558000416786,10
gen_data_sql_004,mem0_style,data/sql,synthetic,mixed,decisions,3,2,1,0.5,0.3333,0.4,82,331,4.04,1.190558000416786,10
gen_data_sql_004,mem0_style,data/sql,synthetic,mixed,files,2,2,2,1.0,1.0,1.0,82,331,4.04,1.190558000416786,10
gen_data_sql_004,mem0_style,data/sql,synthetic,mixed,errors,2,1,1,1.0,0.5,0.6667,82,331,4.04,1.190558000416786,10
gen_data_sql_004,memgpt_style,data/sql,synthetic,mixed,completed_tasks,5,3,2,0.6667,0.4,0.5,39,331,8.49,0.42191900001853355,4
gen_data_sql_004,memgpt_style,data/sql,synthetic,mixed,pending_tasks,1,0,0,1.0,0.0,0.0,39,331,8.49,0.42191900001853355,4
gen_data_sql_004,memgpt_style,data/sql,synthetic,mixed,decisions,3,0,0,1.0,0.0,0.0,39,331,8.49,0.42191900001853355,4
gen_data_sql_004,memgpt_style,data/sql,synthetic,mixed,files,2,1,1,1.0,0.5,0.6667,39,331,8.49,0.42191900001853355,4
gen_data_sql_004,memgpt_style,data/sql,synthetic,mixed,errors,2,0,0,1.0,0.0,0.0,39,331,8.49,0.42191900001853355,4
gen_data_sql_004,sliding_window_10,data/sql,synthetic,mixed,completed_tasks,5,13,5,0.3846,1.0,0.5556,205,331,1.61,0.004535999778454425,13
gen_data_sql_004,sliding_window_10,data/sql,synthetic,mixed,pending_tasks,1,13,0,0.0,0.0,0.0,205,331,1.61,0.004535999778454425,13
gen_data_sql_004,sliding_window_10,data/sql,synthetic,mixed,decisions,3,13,1,0.0769,0.3333,0.125,205,331,1.61,0.004535999778454425,13
gen_data_sql_004,sliding_window_10,data/sql,synthetic,mixed,files,2,13,1,0.0769,0.5,0.1333,205,331,1.61,0.004535999778454425,13
gen_data_sql_004,sliding_window_10,data/sql,synthetic,mixed,errors,2,13,1,0.0769,0.5,0.1333,205,331,1.61,0.004535999778454425,13
gen_data_sql_004,naive_truncation,data/sql,synthetic,mixed,completed_tasks,5,21,5,0.2381,1.0,0.3846,308,331,1.07,0.016028000118240016,21
gen_data_sql_004,naive_truncation,data/sql,synthetic,mixed,pending_tasks,1,21,1,0.0476,1.0,0.0909,308,331,1.07,0.016028000118240016,21
gen_data_sql_004,naive_truncation,data/sql,synthetic,mixed,decisions,3,21,3,0.1429,1.0,0.25,308,331,1.07,0.016028000118240016,21
gen_data_sql_004,naive_truncation,data/sql,synthetic,mixed,files,2,21,2,0.0952,1.0,0.1739,308,331,1.07,0.016028000118240016,21
gen_data_sql_004,naive_truncation,data/sql,synthetic,mixed,errors,2,21,2,0.0952,1.0,0.1739,308,331,1.07,0.016028000118240016,21
gen_data_sql_004,naive_summary,data/sql,synthetic,mixed,completed_tasks,5,14,1,0.0714,0.2,0.1053,187,331,1.77,0.0813429996924242,14
gen_data_sql_004,naive_summary,data/sql,synthetic,mixed,pending_tasks,1,14,1,0.0714,1.0,0.1333,187,331,1.77,0.0813429996924242,14
gen_data_sql_004,naive_summary,data/sql,synthetic,mixed,decisions,3,14,2,0.1429,0.6667,0.2353,187,331,1.77,0.0813429996924242,14
gen_data_sql_004,naive_summary,data/sql,synthetic,mixed,files,2,14,1,0.0714,0.5,0.125,187,331,1.77,0.0813429996924242,14
gen_data_sql_004,naive_summary,data/sql,synthetic,mixed,errors,2,14,1,0.0714,0.5,0.125,187,331,1.77,0.0813429996924242,14
gen_data_sql_005,tokenmizer_v0.5.2,data/sql,synthetic,mixed,completed_tasks,4,3,3,1.0,0.75,0.8571,163,395,2.42,283.4597589999248,17
gen_data_sql_005,tokenmizer_v0.5.2,data/sql,synthetic,mixed,pending_tasks,2,2,2,1.0,1.0,1.0,163,395,2.42,283.4597589999248,17
gen_data_sql_005,tokenmizer_v0.5.2,data/sql,synthetic,mixed,decisions,2,2,2,1.0,1.0,1.0,163,395,2.42,283.4597589999248,17
gen_data_sql_005,tokenmizer_v0.5.2,data/sql,synthetic,mixed,files,6,6,6,1.0,1.0,1.0,163,395,2.42,283.4597589999248,17
gen_data_sql_005,tokenmizer_v0.5.2,data/sql,synthetic,mixed,errors,3,4,3,1.0,1.0,1.0,163,395,2.42,283.4597589999248,17
gen_data_sql_005,graphiti_style,data/sql,synthetic,mixed,completed_tasks,4,4,2,0.5,0.5,0.5,104,395,3.8,1.308506999976089,14
gen_data_sql_005,graphiti_style,data/sql,synthetic,mixed,pending_tasks,2,1,0,0.0,0.0,0.0,104,395,3.8,1.308506999976089,14
gen_data_sql_005,graphiti_style,data/sql,synthetic,mixed,decisions,2,1,0,0.0,0.0,0.0,104,395,3.8,1.308506999976089,14
gen_data_sql_005,graphiti_style,data/sql,synthetic,mixed,files,6,6,6,1.0,1.0,1.0,104,395,3.8,1.308506999976089,14
gen_data_sql_005,graphiti_style,data/sql,synthetic,mixed,errors,3,2,2,1.0,0.6667,0.8,104,395,3.8,1.308506999976089,14
gen_data_sql_005,graphrag_style,data/sql,synthetic,mixed,completed_tasks,4,2,2,1.0,0.5,0.6667,103,395,3.83,0.7037700002001657,13
gen_data_sql_005,graphrag_style,data/sql,synthetic,mixed,pending_tasks,2,1,0,0.0,0.0,0.0,103,395,3.83,0.7037700002001657,13
gen_data_sql_005,graphrag_style,data/sql,synthetic,mixed,decisions,2,1,0,0.0,0.0,0.0,103,395,3.83,0.7037700002001657,13
gen_data_sql_005,graphrag_style,data/sql,synthetic,mixed,files,6,6,6,1.0,1.0,1.0,103,395,3.83,0.7037700002001657,13
gen_data_sql_005,graphrag_style,data/sql,synthetic,mixed,errors,3,3,2,0.6667,0.6667,0.6667,103,395,3.83,0.7037700002001657,13
gen_data_sql_005,mem0_style,data/sql,synthetic,mixed,completed_tasks,4,4,2,0.5,0.5,0.5,103,395,3.83,1.2539079998532543,14
gen_data_sql_005,mem0_style,data/sql,synthetic,mixed,pending_tasks,2,1,0,0.0,0.0,0.0,103,395,3.83,1.2539079998532543,14
gen_data_sql_005,mem0_style,data/sql,synthetic,mixed,decisions,2,1,0,0.0,0.0,0.0,103,395,3.83,1.2539079998532543,14
gen_data_sql_005,mem0_style,data/sql,synthetic,mixed,files,6,6,6,1.0,1.0,1.0,103,395,3.83,1.2539079998532543,14
gen_data_sql_005,mem0_style,data/sql,synthetic,mixed,errors,3,2,2,1.0,0.6667,0.8,103,395,3.83,1.2539079998532543,14
gen_data_sql_005,memgpt_style,data/sql,synthetic,mixed,completed_tasks,4,1,0,0.0,0.0,0.0,56,395,7.05,0.6065630000193778,7
gen_data_sql_005,memgpt_style,data/sql,synthetic,mixed,pending_tasks,2,0,0,1.0,0.0,0.0,56,395,7.05,0.6065630000193778,7
gen_data_sql_005,memgpt_style,data/sql,synthetic,mixed,decisions,2,1,0,0.0,0.0,0.0,56,395,7.05,0.6065630000193778,7
gen_data_sql_005,memgpt_style,data/sql,synthetic,mixed,files,6,3,3,1.0,0.5,0.6667,56,395,7.05,0.6065630000193778,7
gen_data_sql_005,memgpt_style,data/sql,synthetic,mixed,errors,3,2,2,1.0,0.6667,0.8,56,395,7.05,0.6065630000193778,7
gen_data_sql_005,sliding_window_10,data/sql,synthetic,mixed,completed_tasks,4,12,1,0.0833,0.25,0.125,150,395,2.63,0.005037999926571501,12
gen_data_sql_005,sliding_window_10,data/sql,synthetic,mixed,pending_tasks,2,12,1,0.0833,0.5,0.1429,150,395,2.63,0.005037999926571501,12
gen_data_sql_005,sliding_window_10,data/sql,synthetic,mixed,decisions,2,12,2,0.1667,1.0,0.2857,150,395,2.63,0.005037999926571501,12
gen_data_sql_005,sliding_window_10,data/sql,synthetic,mixed,files,6,12,1,0.0833,0.1667,0.1111,150,395,2.63,0.005037999926571501,12
gen_data_sql_005,sliding_window_10,data/sql,synthetic,mixed,errors,3,12,2,0.1667,0.6667,0.2667,150,395,2.63,0.005037999926571501,12
gen_data_sql_005,naive_truncation,data/sql,synthetic,mixed,completed_tasks,4,25,3,0.12,0.75,0.2069,306,395,1.29,0.014979000297898892,25
gen_data_sql_005,naive_truncation,data/sql,synthetic,mixed,pending_tasks,2,25,1,0.04,0.5,0.0741,306,395,1.29,0.014979000297898892,25
gen_data_sql_005,naive_truncation,data/sql,synthetic,mixed,decisions,2,25,2,0.08,1.0,0.1481,306,395,1.29,0.014979000297898892,25
gen_data_sql_005,naive_truncation,data/sql,synthetic,mixed,files,6,25,5,0.2,0.8333,0.3226,306,395,1.29,0.014979000297898892,25
gen_data_sql_005,naive_truncation,data/sql,synthetic,mixed,errors,3,25,3,0.12,1.0,0.2143,306,395,1.29,0.014979000297898892,25
gen_data_sql_005,naive_summary,data/sql,synthetic,mixed,completed_tasks,4,17,2,0.1176,0.5,0.1905,187,395,2.11,0.04705300034402171,17
gen_data_sql_005,naive_summary,data/sql,synthetic,mixed,pending_tasks,2,17,1,0.0588,0.5,0.1053,187,395,2.11,0.04705300034402171,17
gen_data_sql_005,naive_summary,data/sql,synthetic,mixed,decisions,2,17,0,0.0,0.0,0.0,187,395,2.11,0.04705300034402171,17
gen_data_sql_005,naive_summary,data/sql,synthetic,mixed,files,6,17,3,0.1765,0.5,0.2609,187,395,2.11,0.04705300034402171,17
gen_data_sql_005,naive_summary,data/sql,synthetic,mixed,errors,3,17,1,0.0588,0.3333,0.1,187,395,2.11,0.04705300034402171,17
gen_data_sql_006,tokenmizer_v0.5.2,data/sql,synthetic,mixed,completed_tasks,3,2,2,1.0,0.6667,0.8,135,363,2.69,282.4761679999028,14
gen_data_sql_006,tokenmizer_v0.5.2,data/sql,synthetic,mixed,pending_tasks,4,3,3,1.0,0.75,0.8571,135,363,2.69,282.4761679999028,14
gen_data_sql_006,tokenmizer_v0.5.2,data/sql,synthetic,mixed,decisions,4,4,4,1.0,1.0,1.0,135,363,2.69,282.4761679999028,14
gen_data_sql_006,tokenmizer_v0.5.2,data/sql,synthetic,mixed,files,5,5,5,1.0,1.0,1.0,135,363,2.69,282.4761679999028,14
gen_data_sql_006,graphiti_style,data/sql,synthetic,mixed,completed_tasks,3,1,1,1.0,0.3333,0.5,115,363,3.16,1.340797000011662,15
gen_data_sql_006,graphiti_style,data/sql,synthetic,mixed,pending_tasks,4,4,1,0.25,0.25,0.25,115,363,3.16,1.340797000011662,15
gen_data_sql_006,graphiti_style,data/sql,synthetic,mixed,decisions,4,5,4,0.8,1.0,0.8889,115,363,3.16,1.340797000011662,15
gen_data_sql_006,graphiti_style,data/sql,synthetic,mixed,files,5,5,5,1.0,1.0,1.0,115,363,3.16,1.340797000011662,15
gen_data_sql_006,graphrag_style,data/sql,synthetic,mixed,completed_tasks,3,0,0,1.0,0.0,0.0,82,363,4.43,1.1611079999056528,11
gen_data_sql_006,graphrag_style,data/sql,synthetic,mixed,pending_tasks,4,2,0,0.0,0.0,0.0,82,363,4.43,1.1611079999056528,11
gen_data_sql_006,graphrag_style,data/sql,synthetic,mixed,decisions,4,4,4,1.0,1.0,1.0,82,363,4.43,1.1611079999056528,11
gen_data_sql_006,graphrag_style,data/sql,synthetic,mixed,files,5,5,5,1.0,1.0,1.0,82,363,4.43,1.1611079999056528,11
gen_data_sql_006,mem0_style,data/sql,synthetic,mixed,completed_tasks,3,1,1,1.0,0.3333,0.5,110,363,3.3,1.2390860001687543,14
gen_data_sql_006,mem0_style,data/sql,synthetic,mixed,pending_tasks,4,3,1,0.3333,0.25,0.2857,110,363,3.3,1.2390860001687543,14
gen_data_sql_006,mem0_style,data/sql,synthetic,mixed,decisions,4,5,4,0.8,1.0,0.8889,110,363,3.3,1.2390860001687543,14
gen_data_sql_006,mem0_style,data/sql,synthetic,mixed,files,5,5,5,1.0,1.0,1.0,110,363,3.3,1.2390860001687543,14
gen_data_sql_006,memgpt_style,data/sql,synthetic,mixed,completed_tasks,3,0,0,1.0,0.0,0.0,49,363,7.41,0.4852820002270164,6
gen_data_sql_006,memgpt_style,data/sql,synthetic,mixed,pending_tasks,4,3,1,0.3333,0.25,0.2857,49,363,7.41,0.4852820002270164,6
gen_data_sql_006,memgpt_style,data/sql,synthetic,mixed,decisions,4,1,1,1.0,0.25,0.4,49,363,7.41,0.4852820002270164,6
gen_data_sql_006,memgpt_style,data/sql,synthetic,mixed,files,5,2,3,1.0,0.6,0.75,49,363,7.41,0.4852820002270164,6
gen_data_sql_006,sliding_window_10,data/sql,synthetic,mixed,completed_tasks,3,10,1,0.1,0.3333,0.1538,116,363,3.13,0.005363000127545092,10
gen_data_sql_006,sliding_window_10,data/sql,synthetic,mixed,pending_tasks,4,10,2,0.2,0.5,0.2857,116,363,3.13,0.005363000127545092,10
gen_data_sql_006,sliding_window_10,data/sql,synthetic,mixed,decisions,4,10,0,0.0,0.0,0.0,116,363,3.13,0.005363000127545092,10
gen_data_sql_006,sliding_window_10,data/sql,synthetic,mixed,files,5,10,3,0.2,0.6,0.3,116,363,3.13,0.005363000127545092,10
gen_data_sql_006,sliding_window_10,data/sql,synthetic,mixed,errors,0,10,0,0.0,1.0,0.0,116,363,3.13,0.005363000127545092,10
gen_data_sql_006,naive_truncation,data/sql,synthetic,mixed,completed_tasks,3,23,1,0.0435,0.3333,0.0769,282,363,1.29,0.01532299984319252,23
gen_data_sql_006,naive_truncation,data/sql,synthetic,mixed,pending_tasks,4,23,4,0.1739,1.0,0.2963,282,363,1.29,0.01532299984319252,23
gen_data_sql_006,naive_truncation,data/sql,synthetic,mixed,decisions,4,23,3,0.1304,0.75,0.2222,282,363,1.29,0.01532299984319252,23
gen_data_sql_006,naive_truncation,data/sql,synthetic,mixed,files,5,23,4,0.1739,0.8,0.2857,282,363,1.29,0.01532299984319252,23
gen_data_sql_006,naive_truncation,data/sql,synthetic,mixed,errors,0,23,0,0.0,1.0,0.0,282,363,1.29,0.01532299984319252,23
gen_data_sql_006,naive_summary,data/sql,synthetic,mixed,completed_tasks,3,15,2,0.1333,0.6667,0.2222,179,363,2.03,0.05564299999605282,15
gen_data_sql_006,naive_summary,data/sql,synthetic,mixed,pending_tasks,4,15,1,0.0667,0.25,0.1053,179,363,2.03,0.05564299999605282,15
gen_data_sql_006,naive_summary,data/sql,synthetic,mixed,decisions,4,15,3,0.2,0.75,0.3158,179,363,2.03,0.05564299999605282,15
gen_data_sql_006,naive_summary,data/sql,synthetic,mixed,files,5,15,3,0.1333,0.6,0.2182,179,363,2.03,0.05564299999605282,15
gen_data_sql_006,naive_summary,data/sql,synthetic,mixed,errors,0,15,0,0.0,1.0,0.0,179,363,2.03,0.05564299999605282,15
gen_data_streaming_001,tokenmizer_v0.5.2,data/streaming,synthetic,implicit,completed_tasks,7,3,3,1.0,0.4286,0.6,124,489,3.94,302.3737519997667,11
gen_data_streaming_001,tokenmizer_v0.5.2,data/streaming,synthetic,implicit,pending_tasks,3,1,1,1.0,0.3333,0.5,124,489,3.94,302.3737519997667,11
gen_data_streaming_001,tokenmizer_v0.5.2,data/streaming,synthetic,implicit,decisions,3,3,3,1.0,1.0,1.0,124,489,3.94,302.3737519997667,11
gen_data_streaming_001,tokenmizer_v0.5.2,data/streaming,synthetic,implicit,files,3,3,3,1.0,1.0,1.0,124,489,3.94,302.3737519997667,11
gen_data_streaming_001,tokenmizer_v0.5.2,data/streaming,synthetic,implicit,errors,1,1,1,1.0,1.0,1.0,124,489,3.94,302.3737519997667,11
gen_data_streaming_001,graphiti_style,data/streaming,synthetic,implicit,completed_tasks,7,0,0,1.0,0.0,0.0,24,489,20.38,1.5940729999783798,4
gen_data_streaming_001,graphiti_style,data/streaming,synthetic,implicit,pending_tasks,3,1,0,0.0,0.0,0.0,24,489,20.38,1.5940729999783798,4
gen_data_streaming_001,graphiti_style,data/streaming,synthetic,implicit,decisions,3,0,0,1.0,0.0,0.0,24,489,20.38,1.5940729999783798,4
gen_data_streaming_001,graphiti_style,data/streaming,synthetic,implicit,files,3,3,2,0.6667,0.6667,0.6667,24,489,20.38,1.5940729999783798,4
gen_data_streaming_001,graphiti_style,data/streaming,synthetic,implicit,errors,1,0,0,1.0,0.0,0.0,24,489,20.38,1.5940729999783798,4
gen_data_streaming_001,graphrag_style,data/streaming,synthetic,implicit,completed_tasks,7,0,0,1.0,0.0,0.0,24,489,20.38,0.8450300001641153,4
gen_data_streaming_001,graphrag_style,data/streaming,synthetic,implicit,pending_tasks,3,1,0,0.0,0.0,0.0,24,489,20.38,0.8450300001641153,4
gen_data_streaming_001,graphrag_style,data/streaming,synthetic,implicit,decisions,3,0,0,1.0,0.0,0.0,24,489,20.38,0.8450300001641153,4
gen_data_streaming_001,graphrag_style,data/streaming,synthetic,implicit,files,3,3,2,0.6667,0.6667,0.6667,24,489,20.38,0.8450300001641153,4
gen_data_streaming_001,graphrag_style,data/streaming,synthetic,implicit,errors,1,0,0,1.0,0.0,0.0,24,489,20.38,0.8450300001641153,4
gen_data_streaming_001,mem0_style,data/streaming,synthetic,implicit,completed_tasks,7,0,0,1.0,0.0,0.0,23,489,21.26,1.5818950000721088,4
gen_data_streaming_001,mem0_style,data/streaming,synthetic,implicit,pending_tasks,3,1,0,0.0,0.0,0.0,23,489,21.26,1.5818950000721088,4
gen_data_streaming_001,mem0_style,data/streaming,synthetic,implicit,decisions,3,0,0,1.0,0.0,0.0,23,489,21.26,1.5818950000721088,4
gen_data_streaming_001,mem0_style,data/streaming,synthetic,implicit,files,3,3,2,0.6667,0.6667,0.6667,23,489,21.26,1.5818950000721088,4
gen_data_streaming_001,mem0_style,data/streaming,synthetic,implicit,errors,1,0,0,1.0,0.0,0.0,23,489,21.26,1.5818950000721088,4
gen_data_streaming_001,memgpt_style,data/streaming,synthetic,implicit,completed_tasks,7,0,0,1.0,0.0,0.0,13,489,37.62,0.6405510002878145,2
gen_data_streaming_001,memgpt_style,data/streaming,synthetic,implicit,pending_tasks,3,1,0,0.0,0.0,0.0,13,489,37.62,0.6405510002878145,2
gen_data_streaming_001,memgpt_style,data/streaming,synthetic,implicit,decisions,3,0,0,1.0,0.0,0.0,13,489,37.62,0.6405510002878145,2
gen_data_streaming_001,memgpt_style,data/streaming,synthetic,implicit,files,3,1,1,1.0,0.3333,0.5,13,489,37.62,0.6405510002878145,2
gen_data_streaming_001,memgpt_style,data/streaming,synthetic,implicit,errors,1,0,0,1.0,0.0,0.0,13,489,37.62,0.6405510002878145,2
gen_data_streaming_001,sliding_window_10,data/streaming,synthetic,implicit,completed_tasks,7,11,3,0.2727,0.4286,0.3333,173,489,2.83,0.003991000085079577,11
gen_data_streaming_001,sliding_window_10,data/streaming,synthetic,implicit,pending_tasks,3,11,0,0.0,0.0,0.0,173,489,2.83,0.003991000085079577,11
gen_data_streaming_001,sliding_window_10,data/streaming,synthetic,implicit,decisions,3,11,2,0.1818,0.6667,0.2857,173,489,2.83,0.003991000085079577,11
gen_data_streaming_001,sliding_window_10,data/streaming,synthetic,implicit,files,3,11,1,0.0909,0.3333,0.1429,173,489,2.83,0.003991000085079577,11
gen_data_streaming_001,sliding_window_10,data/streaming,synthetic,implicit,errors,1,11,1,0.0909,1.0,0.1667,173,489,2.83,0.003991000085079577,11
gen_data_streaming_001,naive_truncation,data/streaming,synthetic,implicit,completed_tasks,7,18,5,0.2778,0.7143,0.4,276,489,1.77,0.015429000086442102,18
gen_data_streaming_001,naive_truncation,data/streaming,synthetic,implicit,pending_tasks,3,18,1,0.0556,0.3333,0.0952,276,489,1.77,0.015429000086442102,18
gen_data_streaming_001,naive_truncation,data/streaming,synthetic,implicit,decisions,3,18,2,0.1111,0.6667,0.1905,276,489,1.77,0.015429000086442102,18
gen_data_streaming_001,naive_truncation,data/streaming,synthetic,implicit,files,3,18,2,0.1111,0.6667,0.1905,276,489,1.77,0.015429000086442102,18
gen_data_streaming_001,naive_truncation,data/streaming,synthetic,implicit,errors,1,18,1,0.0556,1.0,0.1053,276,489,1.77,0.015429000086442102,18
gen_data_streaming_001,naive_summary,data/streaming,synthetic,implicit,completed_tasks,7,11,2,0.1818,0.2857,0.2222,181,489,2.7,0.049525999656907516,11
gen_data_streaming_001,naive_summary,data/streaming,synthetic,implicit,pending_tasks,3,11,1,0.0909,0.3333,0.1429,181,489,2.7,0.049525999656907516,11
gen_data_streaming_001,naive_summary,data/streaming,synthetic,implicit,decisions,3,11,1,0.0909,0.3333,0.1429,181,489,2.7,0.049525999656907516,11
gen_data_streaming_001,naive_summary,data/streaming,synthetic,implicit,files,3,11,1,0.0909,0.3333,0.1429,181,489,2.7,0.049525999656907516,11
gen_data_streaming_001,naive_summary,data/streaming,synthetic,implicit,errors,1,11,0,0.0,0.0,0.0,181,489,2.7,0.049525999656907516,11
gen_data_streaming_002,tokenmizer_v0.5.2,data/streaming,synthetic,implicit,completed_tasks,4,2,2,1.0,0.5,0.6667,130,448,3.45,290.3188410000439,11
gen_data_streaming_002,tokenmizer_v0.5.2,data/streaming,synthetic,implicit,pending_tasks,3,1,1,1.0,0.3333,0.5,130,448,3.45,290.3188410000439,11
gen_data_streaming_002,tokenmizer_v0.5.2,data/streaming,synthetic,implicit,decisions,4,3,3,1.0,0.75,0.8571,130,448,3.45,290.3188410000439,11
gen_data_streaming_002,tokenmizer_v0.5.2,data/streaming,synthetic,implicit,files,2,2,2,1.0,1.0,1.0,130,448,3.45,290.3188410000439,11
gen_data_streaming_002,tokenmizer_v0.5.2,data/streaming,synthetic,implicit,errors,3,3,3,1.0,1.0,1.0,130,448,3.45,290.3188410000439,11
gen_data_streaming_002,graphiti_style,data/streaming,synthetic,implicit,completed_tasks,4,0,0,1.0,0.0,0.0,26,448,17.23,1.9760790000873385,4
gen_data_streaming_002,graphiti_style,data/streaming,synthetic,implicit,pending_tasks,3,1,0,0.0,0.0,0.0,26,448,17.23,1.9760790000873385,4
gen_data_streaming_002,graphiti_style,data/streaming,synthetic,implicit,decisions,4,1,0,0.0,0.0,0.0,26,448,17.23,1.9760790000873385,4
gen_data_streaming_002,graphiti_style,data/streaming,synthetic,implicit,files,2,2,1,0.5,0.5,0.5,26,448,17.23,1.9760790000873385,4
gen_data_streaming_002,graphiti_style,data/streaming,synthetic,implicit,errors,3,0,0,1.0,0.0,0.0,26,448,17.23,1.9760790000873385,4
gen_data_streaming_002,graphrag_style,data/streaming,synthetic,implicit,completed_tasks,4,0,0,1.0,0.0,0.0,29,448,15.45,0.8869509997566638,4
gen_data_streaming_002,graphrag_style,data/streaming,synthetic,implicit,pending_tasks,3,1,0,0.0,0.0,0.0,29,448,15.45,0.8869509997566638,4
gen_data_streaming_002,graphrag_style,data/streaming,synthetic,implicit,decisions,4,0,0,1.0,0.0,0.0,29,448,15.45,0.8869509997566638,4
gen_data_streaming_002,graphrag_style,data/streaming,synthetic,implicit,files,2,2,1,0.5,0.5,0.5,29,448,15.45,0.8869509997566638,4
gen_data_streaming_002,graphrag_style,data/streaming,synthetic,implicit,errors,3,1,0,0.0,0.0,0.0,29,448,15.45,0.8869509997566638,4
gen_data_streaming_002,mem0_style,data/streaming,synthetic,implicit,completed_tasks,4,0,0,1.0,0.0,0.0,25,448,17.92,1.4084539998293621,4
gen_data_streaming_002,mem0_style,data/streaming,synthetic,implicit,pending_tasks,3,1,0,0.0,0.0,0.0,25,448,17.92,1.4084539998293621,4
gen_data_streaming_002,mem0_style,data/streaming,synthetic,implicit,decisions,4,1,0,0.0,0.0,0.0,25,448,17.92,1.4084539998293621,4
gen_data_streaming_002,mem0_style,data/streaming,synthetic,implicit,files,2,2,1,0.5,0.5,0.5,25,448,17.92,1.4084539998293621,4
gen_data_streaming_002,mem0_style,data/streaming,synthetic,implicit,errors,3,0,0,1.0,0.0,0.0,25,448,17.92,1.4084539998293621,4
gen_data_streaming_002,memgpt_style,data/streaming,synthetic,implicit,completed_tasks,4,0,0,1.0,0.0,0.0,11,448,40.73,0.6207709998307109,1
gen_data_streaming_002,memgpt_style,data/streaming,synthetic,implicit,pending_tasks,3,0,0,1.0,0.0,0.0,11,448,40.73,0.6207709998307109,1
gen_data_streaming_002,memgpt_style,data/streaming,synthetic,implicit,decisions,4,0,0,1.0,0.0,0.0,11,448,40.73,0.6207709998307109,1
gen_data_streaming_002,memgpt_style,data/streaming,synthetic,implicit,files,2,1,1,1.0,0.5,0.6667,11,448,40.73,0.6207709998307109,1
gen_data_streaming_002,memgpt_style,data/streaming,synthetic,implicit,errors,3,0,0,1.0,0.0,0.0,11,448,40.73,0.6207709998307109,1
gen_data_streaming_002,sliding_window_10,data/streaming,synthetic,implicit,completed_tasks,4,13,4,0.3077,1.0,0.4706,208,448,2.15,0.003527999979269225,13
gen_data_streaming_002,sliding_window_10,data/streaming,synthetic,implicit,pending_tasks,3,13,2,0.1538,0.6667,0.25,208,448,2.15,0.003527999979269225,13
gen_data_streaming_002,sliding_window_10,data/streaming,synthetic,implicit,decisions,4,13,0,0.0,0.0,0.0,208,448,2.15,0.003527999979269225,13
gen_data_streaming_002,sliding_window_10,data/streaming,synthetic,implicit,files,2,13,1,0.0769,0.5,0.1333,208,448,2.15,0.003527999979269225,13
gen_data_streaming_002,sliding_window_10,data/streaming,synthetic,implicit,errors,3,13,1,0.0769,0.3333,0.125,208,448,2.15,0.003527999979269225,13
gen_data_streaming_002,naive_truncation,data/streaming,synthetic,implicit,completed_tasks,4,19,4,0.2105,1.0,0.3478,304,448,1.47,0.012296000022615772,19
gen_data_streaming_002,naive_truncation,data/streaming,synthetic,implicit,pending_tasks,3,19,2,0.1053,0.6667,0.1818,304,448,1.47,0.012296000022615772,19
gen_data_streaming_002,naive_truncation,data/streaming,synthetic,implicit,decisions,4,19,3,0.1579,0.75,0.2609,304,448,1.47,0.012296000022615772,19
gen_data_streaming_002,naive_truncation,data/streaming,synthetic,implicit,files,2,19,1,0.0526,0.5,0.0952,304,448,1.47,0.012296000022615772,19
gen_data_streaming_002,naive_truncation,data/streaming,synthetic,implicit,errors,3,19,1,0.0526,0.3333,0.0909,304,448,1.47,0.012296000022615772,19
gen_data_streaming_002,naive_summary,data/streaming,synthetic,implicit,completed_tasks,4,12,0,0.0,0.0,0.0,174,448,2.57,0.046489999931509374,12
gen_data_streaming_002,naive_summary,data/streaming,synthetic,implicit,pending_tasks,3,12,1,0.0833,0.3333,0.1333,174,448,2.57,0.046489999931509374,12
gen_data_streaming_002,naive_summary,data/streaming,synthetic,implicit,decisions,4,12,1,0.0833,0.25,0.125,174,448,2.57,0.046489999931509374,12
gen_data_streaming_002,naive_summary,data/streaming,synthetic,implicit,files,2,12,1,0.0833,0.5,0.1429,174,448,2.57,0.046489999931509374,12
gen_data_streaming_002,naive_summary,data/streaming,synthetic,implicit,errors,3,12,2,0.1667,0.6667,0.2667,174,448,2.57,0.046489999931509374,12
gen_data_streaming_003,tokenmizer_v0.5.2,data/streaming,synthetic,implicit,completed_tasks,6,1,1,1.0,0.1667,0.2857,193,605,3.13,293.8908440000887,16
gen_data_streaming_003,tokenmizer_v0.5.2,data/streaming,synthetic,implicit,pending_tasks,4,4,4,1.0,1.0,1.0,193,605,3.13,293.8908440000887,16
gen_data_streaming_003,tokenmizer_v0.5.2,data/streaming,synthetic,implicit,decisions,6,6,6,1.0,1.0,1.0,193,605,3.13,293.8908440000887,16
gen_data_streaming_003,tokenmizer_v0.5.2,data/streaming,synthetic,implicit,files,2,2,2,1.0,1.0,1.0,193,605,3.13,293.8908440000887,16
gen_data_streaming_003,tokenmizer_v0.5.2,data/streaming,synthetic,implicit,errors,3,3,2,0.6667,0.6667,0.6667,193,605,3.13,293.8908440000887,16
gen_data_streaming_003,graphiti_style,data/streaming,synthetic,implicit,completed_tasks,6,0,0,1.0,0.0,0.0,28,605,21.61,4.131395000058546,5
gen_data_streaming_003,graphiti_style,data/streaming,synthetic,implicit,pending_tasks,4,1,0,0.0,0.0,0.0,28,605,21.61,4.131395000058546,5
gen_data_streaming_003,graphiti_style,data/streaming,synthetic,implicit,decisions,6,2,0,0.0,0.0,0.0,28,605,21.61,4.131395000058546,5
gen_data_streaming_003,graphiti_style,data/streaming,synthetic,implicit,files,2,2,1,0.5,0.5,0.5,28,605,21.61,4.131395000058546,5
gen_data_streaming_003,graphiti_style,data/streaming,synthetic,implicit,errors,3,0,0,1.0,0.0,0.0,28,605,21.61,4.131395000058546,5
gen_data_streaming_003,graphrag_style,data/streaming,synthetic,implicit,completed_tasks,6,0,0,1.0,0.0,0.0,36,605,16.81,1.0905560002356651,5
gen_data_streaming_003,graphrag_style,data/streaming,synthetic,implicit,pending_tasks,4,1,0,0.0,0.0,0.0,36,605,16.81,1.0905560002356651,5
gen_data_streaming_003,graphrag_style,data/streaming,synthetic,implicit,decisions,6,1,0,0.0,0.0,0.0,36,605,16.81,1.0905560002356651,5
gen_data_streaming_003,graphrag_style,data/streaming,synthetic,implicit,files,2,2,1,0.5,0.5,0.5,36,605,16.81,1.0905560002356651,5
gen_data_streaming_003,graphrag_style,data/streaming,synthetic,implicit,errors,3,1,0,0.0,0.0,0.0,36,605,16.81,1.0905560002356651,5
gen_data_streaming_003,mem0_style,data/streaming,synthetic,implicit,completed_tasks,6,0,0,1.0,0.0,0.0,27,605,22.41,2.3776479997650313,5
gen_data_streaming_003,mem0_style,data/streaming,synthetic,implicit,pending_tasks,4,1,0,0.0,0.0,0.0,27,605,22.41,2.3776479997650313,5
gen_data_streaming_003,mem0_style,data/streaming,synthetic,implicit,decisions,6,2,0,0.0,0.0,0.0,27,605,22.41,2.3776479997650313,5
gen_data_streaming_003,mem0_style,data/streaming,synthetic,implicit,files,2,2,1,0.5,0.5,0.5,27,605,22.41,2.3776479997650313,5
gen_data_streaming_003,mem0_style,data/streaming,synthetic,implicit,errors,3,0,0,1.0,0.0,0.0,27,605,22.41,2.3776479997650313,5
gen_data_streaming_003,memgpt_style,data/streaming,synthetic,implicit,completed_tasks,6,0,0,1.0,0.0,0.0,7,605,86.43,0.7885989998612786,1
gen_data_streaming_003,memgpt_style,data/streaming,synthetic,implicit,pending_tasks,4,1,0,0.0,0.0,0.0,7,605,86.43,0.7885989998612786,1
gen_data_streaming_003,memgpt_style,data/streaming,synthetic,implicit,decisions,6,0,0,1.0,0.0,0.0,7,605,86.43,0.7885989998612786,1
gen_data_streaming_003,memgpt_style,data/streaming,synthetic,implicit,files,2,0,0,1.0,0.0,0.0,7,605,86.43,0.7885989998612786,1
gen_data_streaming_003,memgpt_style,data/streaming,synthetic,implicit,errors,3,0,0,1.0,0.0,0.0,7,605,86.43,0.7885989998612786,1
gen_data_streaming_003,sliding_window_10,data/streaming,synthetic,implicit,completed_tasks,6,10,2,0.2,0.3333,0.25,157,605,3.85,0.00569300027564168,10
gen_data_streaming_003,sliding_window_10,data/streaming,synthetic,implicit,pending_tasks,4,10,0,0.0,0.0,0.0,157,605,3.85,0.00569300027564168,10
gen_data_streaming_003,sliding_window_10,data/streaming,synthetic,implicit,decisions,6,10,2,0.2,0.3333,0.25,157,605,3.85,0.00569300027564168,10
gen_data_streaming_003,sliding_window_10,data/streaming,synthetic,implicit,files,2,10,0,0.0,0.0,0.0,157,605,3.85,0.00569300027564168,10
gen_data_streaming_003,sliding_window_10,data/streaming,synthetic,implicit,errors,3,10,1,0.1,0.3333,0.1538,157,605,3.85,0.00569300027564168,10
gen_data_streaming_003,naive_truncation,data/streaming,synthetic,implicit,completed_tasks,6,20,3,0.15,0.5,0.2308,311,605,1.95,0.016039000001910608,20
gen_data_streaming_003,naive_truncation,data/streaming,synthetic,implicit,pending_tasks,4,20,2,0.1,0.5,0.1667,311,605,1.95,0.016039000001910608,20
gen_data_streaming_003,naive_truncation,data/streaming,synthetic,implicit,decisions,6,20,4,0.2,0.6667,0.3077,311,605,1.95,0.016039000001910608,20
gen_data_streaming_003,naive_truncation,data/streaming,synthetic,implicit,files,2,20,0,0.0,0.0,0.0,311,605,1.95,0.016039000001910608,20
gen_data_streaming_003,naive_truncation,data/streaming,synthetic,implicit,errors,3,20,1,0.05,0.3333,0.087,311,605,1.95,0.016039000001910608,20
gen_data_streaming_003,naive_summary,data/streaming,synthetic,implicit,completed_tasks,6,13,2,0.1538,0.3333,0.2105,168,605,3.6,0.0656090001029952,13
gen_data_streaming_003,naive_summary,data/streaming,synthetic,implicit,pending_tasks,4,13,0,0.0,0.0,0.0,168,605,3.6,0.0656090001029952,13
gen_data_streaming_003,naive_summary,data/streaming,synthetic,implicit,decisions,6,13,0,0.0,0.0,0.0,168,605,3.6,0.0656090001029952,13
gen_data_streaming_003,naive_summary,data/streaming,synthetic,implicit,files,2,13,1,0.0769,0.5,0.1333,168,605,3.6,0.0656090001029952,13
gen_data_streaming_003,naive_summary,data/streaming,synthetic,implicit,errors,3,13,2,0.1538,0.6667,0.25,168,605,3.6,0.0656090001029952,13
gen_data_streaming_004,tokenmizer_v0.5.2,data/streaming,synthetic,implicit,completed_tasks,4,3,3,1.0,0.75,0.8571,192,575,2.99,335.6665549999889,18
gen_data_streaming_004,tokenmizer_v0.5.2,data/streaming,synthetic,implicit,pending_tasks,3,3,3,1.0,1.0,1.0,192,575,2.99,335.6665549999889,18
gen_data_streaming_004,tokenmizer_v0.5.2,data/streaming,synthetic,implicit,decisions,5,4,4,1.0,0.8,0.8889,192,575,2.99,335.6665549999889,18
gen_data_streaming_004,tokenmizer_v0.5.2,data/streaming,synthetic,implicit,files,5,5,5,1.0,1.0,1.0,192,575,2.99,335.6665549999889,18
gen_data_streaming_004,tokenmizer_v0.5.2,data/streaming,synthetic,implicit,errors,3,3,3,1.0,1.0,1.0,192,575,2.99,335.6665549999889,18
gen_data_streaming_004,graphiti_style,data/streaming,synthetic,implicit,completed_tasks,4,0,0,1.0,0.0,0.0,49,575,11.73,1.7814409998209157,8
gen_data_streaming_004,graphiti_style,data/streaming,synthetic,implicit,pending_tasks,3,1,0,0.0,0.0,0.0,49,575,11.73,1.7814409998209157,8
gen_data_streaming_004,graphiti_style,data/streaming,synthetic,implicit,decisions,5,2,0,0.0,0.0,0.0,49,575,11.73,1.7814409998209157,8
gen_data_streaming_004,graphiti_style,data/streaming,synthetic,implicit,files,5,5,4,0.8,0.8,0.8,49,575,11.73,1.7814409998209157,8
gen_data_streaming_004,graphiti_style,data/streaming,synthetic,implicit,errors,3,0,0,1.0,0.0,0.0,49,575,11.73,1.7814409998209157,8
gen_data_streaming_004,graphrag_style,data/streaming,synthetic,implicit,completed_tasks,4,0,0,1.0,0.0,0.0,39,575,14.74,1.1462800002846052,6
gen_data_streaming_004,graphrag_style,data/streaming,synthetic,implicit,pending_tasks,3,1,0,0.0,0.0,0.0,39,575,14.74,1.1462800002846052,6
gen_data_streaming_004,graphrag_style,data/streaming,synthetic,implicit,decisions,5,0,0,1.0,0.0,0.0,39,575,14.74,1.1462800002846052,6
gen_data_streaming_004,graphrag_style,data/streaming,synthetic,implicit,files,5,5,4,0.8,0.8,0.8,39,575,14.74,1.1462800002846052,6
gen_data_streaming_004,graphrag_style,data/streaming,synthetic,implicit,errors,3,0,0,1.0,0.0,0.0,39,575,14.74,1.1462800002846052,6
gen_data_streaming_004,mem0_style,data/streaming,synthetic,implicit,completed_tasks,4,0,0,1.0,0.0,0.0,48,575,11.98,1.7735999999786145,8
gen_data_streaming_004,mem0_style,data/streaming,synthetic,implicit,pending_tasks,3,1,0,0.0,0.0,0.0,48,575,11.98,1.7735999999786145,8
gen_data_streaming_004,mem0_style,data/streaming,synthetic,implicit,decisions,5,2,0,0.0,0.0,0.0,48,575,11.98,1.7735999999786145,8
gen_data_streaming_004,mem0_style,data/streaming,synthetic,implicit,files,5,5,4,0.8,0.8,0.8,48,575,11.98,1.7735999999786145,8
gen_data_streaming_004,mem0_style,data/streaming,synthetic,implicit,errors,3,0,0,1.0,0.0,0.0,48,575,11.98,1.7735999999786145,8
gen_data_streaming_004,memgpt_style,data/streaming,synthetic,implicit,completed_tasks,4,0,0,1.0,0.0,0.0,23,575,25.0,0.7270870000866125,3
gen_data_streaming_004,memgpt_style,data/streaming,synthetic,implicit,pending_tasks,3,0,0,1.0,0.0,0.0,23,575,25.0,0.7270870000866125,3
gen_data_streaming_004,memgpt_style,data/streaming,synthetic,implicit,decisions,5,1,0,0.0,0.0,0.0,23,575,25.0,0.7270870000866125,3
gen_data_streaming_004,memgpt_style,data/streaming,synthetic,implicit,files,5,2,1,0.5,0.2,0.2857,23,575,25.0,0.7270870000866125,3
gen_data_streaming_004,memgpt_style,data/streaming,synthetic,implicit,errors,3,0,0,1.0,0.0,0.0,23,575,25.0,0.7270870000866125,3
gen_data_streaming_004,sliding_window_10,data/streaming,synthetic,implicit,completed_tasks,4,11,1,0.0909,0.25,0.1333,175,575,3.29,0.004181000349490205,11
gen_data_streaming_004,sliding_window_10,data/streaming,synthetic,implicit,pending_tasks,3,11,1,0.0909,0.3333,0.1429,175,575,3.29,0.004181000349490205,11
gen_data_streaming_004,sliding_window_10,data/streaming,synthetic,implicit,decisions,5,11,1,0.0909,0.2,0.125,175,575,3.29,0.004181000349490205,11
gen_data_streaming_004,sliding_window_10,data/streaming,synthetic,implicit,files,5,11,2,0.1818,0.4,0.25,175,575,3.29,0.004181000349490205,11
gen_data_streaming_004,sliding_window_10,data/streaming,synthetic,implicit,errors,3,11,1,0.0909,0.3333,0.1429,175,575,3.29,0.004181000349490205,11
gen_data_streaming_004,naive_truncation,data/streaming,synthetic,implicit,completed_tasks,4,19,2,0.1053,0.5,0.1739,306,575,1.88,0.012695999885181664,19
gen_data_streaming_004,naive_truncation,data/streaming,synthetic,implicit,pending_tasks,3,19,2,0.1053,0.6667,0.1818,306,575,1.88,0.012695999885181664,19
gen_data_streaming_004,naive_truncation,data/streaming,synthetic,implicit,decisions,5,19,2,0.1053,0.4,0.1667,306,575,1.88,0.012695999885181664,19
gen_data_streaming_004,naive_truncation,data/streaming,synthetic,implicit,files,5,19,4,0.2105,0.8,0.3333,306,575,1.88,0.012695999885181664,19
gen_data_streaming_004,naive_truncation,data/streaming,synthetic,implicit,errors,3,19,1,0.0526,0.3333,0.0909,306,575,1.88,0.012695999885181664,19
gen_data_streaming_004,naive_summary,data/streaming,synthetic,implicit,completed_tasks,4,11,0,0.0,0.0,0.0,171,575,3.36,0.07542799994553206,11
gen_data_streaming_004,naive_summary,data/streaming,synthetic,implicit,pending_tasks,3,11,1,0.0909,0.3333,0.1429,171,575,3.36,0.07542799994553206,11
gen_data_streaming_004,naive_summary,data/streaming,synthetic,implicit,decisions,5,11,1,0.0909,0.2,0.125,171,575,3.36,0.07542799994553206,11
gen_data_streaming_004,naive_summary,data/streaming,synthetic,implicit,files,5,11,0,0.0,0.0,0.0,171,575,3.36,0.07542799994553206,11
gen_data_streaming_004,naive_summary,data/streaming,synthetic,implicit,errors,3,11,2,0.1818,0.6667,0.2857,171,575,3.36,0.07542799994553206,11
gen_data_streaming_005,tokenmizer_v0.5.2,data/streaming,synthetic,implicit,completed_tasks,4,4,4,1.0,1.0,1.0,116,382,3.29,343.33051200019327,11
gen_data_streaming_005,tokenmizer_v0.5.2,data/streaming,synthetic,implicit,pending_tasks,4,2,2,1.0,0.5,0.6667,116,382,3.29,343.33051200019327,11
gen_data_streaming_005,tokenmizer_v0.5.2,data/streaming,synthetic,implicit,decisions,2,2,2,1.0,1.0,1.0,116,382,3.29,343.33051200019327,11
gen_data_streaming_005,tokenmizer_v0.5.2,data/streaming,synthetic,implicit,files,3,3,3,1.0,1.0,1.0,116,382,3.29,343.33051200019327,11
gen_data_streaming_005,graphiti_style,data/streaming,synthetic,implicit,completed_tasks,4,0,0,1.0,0.0,0.0,24,382,15.92,1.2029640001856023,4
gen_data_streaming_005,graphiti_style,data/streaming,synthetic,implicit,pending_tasks,4,0,0,1.0,0.0,0.0,24,382,15.92,1.2029640001856023,4
gen_data_streaming_005,graphiti_style,data/streaming,synthetic,implicit,decisions,2,1,0,0.0,0.0,0.0,24,382,15.92,1.2029640001856023,4
gen_data_streaming_005,graphiti_style,data/streaming,synthetic,implicit,files,3,3,2,0.6667,0.6667,0.6667,24,382,15.92,1.2029640001856023,4
gen_data_streaming_005,graphrag_style,data/streaming,synthetic,implicit,completed_tasks,4,0,0,1.0,0.0,0.0,20,382,19.1,0.7985290003489354,3
gen_data_streaming_005,graphrag_style,data/streaming,synthetic,implicit,pending_tasks,4,0,0,1.0,0.0,0.0,20,382,19.1,0.7985290003489354,3
gen_data_streaming_005,graphrag_style,data/streaming,synthetic,implicit,decisions,2,0,0,1.0,0.0,0.0,20,382,19.1,0.7985290003489354,3
gen_data_streaming_005,graphrag_style,data/streaming,synthetic,implicit,files,3,3,2,0.6667,0.6667,0.6667,20,382,19.1,0.7985290003489354,3
gen_data_streaming_005,mem0_style,data/streaming,synthetic,implicit,completed_tasks,4,0,0,1.0,0.0,0.0,23,382,16.61,1.235429999724147,4
gen_data_streaming_005,mem0_style,data/streaming,synthetic,implicit,pending_tasks,4,0,0,1.0,0.0,0.0,23,382,16.61,1.235429999724147,4
gen_data_streaming_005,mem0_style,data/streaming,synthetic,implicit,decisions,2,1,0,0.0,0.0,0.0,23,382,16.61,1.235429999724147,4
gen_data_streaming_005,mem0_style,data/streaming,synthetic,implicit,files,3,3,2,0.6667,0.6667,0.6667,23,382,16.61,1.235429999724147,4
gen_data_streaming_005,memgpt_style,data/streaming,synthetic,implicit,completed_tasks,4,0,0,1.0,0.0,0.0,3,382,127.33,0.5624780001198815,0
gen_data_streaming_005,memgpt_style,data/streaming,synthetic,implicit,pending_tasks,4,0,0,1.0,0.0,0.0,3,382,127.33,0.5624780001198815,0
gen_data_streaming_005,memgpt_style,data/streaming,synthetic,implicit,decisions,2,0,0,1.0,0.0,0.0,3,382,127.33,0.5624780001198815,0
gen_data_streaming_005,memgpt_style,data/streaming,synthetic,implicit,files,3,0,0,1.0,0.0,0.0,3,382,127.33,0.5624780001198815,0
gen_data_streaming_005,sliding_window_10,data/streaming,synthetic,implicit,completed_tasks,4,13,2,0.1538,0.5,0.2353,228,382,1.68,0.003639000169641804,13
gen_data_streaming_005,sliding_window_10,data/streaming,synthetic,implicit,pending_tasks,4,13,3,0.2308,0.75,0.3529,228,382,1.68,0.003639000169641804,13
gen_data_streaming_005,sliding_window_10,data/streaming,synthetic,implicit,decisions,2,13,2,0.1538,1.0,0.2667,228,382,1.68,0.003639000169641804,13
gen_data_streaming_005,sliding_window_10,data/streaming,synthetic,implicit,files,3,13,1,0.0769,0.3333,0.125,228,382,1.68,0.003639000169641804,13
gen_data_streaming_005,sliding_window_10,data/streaming,synthetic,implicit,errors,0,13,0,0.0,1.0,0.0,228,382,1.68,0.003639000169641804,13
gen_data_streaming_005,naive_truncation,data/streaming,synthetic,implicit,completed_tasks,4,17,3,0.1765,0.75,0.2857,288,382,1.33,0.014089000160311116,17
gen_data_streaming_005,naive_truncation,data/streaming,synthetic,implicit,pending_tasks,4,17,4,0.2353,1.0,0.381,288,382,1.33,0.014089000160311116,17
gen_data_streaming_005,naive_truncation,data/streaming,synthetic,implicit,decisions,2,17,2,0.1176,1.0,0.2105,288,382,1.33,0.014089000160311116,17
gen_data_streaming_005,naive_truncation,data/streaming,synthetic,implicit,files,3,17,1,0.0588,0.3333,0.1,288,382,1.33,0.014089000160311116,17
gen_data_streaming_005,naive_truncation,data/streaming,synthetic,implicit,errors,0,17,0,0.0,1.0,0.0,288,382,1.33,0.014089000160311116,17
gen_data_streaming_005,naive_summary,data/streaming,synthetic,implicit,completed_tasks,4,13,2,0.1538,0.5,0.2353,177,382,2.16,0.05241600001681945,13
gen_data_streaming_005,naive_summary,data/streaming,synthetic,implicit,pending_tasks,4,13,1,0.0769,0.25,0.1176,177,382,2.16,0.05241600001681945,13
gen_data_streaming_005,naive_summary,data/streaming,synthetic,implicit,decisions,2,13,0,0.0,0.0,0.0,177,382,2.16,0.05241600001681945,13
gen_data_streaming_005,naive_summary,data/streaming,synthetic,implicit,files,3,13,2,0.1538,0.6667,0.25,177,382,2.16,0.05241600001681945,13
gen_data_streaming_005,naive_summary,data/streaming,synthetic,implicit,errors,0,13,0,0.0,1.0,0.0,177,382,2.16,0.05241600001681945,13
gen_debug_production_001,tokenmizer_v0.5.2,debug/production,synthetic,explicit,completed_tasks,6,6,6,1.0,1.0,1.0,197,296,1.5,279.2900920003376,20
gen_debug_production_001,tokenmizer_v0.5.2,debug/production,synthetic,explicit,pending_tasks,2,2,2,1.0,1.0,1.0,197,296,1.5,279.2900920003376,20
gen_debug_production_001,tokenmizer_v0.5.2,debug/production,synthetic,explicit,decisions,4,4,4,1.0,1.0,1.0,197,296,1.5,279.2900920003376,20
gen_debug_production_001,tokenmizer_v0.5.2,debug/production,synthetic,explicit,files,5,5,5,1.0,1.0,1.0,197,296,1.5,279.2900920003376,20
gen_debug_production_001,tokenmizer_v0.5.2,debug/production,synthetic,explicit,errors,0,3,0,0.0,1.0,0.0,197,296,1.5,279.2900920003376,20
gen_debug_production_001,graphiti_style,debug/production,synthetic,explicit,completed_tasks,6,9,6,0.6667,1.0,0.8,184,296,1.61,0.9464869999646908,23
gen_debug_production_001,graphiti_style,debug/production,synthetic,explicit,pending_tasks,2,3,2,0.6667,1.0,0.8,184,296,1.61,0.9464869999646908,23
gen_debug_production_001,graphiti_style,debug/production,synthetic,explicit,decisions,4,6,4,0.6667,1.0,0.8,184,296,1.61,0.9464869999646908,23
gen_debug_production_001,graphiti_style,debug/production,synthetic,explicit,files,5,5,5,1.0,1.0,1.0,184,296,1.61,0.9464869999646908,23
gen_debug_production_001,graphrag_style,debug/production,synthetic,explicit,completed_tasks,6,3,3,1.0,0.5,0.6667,140,296,2.11,0.673398000344605,18
gen_debug_production_001,graphrag_style,debug/production,synthetic,explicit,pending_tasks,2,1,0,0.0,0.0,0.0,140,296,2.11,0.673398000344605,18
gen_debug_production_001,graphrag_style,debug/production,synthetic,explicit,decisions,4,5,4,0.8,1.0,0.8889,140,296,2.11,0.673398000344605,18
gen_debug_production_001,graphrag_style,debug/production,synthetic,explicit,files,5,5,5,1.0,1.0,1.0,140,296,2.11,0.673398000344605,18
gen_debug_production_001,graphrag_style,debug/production,synthetic,explicit,errors,0,4,0,0.0,1.0,0.0,140,296,2.11,0.673398000344605,18
gen_debug_production_001,mem0_style,debug/production,synthetic,explicit,completed_tasks,6,9,6,0.6667,1.0,0.8,183,296,1.62,0.9927599999173253,23
gen_debug_production_001,mem0_style,debug/production,synthetic,explicit,pending_tasks,2,3,2,0.6667,1.0,0.8,183,296,1.62,0.9927599999173253,23
gen_debug_production_001,mem0_style,debug/production,synthetic,explicit,decisions,4,6,4,0.6667,1.0,0.8,183,296,1.62,0.9927599999173253,23
gen_debug_production_001,mem0_style,debug/production,synthetic,explicit,files,5,5,5,1.0,1.0,1.0,183,296,1.62,0.9927599999173253,23
gen_debug_production_001,memgpt_style,debug/production,synthetic,explicit,completed_tasks,6,6,4,0.6667,0.6667,0.6667,80,296,3.7,0.37033500029792776,10
gen_debug_production_001,memgpt_style,debug/production,synthetic,explicit,pending_tasks,2,0,0,1.0,0.0,0.0,80,296,3.7,0.37033500029792776,10
gen_debug_production_001,memgpt_style,debug/production,synthetic,explicit,decisions,4,1,0,0.0,0.0,0.0,80,296,3.7,0.37033500029792776,10
gen_debug_production_001,memgpt_style,debug/production,synthetic,explicit,files,5,3,3,1.0,0.6,0.75,80,296,3.7,0.37033500029792776,10
gen_debug_production_001,sliding_window_10,debug/production,synthetic,explicit,completed_tasks,6,12,4,0.3333,0.6667,0.4444,113,296,2.62,0.004869000349572161,12
gen_debug_production_001,sliding_window_10,debug/production,synthetic,explicit,pending_tasks,2,12,0,0.0,0.0,0.0,113,296,2.62,0.004869000349572161,12
gen_debug_production_001,sliding_window_10,debug/production,synthetic,explicit,decisions,4,12,0,0.0,0.0,0.0,113,296,2.62,0.004869000349572161,12
gen_debug_production_001,sliding_window_10,debug/production,synthetic,explicit,files,5,12,3,0.25,0.6,0.3529,113,296,2.62,0.004869000349572161,12
gen_debug_production_001,sliding_window_10,debug/production,synthetic,explicit,errors,0,12,0,0.0,1.0,0.0,113,296,2.62,0.004869000349572161,12
gen_debug_production_001,naive_truncation,debug/production,synthetic,explicit,completed_tasks,6,32,6,0.1875,1.0,0.3158,313,296,0.95,0.01724399999147863,32
gen_debug_production_001,naive_truncation,debug/production,synthetic,explicit,pending_tasks,2,32,2,0.0625,1.0,0.1176,313,296,0.95,0.01724399999147863,32
gen_debug_production_001,naive_truncation,debug/production,synthetic,explicit,decisions,4,32,4,0.125,1.0,0.2222,313,296,0.95,0.01724399999147863,32
gen_debug_production_001,naive_truncation,debug/production,synthetic,explicit,files,5,32,5,0.1562,1.0,0.2703,313,296,0.95,0.01724399999147863,32
gen_debug_production_001,naive_truncation,debug/production,synthetic,explicit,errors,0,32,0,0.0,1.0,0.0,313,296,0.95,0.01724399999147863,32
gen_debug_production_001,naive_summary,debug/production,synthetic,explicit,completed_tasks,6,20,2,0.1,0.3333,0.1538,195,296,1.52,0.0407829998039233,20
gen_debug_production_001,naive_summary,debug/production,synthetic,explicit,pending_tasks,2,20,2,0.1,1.0,0.1818,195,296,1.52,0.0407829998039233,20
gen_debug_production_001,naive_summary,debug/production,synthetic,explicit,decisions,4,20,4,0.2,1.0,0.3333,195,296,1.52,0.0407829998039233,20
gen_debug_production_001,naive_summary,debug/production,synthetic,explicit,files,5,20,2,0.1,0.4,0.16,195,296,1.52,0.0407829998039233,20
gen_debug_production_001,naive_summary,debug/production,synthetic,explicit,errors,0,20,0,0.0,1.0,0.0,195,296,1.52,0.0407829998039233,20
gen_debug_production_002,tokenmizer_v0.5.2,debug/production,synthetic,explicit,completed_tasks,4,4,4,1.0,1.0,1.0,171,256,1.5,268.5595220000323,16
gen_debug_production_002,tokenmizer_v0.5.2,debug/production,synthetic,explicit,pending_tasks,4,4,4,1.0,1.0,1.0,171,256,1.5,268.5595220000323,16
gen_debug_production_002,tokenmizer_v0.5.2,debug/production,synthetic,explicit,decisions,3,3,3,1.0,1.0,1.0,171,256,1.5,268.5595220000323,16
gen_debug_production_002,tokenmizer_v0.5.2,debug/production,synthetic,explicit,files,2,2,2,1.0,1.0,1.0,171,256,1.5,268.5595220000323,16
gen_debug_production_002,tokenmizer_v0.5.2,debug/production,synthetic,explicit,errors,1,3,1,0.3333,1.0,0.5,171,256,1.5,268.5595220000323,16
gen_debug_production_002,graphiti_style,debug/production,synthetic,explicit,completed_tasks,4,5,4,0.8,1.0,0.8889,170,256,1.51,0.9368930000164255,18
gen_debug_production_002,graphiti_style,debug/production,synthetic,explicit,pending_tasks,4,6,4,0.6667,1.0,0.8,170,256,1.51,0.9368930000164255,18
gen_debug_production_002,graphiti_style,debug/production,synthetic,explicit,decisions,3,3,3,1.0,1.0,1.0,170,256,1.51,0.9368930000164255,18
gen_debug_production_002,graphiti_style,debug/production,synthetic,explicit,files,2,2,2,1.0,1.0,1.0,170,256,1.51,0.9368930000164255,18
gen_debug_production_002,graphiti_style,debug/production,synthetic,explicit,errors,1,2,1,0.5,1.0,0.6667,170,256,1.51,0.9368930000164255,18
gen_debug_production_002,graphrag_style,debug/production,synthetic,explicit,completed_tasks,4,2,2,1.0,0.5,0.6667,127,256,2.02,0.5111469999974361,15
gen_debug_production_002,graphrag_style,debug/production,synthetic,explicit,pending_tasks,4,4,3,0.75,0.75,0.75,127,256,2.02,0.5111469999974361,15
gen_debug_production_002,graphrag_style,debug/production,synthetic,explicit,decisions,3,3,3,1.0,1.0,1.0,127,256,2.02,0.5111469999974361,15
gen_debug_production_002,graphrag_style,debug/production,synthetic,explicit,files,2,2,2,1.0,1.0,1.0,127,256,2.02,0.5111469999974361,15
gen_debug_production_002,graphrag_style,debug/production,synthetic,explicit,errors,1,4,1,0.25,1.0,0.4,127,256,2.02,0.5111469999974361,15
gen_debug_production_002,mem0_style,debug/production,synthetic,explicit,completed_tasks,4,5,4,0.8,1.0,0.8889,169,256,1.51,0.8614289999968605,18
gen_debug_production_002,mem0_style,debug/production,synthetic,explicit,pending_tasks,4,6,4,0.6667,1.0,0.8,169,256,1.51,0.8614289999968605,18
gen_debug_production_002,mem0_style,debug/production,synthetic,explicit,decisions,3,3,3,1.0,1.0,1.0,169,256,1.51,0.8614289999968605,18
gen_debug_production_002,mem0_style,debug/production,synthetic,explicit,files,2,2,2,1.0,1.0,1.0,169,256,1.51,0.8614289999968605,18
gen_debug_production_002,mem0_style,debug/production,synthetic,explicit,errors,1,2,1,0.5,1.0,0.6667,169,256,1.51,0.8614289999968605,18
gen_debug_production_002,memgpt_style,debug/production,synthetic,explicit,completed_tasks,4,2,2,1.0,0.5,0.6667,92,256,2.78,0.32615800000712625,9
gen_debug_production_002,memgpt_style,debug/production,synthetic,explicit,pending_tasks,4,3,2,0.6667,0.5,0.5714,92,256,2.78,0.32615800000712625,9
gen_debug_production_002,memgpt_style,debug/production,synthetic,explicit,decisions,3,1,1,1.0,0.3333,0.5,92,256,2.78,0.32615800000712625,9
gen_debug_production_002,memgpt_style,debug/production,synthetic,explicit,files,2,1,1,1.0,0.5,0.6667,92,256,2.78,0.32615800000712625,9
gen_debug_production_002,memgpt_style,debug/production,synthetic,explicit,errors,1,2,1,0.5,1.0,0.6667,92,256,2.78,0.32615800000712625,9
gen_debug_production_002,sliding_window_10,debug/production,synthetic,explicit,completed_tasks,4,12,2,0.1667,0.5,0.25,126,256,2.03,0.0035749999369727448,12
gen_debug_production_002,sliding_window_10,debug/production,synthetic,explicit,pending_tasks,4,12,2,0.1667,0.5,0.25,126,256,2.03,0.0035749999369727448,12
gen_debug_production_002,sliding_window_10,debug/production,synthetic,explicit,decisions,3,12,1,0.0833,0.3333,0.1333,126,256,2.03,0.0035749999369727448,12
gen_debug_production_002,sliding_window_10,debug/production,synthetic,explicit,files,2,12,1,0.0833,0.5,0.1429,126,256,2.03,0.0035749999369727448,12
gen_debug_production_002,sliding_window_10,debug/production,synthetic,explicit,errors,1,12,1,0.0833,1.0,0.1538,126,256,2.03,0.0035749999369727448,12
gen_debug_production_002,naive_truncation,debug/production,synthetic,explicit,completed_tasks,4,26,4,0.1538,1.0,0.2667,269,256,0.95,0.014750999980606139,26
gen_debug_production_002,naive_truncation,debug/production,synthetic,explicit,pending_tasks,4,26,4,0.1538,1.0,0.2667,269,256,0.95,0.014750999980606139,26
gen_debug_production_002,naive_truncation,debug/production,synthetic,explicit,decisions,3,26,3,0.1154,1.0,0.2069,269,256,0.95,0.014750999980606139,26
gen_debug_production_002,naive_truncation,debug/production,synthetic,explicit,files,2,26,2,0.0769,1.0,0.1429,269,256,0.95,0.014750999980606139,26
gen_debug_production_002,naive_truncation,debug/production,synthetic,explicit,errors,1,26,1,0.0385,1.0,0.0741,269,256,0.95,0.014750999980606139,26
gen_debug_production_002,naive_summary,debug/production,synthetic,explicit,completed_tasks,4,19,3,0.1579,0.75,0.2609,191,256,1.34,0.04076000004715752,19
gen_debug_production_002,naive_summary,debug/production,synthetic,explicit,pending_tasks,4,19,2,0.1053,0.5,0.1739,191,256,1.34,0.04076000004715752,19
gen_debug_production_002,naive_summary,debug/production,synthetic,explicit,decisions,3,19,2,0.1053,0.6667,0.1818,191,256,1.34,0.04076000004715752,19
gen_debug_production_002,naive_summary,debug/production,synthetic,explicit,files,2,19,1,0.0526,0.5,0.0952,191,256,1.34,0.04076000004715752,19
gen_debug_production_002,naive_summary,debug/production,synthetic,explicit,errors,1,19,1,0.0526,1.0,0.1,191,256,1.34,0.04076000004715752,19
gen_debug_production_003,tokenmizer_v0.5.2,debug/production,synthetic,explicit,completed_tasks,6,6,6,1.0,1.0,1.0,217,367,1.69,296.94019199996546,22
gen_debug_production_003,tokenmizer_v0.5.2,debug/production,synthetic,explicit,pending_tasks,3,3,3,1.0,1.0,1.0,217,367,1.69,296.94019199996546,22
gen_debug_production_003,tokenmizer_v0.5.2,debug/production,synthetic,explicit,decisions,4,4,4,1.0,1.0,1.0,217,367,1.69,296.94019199996546,22
gen_debug_production_003,tokenmizer_v0.5.2,debug/production,synthetic,explicit,files,5,5,5,1.0,1.0,1.0,217,367,1.69,296.94019199996546,22
gen_debug_production_003,tokenmizer_v0.5.2,debug/production,synthetic,explicit,errors,2,4,2,0.5,1.0,0.6667,217,367,1.69,296.94019199996546,22
gen_debug_production_003,graphiti_style,debug/production,synthetic,explicit,completed_tasks,6,11,6,0.5455,1.0,0.7059,197,367,1.86,1.161203999799909,27
gen_debug_production_003,graphiti_style,debug/production,synthetic,explicit,pending_tasks,3,4,3,0.75,1.0,0.8571,197,367,1.86,1.161203999799909,27
gen_debug_production_003,graphiti_style,debug/production,synthetic,explicit,decisions,4,5,4,0.8,1.0,0.8889,197,367,1.86,1.161203999799909,27
gen_debug_production_003,graphiti_style,debug/production,synthetic,explicit,files,5,5,5,1.0,1.0,1.0,197,367,1.86,1.161203999799909,27
gen_debug_production_003,graphiti_style,debug/production,synthetic,explicit,errors,2,2,2,1.0,1.0,1.0,197,367,1.86,1.161203999799909,27
gen_debug_production_003,graphrag_style,debug/production,synthetic,explicit,completed_tasks,6,2,2,1.0,0.3333,0.5,137,367,2.68,0.6804909999118536,17
gen_debug_production_003,graphrag_style,debug/production,synthetic,explicit,pending_tasks,3,1,0,0.0,0.0,0.0,137,367,2.68,0.6804909999118536,17
gen_debug_production_003,graphrag_style,debug/production,synthetic,explicit,decisions,4,5,4,0.8,1.0,0.8889,137,367,2.68,0.6804909999118536,17
gen_debug_production_003,graphrag_style,debug/production,synthetic,explicit,files,5,5,5,1.0,1.0,1.0,137,367,2.68,0.6804909999118536,17
gen_debug_production_003,graphrag_style,debug/production,synthetic,explicit,errors,2,4,2,0.5,1.0,0.6667,137,367,2.68,0.6804909999118536,17
gen_debug_production_003,mem0_style,debug/production,synthetic,explicit,completed_tasks,6,11,6,0.5455,1.0,0.7059,196,367,1.87,1.2647769999603042,27
gen_debug_production_003,mem0_style,debug/production,synthetic,explicit,pending_tasks,3,4,3,0.75,1.0,0.8571,196,367,1.87,1.2647769999603042,27
gen_debug_production_003,mem0_style,debug/production,synthetic,explicit,decisions,4,5,4,0.8,1.0,0.8889,196,367,1.87,1.2647769999603042,27
gen_debug_production_003,mem0_style,debug/production,synthetic,explicit,files,5,5,5,1.0,1.0,1.0,196,367,1.87,1.2647769999603042,27
gen_debug_production_003,mem0_style,debug/production,synthetic,explicit,errors,2,2,2,1.0,1.0,1.0,196,367,1.87,1.2647769999603042,27
gen_debug_production_003,memgpt_style,debug/production,synthetic,explicit,completed_tasks,6,4,3,0.75,0.5,0.6,86,367,4.27,0.39840599993112846,8
gen_debug_production_003,memgpt_style,debug/production,synthetic,explicit,pending_tasks,3,2,2,1.0,0.6667,0.8,86,367,4.27,0.39840599993112846,8
gen_debug_production_003,memgpt_style,debug/production,synthetic,explicit,decisions,4,0,0,1.0,0.0,0.0,86,367,4.27,0.39840599993112846,8
gen_debug_production_003,memgpt_style,debug/production,synthetic,explicit,files,5,1,1,1.0,0.2,0.3333,86,367,4.27,0.39840599993112846,8
gen_debug_production_003,memgpt_style,debug/production,synthetic,explicit,errors,2,1,1,1.0,0.5,0.6667,86,367,4.27,0.39840599993112846,8
gen_debug_production_003,sliding_window_10,debug/production,synthetic,explicit,completed_tasks,6,10,2,0.2,0.3333,0.25,102,367,3.6,0.0035620000744529534,10
gen_debug_production_003,sliding_window_10,debug/production,synthetic,explicit,pending_tasks,3,10,1,0.1,0.3333,0.1538,102,367,3.6,0.0035620000744529534,10
gen_debug_production_003,sliding_window_10,debug/production,synthetic,explicit,decisions,4,10,0,0.0,0.0,0.0,102,367,3.6,0.0035620000744529534,10
gen_debug_production_003,sliding_window_10,debug/production,synthetic,explicit,files,5,10,1,0.1,0.2,0.1333,102,367,3.6,0.0035620000744529534,10
gen_debug_production_003,sliding_window_10,debug/production,synthetic,explicit,errors,2,10,1,0.1,0.5,0.1667,102,367,3.6,0.0035620000744529534,10
gen_debug_production_003,naive_truncation,debug/production,synthetic,explicit,completed_tasks,6,33,5,0.1515,0.8333,0.2564,313,367,1.17,0.021936999928584555,33
gen_debug_production_003,naive_truncation,debug/production,synthetic,explicit,pending_tasks,3,33,3,0.0909,1.0,0.1667,313,367,1.17,0.021936999928584555,33
gen_debug_production_003,naive_truncation,debug/production,synthetic,explicit,decisions,4,33,4,0.1212,1.0,0.2162,313,367,1.17,0.021936999928584555,33
gen_debug_production_003,naive_truncation,debug/production,synthetic,explicit,files,5,33,5,0.1515,1.0,0.2632,313,367,1.17,0.021936999928584555,33
gen_debug_production_003,naive_truncation,debug/production,synthetic,explicit,errors,2,33,1,0.0303,0.5,0.0571,313,367,1.17,0.021936999928584555,33
gen_debug_production_003,naive_summary,debug/production,synthetic,explicit,completed_tasks,6,21,3,0.1429,0.5,0.2222,202,367,1.82,0.06394899992301362,21
gen_debug_production_003,naive_summary,debug/production,synthetic,explicit,pending_tasks,3,21,1,0.0476,0.3333,0.0833,202,367,1.82,0.06394899992301362,21
gen_debug_production_003,naive_summary,debug/production,synthetic,explicit,decisions,4,21,2,0.0952,0.5,0.16,202,367,1.82,0.06394899992301362,21
gen_debug_production_003,naive_summary,debug/production,synthetic,explicit,files,5,21,4,0.1905,0.8,0.3077,202,367,1.82,0.06394899992301362,21
gen_debug_production_003,naive_summary,debug/production,synthetic,explicit,errors,2,21,1,0.0476,0.5,0.087,202,367,1.82,0.06394899992301362,21
gen_debug_production_004,tokenmizer_v0.5.2,debug/production,synthetic,explicit,completed_tasks,5,5,5,1.0,1.0,1.0,227,334,1.47,283.1723509998483,21
gen_debug_production_004,tokenmizer_v0.5.2,debug/production,synthetic,explicit,pending_tasks,4,4,4,1.0,1.0,1.0,227,334,1.47,283.1723509998483,21
gen_debug_production_004,tokenmizer_v0.5.2,debug/production,synthetic,explicit,decisions,6,6,6,1.0,1.0,1.0,227,334,1.47,283.1723509998483,21
gen_debug_production_004,tokenmizer_v0.5.2,debug/production,synthetic,explicit,files,3,3,3,1.0,1.0,1.0,227,334,1.47,283.1723509998483,21
gen_debug_production_004,tokenmizer_v0.5.2,debug/production,synthetic,explicit,errors,2,3,2,0.6667,1.0,0.8,227,334,1.47,283.1723509998483,21
gen_debug_production_004,graphiti_style,debug/production,synthetic,explicit,completed_tasks,5,7,5,0.7143,1.0,0.8333,233,334,1.43,1.0906709999289887,26
gen_debug_production_004,graphiti_style,debug/production,synthetic,explicit,pending_tasks,4,4,4,1.0,1.0,1.0,233,334,1.43,1.0906709999289887,26
gen_debug_production_004,graphiti_style,debug/production,synthetic,explicit,decisions,6,8,6,0.75,1.0,0.8571,233,334,1.43,1.0906709999289887,26
gen_debug_production_004,graphiti_style,debug/production,synthetic,explicit,files,3,3,3,1.0,1.0,1.0,233,334,1.43,1.0906709999289887,26
gen_debug_production_004,graphiti_style,debug/production,synthetic,explicit,errors,2,4,2,0.5,1.0,0.6667,233,334,1.43,1.0906709999289887,26
gen_debug_production_004,graphrag_style,debug/production,synthetic,explicit,completed_tasks,5,3,3,1.0,0.6,0.75,194,334,1.72,0.6793890001972613,20
gen_debug_production_004,graphrag_style,debug/production,synthetic,explicit,pending_tasks,4,3,3,1.0,0.75,0.8571,194,334,1.72,0.6793890001972613,20
gen_debug_production_004,graphrag_style,debug/production,synthetic,explicit,decisions,6,7,6,0.8571,1.0,0.9231,194,334,1.72,0.6793890001972613,20
gen_debug_production_004,graphrag_style,debug/production,synthetic,explicit,files,3,3,3,1.0,1.0,1.0,194,334,1.72,0.6793890001972613,20
gen_debug_production_004,graphrag_style,debug/production,synthetic,explicit,errors,2,4,2,0.5,1.0,0.6667,194,334,1.72,0.6793890001972613,20
gen_debug_production_004,mem0_style,debug/production,synthetic,explicit,completed_tasks,5,7,5,0.7143,1.0,0.8333,232,334,1.44,1.4791789999435423,26
gen_debug_production_004,mem0_style,debug/production,synthetic,explicit,pending_tasks,4,4,4,1.0,1.0,1.0,232,334,1.44,1.4791789999435423,26
gen_debug_production_004,mem0_style,debug/production,synthetic,explicit,decisions,6,8,6,0.75,1.0,0.8571,232,334,1.44,1.4791789999435423,26
gen_debug_production_004,mem0_style,debug/production,synthetic,explicit,files,3,3,3,1.0,1.0,1.0,232,334,1.44,1.4791789999435423,26
gen_debug_production_004,mem0_style,debug/production,synthetic,explicit,errors,2,4,2,0.5,1.0,0.6667,232,334,1.44,1.4791789999435423,26
gen_debug_production_004,memgpt_style,debug/production,synthetic,explicit,completed_tasks,5,4,2,0.5,0.4,0.4444,84,334,3.98,0.31516199987891014,11
gen_debug_production_004,memgpt_style,debug/production,synthetic,explicit,pending_tasks,4,0,0,1.0,0.0,0.0,84,334,3.98,0.31516199987891014,11
gen_debug_production_004,memgpt_style,debug/production,synthetic,explicit,decisions,6,3,2,0.6667,0.3333,0.4444,84,334,3.98,0.31516199987891014,11
gen_debug_production_004,memgpt_style,debug/production,synthetic,explicit,files,3,3,3,1.0,1.0,1.0,84,334,3.98,0.31516199987891014,11
gen_debug_production_004,memgpt_style,debug/production,synthetic,explicit,errors,2,1,0,0.0,0.0,0.0,84,334,3.98,0.31516199987891014,11
gen_debug_production_004,sliding_window_10,debug/production,synthetic,explicit,completed_tasks,5,10,1,0.1,0.2,0.1333,86,334,3.88,0.004766000074596377,10
gen_debug_production_004,sliding_window_10,debug/production,synthetic,explicit,pending_tasks,4,10,0,0.0,0.0,0.0,86,334,3.88,0.004766000074596377,10
gen_debug_production_004,sliding_window_10,debug/production,synthetic,explicit,decisions,6,10,2,0.2,0.3333,0.25,86,334,3.88,0.004766000074596377,10
gen_debug_production_004,sliding_window_10,debug/production,synthetic,explicit,files,3,10,2,0.2,0.6667,0.3077,86,334,3.88,0.004766000074596377,10
gen_debug_production_004,sliding_window_10,debug/production,synthetic,explicit,errors,2,10,0,0.0,0.0,0.0,86,334,3.88,0.004766000074596377,10
gen_debug_production_004,naive_truncation,debug/production,synthetic,explicit,completed_tasks,5,32,4,0.125,0.8,0.2162,301,334,1.11,0.019345000055182027,32
gen_debug_production_004,naive_truncation,debug/production,synthetic,explicit,pending_tasks,4,32,3,0.0938,0.75,0.1667,301,334,1.11,0.019345000055182027,32
gen_debug_production_004,naive_truncation,debug/production,synthetic,explicit,decisions,6,32,6,0.1875,1.0,0.3158,301,334,1.11,0.019345000055182027,32
gen_debug_production_004,naive_truncation,debug/production,synthetic,explicit,files,3,32,3,0.0938,1.0,0.1714,301,334,1.11,0.019345000055182027,32
gen_debug_production_004,naive_truncation,debug/production,synthetic,explicit,errors,2,32,2,0.0625,1.0,0.1176,301,334,1.11,0.019345000055182027,32
gen_debug_production_004,naive_summary,debug/production,synthetic,explicit,completed_tasks,5,19,3,0.1579,0.6,0.25,184,334,1.82,0.05074099999546888,19
gen_debug_production_004,naive_summary,debug/production,synthetic,explicit,pending_tasks,4,19,4,0.2105,1.0,0.3478,184,334,1.82,0.05074099999546888,19
gen_debug_production_004,naive_summary,debug/production,synthetic,explicit,decisions,6,19,2,0.1053,0.3333,0.16,184,334,1.82,0.05074099999546888,19
gen_debug_production_004,naive_summary,debug/production,synthetic,explicit,files,3,19,0,0.0,0.0,0.0,184,334,1.82,0.05074099999546888,19
gen_debug_production_004,naive_summary,debug/production,synthetic,explicit,errors,2,19,1,0.0526,0.5,0.0952,184,334,1.82,0.05074099999546888,19
gen_debug_production_005,tokenmizer_v0.5.2,debug/production,synthetic,explicit,completed_tasks,3,3,3,1.0,1.0,1.0,171,288,1.68,269.85170099987954,17
gen_debug_production_005,tokenmizer_v0.5.2,debug/production,synthetic,explicit,pending_tasks,2,2,2,1.0,1.0,1.0,171,288,1.68,269.85170099987954,17
gen_debug_production_005,tokenmizer_v0.5.2,debug/production,synthetic,explicit,decisions,6,6,6,1.0,1.0,1.0,171,288,1.68,269.85170099987954,17
gen_debug_production_005,tokenmizer_v0.5.2,debug/production,synthetic,explicit,files,4,4,4,1.0,1.0,1.0,171,288,1.68,269.85170099987954,17
gen_debug_production_005,tokenmizer_v0.5.2,debug/production,synthetic,explicit,errors,1,2,1,0.5,1.0,0.6667,171,288,1.68,269.85170099987954,17
gen_debug_production_005,graphiti_style,debug/production,synthetic,explicit,completed_tasks,3,6,3,0.5,1.0,0.6667,191,288,1.51,1.2751290000778681,28
gen_debug_production_005,graphiti_style,debug/production,synthetic,explicit,pending_tasks,2,4,2,0.5,1.0,0.6667,191,288,1.51,1.2751290000778681,28
gen_debug_production_005,graphiti_style,debug/production,synthetic,explicit,decisions,6,11,6,0.5455,1.0,0.7059,191,288,1.51,1.2751290000778681,28
gen_debug_production_005,graphiti_style,debug/production,synthetic,explicit,files,4,4,4,1.0,1.0,1.0,191,288,1.51,1.2751290000778681,28
gen_debug_production_005,graphiti_style,debug/production,synthetic,explicit,errors,1,3,1,0.3333,1.0,0.5,191,288,1.51,1.2751290000778681,28
gen_debug_production_005,graphrag_style,debug/production,synthetic,explicit,completed_tasks,3,1,1,1.0,0.3333,0.5,133,288,2.17,0.9735380003803584,21
gen_debug_production_005,graphrag_style,debug/production,synthetic,explicit,pending_tasks,2,2,1,0.5,0.5,0.5,133,288,2.17,0.9735380003803584,21
gen_debug_production_005,graphrag_style,debug/production,synthetic,explicit,decisions,6,11,6,0.5455,1.0,0.7059,133,288,2.17,0.9735380003803584,21
gen_debug_production_005,graphrag_style,debug/production,synthetic,explicit,files,4,4,4,1.0,1.0,1.0,133,288,2.17,0.9735380003803584,21
gen_debug_production_005,graphrag_style,debug/production,synthetic,explicit,errors,1,3,1,0.3333,1.0,0.5,133,288,2.17,0.9735380003803584,21
gen_debug_production_005,mem0_style,debug/production,synthetic,explicit,completed_tasks,3,6,3,0.5,1.0,0.6667,190,288,1.52,1.5068270004121587,27
gen_debug_production_005,mem0_style,debug/production,synthetic,explicit,pending_tasks,2,4,2,0.5,1.0,0.6667,190,288,1.52,1.5068270004121587,27
gen_debug_production_005,mem0_style,debug/production,synthetic,explicit,decisions,6,10,6,0.6,1.0,0.75,190,288,1.52,1.5068270004121587,27
gen_debug_production_005,mem0_style,debug/production,synthetic,explicit,files,4,4,4,1.0,1.0,1.0,190,288,1.52,1.5068270004121587,27
gen_debug_production_005,mem0_style,debug/production,synthetic,explicit,errors,1,3,1,0.3333,1.0,0.5,190,288,1.52,1.5068270004121587,27
gen_debug_production_005,memgpt_style,debug/production,synthetic,explicit,completed_tasks,3,3,2,0.6667,0.6667,0.6667,110,288,2.62,0.379639999664505,11
gen_debug_production_005,memgpt_style,debug/production,synthetic,explicit,pending_tasks,2,3,2,0.6667,1.0,0.8,110,288,2.62,0.379639999664505,11
gen_debug_production_005,memgpt_style,debug/production,synthetic,explicit,decisions,6,2,2,1.0,0.3333,0.5,110,288,2.62,0.379639999664505,11
gen_debug_production_005,memgpt_style,debug/production,synthetic,explicit,files,4,1,1,1.0,0.25,0.4,110,288,2.62,0.379639999664505,11
gen_debug_production_005,memgpt_style,debug/production,synthetic,explicit,errors,1,2,0,0.0,0.0,0.0,110,288,2.62,0.379639999664505,11
gen_debug_production_005,sliding_window_10,debug/production,synthetic,explicit,completed_tasks,3,12,2,0.1667,0.6667,0.2667,115,288,2.5,0.003447000381129328,12
gen_debug_production_005,sliding_window_10,debug/production,synthetic,explicit,pending_tasks,2,12,2,0.1667,1.0,0.2857,115,288,2.5,0.003447000381129328,12
gen_debug_production_005,sliding_window_10,debug/production,synthetic,explicit,decisions,6,12,2,0.1667,0.3333,0.2222,115,288,2.5,0.003447000381129328,12
gen_debug_production_005,sliding_window_10,debug/production,synthetic,explicit,files,4,12,1,0.0833,0.25,0.125,115,288,2.5,0.003447000381129328,12
gen_debug_production_005,sliding_window_10,debug/production,synthetic,explicit,errors,1,12,0,0.0,0.0,0.0,115,288,2.5,0.003447000381129328,12
gen_debug_production_005,naive_truncation,debug/production,synthetic,explicit,completed_tasks,3,30,3,0.1,1.0,0.1818,303,288,0.95,0.02828700007739826,30
gen_debug_production_005,naive_truncation,debug/production,synthetic,explicit,pending_tasks,2,30,2,0.0667,1.0,0.125,303,288,0.95,0.02828700007739826,30
gen_debug_production_005,naive_truncation,debug/production,synthetic,explicit,decisions,6,30,6,0.2,1.0,0.3333,303,288,0.95,0.02828700007739826,30
gen_debug_production_005,naive_truncation,debug/production,synthetic,explicit,files,4,30,4,0.1333,1.0,0.2353,303,288,0.95,0.02828700007739826,30
gen_debug_production_005,naive_truncation,debug/production,synthetic,explicit,errors,1,30,1,0.0333,1.0,0.0645,303,288,0.95,0.02828700007739826,30
gen_debug_production_005,naive_summary,debug/production,synthetic,explicit,completed_tasks,3,19,1,0.0526,0.3333,0.0909,191,288,1.51,0.04285300019546412,19
gen_debug_production_005,naive_summary,debug/production,synthetic,explicit,pending_tasks,2,19,0,0.0,0.0,0.0,191,288,1.51,0.04285300019546412,19
gen_debug_production_005,naive_summary,debug/production,synthetic,explicit,decisions,6,19,4,0.2105,0.6667,0.32,191,288,1.51,0.04285300019546412,19
gen_debug_production_005,naive_summary,debug/production,synthetic,explicit,files,4,19,3,0.1579,0.75,0.2609,191,288,1.51,0.04285300019546412,19
gen_debug_production_005,naive_summary,debug/production,synthetic,explicit,errors,1,19,1,0.0526,1.0,0.1,191,288,1.51,0.04285300019546412,19
gen_devops_ci_001,tokenmizer_v0.5.2,devops/ci,synthetic,semi,completed_tasks,3,3,3,1.0,1.0,1.0,149,276,1.85,278.1996569997318,15
gen_devops_ci_001,tokenmizer_v0.5.2,devops/ci,synthetic,semi,pending_tasks,1,1,1,1.0,1.0,1.0,149,276,1.85,278.1996569997318,15
gen_devops_ci_001,tokenmizer_v0.5.2,devops/ci,synthetic,semi,decisions,4,4,4,1.0,1.0,1.0,149,276,1.85,278.1996569997318,15
gen_devops_ci_001,tokenmizer_v0.5.2,devops/ci,synthetic,semi,files,5,5,5,1.0,1.0,1.0,149,276,1.85,278.1996569997318,15
gen_devops_ci_001,tokenmizer_v0.5.2,devops/ci,synthetic,semi,errors,1,2,1,0.5,1.0,0.6667,149,276,1.85,278.1996569997318,15
gen_devops_ci_001,graphiti_style,devops/ci,synthetic,semi,completed_tasks,3,2,2,1.0,0.6667,0.8,129,276,2.14,0.9499359998699219,12
gen_devops_ci_001,graphiti_style,devops/ci,synthetic,semi,pending_tasks,1,2,1,0.5,1.0,0.6667,129,276,2.14,0.9499359998699219,12
gen_devops_ci_001,graphiti_style,devops/ci,synthetic,semi,decisions,4,3,2,0.6667,0.5,0.5714,129,276,2.14,0.9499359998699219,12
gen_devops_ci_001,graphiti_style,devops/ci,synthetic,semi,files,5,4,4,1.0,0.8,0.8889,129,276,2.14,0.9499359998699219,12
gen_devops_ci_001,graphiti_style,devops/ci,synthetic,semi,errors,1,1,1,1.0,1.0,1.0,129,276,2.14,0.9499359998699219,12
gen_devops_ci_001,graphrag_style,devops/ci,synthetic,semi,completed_tasks,3,0,0,1.0,0.0,0.0,76,276,3.63,0.5182339996281371,9
gen_devops_ci_001,graphrag_style,devops/ci,synthetic,semi,pending_tasks,1,1,0,0.0,0.0,0.0,76,276,3.63,0.5182339996281371,9
gen_devops_ci_001,graphrag_style,devops/ci,synthetic,semi,decisions,4,2,2,1.0,0.5,0.6667,76,276,3.63,0.5182339996281371,9
gen_devops_ci_001,graphrag_style,devops/ci,synthetic,semi,files,5,4,4,1.0,0.8,0.8889,76,276,3.63,0.5182339996281371,9
gen_devops_ci_001,graphrag_style,devops/ci,synthetic,semi,errors,1,2,1,0.5,1.0,0.6667,76,276,3.63,0.5182339996281371,9
gen_devops_ci_001,mem0_style,devops/ci,synthetic,semi,completed_tasks,3,2,2,1.0,0.6667,0.8,128,276,2.16,0.9150380001301528,12
gen_devops_ci_001,mem0_style,devops/ci,synthetic,semi,pending_tasks,1,2,1,0.5,1.0,0.6667,128,276,2.16,0.9150380001301528,12
gen_devops_ci_001,mem0_style,devops/ci,synthetic,semi,decisions,4,3,2,0.6667,0.5,0.5714,128,276,2.16,0.9150380001301528,12
gen_devops_ci_001,mem0_style,devops/ci,synthetic,semi,files,5,4,4,1.0,0.8,0.8889,128,276,2.16,0.9150380001301528,12
gen_devops_ci_001,mem0_style,devops/ci,synthetic,semi,errors,1,1,1,1.0,1.0,1.0,128,276,2.16,0.9150380001301528,12
gen_devops_ci_001,memgpt_style,devops/ci,synthetic,semi,completed_tasks,3,1,1,1.0,0.3333,0.5,80,276,3.45,0.39725899978293455,7
gen_devops_ci_001,memgpt_style,devops/ci,synthetic,semi,pending_tasks,1,0,0,1.0,0.0,0.0,80,276,3.45,0.39725899978293455,7
gen_devops_ci_001,memgpt_style,devops/ci,synthetic,semi,decisions,4,2,2,1.0,0.5,0.6667,80,276,3.45,0.39725899978293455,7
gen_devops_ci_001,memgpt_style,devops/ci,synthetic,semi,files,5,3,3,1.0,0.6,0.75,80,276,3.45,0.39725899978293455,7
gen_devops_ci_001,memgpt_style,devops/ci,synthetic,semi,errors,1,1,1,1.0,1.0,1.0,80,276,3.45,0.39725899978293455,7
gen_devops_ci_001,sliding_window_10,devops/ci,synthetic,semi,completed_tasks,3,13,2,0.1538,0.6667,0.25,141,276,1.96,0.00390800005334313,13
gen_devops_ci_001,sliding_window_10,devops/ci,synthetic,semi,pending_tasks,1,13,0,0.0,0.0,0.0,141,276,1.96,0.00390800005334313,13
gen_devops_ci_001,sliding_window_10,devops/ci,synthetic,semi,decisions,4,13,2,0.1538,0.5,0.2353,141,276,1.96,0.00390800005334313,13
gen_devops_ci_001,sliding_window_10,devops/ci,synthetic,semi,files,5,13,3,0.2308,0.6,0.3333,141,276,1.96,0.00390800005334313,13
gen_devops_ci_001,sliding_window_10,devops/ci,synthetic,semi,errors,1,13,1,0.0769,1.0,0.1429,141,276,1.96,0.00390800005334313,13
gen_devops_ci_001,naive_truncation,devops/ci,synthetic,semi,completed_tasks,3,27,3,0.1111,1.0,0.2,291,276,0.95,0.017267000202991767,27
gen_devops_ci_001,naive_truncation,devops/ci,synthetic,semi,pending_tasks,1,27,1,0.037,1.0,0.0714,291,276,0.95,0.017267000202991767,27
gen_devops_ci_001,naive_truncation,devops/ci,synthetic,semi,decisions,4,27,4,0.1481,1.0,0.2581,291,276,0.95,0.017267000202991767,27
gen_devops_ci_001,naive_truncation,devops/ci,synthetic,semi,files,5,27,5,0.1852,1.0,0.3125,291,276,0.95,0.017267000202991767,27
gen_devops_ci_001,naive_truncation,devops/ci,synthetic,semi,errors,1,27,1,0.037,1.0,0.0714,291,276,0.95,0.017267000202991767,27
gen_devops_ci_001,naive_summary,devops/ci,synthetic,semi,completed_tasks,3,18,2,0.1111,0.6667,0.1905,175,276,1.58,0.0386130000151752,18
gen_devops_ci_001,naive_summary,devops/ci,synthetic,semi,pending_tasks,1,18,1,0.0556,1.0,0.1053,175,276,1.58,0.0386130000151752,18
gen_devops_ci_001,naive_summary,devops/ci,synthetic,semi,decisions,4,18,2,0.1111,0.5,0.1818,175,276,1.58,0.0386130000151752,18
gen_devops_ci_001,naive_summary,devops/ci,synthetic,semi,files,5,18,2,0.1111,0.4,0.1739,175,276,1.58,0.0386130000151752,18
gen_devops_ci_001,naive_summary,devops/ci,synthetic,semi,errors,1,18,0,0.0,0.0,0.0,175,276,1.58,0.0386130000151752,18
gen_devops_ci_002,tokenmizer_v0.5.2,devops/ci,synthetic,semi,completed_tasks,3,3,3,1.0,1.0,1.0,181,339,1.87,279.6308530000715,18
gen_devops_ci_002,tokenmizer_v0.5.2,devops/ci,synthetic,semi,pending_tasks,3,3,3,1.0,1.0,1.0,181,339,1.87,279.6308530000715,18
gen_devops_ci_002,tokenmizer_v0.5.2,devops/ci,synthetic,semi,decisions,5,5,5,1.0,1.0,1.0,181,339,1.87,279.6308530000715,18
gen_devops_ci_002,tokenmizer_v0.5.2,devops/ci,synthetic,semi,files,5,5,5,1.0,1.0,1.0,181,339,1.87,279.6308530000715,18
gen_devops_ci_002,tokenmizer_v0.5.2,devops/ci,synthetic,semi,errors,2,2,2,1.0,1.0,1.0,181,339,1.87,279.6308530000715,18
gen_devops_ci_002,graphiti_style,devops/ci,synthetic,semi,completed_tasks,3,2,2,1.0,0.6667,0.8,138,339,2.46,1.1001220000252943,13
gen_devops_ci_002,graphiti_style,devops/ci,synthetic,semi,pending_tasks,3,1,0,0.0,0.0,0.0,138,339,2.46,1.1001220000252943,13
gen_devops_ci_002,graphiti_style,devops/ci,synthetic,semi,decisions,5,5,5,1.0,1.0,1.0,138,339,2.46,1.1001220000252943,13
gen_devops_ci_002,graphiti_style,devops/ci,synthetic,semi,files,5,3,3,1.0,0.6,0.75,138,339,2.46,1.1001220000252943,13
gen_devops_ci_002,graphiti_style,devops/ci,synthetic,semi,errors,2,2,2,1.0,1.0,1.0,138,339,2.46,1.1001220000252943,13
gen_devops_ci_002,graphrag_style,devops/ci,synthetic,semi,completed_tasks,3,0,0,1.0,0.0,0.0,93,339,3.65,0.5958219999229186,10
gen_devops_ci_002,graphrag_style,devops/ci,synthetic,semi,pending_tasks,3,1,0,0.0,0.0,0.0,93,339,3.65,0.5958219999229186,10
gen_devops_ci_002,graphrag_style,devops/ci,synthetic,semi,decisions,5,5,5,1.0,1.0,1.0,93,339,3.65,0.5958219999229186,10
gen_devops_ci_002,graphrag_style,devops/ci,synthetic,semi,files,5,3,3,1.0,0.6,0.75,93,339,3.65,0.5958219999229186,10
gen_devops_ci_002,graphrag_style,devops/ci,synthetic,semi,errors,2,1,0,0.0,0.0,0.0,93,339,3.65,0.5958219999229186,10
gen_devops_ci_002,mem0_style,devops/ci,synthetic,semi,completed_tasks,3,2,2,1.0,0.6667,0.8,137,339,2.47,1.204394000069442,13
gen_devops_ci_002,mem0_style,devops/ci,synthetic,semi,pending_tasks,3,1,0,0.0,0.0,0.0,137,339,2.47,1.204394000069442,13
gen_devops_ci_002,mem0_style,devops/ci,synthetic,semi,decisions,5,5,5,1.0,1.0,1.0,137,339,2.47,1.204394000069442,13
gen_devops_ci_002,mem0_style,devops/ci,synthetic,semi,files,5,3,3,1.0,0.6,0.75,137,339,2.47,1.204394000069442,13
gen_devops_ci_002,mem0_style,devops/ci,synthetic,semi,errors,2,2,2,1.0,1.0,1.0,137,339,2.47,1.204394000069442,13
gen_devops_ci_002,memgpt_style,devops/ci,synthetic,semi,completed_tasks,3,1,1,1.0,0.3333,0.5,43,339,7.88,0.42135300009249477,3
gen_devops_ci_002,memgpt_style,devops/ci,synthetic,semi,pending_tasks,3,0,0,1.0,0.0,0.0,43,339,7.88,0.42135300009249477,3
gen_devops_ci_002,memgpt_style,devops/ci,synthetic,semi,decisions,5,1,1,1.0,0.2,0.3333,43,339,7.88,0.42135300009249477,3
gen_devops_ci_002,memgpt_style,devops/ci,synthetic,semi,files,5,1,2,1.0,0.4,0.5714,43,339,7.88,0.42135300009249477,3
gen_devops_ci_002,memgpt_style,devops/ci,synthetic,semi,errors,2,0,0,1.0,0.0,0.0,43,339,7.88,0.42135300009249477,3
gen_devops_ci_002,sliding_window_10,devops/ci,synthetic,semi,completed_tasks,3,11,2,0.1818,0.6667,0.2857,123,339,2.76,0.0037009999687143136,11
gen_devops_ci_002,sliding_window_10,devops/ci,synthetic,semi,pending_tasks,3,11,1,0.0909,0.3333,0.1429,123,339,2.76,0.0037009999687143136,11
gen_devops_ci_002,sliding_window_10,devops/ci,synthetic,semi,decisions,5,11,1,0.0909,0.2,0.125,123,339,2.76,0.0037009999687143136,11
gen_devops_ci_002,sliding_window_10,devops/ci,synthetic,semi,files,5,11,3,0.1818,0.6,0.2791,123,339,2.76,0.0037009999687143136,11
gen_devops_ci_002,sliding_window_10,devops/ci,synthetic,semi,errors,2,11,0,0.0,0.0,0.0,123,339,2.76,0.0037009999687143136,11
gen_devops_ci_002,naive_truncation,devops/ci,synthetic,semi,completed_tasks,3,28,3,0.1071,1.0,0.1935,306,339,1.11,0.017095000202971278,28
gen_devops_ci_002,naive_truncation,devops/ci,synthetic,semi,pending_tasks,3,28,3,0.1071,1.0,0.1935,306,339,1.11,0.017095000202971278,28
gen_devops_ci_002,naive_truncation,devops/ci,synthetic,semi,decisions,5,28,5,0.1786,1.0,0.303,306,339,1.11,0.017095000202971278,28
gen_devops_ci_002,naive_truncation,devops/ci,synthetic,semi,files,5,28,4,0.1429,0.8,0.2424,306,339,1.11,0.017095000202971278,28
gen_devops_ci_002,naive_truncation,devops/ci,synthetic,semi,errors,2,28,1,0.0357,0.5,0.0667,306,339,1.11,0.017095000202971278,28
gen_devops_ci_002,naive_summary,devops/ci,synthetic,semi,completed_tasks,3,18,1,0.0556,0.3333,0.0952,186,339,1.82,0.0372979998246592,18
gen_devops_ci_002,naive_summary,devops/ci,synthetic,semi,pending_tasks,3,18,2,0.1111,0.6667,0.1905,186,339,1.82,0.0372979998246592,18
gen_devops_ci_002,naive_summary,devops/ci,synthetic,semi,decisions,5,18,3,0.1667,0.6,0.2609,186,339,1.82,0.0372979998246592,18
gen_devops_ci_002,naive_summary,devops/ci,synthetic,semi,files,5,18,3,0.1111,0.6,0.1875,186,339,1.82,0.0372979998246592,18
gen_devops_ci_002,naive_summary,devops/ci,synthetic,semi,errors,2,18,2,0.1111,1.0,0.2,186,339,1.82,0.0372979998246592,18
gen_devops_ci_003,tokenmizer_v0.5.2,devops/ci,synthetic,semi,completed_tasks,5,5,5,1.0,1.0,1.0,160,327,2.04,288.4579550000126,16
gen_devops_ci_003,tokenmizer_v0.5.2,devops/ci,synthetic,semi,pending_tasks,2,2,2,1.0,1.0,1.0,160,327,2.04,288.4579550000126,16
gen_devops_ci_003,tokenmizer_v0.5.2,devops/ci,synthetic,semi,decisions,6,6,6,1.0,1.0,1.0,160,327,2.04,288.4579550000126,16
gen_devops_ci_003,tokenmizer_v0.5.2,devops/ci,synthetic,semi,files,3,3,3,1.0,1.0,1.0,160,327,2.04,288.4579550000126,16
gen_devops_ci_003,graphiti_style,devops/ci,synthetic,semi,completed_tasks,5,4,4,1.0,0.8,0.8889,107,327,3.06,1.0366719998273766,12
gen_devops_ci_003,graphiti_style,devops/ci,synthetic,semi,pending_tasks,2,2,0,0.0,0.0,0.0,107,327,3.06,1.0366719998273766,12
gen_devops_ci_003,graphiti_style,devops/ci,synthetic,semi,decisions,6,4,3,0.75,0.5,0.6,107,327,3.06,1.0366719998273766,12
gen_devops_ci_003,graphiti_style,devops/ci,synthetic,semi,files,3,2,2,1.0,0.6667,0.8,107,327,3.06,1.0366719998273766,12
gen_devops_ci_003,graphrag_style,devops/ci,synthetic,semi,completed_tasks,5,0,0,1.0,0.0,0.0,66,327,4.95,0.6358559999171121,8
gen_devops_ci_003,graphrag_style,devops/ci,synthetic,semi,pending_tasks,2,1,0,0.0,0.0,0.0,66,327,4.95,0.6358559999171121,8
gen_devops_ci_003,graphrag_style,devops/ci,synthetic,semi,decisions,6,4,3,0.75,0.5,0.6,66,327,4.95,0.6358559999171121,8
gen_devops_ci_003,graphrag_style,devops/ci,synthetic,semi,files,3,2,2,1.0,0.6667,0.8,66,327,4.95,0.6358559999171121,8
gen_devops_ci_003,graphrag_style,devops/ci,synthetic,semi,errors,0,1,0,0.0,1.0,0.0,66,327,4.95,0.6358559999171121,8
gen_devops_ci_003,mem0_style,devops/ci,synthetic,semi,completed_tasks,5,4,4,1.0,0.8,0.8889,103,327,3.17,1.075581000350212,11
gen_devops_ci_003,mem0_style,devops/ci,synthetic,semi,pending_tasks,2,1,0,0.0,0.0,0.0,103,327,3.17,1.075581000350212,11
gen_devops_ci_003,mem0_style,devops/ci,synthetic,semi,decisions,6,4,3,0.75,0.5,0.6,103,327,3.17,1.075581000350212,11
gen_devops_ci_003,mem0_style,devops/ci,synthetic,semi,files,3,2,2,1.0,0.6667,0.8,103,327,3.17,1.075581000350212,11
gen_devops_ci_003,memgpt_style,devops/ci,synthetic,semi,completed_tasks,5,3,3,1.0,0.6,0.75,45,327,7.27,0.352067000221723,4
gen_devops_ci_003,memgpt_style,devops/ci,synthetic,semi,pending_tasks,2,0,0,1.0,0.0,0.0,45,327,7.27,0.352067000221723,4
gen_devops_ci_003,memgpt_style,devops/ci,synthetic,semi,decisions,6,0,0,1.0,0.0,0.0,45,327,7.27,0.352067000221723,4
gen_devops_ci_003,memgpt_style,devops/ci,synthetic,semi,files,3,1,1,1.0,0.3333,0.5,45,327,7.27,0.352067000221723,4
gen_devops_ci_003,sliding_window_10,devops/ci,synthetic,semi,completed_tasks,5,11,4,0.3636,0.8,0.5,124,327,2.64,0.0032339999052055646,11
gen_devops_ci_003,sliding_window_10,devops/ci,synthetic,semi,pending_tasks,2,11,0,0.0,0.0,0.0,124,327,2.64,0.0032339999052055646,11
gen_devops_ci_003,sliding_window_10,devops/ci,synthetic,semi,decisions,6,11,1,0.0909,0.1667,0.1176,124,327,2.64,0.0032339999052055646,11
gen_devops_ci_003,sliding_window_10,devops/ci,synthetic,semi,files,3,11,1,0.0909,0.3333,0.1429,124,327,2.64,0.0032339999052055646,11
gen_devops_ci_003,sliding_window_10,devops/ci,synthetic,semi,errors,0,11,0,0.0,1.0,0.0,124,327,2.64,0.0032339999052055646,11
gen_devops_ci_003,naive_truncation,devops/ci,synthetic,semi,completed_tasks,5,27,5,0.1852,1.0,0.3125,310,327,1.05,0.017116999970312463,27
gen_devops_ci_003,naive_truncation,devops/ci,synthetic,semi,pending_tasks,2,27,2,0.0741,1.0,0.1379,310,327,1.05,0.017116999970312463,27
gen_devops_ci_003,naive_truncation,devops/ci,synthetic,semi,decisions,6,27,6,0.2222,1.0,0.3636,310,327,1.05,0.017116999970312463,27
gen_devops_ci_003,naive_truncation,devops/ci,synthetic,semi,files,3,27,3,0.1111,1.0,0.2,310,327,1.05,0.017116999970312463,27
gen_devops_ci_003,naive_truncation,devops/ci,synthetic,semi,errors,0,27,0,0.0,1.0,0.0,310,327,1.05,0.017116999970312463,27
gen_devops_ci_003,naive_summary,devops/ci,synthetic,semi,completed_tasks,5,17,0,0.0,0.0,0.0,182,327,1.8,0.04060500032210257,17
gen_devops_ci_003,naive_summary,devops/ci,synthetic,semi,pending_tasks,2,17,1,0.0588,0.5,0.1053,182,327,1.8,0.04060500032210257,17
gen_devops_ci_003,naive_summary,devops/ci,synthetic,semi,decisions,6,17,5,0.2941,0.8333,0.4348,182,327,1.8,0.04060500032210257,17
gen_devops_ci_003,naive_summary,devops/ci,synthetic,semi,files,3,17,2,0.1176,0.6667,0.2,182,327,1.8,0.04060500032210257,17
gen_devops_ci_003,naive_summary,devops/ci,synthetic,semi,errors,0,17,0,0.0,1.0,0.0,182,327,1.8,0.04060500032210257,17
gen_devops_ci_004,tokenmizer_v0.5.2,devops/ci,synthetic,semi,completed_tasks,3,3,3,1.0,1.0,1.0,125,268,2.14,290.32611899992844,13
gen_devops_ci_004,tokenmizer_v0.5.2,devops/ci,synthetic,semi,pending_tasks,2,2,2,1.0,1.0,1.0,125,268,2.14,290.32611899992844,13
gen_devops_ci_004,tokenmizer_v0.5.2,devops/ci,synthetic,semi,decisions,4,4,4,1.0,1.0,1.0,125,268,2.14,290.32611899992844,13
gen_devops_ci_004,tokenmizer_v0.5.2,devops/ci,synthetic,semi,files,3,3,3,1.0,1.0,1.0,125,268,2.14,290.32611899992844,13
gen_devops_ci_004,tokenmizer_v0.5.2,devops/ci,synthetic,semi,errors,2,1,1,1.0,0.5,0.6667,125,268,2.14,290.32611899992844,13
gen_devops_ci_004,graphiti_style,devops/ci,synthetic,semi,completed_tasks,3,2,2,1.0,0.6667,0.8,91,268,2.95,0.922664999961853,10
gen_devops_ci_004,graphiti_style,devops/ci,synthetic,semi,pending_tasks,2,2,0,0.0,0.0,0.0,91,268,2.95,0.922664999961853,10
gen_devops_ci_004,graphiti_style,devops/ci,synthetic,semi,decisions,4,3,2,0.6667,0.5,0.5714,91,268,2.95,0.922664999961853,10
gen_devops_ci_004,graphiti_style,devops/ci,synthetic,semi,files,3,1,1,1.0,0.3333,0.5,91,268,2.95,0.922664999961853,10
gen_devops_ci_004,graphiti_style,devops/ci,synthetic,semi,errors,2,2,2,1.0,1.0,1.0,91,268,2.95,0.922664999961853,10
gen_devops_ci_004,graphrag_style,devops/ci,synthetic,semi,completed_tasks,3,0,0,1.0,0.0,0.0,48,268,5.58,0.4803150000043388,7
gen_devops_ci_004,graphrag_style,devops/ci,synthetic,semi,pending_tasks,2,1,0,0.0,0.0,0.0,48,268,5.58,0.4803150000043388,7
gen_devops_ci_004,graphrag_style,devops/ci,synthetic,semi,decisions,4,3,2,0.6667,0.5,0.5714,48,268,5.58,0.4803150000043388,7
gen_devops_ci_004,graphrag_style,devops/ci,synthetic,semi,files,3,1,1,1.0,0.3333,0.5,48,268,5.58,0.4803150000043388,7
gen_devops_ci_004,graphrag_style,devops/ci,synthetic,semi,errors,2,2,0,0.0,0.0,0.0,48,268,5.58,0.4803150000043388,7
gen_devops_ci_004,mem0_style,devops/ci,synthetic,semi,completed_tasks,3,2,2,1.0,0.6667,0.8,87,268,3.08,1.10539700017398,9
gen_devops_ci_004,mem0_style,devops/ci,synthetic,semi,pending_tasks,2,1,0,0.0,0.0,0.0,87,268,3.08,1.10539700017398,9
gen_devops_ci_004,mem0_style,devops/ci,synthetic,semi,decisions,4,3,2,0.6667,0.5,0.5714,87,268,3.08,1.10539700017398,9
gen_devops_ci_004,mem0_style,devops/ci,synthetic,semi,files,3,1,1,1.0,0.3333,0.5,87,268,3.08,1.10539700017398,9
gen_devops_ci_004,mem0_style,devops/ci,synthetic,semi,errors,2,2,2,1.0,1.0,1.0,87,268,3.08,1.10539700017398,9
gen_devops_ci_004,memgpt_style,devops/ci,synthetic,semi,completed_tasks,3,1,1,1.0,0.3333,0.5,47,268,5.7,0.3311129999019613,4
gen_devops_ci_004,memgpt_style,devops/ci,synthetic,semi,pending_tasks,2,0,0,1.0,0.0,0.0,47,268,5.7,0.3311129999019613,4
gen_devops_ci_004,memgpt_style,devops/ci,synthetic,semi,decisions,4,1,1,1.0,0.25,0.4,47,268,5.7,0.3311129999019613,4
gen_devops_ci_004,memgpt_style,devops/ci,synthetic,semi,files,3,1,1,1.0,0.3333,0.5,47,268,5.7,0.3311129999019613,4
gen_devops_ci_004,memgpt_style,devops/ci,synthetic,semi,errors,2,1,1,1.0,0.5,0.6667,47,268,5.7,0.3311129999019613,4
gen_devops_ci_004,sliding_window_10,devops/ci,synthetic,semi,completed_tasks,3,11,1,0.0909,0.3333,0.1429,111,268,2.41,0.003994000053353375,11
gen_devops_ci_004,sliding_window_10,devops/ci,synthetic,semi,pending_tasks,2,11,0,0.0,0.0,0.0,111,268,2.41,0.003994000053353375,11
gen_devops_ci_004,sliding_window_10,devops/ci,synthetic,semi,decisions,4,11,2,0.1818,0.5,0.2667,111,268,2.41,0.003994000053353375,11
gen_devops_ci_004,sliding_window_10,devops/ci,synthetic,semi,files,3,11,2,0.1818,0.6667,0.2857,111,268,2.41,0.003994000053353375,11
gen_devops_ci_004,sliding_window_10,devops/ci,synthetic,semi,errors,2,11,1,0.0909,0.5,0.1538,111,268,2.41,0.003994000053353375,11
gen_devops_ci_004,naive_truncation,devops/ci,synthetic,semi,completed_tasks,3,27,3,0.1111,1.0,0.2,283,268,0.95,0.0193079999917245,27
gen_devops_ci_004,naive_truncation,devops/ci,synthetic,semi,pending_tasks,2,27,2,0.0741,1.0,0.1379,283,268,0.95,0.0193079999917245,27
gen_devops_ci_004,naive_truncation,devops/ci,synthetic,semi,decisions,4,27,4,0.1481,1.0,0.2581,283,268,0.95,0.0193079999917245,27
gen_devops_ci_004,naive_truncation,devops/ci,synthetic,semi,files,3,27,3,0.1111,1.0,0.2,283,268,0.95,0.0193079999917245,27
gen_devops_ci_004,naive_truncation,devops/ci,synthetic,semi,errors,2,27,2,0.0741,1.0,0.1379,283,268,0.95,0.0193079999917245,27
gen_devops_ci_004,naive_summary,devops/ci,synthetic,semi,completed_tasks,3,17,2,0.1176,0.6667,0.2,176,268,1.52,0.04511999986789306,17
gen_devops_ci_004,naive_summary,devops/ci,synthetic,semi,pending_tasks,2,17,2,0.1176,1.0,0.2105,176,268,1.52,0.04511999986789306,17
gen_devops_ci_004,naive_summary,devops/ci,synthetic,semi,decisions,4,17,2,0.1176,0.5,0.1905,176,268,1.52,0.04511999986789306,17
gen_devops_ci_004,naive_summary,devops/ci,synthetic,semi,files,3,17,1,0.0588,0.3333,0.1,176,268,1.52,0.04511999986789306,17
gen_devops_ci_004,naive_summary,devops/ci,synthetic,semi,errors,2,17,1,0.0588,0.5,0.1053,176,268,1.52,0.04511999986789306,17
gen_devops_ci_005,tokenmizer_v0.5.2,devops/ci,synthetic,semi,completed_tasks,7,7,7,1.0,1.0,1.0,189,362,1.92,287.9760579999129,18
gen_devops_ci_005,tokenmizer_v0.5.2,devops/ci,synthetic,semi,pending_tasks,3,3,3,1.0,1.0,1.0,189,362,1.92,287.9760579999129,18
gen_devops_ci_005,tokenmizer_v0.5.2,devops/ci,synthetic,semi,decisions,2,2,2,1.0,1.0,1.0,189,362,1.92,287.9760579999129,18
gen_devops_ci_005,tokenmizer_v0.5.2,devops/ci,synthetic,semi,files,3,3,3,1.0,1.0,1.0,189,362,1.92,287.9760579999129,18
gen_devops_ci_005,tokenmizer_v0.5.2,devops/ci,synthetic,semi,errors,3,3,3,1.0,1.0,1.0,189,362,1.92,287.9760579999129,18
gen_devops_ci_005,graphiti_style,devops/ci,synthetic,semi,completed_tasks,7,5,5,1.0,0.7143,0.8333,163,362,2.22,1.235060999988491,16
gen_devops_ci_005,graphiti_style,devops/ci,synthetic,semi,pending_tasks,3,4,1,0.25,0.3333,0.2857,163,362,2.22,1.235060999988491,16
gen_devops_ci_005,graphiti_style,devops/ci,synthetic,semi,decisions,2,3,2,0.6667,1.0,0.8,163,362,2.22,1.235060999988491,16
gen_devops_ci_005,graphiti_style,devops/ci,synthetic,semi,files,3,1,1,1.0,0.3333,0.5,163,362,2.22,1.235060999988491,16
gen_devops_ci_005,graphiti_style,devops/ci,synthetic,semi,errors,3,3,3,1.0,1.0,1.0,163,362,2.22,1.235060999988491,16
gen_devops_ci_005,graphrag_style,devops/ci,synthetic,semi,completed_tasks,7,0,0,1.0,0.0,0.0,64,362,5.66,0.7480249996660859,8
gen_devops_ci_005,graphrag_style,devops/ci,synthetic,semi,pending_tasks,3,2,0,0.0,0.0,0.0,64,362,5.66,0.7480249996660859,8
gen_devops_ci_005,graphrag_style,devops/ci,synthetic,semi,decisions,2,2,2,1.0,1.0,1.0,64,362,5.66,0.7480249996660859,8
gen_devops_ci_005,graphrag_style,devops/ci,synthetic,semi,files,3,1,1,1.0,0.3333,0.5,64,362,5.66,0.7480249996660859,8
gen_devops_ci_005,graphrag_style,devops/ci,synthetic,semi,errors,3,3,2,0.6667,0.6667,0.6667,64,362,5.66,0.7480249996660859,8
gen_devops_ci_005,mem0_style,devops/ci,synthetic,semi,completed_tasks,7,5,5,1.0,0.7143,0.8333,159,362,2.28,1.1861059997499979,15
gen_devops_ci_005,mem0_style,devops/ci,synthetic,semi,pending_tasks,3,3,1,0.3333,0.3333,0.3333,159,362,2.28,1.1861059997499979,15
gen_devops_ci_005,mem0_style,devops/ci,synthetic,semi,decisions,2,3,2,0.6667,1.0,0.8,159,362,2.28,1.1861059997499979,15
gen_devops_ci_005,mem0_style,devops/ci,synthetic,semi,files,3,1,1,1.0,0.3333,0.5,159,362,2.28,1.1861059997499979,15
gen_devops_ci_005,mem0_style,devops/ci,synthetic,semi,errors,3,3,3,1.0,1.0,1.0,159,362,2.28,1.1861059997499979,15
gen_devops_ci_005,memgpt_style,devops/ci,synthetic,semi,completed_tasks,7,3,3,1.0,0.4286,0.6,71,362,5.1,0.38736599981348263,5
gen_devops_ci_005,memgpt_style,devops/ci,synthetic,semi,pending_tasks,3,1,1,1.0,0.3333,0.5,71,362,5.1,0.38736599981348263,5
gen_devops_ci_005,memgpt_style,devops/ci,synthetic,semi,decisions,2,0,0,1.0,0.0,0.0,71,362,5.1,0.38736599981348263,5
gen_devops_ci_005,memgpt_style,devops/ci,synthetic,semi,files,3,0,0,1.0,0.0,0.0,71,362,5.1,0.38736599981348263,5
gen_devops_ci_005,memgpt_style,devops/ci,synthetic,semi,errors,3,1,1,1.0,0.3333,0.5,71,362,5.1,0.38736599981348263,5
gen_devops_ci_005,sliding_window_10,devops/ci,synthetic,semi,completed_tasks,7,10,3,0.3,0.4286,0.3529,98,362,3.69,0.004510000053414842,10
gen_devops_ci_005,sliding_window_10,devops/ci,synthetic,semi,pending_tasks,3,10,0,0.0,0.0,0.0,98,362,3.69,0.004510000053414842,10
gen_devops_ci_005,sliding_window_10,devops/ci,synthetic,semi,decisions,2,10,0,0.0,0.0,0.0,98,362,3.69,0.004510000053414842,10
gen_devops_ci_005,sliding_window_10,devops/ci,synthetic,semi,files,3,10,1,0.1,0.3333,0.1538,98,362,3.69,0.004510000053414842,10
gen_devops_ci_005,sliding_window_10,devops/ci,synthetic,semi,errors,3,10,1,0.1,0.3333,0.1538,98,362,3.69,0.004510000053414842,10
gen_devops_ci_005,naive_truncation,devops/ci,synthetic,semi,completed_tasks,7,29,7,0.2414,1.0,0.3889,310,362,1.17,0.01676700003372389,29
gen_devops_ci_005,naive_truncation,devops/ci,synthetic,semi,pending_tasks,3,29,3,0.1034,1.0,0.1875,310,362,1.17,0.01676700003372389,29
gen_devops_ci_005,naive_truncation,devops/ci,synthetic,semi,decisions,2,29,1,0.0345,0.5,0.0645,310,362,1.17,0.01676700003372389,29
gen_devops_ci_005,naive_truncation,devops/ci,synthetic,semi,files,3,29,3,0.1034,1.0,0.1875,310,362,1.17,0.01676700003372389,29
gen_devops_ci_005,naive_truncation,devops/ci,synthetic,semi,errors,3,29,2,0.069,0.6667,0.125,310,362,1.17,0.01676700003372389,29
gen_devops_ci_005,naive_summary,devops/ci,synthetic,semi,completed_tasks,7,15,1,0.0667,0.1429,0.0909,172,362,2.1,0.045481000142899575,15
gen_devops_ci_005,naive_summary,devops/ci,synthetic,semi,pending_tasks,3,15,1,0.0667,0.3333,0.1111,172,362,2.1,0.045481000142899575,15
gen_devops_ci_005,naive_summary,devops/ci,synthetic,semi,decisions,2,15,2,0.1333,1.0,0.2353,172,362,2.1,0.045481000142899575,15
gen_devops_ci_005,naive_summary,devops/ci,synthetic,semi,files,3,15,0,0.0,0.0,0.0,172,362,2.1,0.045481000142899575,15
gen_devops_ci_005,naive_summary,devops/ci,synthetic,semi,errors,3,15,2,0.1333,0.6667,0.2222,172,362,2.1,0.045481000142899575,15
gen_devops_kubernetes_001,tokenmizer_v0.5.2,devops/kubernetes,synthetic,implicit,completed_tasks,7,5,5,1.0,0.7143,0.8333,132,514,3.89,296.3998410000386,12
gen_devops_kubernetes_001,tokenmizer_v0.5.2,devops/kubernetes,synthetic,implicit,pending_tasks,4,2,2,1.0,0.5,0.6667,132,514,3.89,296.3998410000386,12
gen_devops_kubernetes_001,tokenmizer_v0.5.2,devops/kubernetes,synthetic,implicit,decisions,2,2,2,1.0,1.0,1.0,132,514,3.89,296.3998410000386,12
gen_devops_kubernetes_001,tokenmizer_v0.5.2,devops/kubernetes,synthetic,implicit,files,2,2,2,1.0,1.0,1.0,132,514,3.89,296.3998410000386,12
gen_devops_kubernetes_001,tokenmizer_v0.5.2,devops/kubernetes,synthetic,implicit,errors,2,1,1,1.0,0.5,0.6667,132,514,3.89,296.3998410000386,12
gen_devops_kubernetes_001,graphiti_style,devops/kubernetes,synthetic,implicit,completed_tasks,7,0,0,1.0,0.0,0.0,20,514,25.7,1.6250659996330796,3
gen_devops_kubernetes_001,graphiti_style,devops/kubernetes,synthetic,implicit,pending_tasks,4,1,0,0.0,0.0,0.0,20,514,25.7,1.6250659996330796,3
gen_devops_kubernetes_001,graphiti_style,devops/kubernetes,synthetic,implicit,decisions,2,0,0,1.0,0.0,0.0,20,514,25.7,1.6250659996330796,3
gen_devops_kubernetes_001,graphiti_style,devops/kubernetes,synthetic,implicit,files,2,2,2,1.0,1.0,1.0,20,514,25.7,1.6250659996330796,3
gen_devops_kubernetes_001,graphiti_style,devops/kubernetes,synthetic,implicit,errors,2,0,0,1.0,0.0,0.0,20,514,25.7,1.6250659996330796,3
gen_devops_kubernetes_001,graphrag_style,devops/kubernetes,synthetic,implicit,completed_tasks,7,0,0,1.0,0.0,0.0,47,514,10.94,0.8929150003496034,5
gen_devops_kubernetes_001,graphrag_style,devops/kubernetes,synthetic,implicit,pending_tasks,4,1,0,0.0,0.0,0.0,47,514,10.94,0.8929150003496034,5
gen_devops_kubernetes_001,graphrag_style,devops/kubernetes,synthetic,implicit,decisions,2,0,0,1.0,0.0,0.0,47,514,10.94,0.8929150003496034,5
gen_devops_kubernetes_001,graphrag_style,devops/kubernetes,synthetic,implicit,files,2,2,2,1.0,1.0,1.0,47,514,10.94,0.8929150003496034,5
gen_devops_kubernetes_001,graphrag_style,devops/kubernetes,synthetic,implicit,errors,2,2,0,0.0,0.0,0.0,47,514,10.94,0.8929150003496034,5
gen_devops_kubernetes_001,mem0_style,devops/kubernetes,synthetic,implicit,completed_tasks,7,0,0,1.0,0.0,0.0,19,514,27.05,1.6156419997059857,3
gen_devops_kubernetes_001,mem0_style,devops/kubernetes,synthetic,implicit,pending_tasks,4,1,0,0.0,0.0,0.0,19,514,27.05,1.6156419997059857,3
gen_devops_kubernetes_001,mem0_style,devops/kubernetes,synthetic,implicit,decisions,2,0,0,1.0,0.0,0.0,19,514,27.05,1.6156419997059857,3
gen_devops_kubernetes_001,mem0_style,devops/kubernetes,synthetic,implicit,files,2,2,2,1.0,1.0,1.0,19,514,27.05,1.6156419997059857,3
gen_devops_kubernetes_001,mem0_style,devops/kubernetes,synthetic,implicit,errors,2,0,0,1.0,0.0,0.0,19,514,27.05,1.6156419997059857,3
gen_devops_kubernetes_001,memgpt_style,devops/kubernetes,synthetic,implicit,completed_tasks,7,0,0,1.0,0.0,0.0,14,514,36.71,0.6409529996744823,2
gen_devops_kubernetes_001,memgpt_style,devops/kubernetes,synthetic,implicit,pending_tasks,4,1,0,0.0,0.0,0.0,14,514,36.71,0.6409529996744823,2
gen_devops_kubernetes_001,memgpt_style,devops/kubernetes,synthetic,implicit,decisions,2,0,0,1.0,0.0,0.0,14,514,36.71,0.6409529996744823,2
gen_devops_kubernetes_001,memgpt_style,devops/kubernetes,synthetic,implicit,files,2,1,1,1.0,0.5,0.6667,14,514,36.71,0.6409529996744823,2
gen_devops_kubernetes_001,memgpt_style,devops/kubernetes,synthetic,implicit,errors,2,0,0,1.0,0.0,0.0,14,514,36.71,0.6409529996744823,2
gen_devops_kubernetes_001,sliding_window_10,devops/kubernetes,synthetic,implicit,completed_tasks,7,12,2,0.1667,0.2857,0.2105,199,514,2.58,0.003516000106174033,12
gen_devops_kubernetes_001,sliding_window_10,devops/kubernetes,synthetic,implicit,pending_tasks,4,12,3,0.25,0.75,0.375,199,514,2.58,0.003516000106174033,12
gen_devops_kubernetes_001,sliding_window_10,devops/kubernetes,synthetic,implicit,decisions,2,12,0,0.0,0.0,0.0,199,514,2.58,0.003516000106174033,12
gen_devops_kubernetes_001,sliding_window_10,devops/kubernetes,synthetic,implicit,files,2,12,1,0.0833,0.5,0.1429,199,514,2.58,0.003516000106174033,12
gen_devops_kubernetes_001,sliding_window_10,devops/kubernetes,synthetic,implicit,errors,2,12,1,0.0833,0.5,0.1429,199,514,2.58,0.003516000106174033,12
gen_devops_kubernetes_001,naive_truncation,devops/kubernetes,synthetic,implicit,completed_tasks,7,17,2,0.1176,0.2857,0.1667,285,514,1.8,0.017530000150145497,17
gen_devops_kubernetes_001,naive_truncation,devops/kubernetes,synthetic,implicit,pending_tasks,4,17,4,0.2353,1.0,0.381,285,514,1.8,0.017530000150145497,17
gen_devops_kubernetes_001,naive_truncation,devops/kubernetes,synthetic,implicit,decisions,2,17,1,0.0588,0.5,0.1053,285,514,1.8,0.017530000150145497,17
gen_devops_kubernetes_001,naive_truncation,devops/kubernetes,synthetic,implicit,files,2,17,2,0.1176,1.0,0.2105,285,514,1.8,0.017530000150145497,17
gen_devops_kubernetes_001,naive_truncation,devops/kubernetes,synthetic,implicit,errors,2,17,1,0.0588,0.5,0.1053,285,514,1.8,0.017530000150145497,17
gen_devops_kubernetes_001,naive_summary,devops/kubernetes,synthetic,implicit,completed_tasks,7,11,3,0.2727,0.4286,0.3333,178,514,2.89,0.06036600007064408,11
gen_devops_kubernetes_001,naive_summary,devops/kubernetes,synthetic,implicit,pending_tasks,4,11,0,0.0,0.0,0.0,178,514,2.89,0.06036600007064408,11
gen_devops_kubernetes_001,naive_summary,devops/kubernetes,synthetic,implicit,decisions,2,11,0,0.0,0.0,0.0,178,514,2.89,0.06036600007064408,11
gen_devops_kubernetes_001,naive_summary,devops/kubernetes,synthetic,implicit,files,2,11,0,0.0,0.0,0.0,178,514,2.89,0.06036600007064408,11
gen_devops_kubernetes_001,naive_summary,devops/kubernetes,synthetic,implicit,errors,2,11,1,0.0909,0.5,0.1538,178,514,2.89,0.06036600007064408,11
gen_devops_kubernetes_002,tokenmizer_v0.5.2,devops/kubernetes,synthetic,implicit,completed_tasks,6,4,4,1.0,0.6667,0.8,150,435,2.9,294.56980900022245,15
gen_devops_kubernetes_002,tokenmizer_v0.5.2,devops/kubernetes,synthetic,implicit,pending_tasks,1,1,1,1.0,1.0,1.0,150,435,2.9,294.56980900022245,15
gen_devops_kubernetes_002,tokenmizer_v0.5.2,devops/kubernetes,synthetic,implicit,decisions,3,4,3,0.75,1.0,0.8571,150,435,2.9,294.56980900022245,15
gen_devops_kubernetes_002,tokenmizer_v0.5.2,devops/kubernetes,synthetic,implicit,files,3,3,3,1.0,1.0,1.0,150,435,2.9,294.56980900022245,15
gen_devops_kubernetes_002,tokenmizer_v0.5.2,devops/kubernetes,synthetic,implicit,errors,3,3,3,1.0,1.0,1.0,150,435,2.9,294.56980900022245,15
gen_devops_kubernetes_002,graphiti_style,devops/kubernetes,synthetic,implicit,completed_tasks,6,0,0,1.0,0.0,0.0,32,435,13.59,1.524619000065286,6
gen_devops_kubernetes_002,graphiti_style,devops/kubernetes,synthetic,implicit,pending_tasks,1,2,0,0.0,0.0,0.0,32,435,13.59,1.524619000065286,6
gen_devops_kubernetes_002,graphiti_style,devops/kubernetes,synthetic,implicit,decisions,3,1,0,0.0,0.0,0.0,32,435,13.59,1.524619000065286,6
gen_devops_kubernetes_002,graphiti_style,devops/kubernetes,synthetic,implicit,files,3,3,3,1.0,1.0,1.0,32,435,13.59,1.524619000065286,6
gen_devops_kubernetes_002,graphiti_style,devops/kubernetes,synthetic,implicit,errors,3,0,0,1.0,0.0,0.0,32,435,13.59,1.524619000065286,6
gen_devops_kubernetes_002,graphrag_style,devops/kubernetes,synthetic,implicit,completed_tasks,6,0,0,1.0,0.0,0.0,41,435,10.61,0.8012190000954433,6
gen_devops_kubernetes_002,graphrag_style,devops/kubernetes,synthetic,implicit,pending_tasks,1,2,0,0.0,0.0,0.0,41,435,10.61,0.8012190000954433,6
gen_devops_kubernetes_002,graphrag_style,devops/kubernetes,synthetic,implicit,decisions,3,0,0,1.0,0.0,0.0,41,435,10.61,0.8012190000954433,6
gen_devops_kubernetes_002,graphrag_style,devops/kubernetes,synthetic,implicit,files,3,3,3,1.0,1.0,1.0,41,435,10.61,0.8012190000954433,6
gen_devops_kubernetes_002,graphrag_style,devops/kubernetes,synthetic,implicit,errors,3,1,0,0.0,0.0,0.0,41,435,10.61,0.8012190000954433,6
gen_devops_kubernetes_002,mem0_style,devops/kubernetes,synthetic,implicit,completed_tasks,6,0,0,1.0,0.0,0.0,31,435,14.03,1.3584409998657065,6
gen_devops_kubernetes_002,mem0_style,devops/kubernetes,synthetic,implicit,pending_tasks,1,2,0,0.0,0.0,0.0,31,435,14.03,1.3584409998657065,6
gen_devops_kubernetes_002,mem0_style,devops/kubernetes,synthetic,implicit,decisions,3,1,0,0.0,0.0,0.0,31,435,14.03,1.3584409998657065,6
gen_devops_kubernetes_002,mem0_style,devops/kubernetes,synthetic,implicit,files,3,3,3,1.0,1.0,1.0,31,435,14.03,1.3584409998657065,6
gen_devops_kubernetes_002,mem0_style,devops/kubernetes,synthetic,implicit,errors,3,0,0,1.0,0.0,0.0,31,435,14.03,1.3584409998657065,6
gen_devops_kubernetes_002,memgpt_style,devops/kubernetes,synthetic,implicit,completed_tasks,6,0,0,1.0,0.0,0.0,19,435,22.89,0.6757799997103575,3
gen_devops_kubernetes_002,memgpt_style,devops/kubernetes,synthetic,implicit,pending_tasks,1,1,0,0.0,0.0,0.0,19,435,22.89,0.6757799997103575,3
gen_devops_kubernetes_002,memgpt_style,devops/kubernetes,synthetic,implicit,decisions,3,1,0,0.0,0.0,0.0,19,435,22.89,0.6757799997103575,3
gen_devops_kubernetes_002,memgpt_style,devops/kubernetes,synthetic,implicit,files,3,1,1,1.0,0.3333,0.5,19,435,22.89,0.6757799997103575,3
gen_devops_kubernetes_002,memgpt_style,devops/kubernetes,synthetic,implicit,errors,3,0,0,1.0,0.0,0.0,19,435,22.89,0.6757799997103575,3
gen_devops_kubernetes_002,sliding_window_10,devops/kubernetes,synthetic,implicit,completed_tasks,6,12,2,0.1667,0.3333,0.2222,192,435,2.27,0.004199999693810241,12
gen_devops_kubernetes_002,sliding_window_10,devops/kubernetes,synthetic,implicit,pending_tasks,1,12,0,0.0,0.0,0.0,192,435,2.27,0.004199999693810241,12
gen_devops_kubernetes_002,sliding_window_10,devops/kubernetes,synthetic,implicit,decisions,3,12,3,0.25,1.0,0.4,192,435,2.27,0.004199999693810241,12
gen_devops_kubernetes_002,sliding_window_10,devops/kubernetes,synthetic,implicit,files,3,12,1,0.0833,0.3333,0.1333,192,435,2.27,0.004199999693810241,12
gen_devops_kubernetes_002,sliding_window_10,devops/kubernetes,synthetic,implicit,errors,3,12,1,0.0833,0.3333,0.1333,192,435,2.27,0.004199999693810241,12
gen_devops_kubernetes_002,naive_truncation,devops/kubernetes,synthetic,implicit,completed_tasks,6,19,5,0.2632,0.8333,0.4,304,435,1.43,0.01420800026608049,19
gen_devops_kubernetes_002,naive_truncation,devops/kubernetes,synthetic,implicit,pending_tasks,1,19,0,0.0,0.0,0.0,304,435,1.43,0.01420800026608049,19
gen_devops_kubernetes_002,naive_truncation,devops/kubernetes,synthetic,implicit,decisions,3,19,3,0.1579,1.0,0.2727,304,435,1.43,0.01420800026608049,19
gen_devops_kubernetes_002,naive_truncation,devops/kubernetes,synthetic,implicit,files,3,19,1,0.0526,0.3333,0.0909,304,435,1.43,0.01420800026608049,19
gen_devops_kubernetes_002,naive_truncation,devops/kubernetes,synthetic,implicit,errors,3,19,2,0.1053,0.6667,0.1818,304,435,1.43,0.01420800026608049,19
gen_devops_kubernetes_002,naive_summary,devops/kubernetes,synthetic,implicit,completed_tasks,6,13,2,0.1538,0.3333,0.2105,178,435,2.44,0.06222499996511033,13
gen_devops_kubernetes_002,naive_summary,devops/kubernetes,synthetic,implicit,pending_tasks,1,13,1,0.0769,1.0,0.1429,178,435,2.44,0.06222499996511033,13
gen_devops_kubernetes_002,naive_summary,devops/kubernetes,synthetic,implicit,decisions,3,13,0,0.0,0.0,0.0,178,435,2.44,0.06222499996511033,13
gen_devops_kubernetes_002,naive_summary,devops/kubernetes,synthetic,implicit,files,3,13,2,0.1538,0.6667,0.25,178,435,2.44,0.06222499996511033,13
gen_devops_kubernetes_002,naive_summary,devops/kubernetes,synthetic,implicit,errors,3,13,1,0.0769,0.3333,0.125,178,435,2.44,0.06222499996511033,13
gen_devops_kubernetes_003,tokenmizer_v0.5.2,devops/kubernetes,synthetic,implicit,completed_tasks,3,1,1,1.0,0.3333,0.5,79,312,3.95,285.3218940003899,8
gen_devops_kubernetes_003,tokenmizer_v0.5.2,devops/kubernetes,synthetic,implicit,pending_tasks,1,1,1,1.0,1.0,1.0,79,312,3.95,285.3218940003899,8
gen_devops_kubernetes_003,tokenmizer_v0.5.2,devops/kubernetes,synthetic,implicit,decisions,4,4,4,1.0,1.0,1.0,79,312,3.95,285.3218940003899,8
gen_devops_kubernetes_003,tokenmizer_v0.5.2,devops/kubernetes,synthetic,implicit,files,2,2,2,1.0,1.0,1.0,79,312,3.95,285.3218940003899,8
gen_devops_kubernetes_003,tokenmizer_v0.5.2,devops/kubernetes,synthetic,implicit,errors,1,0,0,1.0,0.0,0.0,79,312,3.95,285.3218940003899,8
gen_devops_kubernetes_003,graphiti_style,devops/kubernetes,synthetic,implicit,completed_tasks,3,0,0,1.0,0.0,0.0,24,312,13.0,0.9904730000016571,3
gen_devops_kubernetes_003,graphiti_style,devops/kubernetes,synthetic,implicit,pending_tasks,1,0,0,1.0,0.0,0.0,24,312,13.0,0.9904730000016571,3
gen_devops_kubernetes_003,graphiti_style,devops/kubernetes,synthetic,implicit,decisions,4,1,0,0.0,0.0,0.0,24,312,13.0,0.9904730000016571,3
gen_devops_kubernetes_003,graphiti_style,devops/kubernetes,synthetic,implicit,files,2,2,2,1.0,1.0,1.0,24,312,13.0,0.9904730000016571,3
gen_devops_kubernetes_003,graphiti_style,devops/kubernetes,synthetic,implicit,errors,1,0,0,1.0,0.0,0.0,24,312,13.0,0.9904730000016571,3
gen_devops_kubernetes_003,graphrag_style,devops/kubernetes,synthetic,implicit,completed_tasks,3,0,0,1.0,0.0,0.0,38,312,8.21,0.518141000156902,4
gen_devops_kubernetes_003,graphrag_style,devops/kubernetes,synthetic,implicit,pending_tasks,1,0,0,1.0,0.0,0.0,38,312,8.21,0.518141000156902,4
gen_devops_kubernetes_003,graphrag_style,devops/kubernetes,synthetic,implicit,decisions,4,1,0,0.0,0.0,0.0,38,312,8.21,0.518141000156902,4
gen_devops_kubernetes_003,graphrag_style,devops/kubernetes,synthetic,implicit,files,2,2,2,1.0,1.0,1.0,38,312,8.21,0.518141000156902,4
gen_devops_kubernetes_003,graphrag_style,devops/kubernetes,synthetic,implicit,errors,1,1,0,0.0,0.0,0.0,38,312,8.21,0.518141000156902,4
gen_devops_kubernetes_003,mem0_style,devops/kubernetes,synthetic,implicit,completed_tasks,3,0,0,1.0,0.0,0.0,23,312,13.57,1.0848189999705937,3
gen_devops_kubernetes_003,mem0_style,devops/kubernetes,synthetic,implicit,pending_tasks,1,0,0,1.0,0.0,0.0,23,312,13.57,1.0848189999705937,3
gen_devops_kubernetes_003,mem0_style,devops/kubernetes,synthetic,implicit,decisions,4,1,0,0.0,0.0,0.0,23,312,13.57,1.0848189999705937,3
gen_devops_kubernetes_003,mem0_style,devops/kubernetes,synthetic,implicit,files,2,2,2,1.0,1.0,1.0,23,312,13.57,1.0848189999705937,3
gen_devops_kubernetes_003,mem0_style,devops/kubernetes,synthetic,implicit,errors,1,0,0,1.0,0.0,0.0,23,312,13.57,1.0848189999705937,3
gen_devops_kubernetes_003,memgpt_style,devops/kubernetes,synthetic,implicit,completed_tasks,3,0,0,1.0,0.0,0.0,7,312,44.57,0.34568000000945176,1
gen_devops_kubernetes_003,memgpt_style,devops/kubernetes,synthetic,implicit,pending_tasks,1,0,0,1.0,0.0,0.0,7,312,44.57,0.34568000000945176,1
gen_devops_kubernetes_003,memgpt_style,devops/kubernetes,synthetic,implicit,decisions,4,1,0,0.0,0.0,0.0,7,312,44.57,0.34568000000945176,1
gen_devops_kubernetes_003,memgpt_style,devops/kubernetes,synthetic,implicit,files,2,0,0,1.0,0.0,0.0,7,312,44.57,0.34568000000945176,1
gen_devops_kubernetes_003,memgpt_style,devops/kubernetes,synthetic,implicit,errors,1,0,0,1.0,0.0,0.0,7,312,44.57,0.34568000000945176,1
gen_devops_kubernetes_003,sliding_window_10,devops/kubernetes,synthetic,implicit,completed_tasks,3,11,2,0.1818,0.6667,0.2857,167,312,1.87,0.0038279999898804817,11
gen_devops_kubernetes_003,sliding_window_10,devops/kubernetes,synthetic,implicit,pending_tasks,1,11,0,0.0,0.0,0.0,167,312,1.87,0.0038279999898804817,11
gen_devops_kubernetes_003,sliding_window_10,devops/kubernetes,synthetic,implicit,decisions,4,11,3,0.2727,0.75,0.4,167,312,1.87,0.0038279999898804817,11
gen_devops_kubernetes_003,sliding_window_10,devops/kubernetes,synthetic,implicit,files,2,11,1,0.0909,0.5,0.1538,167,312,1.87,0.0038279999898804817,11
gen_devops_kubernetes_003,sliding_window_10,devops/kubernetes,synthetic,implicit,errors,1,11,0,0.0,0.0,0.0,167,312,1.87,0.0038279999898804817,11
gen_devops_kubernetes_003,naive_truncation,devops/kubernetes,synthetic,implicit,completed_tasks,3,19,3,0.1579,1.0,0.2727,301,312,1.04,0.014508000276691746,19
gen_devops_kubernetes_003,naive_truncation,devops/kubernetes,synthetic,implicit,pending_tasks,1,19,1,0.0526,1.0,0.1,301,312,1.04,0.014508000276691746,19
gen_devops_kubernetes_003,naive_truncation,devops/kubernetes,synthetic,implicit,decisions,4,19,4,0.2105,1.0,0.3478,301,312,1.04,0.014508000276691746,19
gen_devops_kubernetes_003,naive_truncation,devops/kubernetes,synthetic,implicit,files,2,19,2,0.1053,1.0,0.1905,301,312,1.04,0.014508000276691746,19
gen_devops_kubernetes_003,naive_truncation,devops/kubernetes,synthetic,implicit,errors,1,19,1,0.0526,1.0,0.1,301,312,1.04,0.014508000276691746,19
gen_devops_kubernetes_003,naive_summary,devops/kubernetes,synthetic,implicit,completed_tasks,3,12,2,0.1667,0.6667,0.2667,182,312,1.71,0.04168499981460627,12
gen_devops_kubernetes_003,naive_summary,devops/kubernetes,synthetic,implicit,pending_tasks,1,12,1,0.0833,1.0,0.1538,182,312,1.71,0.04168499981460627,12
gen_devops_kubernetes_003,naive_summary,devops/kubernetes,synthetic,implicit,decisions,4,12,1,0.0833,0.25,0.125,182,312,1.71,0.04168499981460627,12
gen_devops_kubernetes_003,naive_summary,devops/kubernetes,synthetic,implicit,files,2,12,2,0.0833,1.0,0.1538,182,312,1.71,0.04168499981460627,12
gen_devops_kubernetes_003,naive_summary,devops/kubernetes,synthetic,implicit,errors,1,12,1,0.0833,1.0,0.1538,182,312,1.71,0.04168499981460627,12
gen_devops_kubernetes_004,tokenmizer_v0.5.2,devops/kubernetes,synthetic,implicit,completed_tasks,7,3,3,1.0,0.4286,0.6,127,590,4.65,281.98781699984465,14
gen_devops_kubernetes_004,tokenmizer_v0.5.2,devops/kubernetes,synthetic,implicit,pending_tasks,4,3,3,1.0,0.75,0.8571,127,590,4.65,281.98781699984465,14
gen_devops_kubernetes_004,tokenmizer_v0.5.2,devops/kubernetes,synthetic,implicit,decisions,3,1,1,1.0,0.3333,0.5,127,590,4.65,281.98781699984465,14
gen_devops_kubernetes_004,tokenmizer_v0.5.2,devops/kubernetes,synthetic,implicit,files,6,6,6,1.0,1.0,1.0,127,590,4.65,281.98781699984465,14
gen_devops_kubernetes_004,tokenmizer_v0.5.2,devops/kubernetes,synthetic,implicit,errors,2,1,0,0.0,0.0,0.0,127,590,4.65,281.98781699984465,14
gen_devops_kubernetes_004,graphiti_style,devops/kubernetes,synthetic,implicit,completed_tasks,7,0,0,1.0,0.0,0.0,41,590,14.39,1.891303999855154,8
gen_devops_kubernetes_004,graphiti_style,devops/kubernetes,synthetic,implicit,pending_tasks,4,2,0,0.0,0.0,0.0,41,590,14.39,1.891303999855154,8
gen_devops_kubernetes_004,graphiti_style,devops/kubernetes,synthetic,implicit,decisions,3,1,0,0.0,0.0,0.0,41,590,14.39,1.891303999855154,8
gen_devops_kubernetes_004,graphiti_style,devops/kubernetes,synthetic,implicit,files,6,5,5,1.0,0.8333,0.9091,41,590,14.39,1.891303999855154,8
gen_devops_kubernetes_004,graphiti_style,devops/kubernetes,synthetic,implicit,errors,2,0,0,1.0,0.0,0.0,41,590,14.39,1.891303999855154,8
gen_devops_kubernetes_004,graphrag_style,devops/kubernetes,synthetic,implicit,completed_tasks,7,0,0,1.0,0.0,0.0,55,590,10.73,1.005496999823663,9
gen_devops_kubernetes_004,graphrag_style,devops/kubernetes,synthetic,implicit,pending_tasks,4,2,0,0.0,0.0,0.0,55,590,10.73,1.005496999823663,9
gen_devops_kubernetes_004,graphrag_style,devops/kubernetes,synthetic,implicit,decisions,3,1,0,0.0,0.0,0.0,55,590,10.73,1.005496999823663,9
gen_devops_kubernetes_004,graphrag_style,devops/kubernetes,synthetic,implicit,files,6,5,5,1.0,0.8333,0.9091,55,590,10.73,1.005496999823663,9
gen_devops_kubernetes_004,graphrag_style,devops/kubernetes,synthetic,implicit,errors,2,1,0,0.0,0.0,0.0,55,590,10.73,1.005496999823663,9
gen_devops_kubernetes_004,mem0_style,devops/kubernetes,synthetic,implicit,completed_tasks,7,0,0,1.0,0.0,0.0,40,590,14.75,1.8787879998853896,8
gen_devops_kubernetes_004,mem0_style,devops/kubernetes,synthetic,implicit,pending_tasks,4,2,0,0.0,0.0,0.0,40,590,14.75,1.8787879998853896,8
gen_devops_kubernetes_004,mem0_style,devops/kubernetes,synthetic,implicit,decisions,3,1,0,0.0,0.0,0.0,40,590,14.75,1.8787879998853896,8
gen_devops_kubernetes_004,mem0_style,devops/kubernetes,synthetic,implicit,files,6,5,5,1.0,0.8333,0.9091,40,590,14.75,1.8787879998853896,8
gen_devops_kubernetes_004,mem0_style,devops/kubernetes,synthetic,implicit,errors,2,0,0,1.0,0.0,0.0,40,590,14.75,1.8787879998853896,8
gen_devops_kubernetes_004,memgpt_style,devops/kubernetes,synthetic,implicit,completed_tasks,7,0,0,1.0,0.0,0.0,23,590,25.65,0.769172000218532,4
gen_devops_kubernetes_004,memgpt_style,devops/kubernetes,synthetic,implicit,pending_tasks,4,0,0,1.0,0.0,0.0,23,590,25.65,0.769172000218532,4
gen_devops_kubernetes_004,memgpt_style,devops/kubernetes,synthetic,implicit,decisions,3,0,0,1.0,0.0,0.0,23,590,25.65,0.769172000218532,4
gen_devops_kubernetes_004,memgpt_style,devops/kubernetes,synthetic,implicit,files,6,4,4,1.0,0.6667,0.8,23,590,25.65,0.769172000218532,4
gen_devops_kubernetes_004,memgpt_style,devops/kubernetes,synthetic,implicit,errors,2,0,0,1.0,0.0,0.0,23,590,25.65,0.769172000218532,4
gen_devops_kubernetes_004,sliding_window_10,devops/kubernetes,synthetic,implicit,completed_tasks,7,13,1,0.0769,0.1429,0.1,207,590,2.85,0.003572999958123546,13
gen_devops_kubernetes_004,sliding_window_10,devops/kubernetes,synthetic,implicit,pending_tasks,4,13,1,0.0769,0.25,0.1176,207,590,2.85,0.003572999958123546,13
gen_devops_kubernetes_004,sliding_window_10,devops/kubernetes,synthetic,implicit,decisions,3,13,1,0.0769,0.3333,0.125,207,590,2.85,0.003572999958123546,13
gen_devops_kubernetes_004,sliding_window_10,devops/kubernetes,synthetic,implicit,files,6,13,3,0.2308,0.5,0.3158,207,590,2.85,0.003572999958123546,13
gen_devops_kubernetes_004,sliding_window_10,devops/kubernetes,synthetic,implicit,errors,2,13,2,0.1538,1.0,0.2667,207,590,2.85,0.003572999958123546,13
gen_devops_kubernetes_004,naive_truncation,devops/kubernetes,synthetic,implicit,completed_tasks,7,19,2,0.1053,0.2857,0.1538,296,590,1.99,0.018960000033985125,19
gen_devops_kubernetes_004,naive_truncation,devops/kubernetes,synthetic,implicit,pending_tasks,4,19,2,0.1053,0.5,0.1739,296,590,1.99,0.018960000033985125,19
gen_devops_kubernetes_004,naive_truncation,devops/kubernetes,synthetic,implicit,decisions,3,19,1,0.0526,0.3333,0.0909,296,590,1.99,0.018960000033985125,19
gen_devops_kubernetes_004,naive_truncation,devops/kubernetes,synthetic,implicit,files,6,19,4,0.2105,0.6667,0.32,296,590,1.99,0.018960000033985125,19
gen_devops_kubernetes_004,naive_truncation,devops/kubernetes,synthetic,implicit,errors,2,19,2,0.1053,1.0,0.1905,296,590,1.99,0.018960000033985125,19
gen_devops_kubernetes_004,naive_summary,devops/kubernetes,synthetic,implicit,completed_tasks,7,13,2,0.1538,0.2857,0.2,182,590,3.24,0.0717360003363865,13
gen_devops_kubernetes_004,naive_summary,devops/kubernetes,synthetic,implicit,pending_tasks,4,13,2,0.1538,0.5,0.2353,182,590,3.24,0.0717360003363865,13
gen_devops_kubernetes_004,naive_summary,devops/kubernetes,synthetic,implicit,decisions,3,13,1,0.0769,0.3333,0.125,182,590,3.24,0.0717360003363865,13
gen_devops_kubernetes_004,naive_summary,devops/kubernetes,synthetic,implicit,files,6,13,1,0.0769,0.1667,0.1053,182,590,3.24,0.0717360003363865,13
gen_devops_kubernetes_004,naive_summary,devops/kubernetes,synthetic,implicit,errors,2,13,0,0.0,0.0,0.0,182,590,3.24,0.0717360003363865,13
gen_devops_kubernetes_005,tokenmizer_v0.5.2,devops/kubernetes,synthetic,implicit,completed_tasks,7,3,3,1.0,0.4286,0.6,123,480,3.9,323.69803899973704,14
gen_devops_kubernetes_005,tokenmizer_v0.5.2,devops/kubernetes,synthetic,implicit,pending_tasks,1,0,0,1.0,0.0,0.0,123,480,3.9,323.69803899973704,14
gen_devops_kubernetes_005,tokenmizer_v0.5.2,devops/kubernetes,synthetic,implicit,decisions,4,5,4,0.8,1.0,0.8889,123,480,3.9,323.69803899973704,14
gen_devops_kubernetes_005,tokenmizer_v0.5.2,devops/kubernetes,synthetic,implicit,files,5,5,5,1.0,1.0,1.0,123,480,3.9,323.69803899973704,14
gen_devops_kubernetes_005,tokenmizer_v0.5.2,devops/kubernetes,synthetic,implicit,errors,1,1,0,0.0,0.0,0.0,123,480,3.9,323.69803899973704,14
gen_devops_kubernetes_005,graphiti_style,devops/kubernetes,synthetic,implicit,completed_tasks,7,0,0,1.0,0.0,0.0,42,480,11.43,1.6007469998839952,8
gen_devops_kubernetes_005,graphiti_style,devops/kubernetes,synthetic,implicit,pending_tasks,1,2,0,0.0,0.0,0.0,42,480,11.43,1.6007469998839952,8
gen_devops_kubernetes_005,graphiti_style,devops/kubernetes,synthetic,implicit,decisions,4,1,0,0.0,0.0,0.0,42,480,11.43,1.6007469998839952,8
gen_devops_kubernetes_005,graphiti_style,devops/kubernetes,synthetic,implicit,files,5,5,5,1.0,1.0,1.0,42,480,11.43,1.6007469998839952,8
gen_devops_kubernetes_005,graphiti_style,devops/kubernetes,synthetic,implicit,errors,1,0,0,1.0,0.0,0.0,42,480,11.43,1.6007469998839952,8
gen_devops_kubernetes_005,graphrag_style,devops/kubernetes,synthetic,implicit,completed_tasks,7,0,0,1.0,0.0,0.0,38,480,12.63,1.1296220000076573,7
gen_devops_kubernetes_005,graphrag_style,devops/kubernetes,synthetic,implicit,pending_tasks,1,2,0,0.0,0.0,0.0,38,480,12.63,1.1296220000076573,7
gen_devops_kubernetes_005,graphrag_style,devops/kubernetes,synthetic,implicit,decisions,4,0,0,1.0,0.0,0.0,38,480,12.63,1.1296220000076573,7
gen_devops_kubernetes_005,graphrag_style,devops/kubernetes,synthetic,implicit,files,5,5,5,1.0,1.0,1.0,38,480,12.63,1.1296220000076573,7
gen_devops_kubernetes_005,graphrag_style,devops/kubernetes,synthetic,implicit,errors,1,0,0,1.0,0.0,0.0,38,480,12.63,1.1296220000076573,7
gen_devops_kubernetes_005,mem0_style,devops/kubernetes,synthetic,implicit,completed_tasks,7,0,0,1.0,0.0,0.0,41,480,11.71,1.604886999757582,8
gen_devops_kubernetes_005,mem0_style,devops/kubernetes,synthetic,implicit,pending_tasks,1,2,0,0.0,0.0,0.0,41,480,11.71,1.604886999757582,8
gen_devops_kubernetes_005,mem0_style,devops/kubernetes,synthetic,implicit,decisions,4,1,0,0.0,0.0,0.0,41,480,11.71,1.604886999757582,8
gen_devops_kubernetes_005,mem0_style,devops/kubernetes,synthetic,implicit,files,5,5,5,1.0,1.0,1.0,41,480,11.71,1.604886999757582,8
gen_devops_kubernetes_005,mem0_style,devops/kubernetes,synthetic,implicit,errors,1,0,0,1.0,0.0,0.0,41,480,11.71,1.604886999757582,8
gen_devops_kubernetes_005,memgpt_style,devops/kubernetes,synthetic,implicit,completed_tasks,7,0,0,1.0,0.0,0.0,24,480,20.0,0.6723609999426117,4
gen_devops_kubernetes_005,memgpt_style,devops/kubernetes,synthetic,implicit,pending_tasks,1,1,0,0.0,0.0,0.0,24,480,20.0,0.6723609999426117,4
gen_devops_kubernetes_005,memgpt_style,devops/kubernetes,synthetic,implicit,decisions,4,0,0,1.0,0.0,0.0,24,480,20.0,0.6723609999426117,4
gen_devops_kubernetes_005,memgpt_style,devops/kubernetes,synthetic,implicit,files,5,3,3,1.0,0.6,0.75,24,480,20.0,0.6723609999426117,4
gen_devops_kubernetes_005,memgpt_style,devops/kubernetes,synthetic,implicit,errors,1,0,0,1.0,0.0,0.0,24,480,20.0,0.6723609999426117,4
gen_devops_kubernetes_005,sliding_window_10,devops/kubernetes,synthetic,implicit,completed_tasks,7,12,3,0.25,0.4286,0.3158,179,480,2.68,0.003512000148475636,12
gen_devops_kubernetes_005,sliding_window_10,devops/kubernetes,synthetic,implicit,pending_tasks,1,12,0,0.0,0.0,0.0,179,480,2.68,0.003512000148475636,12
gen_devops_kubernetes_005,sliding_window_10,devops/kubernetes,synthetic,implicit,decisions,4,12,0,0.0,0.0,0.0,179,480,2.68,0.003512000148475636,12
gen_devops_kubernetes_005,sliding_window_10,devops/kubernetes,synthetic,implicit,files,5,12,3,0.25,0.6,0.3529,179,480,2.68,0.003512000148475636,12
gen_devops_kubernetes_005,sliding_window_10,devops/kubernetes,synthetic,implicit,errors,1,12,1,0.0833,1.0,0.1538,179,480,2.68,0.003512000148475636,12
gen_devops_kubernetes_005,naive_truncation,devops/kubernetes,synthetic,implicit,completed_tasks,7,20,4,0.2,0.5714,0.2963,286,480,1.68,0.01695199989626417,20
gen_devops_kubernetes_005,naive_truncation,devops/kubernetes,synthetic,implicit,pending_tasks,1,20,0,0.0,0.0,0.0,286,480,1.68,0.01695199989626417,20
gen_devops_kubernetes_005,naive_truncation,devops/kubernetes,synthetic,implicit,decisions,4,20,1,0.05,0.25,0.0833,286,480,1.68,0.01695199989626417,20
gen_devops_kubernetes_005,naive_truncation,devops/kubernetes,synthetic,implicit,files,5,20,5,0.25,1.0,0.4,286,480,1.68,0.01695199989626417,20
gen_devops_kubernetes_005,naive_truncation,devops/kubernetes,synthetic,implicit,errors,1,20,1,0.05,1.0,0.0952,286,480,1.68,0.01695199989626417,20
gen_devops_kubernetes_005,naive_summary,devops/kubernetes,synthetic,implicit,completed_tasks,7,12,2,0.1667,0.2857,0.2105,176,480,2.73,0.11939000023630797,12
gen_devops_kubernetes_005,naive_summary,devops/kubernetes,synthetic,implicit,pending_tasks,1,12,1,0.0833,1.0,0.1538,176,480,2.73,0.11939000023630797,12
gen_devops_kubernetes_005,naive_summary,devops/kubernetes,synthetic,implicit,decisions,4,12,3,0.25,0.75,0.375,176,480,2.73,0.11939000023630797,12
gen_devops_kubernetes_005,naive_summary,devops/kubernetes,synthetic,implicit,files,5,12,0,0.0,0.0,0.0,176,480,2.73,0.11939000023630797,12
gen_devops_kubernetes_005,naive_summary,devops/kubernetes,synthetic,implicit,errors,1,12,0,0.0,0.0,0.0,176,480,2.73,0.11939000023630797,12
gen_devops_kubernetes_006,tokenmizer_v0.5.2,devops/kubernetes,synthetic,implicit,completed_tasks,7,3,3,1.0,0.4286,0.6,136,519,3.82,313.7501289997999,15
gen_devops_kubernetes_006,tokenmizer_v0.5.2,devops/kubernetes,synthetic,implicit,pending_tasks,3,2,2,1.0,0.6667,0.8,136,519,3.82,313.7501289997999,15
gen_devops_kubernetes_006,tokenmizer_v0.5.2,devops/kubernetes,synthetic,implicit,decisions,3,4,3,0.75,1.0,0.8571,136,519,3.82,313.7501289997999,15
gen_devops_kubernetes_006,tokenmizer_v0.5.2,devops/kubernetes,synthetic,implicit,files,5,5,5,1.0,1.0,1.0,136,519,3.82,313.7501289997999,15
gen_devops_kubernetes_006,tokenmizer_v0.5.2,devops/kubernetes,synthetic,implicit,errors,1,1,1,1.0,1.0,1.0,136,519,3.82,313.7501289997999,15
gen_devops_kubernetes_006,graphiti_style,devops/kubernetes,synthetic,implicit,completed_tasks,7,0,0,1.0,0.0,0.0,34,519,15.26,1.9586920002439,6
gen_devops_kubernetes_006,graphiti_style,devops/kubernetes,synthetic,implicit,pending_tasks,3,2,0,0.0,0.0,0.0,34,519,15.26,1.9586920002439,6
gen_devops_kubernetes_006,graphiti_style,devops/kubernetes,synthetic,implicit,decisions,3,0,0,1.0,0.0,0.0,34,519,15.26,1.9586920002439,6
gen_devops_kubernetes_006,graphiti_style,devops/kubernetes,synthetic,implicit,files,5,4,4,1.0,0.8,0.8889,34,519,15.26,1.9586920002439,6
gen_devops_kubernetes_006,graphiti_style,devops/kubernetes,synthetic,implicit,errors,1,0,0,1.0,0.0,0.0,34,519,15.26,1.9586920002439,6
gen_devops_kubernetes_006,graphrag_style,devops/kubernetes,synthetic,implicit,completed_tasks,7,0,0,1.0,0.0,0.0,49,519,10.59,0.9559769996485556,7
gen_devops_kubernetes_006,graphrag_style,devops/kubernetes,synthetic,implicit,pending_tasks,3,2,0,0.0,0.0,0.0,49,519,10.59,0.9559769996485556,7
gen_devops_kubernetes_006,graphrag_style,devops/kubernetes,synthetic,implicit,decisions,3,0,0,1.0,0.0,0.0,49,519,10.59,0.9559769996485556,7
gen_devops_kubernetes_006,graphrag_style,devops/kubernetes,synthetic,implicit,files,5,4,4,1.0,0.8,0.8889,49,519,10.59,0.9559769996485556,7
gen_devops_kubernetes_006,graphrag_style,devops/kubernetes,synthetic,implicit,errors,1,1,0,0.0,0.0,0.0,49,519,10.59,0.9559769996485556,7
gen_devops_kubernetes_006,mem0_style,devops/kubernetes,synthetic,implicit,completed_tasks,7,0,0,1.0,0.0,0.0,33,519,15.73,1.741118000154529,6
gen_devops_kubernetes_006,mem0_style,devops/kubernetes,synthetic,implicit,pending_tasks,3,2,0,0.0,0.0,0.0,33,519,15.73,1.741118000154529,6
gen_devops_kubernetes_006,mem0_style,devops/kubernetes,synthetic,implicit,decisions,3,0,0,1.0,0.0,0.0,33,519,15.73,1.741118000154529,6
gen_devops_kubernetes_006,mem0_style,devops/kubernetes,synthetic,implicit,files,5,4,4,1.0,0.8,0.8889,33,519,15.73,1.741118000154529,6
gen_devops_kubernetes_006,mem0_style,devops/kubernetes,synthetic,implicit,errors,1,0,0,1.0,0.0,0.0,33,519,15.73,1.741118000154529,6
gen_devops_kubernetes_006,memgpt_style,devops/kubernetes,synthetic,implicit,completed_tasks,7,0,0,1.0,0.0,0.0,17,519,30.53,0.7106570001269574,2
gen_devops_kubernetes_006,memgpt_style,devops/kubernetes,synthetic,implicit,pending_tasks,3,0,0,1.0,0.0,0.0,17,519,30.53,0.7106570001269574,2
gen_devops_kubernetes_006,memgpt_style,devops/kubernetes,synthetic,implicit,decisions,3,0,0,1.0,0.0,0.0,17,519,30.53,0.7106570001269574,2
gen_devops_kubernetes_006,memgpt_style,devops/kubernetes,synthetic,implicit,files,5,2,2,1.0,0.4,0.5714,17,519,30.53,0.7106570001269574,2
gen_devops_kubernetes_006,memgpt_style,devops/kubernetes,synthetic,implicit,errors,1,0,0,1.0,0.0,0.0,17,519,30.53,0.7106570001269574,2
gen_devops_kubernetes_006,sliding_window_10,devops/kubernetes,synthetic,implicit,completed_tasks,7,12,2,0.1667,0.2857,0.2105,184,519,2.82,0.004259999968780903,12
gen_devops_kubernetes_006,sliding_window_10,devops/kubernetes,synthetic,implicit,pending_tasks,3,12,1,0.0833,0.3333,0.1333,184,519,2.82,0.004259999968780903,12
gen_devops_kubernetes_006,sliding_window_10,devops/kubernetes,synthetic,implicit,decisions,3,12,1,0.0833,0.3333,0.1333,184,519,2.82,0.004259999968780903,12
gen_devops_kubernetes_006,sliding_window_10,devops/kubernetes,synthetic,implicit,files,5,12,3,0.25,0.6,0.3529,184,519,2.82,0.004259999968780903,12
gen_devops_kubernetes_006,sliding_window_10,devops/kubernetes,synthetic,implicit,errors,1,12,0,0.0,0.0,0.0,184,519,2.82,0.004259999968780903,12
gen_devops_kubernetes_006,naive_truncation,devops/kubernetes,synthetic,implicit,completed_tasks,7,19,5,0.2632,0.7143,0.3846,299,519,1.74,0.015770000118209282,19
gen_devops_kubernetes_006,naive_truncation,devops/kubernetes,synthetic,implicit,pending_tasks,3,19,2,0.1053,0.6667,0.1818,299,519,1.74,0.015770000118209282,19
gen_devops_kubernetes_006,naive_truncation,devops/kubernetes,synthetic,implicit,decisions,3,19,1,0.0526,0.3333,0.0909,299,519,1.74,0.015770000118209282,19
gen_devops_kubernetes_006,naive_truncation,devops/kubernetes,synthetic,implicit,files,5,19,3,0.1579,0.6,0.25,299,519,1.74,0.015770000118209282,19
gen_devops_kubernetes_006,naive_truncation,devops/kubernetes,synthetic,implicit,errors,1,19,0,0.0,0.0,0.0,299,519,1.74,0.015770000118209282,19
gen_devops_kubernetes_006,naive_summary,devops/kubernetes,synthetic,implicit,completed_tasks,7,13,1,0.0769,0.1429,0.1,171,519,3.04,0.07232400002976647,13
gen_devops_kubernetes_006,naive_summary,devops/kubernetes,synthetic,implicit,pending_tasks,3,13,1,0.0769,0.3333,0.125,171,519,3.04,0.07232400002976647,13
gen_devops_kubernetes_006,naive_summary,devops/kubernetes,synthetic,implicit,decisions,3,13,2,0.1538,0.6667,0.25,171,519,3.04,0.07232400002976647,13
gen_devops_kubernetes_006,naive_summary,devops/kubernetes,synthetic,implicit,files,5,13,1,0.0769,0.2,0.1111,171,519,3.04,0.07232400002976647,13
gen_devops_kubernetes_006,naive_summary,devops/kubernetes,synthetic,implicit,errors,1,13,1,0.0769,1.0,0.1429,171,519,3.04,0.07232400002976647,13
gen_frontend_react_001,tokenmizer_v0.5.2,frontend/react,synthetic,semi,completed_tasks,5,5,5,1.0,1.0,1.0,202,380,1.88,345.89991200027725,19
gen_frontend_react_001,tokenmizer_v0.5.2,frontend/react,synthetic,semi,pending_tasks,4,4,4,1.0,1.0,1.0,202,380,1.88,345.89991200027725,19
gen_frontend_react_001,tokenmizer_v0.5.2,frontend/react,synthetic,semi,decisions,5,5,5,1.0,1.0,1.0,202,380,1.88,345.89991200027725,19
gen_frontend_react_001,tokenmizer_v0.5.2,frontend/react,synthetic,semi,files,4,4,4,1.0,1.0,1.0,202,380,1.88,345.89991200027725,19
gen_frontend_react_001,tokenmizer_v0.5.2,frontend/react,synthetic,semi,errors,2,1,1,1.0,0.5,0.6667,202,380,1.88,345.89991200027725,19
gen_frontend_react_001,graphiti_style,frontend/react,synthetic,semi,completed_tasks,5,4,4,1.0,0.8,0.8889,174,380,2.18,1.5368049998869537,21
gen_frontend_react_001,graphiti_style,frontend/react,synthetic,semi,pending_tasks,4,4,1,0.25,0.25,0.25,174,380,2.18,1.5368049998869537,21
gen_frontend_react_001,graphiti_style,frontend/react,synthetic,semi,decisions,5,6,4,0.6667,0.8,0.7273,174,380,2.18,1.5368049998869537,21
gen_frontend_react_001,graphiti_style,frontend/react,synthetic,semi,files,4,4,4,1.0,1.0,1.0,174,380,2.18,1.5368049998869537,21
gen_frontend_react_001,graphiti_style,frontend/react,synthetic,semi,errors,2,3,2,0.6667,1.0,0.8,174,380,2.18,1.5368049998869537,21
gen_frontend_react_001,graphrag_style,frontend/react,synthetic,semi,completed_tasks,5,0,0,1.0,0.0,0.0,77,380,4.94,0.8015880002858466,12
gen_frontend_react_001,graphrag_style,frontend/react,synthetic,semi,pending_tasks,4,2,0,0.0,0.0,0.0,77,380,4.94,0.8015880002858466,12
gen_frontend_react_001,graphrag_style,frontend/react,synthetic,semi,decisions,5,5,4,0.8,0.8,0.8,77,380,4.94,0.8015880002858466,12
gen_frontend_react_001,graphrag_style,frontend/react,synthetic,semi,files,4,4,4,1.0,1.0,1.0,77,380,4.94,0.8015880002858466,12
gen_frontend_react_001,graphrag_style,frontend/react,synthetic,semi,errors,2,1,0,0.0,0.0,0.0,77,380,4.94,0.8015880002858466,12
gen_frontend_react_001,mem0_style,frontend/react,synthetic,semi,completed_tasks,5,4,4,1.0,0.8,0.8889,169,380,2.25,6.363827000313904,20
gen_frontend_react_001,mem0_style,frontend/react,synthetic,semi,pending_tasks,4,3,1,0.3333,0.25,0.2857,169,380,2.25,6.363827000313904,20
gen_frontend_react_001,mem0_style,frontend/react,synthetic,semi,decisions,5,6,4,0.6667,0.8,0.7273,169,380,2.25,6.363827000313904,20
gen_frontend_react_001,mem0_style,frontend/react,synthetic,semi,files,4,4,4,1.0,1.0,1.0,169,380,2.25,6.363827000313904,20
gen_frontend_react_001,mem0_style,frontend/react,synthetic,semi,errors,2,3,2,0.6667,1.0,0.8,169,380,2.25,6.363827000313904,20
gen_frontend_react_001,memgpt_style,frontend/react,synthetic,semi,completed_tasks,5,2,2,1.0,0.4,0.5714,76,380,5.0,0.5440340000859578,9
gen_frontend_react_001,memgpt_style,frontend/react,synthetic,semi,pending_tasks,4,2,0,0.0,0.0,0.0,76,380,5.0,0.5440340000859578,9
gen_frontend_react_001,memgpt_style,frontend/react,synthetic,semi,decisions,5,1,0,0.0,0.0,0.0,76,380,5.0,0.5440340000859578,9
gen_frontend_react_001,memgpt_style,frontend/react,synthetic,semi,files,4,2,2,1.0,0.5,0.6667,76,380,5.0,0.5440340000859578,9
gen_frontend_react_001,memgpt_style,frontend/react,synthetic,semi,errors,2,2,2,1.0,1.0,1.0,76,380,5.0,0.5440340000859578,9
gen_frontend_react_001,sliding_window_10,frontend/react,synthetic,semi,completed_tasks,5,11,1,0.0909,0.2,0.125,119,380,3.19,0.00375400031771278,11
gen_frontend_react_001,sliding_window_10,frontend/react,synthetic,semi,pending_tasks,4,11,1,0.0909,0.25,0.1333,119,380,3.19,0.00375400031771278,11
gen_frontend_react_001,sliding_window_10,frontend/react,synthetic,semi,decisions,5,11,1,0.0909,0.2,0.125,119,380,3.19,0.00375400031771278,11
gen_frontend_react_001,sliding_window_10,frontend/react,synthetic,semi,files,4,11,2,0.1818,0.5,0.2667,119,380,3.19,0.00375400031771278,11
gen_frontend_react_001,sliding_window_10,frontend/react,synthetic,semi,errors,2,11,1,0.0909,0.5,0.1538,119,380,3.19,0.00375400031771278,11
gen_frontend_react_001,naive_truncation,frontend/react,synthetic,semi,completed_tasks,5,30,4,0.1333,0.8,0.2286,310,380,1.23,0.02044300026682322,30
gen_frontend_react_001,naive_truncation,frontend/react,synthetic,semi,pending_tasks,4,30,3,0.1,0.75,0.1765,310,380,1.23,0.02044300026682322,30
gen_frontend_react_001,naive_truncation,frontend/react,synthetic,semi,decisions,5,30,5,0.1667,1.0,0.2857,310,380,1.23,0.02044300026682322,30
gen_frontend_react_001,naive_truncation,frontend/react,synthetic,semi,files,4,30,3,0.1,0.75,0.1765,310,380,1.23,0.02044300026682322,30
gen_frontend_react_001,naive_truncation,frontend/react,synthetic,semi,errors,2,30,2,0.0667,1.0,0.125,310,380,1.23,0.02044300026682322,30
gen_frontend_react_001,naive_summary,frontend/react,synthetic,semi,completed_tasks,5,18,2,0.1111,0.4,0.1739,180,380,2.11,0.03506299981381744,18
gen_frontend_react_001,naive_summary,frontend/react,synthetic,semi,pending_tasks,4,18,2,0.1111,0.5,0.1818,180,380,2.11,0.03506299981381744,18
gen_frontend_react_001,naive_summary,frontend/react,synthetic,semi,decisions,5,18,2,0.1111,0.4,0.1739,180,380,2.11,0.03506299981381744,18
gen_frontend_react_001,naive_summary,frontend/react,synthetic,semi,files,4,18,2,0.1111,0.5,0.1818,180,380,2.11,0.03506299981381744,18
gen_frontend_react_001,naive_summary,frontend/react,synthetic,semi,errors,2,18,0,0.0,0.0,0.0,180,380,2.11,0.03506299981381744,18
gen_frontend_react_002,tokenmizer_v0.5.2,frontend/react,synthetic,semi,completed_tasks,6,6,6,1.0,1.0,1.0,233,430,1.85,304.67562300009376,22
gen_frontend_react_002,tokenmizer_v0.5.2,frontend/react,synthetic,semi,pending_tasks,3,3,3,1.0,1.0,1.0,233,430,1.85,304.67562300009376,22
gen_frontend_react_002,tokenmizer_v0.5.2,frontend/react,synthetic,semi,decisions,4,4,4,1.0,1.0,1.0,233,430,1.85,304.67562300009376,22
gen_frontend_react_002,tokenmizer_v0.5.2,frontend/react,synthetic,semi,files,6,6,6,1.0,1.0,1.0,233,430,1.85,304.67562300009376,22
gen_frontend_react_002,tokenmizer_v0.5.2,frontend/react,synthetic,semi,errors,3,3,3,1.0,1.0,1.0,233,430,1.85,304.67562300009376,22
gen_frontend_react_002,graphiti_style,frontend/react,synthetic,semi,completed_tasks,6,5,5,1.0,0.8333,0.9091,212,430,2.03,1.4336059998640849,21
gen_frontend_react_002,graphiti_style,frontend/react,synthetic,semi,pending_tasks,3,2,1,0.5,0.3333,0.4,212,430,2.03,1.4336059998640849,21
gen_frontend_react_002,graphiti_style,frontend/react,synthetic,semi,decisions,4,4,4,1.0,1.0,1.0,212,430,2.03,1.4336059998640849,21
gen_frontend_react_002,graphiti_style,frontend/react,synthetic,semi,files,6,6,4,0.6667,0.6667,0.6667,212,430,2.03,1.4336059998640849,21
gen_frontend_react_002,graphiti_style,frontend/react,synthetic,semi,errors,3,4,3,0.75,1.0,0.8571,212,430,2.03,1.4336059998640849,21
gen_frontend_react_002,graphrag_style,frontend/react,synthetic,semi,completed_tasks,6,0,0,1.0,0.0,0.0,121,430,3.55,0.8159290000548935,14
gen_frontend_react_002,graphrag_style,frontend/react,synthetic,semi,pending_tasks,3,1,0,0.0,0.0,0.0,121,430,3.55,0.8159290000548935,14
gen_frontend_react_002,graphrag_style,frontend/react,synthetic,semi,decisions,4,4,4,1.0,1.0,1.0,121,430,3.55,0.8159290000548935,14
gen_frontend_react_002,graphrag_style,frontend/react,synthetic,semi,files,6,6,4,0.6667,0.6667,0.6667,121,430,3.55,0.8159290000548935,14
gen_frontend_react_002,graphrag_style,frontend/react,synthetic,semi,errors,3,3,2,0.6667,0.6667,0.6667,121,430,3.55,0.8159290000548935,14
gen_frontend_react_002,mem0_style,frontend/react,synthetic,semi,completed_tasks,6,5,5,1.0,0.8333,0.9091,211,430,2.04,1.4650230000370357,21
gen_frontend_react_002,mem0_style,frontend/react,synthetic,semi,pending_tasks,3,2,1,0.5,0.3333,0.4,211,430,2.04,1.4650230000370357,21
gen_frontend_react_002,mem0_style,frontend/react,synthetic,semi,decisions,4,4,4,1.0,1.0,1.0,211,430,2.04,1.4650230000370357,21
gen_frontend_react_002,mem0_style,frontend/react,synthetic,semi,files,6,6,4,0.6667,0.6667,0.6667,211,430,2.04,1.4650230000370357,21
gen_frontend_react_002,mem0_style,frontend/react,synthetic,semi,errors,3,4,3,0.75,1.0,0.8571,211,430,2.04,1.4650230000370357,21
gen_frontend_react_002,memgpt_style,frontend/react,synthetic,semi,completed_tasks,6,3,3,1.0,0.5,0.6667,97,430,4.43,0.6082929999138287,9
gen_frontend_react_002,memgpt_style,frontend/react,synthetic,semi,pending_tasks,3,0,0,1.0,0.0,0.0,97,430,4.43,0.6082929999138287,9
gen_frontend_react_002,memgpt_style,frontend/react,synthetic,semi,decisions,4,1,1,1.0,0.25,0.4,97,430,4.43,0.6082929999138287,9
gen_frontend_react_002,memgpt_style,frontend/react,synthetic,semi,files,6,3,2,0.6667,0.3333,0.4444,97,430,4.43,0.6082929999138287,9
gen_frontend_react_002,memgpt_style,frontend/react,synthetic,semi,errors,3,2,2,1.0,0.6667,0.8,97,430,4.43,0.6082929999138287,9
gen_frontend_react_002,sliding_window_10,frontend/react,synthetic,semi,completed_tasks,6,12,1,0.0833,0.1667,0.1111,123,430,3.5,0.005139000222698087,12
gen_frontend_react_002,sliding_window_10,frontend/react,synthetic,semi,pending_tasks,3,12,1,0.0833,0.3333,0.1333,123,430,3.5,0.005139000222698087,12
gen_frontend_react_002,sliding_window_10,frontend/react,synthetic,semi,decisions,4,12,1,0.0833,0.25,0.125,123,430,3.5,0.005139000222698087,12
gen_frontend_react_002,sliding_window_10,frontend/react,synthetic,semi,files,6,12,3,0.25,0.5,0.3333,123,430,3.5,0.005139000222698087,12
gen_frontend_react_002,sliding_window_10,frontend/react,synthetic,semi,errors,3,12,1,0.0833,0.3333,0.1333,123,430,3.5,0.005139000222698087,12
gen_frontend_react_002,naive_truncation,frontend/react,synthetic,semi,completed_tasks,6,29,5,0.1724,0.8333,0.2857,307,430,1.4,0.02007000011872151,29
gen_frontend_react_002,naive_truncation,frontend/react,synthetic,semi,pending_tasks,3,29,2,0.069,0.6667,0.125,307,430,1.4,0.02007000011872151,29
gen_frontend_react_002,naive_truncation,frontend/react,synthetic,semi,decisions,4,29,3,0.1034,0.75,0.1818,307,430,1.4,0.02007000011872151,29
gen_frontend_react_002,naive_truncation,frontend/react,synthetic,semi,files,6,29,4,0.1379,0.6667,0.2286,307,430,1.4,0.02007000011872151,29
gen_frontend_react_002,naive_truncation,frontend/react,synthetic,semi,errors,3,29,2,0.069,0.6667,0.125,307,430,1.4,0.02007000011872151,29
gen_frontend_react_002,naive_summary,frontend/react,synthetic,semi,completed_tasks,6,17,1,0.0588,0.1667,0.087,178,430,2.42,0.04804399986824137,17
gen_frontend_react_002,naive_summary,frontend/react,synthetic,semi,pending_tasks,3,17,1,0.0588,0.3333,0.1,178,430,2.42,0.04804399986824137,17
gen_frontend_react_002,naive_summary,frontend/react,synthetic,semi,decisions,4,17,1,0.0588,0.25,0.0952,178,430,2.42,0.04804399986824137,17
gen_frontend_react_002,naive_summary,frontend/react,synthetic,semi,files,6,17,3,0.1765,0.5,0.2609,178,430,2.42,0.04804399986824137,17
gen_frontend_react_002,naive_summary,frontend/react,synthetic,semi,errors,3,17,1,0.0588,0.3333,0.1,178,430,2.42,0.04804399986824137,17
gen_frontend_react_003,tokenmizer_v0.5.2,frontend/react,synthetic,semi,completed_tasks,4,4,4,1.0,1.0,1.0,111,206,1.86,281.86114800018913,11
gen_frontend_react_003,tokenmizer_v0.5.2,frontend/react,synthetic,semi,pending_tasks,2,2,2,1.0,1.0,1.0,111,206,1.86,281.86114800018913,11
gen_frontend_react_003,tokenmizer_v0.5.2,frontend/react,synthetic,semi,decisions,2,2,2,1.0,1.0,1.0,111,206,1.86,281.86114800018913,11
gen_frontend_react_003,tokenmizer_v0.5.2,frontend/react,synthetic,semi,files,3,3,3,1.0,1.0,1.0,111,206,1.86,281.86114800018913,11
gen_frontend_react_003,graphiti_style,frontend/react,synthetic,semi,completed_tasks,4,4,4,1.0,1.0,1.0,94,206,2.19,0.6979939998927875,11
gen_frontend_react_003,graphiti_style,frontend/react,synthetic,semi,pending_tasks,2,3,0,0.0,0.0,0.0,94,206,2.19,0.6979939998927875,11
gen_frontend_react_003,graphiti_style,frontend/react,synthetic,semi,decisions,2,0,0,1.0,0.0,0.0,94,206,2.19,0.6979939998927875,11
gen_frontend_react_003,graphiti_style,frontend/react,synthetic,semi,files,3,3,2,0.6667,0.6667,0.6667,94,206,2.19,0.6979939998927875,11
gen_frontend_react_003,graphiti_style,frontend/react,synthetic,semi,errors,0,1,0,0.0,1.0,0.0,94,206,2.19,0.6979939998927875,11
gen_frontend_react_003,graphrag_style,frontend/react,synthetic,semi,completed_tasks,4,0,0,1.0,0.0,0.0,39,206,5.28,0.407761999667855,6
gen_frontend_react_003,graphrag_style,frontend/react,synthetic,semi,pending_tasks,2,2,0,0.0,0.0,0.0,39,206,5.28,0.407761999667855,6
gen_frontend_react_003,graphrag_style,frontend/react,synthetic,semi,decisions,2,0,0,1.0,0.0,0.0,39,206,5.28,0.407761999667855,6
gen_frontend_react_003,graphrag_style,frontend/react,synthetic,semi,files,3,3,2,0.6667,0.6667,0.6667,39,206,5.28,0.407761999667855,6
gen_frontend_react_003,graphrag_style,frontend/react,synthetic,semi,errors,0,1,0,0.0,1.0,0.0,39,206,5.28,0.407761999667855,6
gen_frontend_react_003,mem0_style,frontend/react,synthetic,semi,completed_tasks,4,4,4,1.0,1.0,1.0,90,206,2.29,0.6598879999728524,10
gen_frontend_react_003,mem0_style,frontend/react,synthetic,semi,pending_tasks,2,2,0,0.0,0.0,0.0,90,206,2.29,0.6598879999728524,10
gen_frontend_react_003,mem0_style,frontend/react,synthetic,semi,decisions,2,0,0,1.0,0.0,0.0,90,206,2.29,0.6598879999728524,10
gen_frontend_react_003,mem0_style,frontend/react,synthetic,semi,files,3,3,2,0.6667,0.6667,0.6667,90,206,2.29,0.6598879999728524,10
gen_frontend_react_003,mem0_style,frontend/react,synthetic,semi,errors,0,1,0,0.0,1.0,0.0,90,206,2.29,0.6598879999728524,10
gen_frontend_react_003,memgpt_style,frontend/react,synthetic,semi,completed_tasks,4,2,2,1.0,0.5,0.6667,65,206,3.17,0.27618700005405117,8
gen_frontend_react_003,memgpt_style,frontend/react,synthetic,semi,pending_tasks,2,2,0,0.0,0.0,0.0,65,206,3.17,0.27618700005405117,8
gen_frontend_react_003,memgpt_style,frontend/react,synthetic,semi,decisions,2,0,0,1.0,0.0,0.0,65,206,3.17,0.27618700005405117,8
gen_frontend_react_003,memgpt_style,frontend/react,synthetic,semi,files,3,3,2,0.6667,0.6667,0.6667,65,206,3.17,0.27618700005405117,8
gen_frontend_react_003,memgpt_style,frontend/react,synthetic,semi,errors,0,1,0,0.0,1.0,0.0,65,206,3.17,0.27618700005405117,8
gen_frontend_react_003,sliding_window_10,frontend/react,synthetic,semi,completed_tasks,4,12,3,0.25,0.75,0.375,114,206,1.81,0.0037370000427472405,12
gen_frontend_react_003,sliding_window_10,frontend/react,synthetic,semi,pending_tasks,2,12,1,0.0833,0.5,0.1429,114,206,1.81,0.0037370000427472405,12
gen_frontend_react_003,sliding_window_10,frontend/react,synthetic,semi,decisions,2,12,0,0.0,0.0,0.0,114,206,1.81,0.0037370000427472405,12
gen_frontend_react_003,sliding_window_10,frontend/react,synthetic,semi,files,3,12,3,0.25,1.0,0.4,114,206,1.81,0.0037370000427472405,12
gen_frontend_react_003,sliding_window_10,frontend/react,synthetic,semi,errors,0,12,0,0.0,1.0,0.0,114,206,1.81,0.0037370000427472405,12
gen_frontend_react_003,naive_truncation,frontend/react,synthetic,semi,completed_tasks,4,21,4,0.1905,1.0,0.32,217,206,0.95,0.015389000054710777,21
gen_frontend_react_003,naive_truncation,frontend/react,synthetic,semi,pending_tasks,2,21,2,0.0952,1.0,0.1739,217,206,0.95,0.015389000054710777,21
gen_frontend_react_003,naive_truncation,frontend/react,synthetic,semi,decisions,2,21,2,0.0952,1.0,0.1739,217,206,0.95,0.015389000054710777,21
gen_frontend_react_003,naive_truncation,frontend/react,synthetic,semi,files,3,21,3,0.1429,1.0,0.25,217,206,0.95,0.015389000054710777,21
gen_frontend_react_003,naive_truncation,frontend/react,synthetic,semi,errors,0,21,0,0.0,1.0,0.0,217,206,0.95,0.015389000054710777,21
gen_frontend_react_003,naive_summary,frontend/react,synthetic,semi,completed_tasks,4,17,3,0.1765,0.75,0.2857,172,206,1.2,0.030807999792159535,17
gen_frontend_react_003,naive_summary,frontend/react,synthetic,semi,pending_tasks,2,17,2,0.1176,1.0,0.2105,172,206,1.2,0.030807999792159535,17
gen_frontend_react_003,naive_summary,frontend/react,synthetic,semi,decisions,2,17,2,0.1176,1.0,0.2105,172,206,1.2,0.030807999792159535,17
gen_frontend_react_003,naive_summary,frontend/react,synthetic,semi,files,3,17,1,0.0588,0.3333,0.1,172,206,1.2,0.030807999792159535,17
gen_frontend_react_003,naive_summary,frontend/react,synthetic,semi,errors,0,17,0,0.0,1.0,0.0,172,206,1.2,0.030807999792159535,17
gen_frontend_react_004,tokenmizer_v0.5.2,frontend/react,synthetic,semi,completed_tasks,6,6,6,1.0,1.0,1.0,183,322,1.76,281.26650700005484,18
gen_frontend_react_004,tokenmizer_v0.5.2,frontend/react,synthetic,semi,pending_tasks,1,1,1,1.0,1.0,1.0,183,322,1.76,281.26650700005484,18
gen_frontend_react_004,tokenmizer_v0.5.2,frontend/react,synthetic,semi,decisions,5,5,5,1.0,1.0,1.0,183,322,1.76,281.26650700005484,18
gen_frontend_react_004,tokenmizer_v0.5.2,frontend/react,synthetic,semi,files,6,6,6,1.0,1.0,1.0,183,322,1.76,281.26650700005484,18
gen_frontend_react_004,graphiti_style,frontend/react,synthetic,semi,completed_tasks,6,6,6,1.0,1.0,1.0,155,322,2.08,1.0545850000198698,19
gen_frontend_react_004,graphiti_style,frontend/react,synthetic,semi,pending_tasks,1,3,0,0.0,0.0,0.0,155,322,2.08,1.0545850000198698,19
gen_frontend_react_004,graphiti_style,frontend/react,synthetic,semi,decisions,5,4,3,0.75,0.6,0.6667,155,322,2.08,1.0545850000198698,19
gen_frontend_react_004,graphiti_style,frontend/react,synthetic,semi,files,6,6,5,0.8333,0.8333,0.8333,155,322,2.08,1.0545850000198698,19
gen_frontend_react_004,graphrag_style,frontend/react,synthetic,semi,completed_tasks,6,0,0,1.0,0.0,0.0,73,322,4.41,1.2147170000389451,12
gen_frontend_react_004,graphrag_style,frontend/react,synthetic,semi,pending_tasks,1,2,0,0.0,0.0,0.0,73,322,4.41,1.2147170000389451,12
gen_frontend_react_004,graphrag_style,frontend/react,synthetic,semi,decisions,5,4,3,0.75,0.6,0.6667,73,322,4.41,1.2147170000389451,12
gen_frontend_react_004,graphrag_style,frontend/react,synthetic,semi,files,6,6,5,0.8333,0.8333,0.8333,73,322,4.41,1.2147170000389451,12
gen_frontend_react_004,mem0_style,frontend/react,synthetic,semi,completed_tasks,6,6,6,1.0,1.0,1.0,151,322,2.13,2.0692609996331157,18
gen_frontend_react_004,mem0_style,frontend/react,synthetic,semi,pending_tasks,1,2,0,0.0,0.0,0.0,151,322,2.13,2.0692609996331157,18
gen_frontend_react_004,mem0_style,frontend/react,synthetic,semi,decisions,5,4,3,0.75,0.6,0.6667,151,322,2.13,2.0692609996331157,18
gen_frontend_react_004,mem0_style,frontend/react,synthetic,semi,files,6,6,5,0.8333,0.8333,0.8333,151,322,2.13,2.0692609996331157,18
gen_frontend_react_004,memgpt_style,frontend/react,synthetic,semi,completed_tasks,6,3,3,1.0,0.5,0.6667,86,322,3.74,0.8087360001809429,9
gen_frontend_react_004,memgpt_style,frontend/react,synthetic,semi,pending_tasks,1,2,0,0.0,0.0,0.0,86,322,3.74,0.8087360001809429,9
gen_frontend_react_004,memgpt_style,frontend/react,synthetic,semi,decisions,5,3,3,1.0,0.6,0.75,86,322,3.74,0.8087360001809429,9
gen_frontend_react_004,memgpt_style,frontend/react,synthetic,semi,files,6,1,1,1.0,0.1667,0.2857,86,322,3.74,0.8087360001809429,9
gen_frontend_react_004,sliding_window_10,frontend/react,synthetic,semi,completed_tasks,6,10,2,0.2,0.3333,0.25,101,322,3.19,0.0072109996835934,10
gen_frontend_react_004,sliding_window_10,frontend/react,synthetic,semi,pending_tasks,1,10,1,0.1,1.0,0.1818,101,322,3.19,0.0072109996835934,10
gen_frontend_react_004,sliding_window_10,frontend/react,synthetic,semi,decisions,5,10,2,0.2,0.4,0.2667,101,322,3.19,0.0072109996835934,10
gen_frontend_react_004,sliding_window_10,frontend/react,synthetic,semi,files,6,10,0,0.0,0.0,0.0,101,322,3.19,0.0072109996835934,10
gen_frontend_react_004,sliding_window_10,frontend/react,synthetic,semi,errors,0,10,0,0.0,1.0,0.0,101,322,3.19,0.0072109996835934,10
gen_frontend_react_004,naive_truncation,frontend/react,synthetic,semi,completed_tasks,6,33,6,0.1818,1.0,0.3077,319,322,1.01,0.029953999728604686,33
gen_frontend_react_004,naive_truncation,frontend/react,synthetic,semi,pending_tasks,1,33,1,0.0303,1.0,0.0588,319,322,1.01,0.029953999728604686,33
gen_frontend_react_004,naive_truncation,frontend/react,synthetic,semi,decisions,5,33,5,0.1515,1.0,0.2632,319,322,1.01,0.029953999728604686,33
gen_frontend_react_004,naive_truncation,frontend/react,synthetic,semi,files,6,33,6,0.1818,1.0,0.3077,319,322,1.01,0.029953999728604686,33
gen_frontend_react_004,naive_truncation,frontend/react,synthetic,semi,errors,0,33,0,0.0,1.0,0.0,319,322,1.01,0.029953999728604686,33
gen_frontend_react_004,naive_summary,frontend/react,synthetic,semi,completed_tasks,6,20,3,0.15,0.5,0.2308,181,322,1.78,0.07279999999809661,20
gen_frontend_react_004,naive_summary,frontend/react,synthetic,semi,pending_tasks,1,20,0,0.0,0.0,0.0,181,322,1.78,0.07279999999809661,20
gen_frontend_react_004,naive_summary,frontend/react,synthetic,semi,decisions,5,20,2,0.1,0.4,0.16,181,322,1.78,0.07279999999809661,20
gen_frontend_react_004,naive_summary,frontend/react,synthetic,semi,files,6,20,4,0.2,0.6667,0.3077,181,322,1.78,0.07279999999809661,20
gen_frontend_react_004,naive_summary,frontend/react,synthetic,semi,errors,0,20,0,0.0,1.0,0.0,181,322,1.78,0.07279999999809661,20
gen_frontend_react_005,tokenmizer_v0.5.2,frontend/react,synthetic,semi,completed_tasks,6,6,6,1.0,1.0,1.0,155,275,1.77,278.97359899998264,14
gen_frontend_react_005,tokenmizer_v0.5.2,frontend/react,synthetic,semi,pending_tasks,3,3,3,1.0,1.0,1.0,155,275,1.77,278.97359899998264,14
gen_frontend_react_005,tokenmizer_v0.5.2,frontend/react,synthetic,semi,decisions,2,2,2,1.0,1.0,1.0,155,275,1.77,278.97359899998264,14
gen_frontend_react_005,tokenmizer_v0.5.2,frontend/react,synthetic,semi,files,2,2,2,1.0,1.0,1.0,155,275,1.77,278.97359899998264,14
gen_frontend_react_005,tokenmizer_v0.5.2,frontend/react,synthetic,semi,errors,1,1,1,1.0,1.0,1.0,155,275,1.77,278.97359899998264,14
gen_frontend_react_005,graphiti_style,frontend/react,synthetic,semi,completed_tasks,6,4,4,1.0,0.6667,0.8,158,275,1.74,0.8731590000934375,14
gen_frontend_react_005,graphiti_style,frontend/react,synthetic,semi,pending_tasks,3,3,3,1.0,1.0,1.0,158,275,1.74,0.8731590000934375,14
gen_frontend_react_005,graphiti_style,frontend/react,synthetic,semi,decisions,2,3,2,0.6667,1.0,0.8,158,275,1.74,0.8731590000934375,14
gen_frontend_react_005,graphiti_style,frontend/react,synthetic,semi,files,2,2,0,0.0,0.0,0.0,158,275,1.74,0.8731590000934375,14
gen_frontend_react_005,graphiti_style,frontend/react,synthetic,semi,errors,1,2,1,0.5,1.0,0.6667,158,275,1.74,0.8731590000934375,14
gen_frontend_react_005,graphrag_style,frontend/react,synthetic,semi,completed_tasks,6,0,0,1.0,0.0,0.0,63,275,4.37,0.5443109998850559,7
gen_frontend_react_005,graphrag_style,frontend/react,synthetic,semi,pending_tasks,3,0,0,1.0,0.0,0.0,63,275,4.37,0.5443109998850559,7
gen_frontend_react_005,graphrag_style,frontend/react,synthetic,semi,decisions,2,3,2,0.6667,1.0,0.8,63,275,4.37,0.5443109998850559,7
gen_frontend_react_005,graphrag_style,frontend/react,synthetic,semi,files,2,2,0,0.0,0.0,0.0,63,275,4.37,0.5443109998850559,7
gen_frontend_react_005,graphrag_style,frontend/react,synthetic,semi,errors,1,2,1,0.5,1.0,0.6667,63,275,4.37,0.5443109998850559,7
gen_frontend_react_005,mem0_style,frontend/react,synthetic,semi,completed_tasks,6,4,4,1.0,0.6667,0.8,157,275,1.75,0.94988499995452,14
gen_frontend_react_005,mem0_style,frontend/react,synthetic,semi,pending_tasks,3,3,3,1.0,1.0,1.0,157,275,1.75,0.94988499995452,14
gen_frontend_react_005,mem0_style,frontend/react,synthetic,semi,decisions,2,3,2,0.6667,1.0,0.8,157,275,1.75,0.94988499995452,14
gen_frontend_react_005,mem0_style,frontend/react,synthetic,semi,files,2,2,0,0.0,0.0,0.0,157,275,1.75,0.94988499995452,14
gen_frontend_react_005,mem0_style,frontend/react,synthetic,semi,errors,1,2,1,0.5,1.0,0.6667,157,275,1.75,0.94988499995452,14
gen_frontend_react_005,memgpt_style,frontend/react,synthetic,semi,completed_tasks,6,2,2,1.0,0.3333,0.5,80,275,3.44,0.34409499994580983,7
gen_frontend_react_005,memgpt_style,frontend/react,synthetic,semi,pending_tasks,3,1,1,1.0,0.3333,0.5,80,275,3.44,0.34409499994580983,7
gen_frontend_react_005,memgpt_style,frontend/react,synthetic,semi,decisions,2,1,1,1.0,0.5,0.6667,80,275,3.44,0.34409499994580983,7
gen_frontend_react_005,memgpt_style,frontend/react,synthetic,semi,files,2,2,0,0.0,0.0,0.0,80,275,3.44,0.34409499994580983,7
gen_frontend_react_005,memgpt_style,frontend/react,synthetic,semi,errors,1,1,1,1.0,1.0,1.0,80,275,3.44,0.34409499994580983,7
gen_frontend_react_005,sliding_window_10,frontend/react,synthetic,semi,completed_tasks,6,12,2,0.1667,0.3333,0.2222,126,275,2.18,0.0034180002330685966,12
gen_frontend_react_005,sliding_window_10,frontend/react,synthetic,semi,pending_tasks,3,12,1,0.0833,0.3333,0.1333,126,275,2.18,0.0034180002330685966,12
gen_frontend_react_005,sliding_window_10,frontend/react,synthetic,semi,decisions,2,12,1,0.0833,0.5,0.1429,126,275,2.18,0.0034180002330685966,12
gen_frontend_react_005,sliding_window_10,frontend/react,synthetic,semi,files,2,12,2,0.1667,1.0,0.2857,126,275,2.18,0.0034180002330685966,12
gen_frontend_react_005,sliding_window_10,frontend/react,synthetic,semi,errors,1,12,1,0.0833,1.0,0.1538,126,275,2.18,0.0034180002330685966,12
gen_frontend_react_005,naive_truncation,frontend/react,synthetic,semi,completed_tasks,6,26,6,0.2308,1.0,0.375,287,275,0.96,0.017241000023204833,26
gen_frontend_react_005,naive_truncation,frontend/react,synthetic,semi,pending_tasks,3,26,3,0.1154,1.0,0.2069,287,275,0.96,0.017241000023204833,26
gen_frontend_react_005,naive_truncation,frontend/react,synthetic,semi,decisions,2,26,2,0.0769,1.0,0.1429,287,275,0.96,0.017241000023204833,26
gen_frontend_react_005,naive_truncation,frontend/react,synthetic,semi,files,2,26,2,0.0769,1.0,0.1429,287,275,0.96,0.017241000023204833,26
gen_frontend_react_005,naive_truncation,frontend/react,synthetic,semi,errors,1,26,1,0.0385,1.0,0.0741,287,275,0.96,0.017241000023204833,26
gen_frontend_react_005,naive_summary,frontend/react,synthetic,semi,completed_tasks,6,16,4,0.25,0.6667,0.3636,175,275,1.57,0.042501999814703595,16
gen_frontend_react_005,naive_summary,frontend/react,synthetic,semi,pending_tasks,3,16,2,0.125,0.6667,0.2105,175,275,1.57,0.042501999814703595,16
gen_frontend_react_005,naive_summary,frontend/react,synthetic,semi,decisions,2,16,1,0.0625,0.5,0.1111,175,275,1.57,0.042501999814703595,16
gen_frontend_react_005,naive_summary,frontend/react,synthetic,semi,files,2,16,0,0.0,0.0,0.0,175,275,1.57,0.042501999814703595,16
gen_frontend_react_005,naive_summary,frontend/react,synthetic,semi,errors,1,16,0,0.0,0.0,0.0,175,275,1.57,0.042501999814703595,16
gen_frontend_react_006,tokenmizer_v0.5.2,frontend/react,synthetic,semi,completed_tasks,3,3,3,1.0,1.0,1.0,159,277,1.74,278.0403510000724,15
gen_frontend_react_006,tokenmizer_v0.5.2,frontend/react,synthetic,semi,pending_tasks,3,3,3,1.0,1.0,1.0,159,277,1.74,278.0403510000724,15
gen_frontend_react_006,tokenmizer_v0.5.2,frontend/react,synthetic,semi,decisions,3,3,3,1.0,1.0,1.0,159,277,1.74,278.0403510000724,15
gen_frontend_react_006,tokenmizer_v0.5.2,frontend/react,synthetic,semi,files,4,4,4,1.0,1.0,1.0,159,277,1.74,278.0403510000724,15
gen_frontend_react_006,tokenmizer_v0.5.2,frontend/react,synthetic,semi,errors,2,2,2,1.0,1.0,1.0,159,277,1.74,278.0403510000724,15
gen_frontend_react_006,graphiti_style,frontend/react,synthetic,semi,completed_tasks,3,3,3,1.0,1.0,1.0,145,277,1.91,0.9173640000881278,17
gen_frontend_react_006,graphiti_style,frontend/react,synthetic,semi,pending_tasks,3,3,1,0.3333,0.3333,0.3333,145,277,1.91,0.9173640000881278,17
gen_frontend_react_006,graphiti_style,frontend/react,synthetic,semi,decisions,3,5,3,0.6,1.0,0.75,145,277,1.91,0.9173640000881278,17
gen_frontend_react_006,graphiti_style,frontend/react,synthetic,semi,files,4,4,3,0.75,0.75,0.75,145,277,1.91,0.9173640000881278,17
gen_frontend_react_006,graphiti_style,frontend/react,synthetic,semi,errors,2,2,2,1.0,1.0,1.0,145,277,1.91,0.9173640000881278,17
gen_frontend_react_006,graphrag_style,frontend/react,synthetic,semi,completed_tasks,3,0,0,1.0,0.0,0.0,78,277,3.55,0.5339090002962621,10
gen_frontend_react_006,graphrag_style,frontend/react,synthetic,semi,pending_tasks,3,1,0,0.0,0.0,0.0,78,277,3.55,0.5339090002962621,10
gen_frontend_react_006,graphrag_style,frontend/react,synthetic,semi,decisions,3,4,3,0.75,1.0,0.8571,78,277,3.55,0.5339090002962621,10
gen_frontend_react_006,graphrag_style,frontend/react,synthetic,semi,files,4,4,3,0.75,0.75,0.75,78,277,3.55,0.5339090002962621,10
gen_frontend_react_006,graphrag_style,frontend/react,synthetic,semi,errors,2,1,1,1.0,0.5,0.6667,78,277,3.55,0.5339090002962621,10
gen_frontend_react_006,mem0_style,frontend/react,synthetic,semi,completed_tasks,3,3,3,1.0,1.0,1.0,141,277,1.96,1.0136290002265014,16
gen_frontend_react_006,mem0_style,frontend/react,synthetic,semi,pending_tasks,3,2,1,0.5,0.3333,0.4,141,277,1.96,1.0136290002265014,16
gen_frontend_react_006,mem0_style,frontend/react,synthetic,semi,decisions,3,5,3,0.6,1.0,0.75,141,277,1.96,1.0136290002265014,16
gen_frontend_react_006,mem0_style,frontend/react,synthetic,semi,files,4,4,3,0.75,0.75,0.75,141,277,1.96,1.0136290002265014,16
gen_frontend_react_006,mem0_style,frontend/react,synthetic,semi,errors,2,2,2,1.0,1.0,1.0,141,277,1.96,1.0136290002265014,16
gen_frontend_react_006,memgpt_style,frontend/react,synthetic,semi,completed_tasks,3,2,2,1.0,0.6667,0.8,71,277,3.9,0.35126100010529626,9
gen_frontend_react_006,memgpt_style,frontend/react,synthetic,semi,pending_tasks,3,2,0,0.0,0.0,0.0,71,277,3.9,0.35126100010529626,9
gen_frontend_react_006,memgpt_style,frontend/react,synthetic,semi,decisions,3,3,2,0.6667,0.6667,0.6667,71,277,3.9,0.35126100010529626,9
gen_frontend_react_006,memgpt_style,frontend/react,synthetic,semi,files,4,2,1,0.5,0.25,0.3333,71,277,3.9,0.35126100010529626,9
gen_frontend_react_006,memgpt_style,frontend/react,synthetic,semi,errors,2,0,0,1.0,0.0,0.0,71,277,3.9,0.35126100010529626,9
gen_frontend_react_006,sliding_window_10,frontend/react,synthetic,semi,completed_tasks,3,12,2,0.1667,0.6667,0.2667,121,277,2.29,0.0036259998523746617,12
gen_frontend_react_006,sliding_window_10,frontend/react,synthetic,semi,pending_tasks,3,12,1,0.0833,0.3333,0.1333,121,277,2.29,0.0036259998523746617,12
gen_frontend_react_006,sliding_window_10,frontend/react,synthetic,semi,decisions,3,12,2,0.1667,0.6667,0.2667,121,277,2.29,0.0036259998523746617,12
gen_frontend_react_006,sliding_window_10,frontend/react,synthetic,semi,files,4,12,2,0.1667,0.5,0.25,121,277,2.29,0.0036259998523746617,12
gen_frontend_react_006,sliding_window_10,frontend/react,synthetic,semi,errors,2,12,0,0.0,0.0,0.0,121,277,2.29,0.0036259998523746617,12
gen_frontend_react_006,naive_truncation,frontend/react,synthetic,semi,completed_tasks,3,28,3,0.1071,1.0,0.1935,293,277,0.95,0.052072000016778475,28
gen_frontend_react_006,naive_truncation,frontend/react,synthetic,semi,pending_tasks,3,28,3,0.1071,1.0,0.1935,293,277,0.95,0.052072000016778475,28
gen_frontend_react_006,naive_truncation,frontend/react,synthetic,semi,decisions,3,28,3,0.1071,1.0,0.1935,293,277,0.95,0.052072000016778475,28
gen_frontend_react_006,naive_truncation,frontend/react,synthetic,semi,files,4,28,4,0.1429,1.0,0.25,293,277,0.95,0.052072000016778475,28
gen_frontend_react_006,naive_truncation,frontend/react,synthetic,semi,errors,2,28,2,0.0714,1.0,0.1333,293,277,0.95,0.052072000016778475,28
gen_frontend_react_006,naive_summary,frontend/react,synthetic,semi,completed_tasks,3,17,1,0.0588,0.3333,0.1,172,277,1.61,0.04173399975115899,17
gen_frontend_react_006,naive_summary,frontend/react,synthetic,semi,pending_tasks,3,17,2,0.1176,0.6667,0.2,172,277,1.61,0.04173399975115899,17
gen_frontend_react_006,naive_summary,frontend/react,synthetic,semi,decisions,3,17,1,0.0588,0.3333,0.1,172,277,1.61,0.04173399975115899,17
gen_frontend_react_006,naive_summary,frontend/react,synthetic,semi,files,4,17,2,0.1176,0.5,0.1905,172,277,1.61,0.04173399975115899,17
gen_frontend_react_006,naive_summary,frontend/react,synthetic,semi,errors,2,17,2,0.1176,1.0,0.2105,172,277,1.61,0.04173399975115899,17
gen_infra_terraform_001,tokenmizer_v0.5.2,infra/terraform,synthetic,implicit,completed_tasks,4,1,1,1.0,0.25,0.4,135,480,3.56,300.14177700013533,12
gen_infra_terraform_001,tokenmizer_v0.5.2,infra/terraform,synthetic,implicit,pending_tasks,3,0,0,1.0,0.0,0.0,135,480,3.56,300.14177700013533,12
gen_infra_terraform_001,tokenmizer_v0.5.2,infra/terraform,synthetic,implicit,decisions,5,4,4,1.0,0.8,0.8889,135,480,3.56,300.14177700013533,12
gen_infra_terraform_001,tokenmizer_v0.5.2,infra/terraform,synthetic,implicit,files,5,5,5,1.0,1.0,1.0,135,480,3.56,300.14177700013533,12
gen_infra_terraform_001,tokenmizer_v0.5.2,infra/terraform,synthetic,implicit,errors,1,2,1,1.0,1.0,1.0,135,480,3.56,300.14177700013533,12
gen_infra_terraform_001,graphiti_style,infra/terraform,synthetic,implicit,completed_tasks,4,0,0,1.0,0.0,0.0,56,480,8.57,1.5498249999836844,9
gen_infra_terraform_001,graphiti_style,infra/terraform,synthetic,implicit,pending_tasks,3,2,0,0.0,0.0,0.0,56,480,8.57,1.5498249999836844,9
gen_infra_terraform_001,graphiti_style,infra/terraform,synthetic,implicit,decisions,5,1,0,0.0,0.0,0.0,56,480,8.57,1.5498249999836844,9
gen_infra_terraform_001,graphiti_style,infra/terraform,synthetic,implicit,files,5,5,5,1.0,1.0,1.0,56,480,8.57,1.5498249999836844,9
gen_infra_terraform_001,graphiti_style,infra/terraform,synthetic,implicit,errors,1,1,0,0.0,0.0,0.0,56,480,8.57,1.5498249999836844,9
gen_infra_terraform_001,graphrag_style,infra/terraform,synthetic,implicit,completed_tasks,4,0,0,1.0,0.0,0.0,70,480,6.86,0.8731230000194046,10
gen_infra_terraform_001,graphrag_style,infra/terraform,synthetic,implicit,pending_tasks,3,2,0,0.0,0.0,0.0,70,480,6.86,0.8731230000194046,10
gen_infra_terraform_001,graphrag_style,infra/terraform,synthetic,implicit,decisions,5,1,0,0.0,0.0,0.0,70,480,6.86,0.8731230000194046,10
gen_infra_terraform_001,graphrag_style,infra/terraform,synthetic,implicit,files,5,5,5,1.0,1.0,1.0,70,480,6.86,0.8731230000194046,10
gen_infra_terraform_001,graphrag_style,infra/terraform,synthetic,implicit,errors,1,2,1,0.5,1.0,0.6667,70,480,6.86,0.8731230000194046,10
gen_infra_terraform_001,mem0_style,infra/terraform,synthetic,implicit,completed_tasks,4,0,0,1.0,0.0,0.0,55,480,8.73,1.5315549999286304,9
gen_infra_terraform_001,mem0_style,infra/terraform,synthetic,implicit,pending_tasks,3,2,0,0.0,0.0,0.0,55,480,8.73,1.5315549999286304,9
gen_infra_terraform_001,mem0_style,infra/terraform,synthetic,implicit,decisions,5,1,0,0.0,0.0,0.0,55,480,8.73,1.5315549999286304,9
gen_infra_terraform_001,mem0_style,infra/terraform,synthetic,implicit,files,5,5,5,1.0,1.0,1.0,55,480,8.73,1.5315549999286304,9
gen_infra_terraform_001,mem0_style,infra/terraform,synthetic,implicit,errors,1,1,0,0.0,0.0,0.0,55,480,8.73,1.5315549999286304,9
gen_infra_terraform_001,memgpt_style,infra/terraform,synthetic,implicit,completed_tasks,4,0,0,1.0,0.0,0.0,38,480,12.63,0.784597999881953,6
gen_infra_terraform_001,memgpt_style,infra/terraform,synthetic,implicit,pending_tasks,3,1,0,0.0,0.0,0.0,38,480,12.63,0.784597999881953,6
gen_infra_terraform_001,memgpt_style,infra/terraform,synthetic,implicit,decisions,5,1,0,0.0,0.0,0.0,38,480,12.63,0.784597999881953,6
gen_infra_terraform_001,memgpt_style,infra/terraform,synthetic,implicit,files,5,4,4,1.0,0.8,0.8889,38,480,12.63,0.784597999881953,6
gen_infra_terraform_001,memgpt_style,infra/terraform,synthetic,implicit,errors,1,0,0,1.0,0.0,0.0,38,480,12.63,0.784597999881953,6
gen_infra_terraform_001,sliding_window_10,infra/terraform,synthetic,implicit,completed_tasks,4,12,1,0.0833,0.25,0.125,187,480,2.57,0.005616999715130078,12
gen_infra_terraform_001,sliding_window_10,infra/terraform,synthetic,implicit,pending_tasks,3,12,0,0.0,0.0,0.0,187,480,2.57,0.005616999715130078,12
gen_infra_terraform_001,sliding_window_10,infra/terraform,synthetic,implicit,decisions,5,12,1,0.0833,0.2,0.1176,187,480,2.57,0.005616999715130078,12
gen_infra_terraform_001,sliding_window_10,infra/terraform,synthetic,implicit,files,5,12,4,0.3333,0.8,0.4706,187,480,2.57,0.005616999715130078,12
gen_infra_terraform_001,sliding_window_10,infra/terraform,synthetic,implicit,errors,1,12,1,0.0833,1.0,0.1538,187,480,2.57,0.005616999715130078,12
gen_infra_terraform_001,naive_truncation,infra/terraform,synthetic,implicit,completed_tasks,4,19,2,0.1053,0.5,0.1739,308,480,1.56,0.015296000128728338,19
gen_infra_terraform_001,naive_truncation,infra/terraform,synthetic,implicit,pending_tasks,3,19,2,0.1053,0.6667,0.1818,308,480,1.56,0.015296000128728338,19
gen_infra_terraform_001,naive_truncation,infra/terraform,synthetic,implicit,decisions,5,19,2,0.1053,0.4,0.1667,308,480,1.56,0.015296000128728338,19
gen_infra_terraform_001,naive_truncation,infra/terraform,synthetic,implicit,files,5,19,5,0.2632,1.0,0.4167,308,480,1.56,0.015296000128728338,19
gen_infra_terraform_001,naive_truncation,infra/terraform,synthetic,implicit,errors,1,19,1,0.0526,1.0,0.1,308,480,1.56,0.015296000128728338,19
gen_infra_terraform_001,naive_summary,infra/terraform,synthetic,implicit,completed_tasks,4,10,2,0.2,0.5,0.2857,172,480,2.79,0.0890110000000277,10
gen_infra_terraform_001,naive_summary,infra/terraform,synthetic,implicit,pending_tasks,3,10,1,0.1,0.3333,0.1538,172,480,2.79,0.0890110000000277,10
gen_infra_terraform_001,naive_summary,infra/terraform,synthetic,implicit,decisions,5,10,3,0.3,0.6,0.4,172,480,2.79,0.0890110000000277,10
gen_infra_terraform_001,naive_summary,infra/terraform,synthetic,implicit,files,5,10,0,0.0,0.0,0.0,172,480,2.79,0.0890110000000277,10
gen_infra_terraform_001,naive_summary,infra/terraform,synthetic,implicit,errors,1,10,0,0.0,0.0,0.0,172,480,2.79,0.0890110000000277,10
gen_infra_terraform_002,tokenmizer_v0.5.2,infra/terraform,synthetic,implicit,completed_tasks,4,2,2,1.0,0.5,0.6667,100,387,3.87,287.59184299997287,11
gen_infra_terraform_002,tokenmizer_v0.5.2,infra/terraform,synthetic,implicit,pending_tasks,4,3,3,1.0,0.75,0.8571,100,387,3.87,287.59184299997287,11
gen_infra_terraform_002,tokenmizer_v0.5.2,infra/terraform,synthetic,implicit,decisions,2,3,2,0.6667,1.0,0.8,100,387,3.87,287.59184299997287,11
gen_infra_terraform_002,tokenmizer_v0.5.2,infra/terraform,synthetic,implicit,files,3,3,3,1.0,1.0,1.0,100,387,3.87,287.59184299997287,11
gen_infra_terraform_002,tokenmizer_v0.5.2,infra/terraform,synthetic,implicit,errors,1,0,0,1.0,0.0,0.0,100,387,3.87,287.59184299997287,11
gen_infra_terraform_002,graphiti_style,infra/terraform,synthetic,implicit,completed_tasks,4,0,0,1.0,0.0,0.0,41,387,9.44,1.5641129998584802,7
gen_infra_terraform_002,graphiti_style,infra/terraform,synthetic,implicit,pending_tasks,4,2,0,0.0,0.0,0.0,41,387,9.44,1.5641129998584802,7
gen_infra_terraform_002,graphiti_style,infra/terraform,synthetic,implicit,decisions,2,1,0,0.0,0.0,0.0,41,387,9.44,1.5641129998584802,7
gen_infra_terraform_002,graphiti_style,infra/terraform,synthetic,implicit,files,3,3,3,1.0,1.0,1.0,41,387,9.44,1.5641129998584802,7
gen_infra_terraform_002,graphiti_style,infra/terraform,synthetic,implicit,errors,1,1,0,0.0,0.0,0.0,41,387,9.44,1.5641129998584802,7
gen_infra_terraform_002,graphrag_style,infra/terraform,synthetic,implicit,completed_tasks,4,0,0,1.0,0.0,0.0,36,387,10.75,0.7048019997455413,6
gen_infra_terraform_002,graphrag_style,infra/terraform,synthetic,implicit,pending_tasks,4,2,0,0.0,0.0,0.0,36,387,10.75,0.7048019997455413,6
gen_infra_terraform_002,graphrag_style,infra/terraform,synthetic,implicit,decisions,2,0,0,1.0,0.0,0.0,36,387,10.75,0.7048019997455413,6
gen_infra_terraform_002,graphrag_style,infra/terraform,synthetic,implicit,files,3,3,3,1.0,1.0,1.0,36,387,10.75,0.7048019997455413,6
gen_infra_terraform_002,graphrag_style,infra/terraform,synthetic,implicit,errors,1,1,0,0.0,0.0,0.0,36,387,10.75,0.7048019997455413,6
gen_infra_terraform_002,mem0_style,infra/terraform,synthetic,implicit,completed_tasks,4,0,0,1.0,0.0,0.0,40,387,9.68,1.4027560000613448,7
gen_infra_terraform_002,mem0_style,infra/terraform,synthetic,implicit,pending_tasks,4,2,0,0.0,0.0,0.0,40,387,9.68,1.4027560000613448,7
gen_infra_terraform_002,mem0_style,infra/terraform,synthetic,implicit,decisions,2,1,0,0.0,0.0,0.0,40,387,9.68,1.4027560000613448,7
gen_infra_terraform_002,mem0_style,infra/terraform,synthetic,implicit,files,3,3,3,1.0,1.0,1.0,40,387,9.68,1.4027560000613448,7
gen_infra_terraform_002,mem0_style,infra/terraform,synthetic,implicit,errors,1,1,0,0.0,0.0,0.0,40,387,9.68,1.4027560000613448,7
gen_infra_terraform_002,memgpt_style,infra/terraform,synthetic,implicit,completed_tasks,4,0,0,1.0,0.0,0.0,23,387,16.83,0.7021339997663745,3
gen_infra_terraform_002,memgpt_style,infra/terraform,synthetic,implicit,pending_tasks,4,1,0,0.0,0.0,0.0,23,387,16.83,0.7021339997663745,3
gen_infra_terraform_002,memgpt_style,infra/terraform,synthetic,implicit,decisions,2,0,0,1.0,0.0,0.0,23,387,16.83,0.7021339997663745,3
gen_infra_terraform_002,memgpt_style,infra/terraform,synthetic,implicit,files,3,1,1,1.0,0.3333,0.5,23,387,16.83,0.7021339997663745,3
gen_infra_terraform_002,memgpt_style,infra/terraform,synthetic,implicit,errors,1,1,0,0.0,0.0,0.0,23,387,16.83,0.7021339997663745,3
gen_infra_terraform_002,sliding_window_10,infra/terraform,synthetic,implicit,completed_tasks,4,12,3,0.25,0.75,0.375,186,387,2.08,0.006592999852728099,12
gen_infra_terraform_002,sliding_window_10,infra/terraform,synthetic,implicit,pending_tasks,4,12,3,0.25,0.75,0.375,186,387,2.08,0.006592999852728099,12
gen_infra_terraform_002,sliding_window_10,infra/terraform,synthetic,implicit,decisions,2,12,0,0.0,0.0,0.0,186,387,2.08,0.006592999852728099,12
gen_infra_terraform_002,sliding_window_10,infra/terraform,synthetic,implicit,files,3,12,1,0.0833,0.3333,0.1333,186,387,2.08,0.006592999852728099,12
gen_infra_terraform_002,sliding_window_10,infra/terraform,synthetic,implicit,errors,1,12,0,0.0,0.0,0.0,186,387,2.08,0.006592999852728099,12
gen_infra_terraform_002,naive_truncation,infra/terraform,synthetic,implicit,completed_tasks,4,19,4,0.2105,1.0,0.3478,291,387,1.33,0.01657899974816246,19
gen_infra_terraform_002,naive_truncation,infra/terraform,synthetic,implicit,pending_tasks,4,19,3,0.1579,0.75,0.2609,291,387,1.33,0.01657899974816246,19
gen_infra_terraform_002,naive_truncation,infra/terraform,synthetic,implicit,decisions,2,19,1,0.0526,0.5,0.0952,291,387,1.33,0.01657899974816246,19
gen_infra_terraform_002,naive_truncation,infra/terraform,synthetic,implicit,files,3,19,3,0.1579,1.0,0.2727,291,387,1.33,0.01657899974816246,19
gen_infra_terraform_002,naive_truncation,infra/terraform,synthetic,implicit,errors,1,19,0,0.0,0.0,0.0,291,387,1.33,0.01657899974816246,19
gen_infra_terraform_002,naive_summary,infra/terraform,synthetic,implicit,completed_tasks,4,13,0,0.0,0.0,0.0,190,387,2.04,0.042858999677264364,13
gen_infra_terraform_002,naive_summary,infra/terraform,synthetic,implicit,pending_tasks,4,13,1,0.0769,0.25,0.1176,190,387,2.04,0.042858999677264364,13
gen_infra_terraform_002,naive_summary,infra/terraform,synthetic,implicit,decisions,2,13,2,0.1538,1.0,0.2667,190,387,2.04,0.042858999677264364,13
gen_infra_terraform_002,naive_summary,infra/terraform,synthetic,implicit,files,3,13,2,0.1538,0.6667,0.25,190,387,2.04,0.042858999677264364,13
gen_infra_terraform_002,naive_summary,infra/terraform,synthetic,implicit,errors,1,13,1,0.0769,1.0,0.1429,190,387,2.04,0.042858999677264364,13
gen_infra_terraform_003,tokenmizer_v0.5.2,infra/terraform,synthetic,implicit,completed_tasks,4,2,2,1.0,0.5,0.6667,94,404,4.3,300.81565999989834,11
gen_infra_terraform_003,tokenmizer_v0.5.2,infra/terraform,synthetic,implicit,pending_tasks,2,1,1,1.0,0.5,0.6667,94,404,4.3,300.81565999989834,11
gen_infra_terraform_003,tokenmizer_v0.5.2,infra/terraform,synthetic,implicit,decisions,2,2,2,1.0,1.0,1.0,94,404,4.3,300.81565999989834,11
gen_infra_terraform_003,tokenmizer_v0.5.2,infra/terraform,synthetic,implicit,files,6,6,6,1.0,1.0,1.0,94,404,4.3,300.81565999989834,11
gen_infra_terraform_003,tokenmizer_v0.5.2,infra/terraform,synthetic,implicit,errors,1,0,0,1.0,0.0,0.0,94,404,4.3,300.81565999989834,11
gen_infra_terraform_003,graphiti_style,infra/terraform,synthetic,implicit,completed_tasks,4,0,0,1.0,0.0,0.0,47,404,8.6,1.4219859999684559,8
gen_infra_terraform_003,graphiti_style,infra/terraform,synthetic,implicit,pending_tasks,2,1,0,0.0,0.0,0.0,47,404,8.6,1.4219859999684559,8
gen_infra_terraform_003,graphiti_style,infra/terraform,synthetic,implicit,decisions,2,1,0,0.0,0.0,0.0,47,404,8.6,1.4219859999684559,8
gen_infra_terraform_003,graphiti_style,infra/terraform,synthetic,implicit,files,6,6,6,1.0,1.0,1.0,47,404,8.6,1.4219859999684559,8
gen_infra_terraform_003,graphiti_style,infra/terraform,synthetic,implicit,errors,1,0,0,1.0,0.0,0.0,47,404,8.6,1.4219859999684559,8
gen_infra_terraform_003,graphrag_style,infra/terraform,synthetic,implicit,completed_tasks,4,0,0,1.0,0.0,0.0,47,404,8.6,0.6921930003045418,8
gen_infra_terraform_003,graphrag_style,infra/terraform,synthetic,implicit,pending_tasks,2,1,0,0.0,0.0,0.0,47,404,8.6,0.6921930003045418,8
gen_infra_terraform_003,graphrag_style,infra/terraform,synthetic,implicit,decisions,2,1,0,0.0,0.0,0.0,47,404,8.6,0.6921930003045418,8
gen_infra_terraform_003,graphrag_style,infra/terraform,synthetic,implicit,files,6,6,6,1.0,1.0,1.0,47,404,8.6,0.6921930003045418,8
gen_infra_terraform_003,graphrag_style,infra/terraform,synthetic,implicit,errors,1,0,0,1.0,0.0,0.0,47,404,8.6,0.6921930003045418,8
gen_infra_terraform_003,mem0_style,infra/terraform,synthetic,implicit,completed_tasks,4,0,0,1.0,0.0,0.0,46,404,8.78,1.311845000145695,8
gen_infra_terraform_003,mem0_style,infra/terraform,synthetic,implicit,pending_tasks,2,1,0,0.0,0.0,0.0,46,404,8.78,1.311845000145695,8
gen_infra_terraform_003,mem0_style,infra/terraform,synthetic,implicit,decisions,2,1,0,0.0,0.0,0.0,46,404,8.78,1.311845000145695,8
gen_infra_terraform_003,mem0_style,infra/terraform,synthetic,implicit,files,6,6,6,1.0,1.0,1.0,46,404,8.78,1.311845000145695,8
gen_infra_terraform_003,mem0_style,infra/terraform,synthetic,implicit,errors,1,0,0,1.0,0.0,0.0,46,404,8.78,1.311845000145695,8
gen_infra_terraform_003,memgpt_style,infra/terraform,synthetic,implicit,completed_tasks,4,0,0,1.0,0.0,0.0,32,404,12.62,0.5248610000307963,5
gen_infra_terraform_003,memgpt_style,infra/terraform,synthetic,implicit,pending_tasks,2,0,0,1.0,0.0,0.0,32,404,12.62,0.5248610000307963,5
gen_infra_terraform_003,memgpt_style,infra/terraform,synthetic,implicit,decisions,2,1,0,0.0,0.0,0.0,32,404,12.62,0.5248610000307963,5
gen_infra_terraform_003,memgpt_style,infra/terraform,synthetic,implicit,files,6,4,4,1.0,0.6667,0.8,32,404,12.62,0.5248610000307963,5
gen_infra_terraform_003,memgpt_style,infra/terraform,synthetic,implicit,errors,1,0,0,1.0,0.0,0.0,32,404,12.62,0.5248610000307963,5
gen_infra_terraform_003,sliding_window_10,infra/terraform,synthetic,implicit,completed_tasks,4,12,2,0.1667,0.5,0.25,177,404,2.28,0.0033510000321257394,12
gen_infra_terraform_003,sliding_window_10,infra/terraform,synthetic,implicit,pending_tasks,2,12,0,0.0,0.0,0.0,177,404,2.28,0.0033510000321257394,12
gen_infra_terraform_003,sliding_window_10,infra/terraform,synthetic,implicit,decisions,2,12,1,0.0833,0.5,0.1429,177,404,2.28,0.0033510000321257394,12
gen_infra_terraform_003,sliding_window_10,infra/terraform,synthetic,implicit,files,6,12,4,0.3333,0.6667,0.4444,177,404,2.28,0.0033510000321257394,12
gen_infra_terraform_003,sliding_window_10,infra/terraform,synthetic,implicit,errors,1,12,0,0.0,0.0,0.0,177,404,2.28,0.0033510000321257394,12
gen_infra_terraform_003,naive_truncation,infra/terraform,synthetic,implicit,completed_tasks,4,20,3,0.15,0.75,0.25,282,404,1.43,0.013846000001649372,20
gen_infra_terraform_003,naive_truncation,infra/terraform,synthetic,implicit,pending_tasks,2,20,0,0.0,0.0,0.0,282,404,1.43,0.013846000001649372,20
gen_infra_terraform_003,naive_truncation,infra/terraform,synthetic,implicit,decisions,2,20,1,0.05,0.5,0.0909,282,404,1.43,0.013846000001649372,20
gen_infra_terraform_003,naive_truncation,infra/terraform,synthetic,implicit,files,6,20,6,0.3,1.0,0.4615,282,404,1.43,0.013846000001649372,20
gen_infra_terraform_003,naive_truncation,infra/terraform,synthetic,implicit,errors,1,20,1,0.05,1.0,0.0952,282,404,1.43,0.013846000001649372,20
gen_infra_terraform_003,naive_summary,infra/terraform,synthetic,implicit,completed_tasks,4,13,1,0.0769,0.25,0.1176,171,404,2.36,0.05690800026059151,13
gen_infra_terraform_003,naive_summary,infra/terraform,synthetic,implicit,pending_tasks,2,13,2,0.1538,1.0,0.2667,171,404,2.36,0.05690800026059151,13
gen_infra_terraform_003,naive_summary,infra/terraform,synthetic,implicit,decisions,2,13,1,0.0769,0.5,0.1333,171,404,2.36,0.05690800026059151,13
gen_infra_terraform_003,naive_summary,infra/terraform,synthetic,implicit,files,6,13,0,0.0,0.0,0.0,171,404,2.36,0.05690800026059151,13
gen_infra_terraform_003,naive_summary,infra/terraform,synthetic,implicit,errors,1,13,1,0.0769,1.0,0.1429,171,404,2.36,0.05690800026059151,13
gen_infra_terraform_004,tokenmizer_v0.5.2,infra/terraform,synthetic,implicit,completed_tasks,7,4,3,0.75,0.4286,0.5455,149,576,3.87,349.1714030001276,16
gen_infra_terraform_004,tokenmizer_v0.5.2,infra/terraform,synthetic,implicit,pending_tasks,4,3,3,1.0,0.75,0.8571,149,576,3.87,349.1714030001276,16
gen_infra_terraform_004,tokenmizer_v0.5.2,infra/terraform,synthetic,implicit,decisions,4,4,4,1.0,1.0,1.0,149,576,3.87,349.1714030001276,16
gen_infra_terraform_004,tokenmizer_v0.5.2,infra/terraform,synthetic,implicit,files,5,5,5,1.0,1.0,1.0,149,576,3.87,349.1714030001276,16
gen_infra_terraform_004,tokenmizer_v0.5.2,infra/terraform,synthetic,implicit,errors,1,0,0,1.0,0.0,0.0,149,576,3.87,349.1714030001276,16
gen_infra_terraform_004,graphiti_style,infra/terraform,synthetic,implicit,completed_tasks,7,1,0,0.0,0.0,0.0,54,576,10.67,1.9040160000258766,8
gen_infra_terraform_004,graphiti_style,infra/terraform,synthetic,implicit,pending_tasks,4,2,0,0.0,0.0,0.0,54,576,10.67,1.9040160000258766,8
gen_infra_terraform_004,graphiti_style,infra/terraform,synthetic,implicit,decisions,4,0,0,1.0,0.0,0.0,54,576,10.67,1.9040160000258766,8
gen_infra_terraform_004,graphiti_style,infra/terraform,synthetic,implicit,files,5,5,5,1.0,1.0,1.0,54,576,10.67,1.9040160000258766,8
gen_infra_terraform_004,graphiti_style,infra/terraform,synthetic,implicit,errors,1,0,0,1.0,0.0,0.0,54,576,10.67,1.9040160000258766,8
gen_infra_terraform_004,graphrag_style,infra/terraform,synthetic,implicit,completed_tasks,7,0,0,1.0,0.0,0.0,43,576,13.4,1.006989999950747,7
gen_infra_terraform_004,graphrag_style,infra/terraform,synthetic,implicit,pending_tasks,4,2,0,0.0,0.0,0.0,43,576,13.4,1.006989999950747,7
gen_infra_terraform_004,graphrag_style,infra/terraform,synthetic,implicit,decisions,4,0,0,1.0,0.0,0.0,43,576,13.4,1.006989999950747,7
gen_infra_terraform_004,graphrag_style,infra/terraform,synthetic,implicit,files,5,5,5,1.0,1.0,1.0,43,576,13.4,1.006989999950747,7
gen_infra_terraform_004,graphrag_style,infra/terraform,synthetic,implicit,errors,1,0,0,1.0,0.0,0.0,43,576,13.4,1.006989999950747,7
gen_infra_terraform_004,mem0_style,infra/terraform,synthetic,implicit,completed_tasks,7,1,0,0.0,0.0,0.0,53,576,10.87,1.8513220002205344,8
gen_infra_terraform_004,mem0_style,infra/terraform,synthetic,implicit,pending_tasks,4,2,0,0.0,0.0,0.0,53,576,10.87,1.8513220002205344,8
gen_infra_terraform_004,mem0_style,infra/terraform,synthetic,implicit,decisions,4,0,0,1.0,0.0,0.0,53,576,10.87,1.8513220002205344,8
gen_infra_terraform_004,mem0_style,infra/terraform,synthetic,implicit,files,5,5,5,1.0,1.0,1.0,53,576,10.87,1.8513220002205344,8
gen_infra_terraform_004,mem0_style,infra/terraform,synthetic,implicit,errors,1,0,0,1.0,0.0,0.0,53,576,10.87,1.8513220002205344,8
gen_infra_terraform_004,memgpt_style,infra/terraform,synthetic,implicit,completed_tasks,7,0,0,1.0,0.0,0.0,27,576,21.33,0.7597700000587793,4
gen_infra_terraform_004,memgpt_style,infra/terraform,synthetic,implicit,pending_tasks,4,1,0,0.0,0.0,0.0,27,576,21.33,0.7597700000587793,4
gen_infra_terraform_004,memgpt_style,infra/terraform,synthetic,implicit,decisions,4,0,0,1.0,0.0,0.0,27,576,21.33,0.7597700000587793,4
gen_infra_terraform_004,memgpt_style,infra/terraform,synthetic,implicit,files,5,3,3,1.0,0.6,0.75,27,576,21.33,0.7597700000587793,4
gen_infra_terraform_004,memgpt_style,infra/terraform,synthetic,implicit,errors,1,0,0,1.0,0.0,0.0,27,576,21.33,0.7597700000587793,4
gen_infra_terraform_004,sliding_window_10,infra/terraform,synthetic,implicit,completed_tasks,7,12,4,0.3333,0.5714,0.4211,181,576,3.18,0.003999999989900971,12
gen_infra_terraform_004,sliding_window_10,infra/terraform,synthetic,implicit,pending_tasks,4,12,1,0.0833,0.25,0.125,181,576,3.18,0.003999999989900971,12
gen_infra_terraform_004,sliding_window_10,infra/terraform,synthetic,implicit,decisions,4,12,0,0.0,0.0,0.0,181,576,3.18,0.003999999989900971,12
gen_infra_terraform_004,sliding_window_10,infra/terraform,synthetic,implicit,files,5,12,2,0.1667,0.4,0.2353,181,576,3.18,0.003999999989900971,12
gen_infra_terraform_004,sliding_window_10,infra/terraform,synthetic,implicit,errors,1,12,0,0.0,0.0,0.0,181,576,3.18,0.003999999989900971,12
gen_infra_terraform_004,naive_truncation,infra/terraform,synthetic,implicit,completed_tasks,7,18,4,0.2222,0.5714,0.32,264,576,2.18,0.014836999980616383,18
gen_infra_terraform_004,naive_truncation,infra/terraform,synthetic,implicit,pending_tasks,4,18,1,0.0556,0.25,0.0909,264,576,2.18,0.014836999980616383,18
gen_infra_terraform_004,naive_truncation,infra/terraform,synthetic,implicit,decisions,4,18,1,0.0556,0.25,0.0909,264,576,2.18,0.014836999980616383,18
gen_infra_terraform_004,naive_truncation,infra/terraform,synthetic,implicit,files,5,18,3,0.1667,0.6,0.2609,264,576,2.18,0.014836999980616383,18
gen_infra_terraform_004,naive_truncation,infra/terraform,synthetic,implicit,errors,1,18,1,0.0556,1.0,0.1053,264,576,2.18,0.014836999980616383,18
gen_infra_terraform_004,naive_summary,infra/terraform,synthetic,implicit,completed_tasks,7,12,2,0.1667,0.2857,0.2105,170,576,3.39,0.08793400002105045,12
gen_infra_terraform_004,naive_summary,infra/terraform,synthetic,implicit,pending_tasks,4,12,1,0.0833,0.25,0.125,170,576,3.39,0.08793400002105045,12
gen_infra_terraform_004,naive_summary,infra/terraform,synthetic,implicit,decisions,4,12,1,0.0833,0.25,0.125,170,576,3.39,0.08793400002105045,12
gen_infra_terraform_004,naive_summary,infra/terraform,synthetic,implicit,files,5,12,1,0.0833,0.2,0.1176,170,576,3.39,0.08793400002105045,12
gen_infra_terraform_004,naive_summary,infra/terraform,synthetic,implicit,errors,1,12,0,0.0,0.0,0.0,170,576,3.39,0.08793400002105045,12
gen_infra_terraform_005,tokenmizer_v0.5.2,infra/terraform,synthetic,implicit,completed_tasks,3,1,0,0.0,0.0,0.0,101,408,4.04,277.65157800013185,10
gen_infra_terraform_005,tokenmizer_v0.5.2,infra/terraform,synthetic,implicit,pending_tasks,4,2,2,1.0,0.5,0.6667,101,408,4.04,277.65157800013185,10
gen_infra_terraform_005,tokenmizer_v0.5.2,infra/terraform,synthetic,implicit,decisions,6,5,5,1.0,0.8333,0.9091,101,408,4.04,277.65157800013185,10
gen_infra_terraform_005,tokenmizer_v0.5.2,infra/terraform,synthetic,implicit,files,2,2,2,1.0,1.0,1.0,101,408,4.04,277.65157800013185,10
gen_infra_terraform_005,graphiti_style,infra/terraform,synthetic,implicit,completed_tasks,3,1,0,0.0,0.0,0.0,37,408,11.03,2.284498999870266,6
gen_infra_terraform_005,graphiti_style,infra/terraform,synthetic,implicit,pending_tasks,4,1,0,0.0,0.0,0.0,37,408,11.03,2.284498999870266,6
gen_infra_terraform_005,graphiti_style,infra/terraform,synthetic,implicit,decisions,6,2,0,0.0,0.0,0.0,37,408,11.03,2.284498999870266,6
gen_infra_terraform_005,graphiti_style,infra/terraform,synthetic,implicit,files,2,2,2,1.0,1.0,1.0,37,408,11.03,2.284498999870266,6
gen_infra_terraform_005,graphrag_style,infra/terraform,synthetic,implicit,completed_tasks,3,0,0,1.0,0.0,0.0,23,408,17.74,1.215749000039068,4
gen_infra_terraform_005,graphrag_style,infra/terraform,synthetic,implicit,pending_tasks,4,1,0,0.0,0.0,0.0,23,408,17.74,1.215749000039068,4
gen_infra_terraform_005,graphrag_style,infra/terraform,synthetic,implicit,decisions,6,1,0,0.0,0.0,0.0,23,408,17.74,1.215749000039068,4
gen_infra_terraform_005,graphrag_style,infra/terraform,synthetic,implicit,files,2,2,2,1.0,1.0,1.0,23,408,17.74,1.215749000039068,4
gen_infra_terraform_005,mem0_style,infra/terraform,synthetic,implicit,completed_tasks,3,1,0,0.0,0.0,0.0,36,408,11.33,2.4856790000740148,6
gen_infra_terraform_005,mem0_style,infra/terraform,synthetic,implicit,pending_tasks,4,1,0,0.0,0.0,0.0,36,408,11.33,2.4856790000740148,6
gen_infra_terraform_005,mem0_style,infra/terraform,synthetic,implicit,decisions,6,2,0,0.0,0.0,0.0,36,408,11.33,2.4856790000740148,6
gen_infra_terraform_005,mem0_style,infra/terraform,synthetic,implicit,files,2,2,2,1.0,1.0,1.0,36,408,11.33,2.4856790000740148,6
gen_infra_terraform_005,memgpt_style,infra/terraform,synthetic,implicit,completed_tasks,3,0,0,1.0,0.0,0.0,13,408,31.38,0.8061300000008487,2
gen_infra_terraform_005,memgpt_style,infra/terraform,synthetic,implicit,pending_tasks,4,0,0,1.0,0.0,0.0,13,408,31.38,0.8061300000008487,2
gen_infra_terraform_005,memgpt_style,infra/terraform,synthetic,implicit,decisions,6,1,0,0.0,0.0,0.0,13,408,31.38,0.8061300000008487,2
gen_infra_terraform_005,memgpt_style,infra/terraform,synthetic,implicit,files,2,1,1,1.0,0.5,0.6667,13,408,31.38,0.8061300000008487,2
gen_infra_terraform_005,sliding_window_10,infra/terraform,synthetic,implicit,completed_tasks,3,13,0,0.0,0.0,0.0,206,408,1.98,0.0069789998633496,13
gen_infra_terraform_005,sliding_window_10,infra/terraform,synthetic,implicit,pending_tasks,4,13,3,0.2308,0.75,0.3529,206,408,1.98,0.0069789998633496,13
gen_infra_terraform_005,sliding_window_10,infra/terraform,synthetic,implicit,decisions,6,13,3,0.2308,0.5,0.3158,206,408,1.98,0.0069789998633496,13
gen_infra_terraform_005,sliding_window_10,infra/terraform,synthetic,implicit,files,2,13,2,0.1538,1.0,0.2667,206,408,1.98,0.0069789998633496,13
gen_infra_terraform_005,sliding_window_10,infra/terraform,synthetic,implicit,errors,0,13,0,0.0,1.0,0.0,206,408,1.98,0.0069789998633496,13
gen_infra_terraform_005,naive_truncation,infra/terraform,synthetic,implicit,completed_tasks,3,18,2,0.1111,0.6667,0.1905,290,408,1.41,0.021426999865070684,18
gen_infra_terraform_005,naive_truncation,infra/terraform,synthetic,implicit,pending_tasks,4,18,4,0.2222,1.0,0.3636,290,408,1.41,0.021426999865070684,18
gen_infra_terraform_005,naive_truncation,infra/terraform,synthetic,implicit,decisions,6,18,3,0.1667,0.5,0.25,290,408,1.41,0.021426999865070684,18
gen_infra_terraform_005,naive_truncation,infra/terraform,synthetic,implicit,files,2,18,2,0.1111,1.0,0.2,290,408,1.41,0.021426999865070684,18
gen_infra_terraform_005,naive_truncation,infra/terraform,synthetic,implicit,errors,0,18,0,0.0,1.0,0.0,290,408,1.41,0.021426999865070684,18
gen_infra_terraform_005,naive_summary,infra/terraform,synthetic,implicit,completed_tasks,3,13,2,0.1538,0.6667,0.25,174,408,2.34,0.06430599978557439,13
gen_infra_terraform_005,naive_summary,infra/terraform,synthetic,implicit,pending_tasks,4,13,0,0.0,0.0,0.0,174,408,2.34,0.06430599978557439,13
gen_infra_terraform_005,naive_summary,infra/terraform,synthetic,implicit,decisions,6,13,3,0.2308,0.5,0.3158,174,408,2.34,0.06430599978557439,13
gen_infra_terraform_005,naive_summary,infra/terraform,synthetic,implicit,files,2,13,0,0.0,0.0,0.0,174,408,2.34,0.06430599978557439,13
gen_infra_terraform_005,naive_summary,infra/terraform,synthetic,implicit,errors,0,13,0,0.0,1.0,0.0,174,408,2.34,0.06430599978557439,13
gen_ml_python_001,tokenmizer_v0.5.2,ml/python,synthetic,explicit,completed_tasks,6,6,6,1.0,1.0,1.0,222,375,1.69,283.3215430000564,22
gen_ml_python_001,tokenmizer_v0.5.2,ml/python,synthetic,explicit,pending_tasks,2,2,2,1.0,1.0,1.0,222,375,1.69,283.3215430000564,22
gen_ml_python_001,tokenmizer_v0.5.2,ml/python,synthetic,explicit,decisions,6,6,6,1.0,1.0,1.0,222,375,1.69,283.3215430000564,22
gen_ml_python_001,tokenmizer_v0.5.2,ml/python,synthetic,explicit,files,5,5,5,1.0,1.0,1.0,222,375,1.69,283.3215430000564,22
gen_ml_python_001,tokenmizer_v0.5.2,ml/python,synthetic,explicit,errors,3,3,3,1.0,1.0,1.0,222,375,1.69,283.3215430000564,22
gen_ml_python_001,graphiti_style,ml/python,synthetic,explicit,completed_tasks,6,8,4,0.5,0.6667,0.5714,224,375,1.67,1.2010680002276786,26
gen_ml_python_001,graphiti_style,ml/python,synthetic,explicit,pending_tasks,2,3,2,0.6667,1.0,0.8,224,375,1.67,1.2010680002276786,26
gen_ml_python_001,graphiti_style,ml/python,synthetic,explicit,decisions,6,8,6,0.75,1.0,0.8571,224,375,1.67,1.2010680002276786,26
gen_ml_python_001,graphiti_style,ml/python,synthetic,explicit,files,5,4,4,1.0,0.8,0.8889,224,375,1.67,1.2010680002276786,26
gen_ml_python_001,graphiti_style,ml/python,synthetic,explicit,errors,3,3,3,1.0,1.0,1.0,224,375,1.67,1.2010680002276786,26
gen_ml_python_001,graphrag_style,ml/python,synthetic,explicit,completed_tasks,6,2,2,1.0,0.3333,0.5,164,375,2.29,0.807473999884678,18
gen_ml_python_001,graphrag_style,ml/python,synthetic,explicit,pending_tasks,2,2,1,0.5,0.5,0.5,164,375,2.29,0.807473999884678,18
gen_ml_python_001,graphrag_style,ml/python,synthetic,explicit,decisions,6,7,6,0.8571,1.0,0.9231,164,375,2.29,0.807473999884678,18
gen_ml_python_001,graphrag_style,ml/python,synthetic,explicit,files,5,4,4,1.0,0.8,0.8889,164,375,2.29,0.807473999884678,18
gen_ml_python_001,graphrag_style,ml/python,synthetic,explicit,errors,3,3,3,1.0,1.0,1.0,164,375,2.29,0.807473999884678,18
gen_ml_python_001,mem0_style,ml/python,synthetic,explicit,completed_tasks,6,8,4,0.5,0.6667,0.5714,223,375,1.68,1.2819409998883202,26
gen_ml_python_001,mem0_style,ml/python,synthetic,explicit,pending_tasks,2,3,2,0.6667,1.0,0.8,223,375,1.68,1.2819409998883202,26
gen_ml_python_001,mem0_style,ml/python,synthetic,explicit,decisions,6,8,6,0.75,1.0,0.8571,223,375,1.68,1.2819409998883202,26
gen_ml_python_001,mem0_style,ml/python,synthetic,explicit,files,5,4,4,1.0,0.8,0.8889,223,375,1.68,1.2819409998883202,26
gen_ml_python_001,mem0_style,ml/python,synthetic,explicit,errors,3,3,3,1.0,1.0,1.0,223,375,1.68,1.2819409998883202,26
gen_ml_python_001,memgpt_style,ml/python,synthetic,explicit,completed_tasks,6,2,1,0.5,0.1667,0.25,90,375,4.17,0.4086620001544361,11
gen_ml_python_001,memgpt_style,ml/python,synthetic,explicit,pending_tasks,2,1,1,1.0,0.5,0.6667,90,375,4.17,0.4086620001544361,11
gen_ml_python_001,memgpt_style,ml/python,synthetic,explicit,decisions,6,5,3,0.6,0.5,0.5455,90,375,4.17,0.4086620001544361,11
gen_ml_python_001,memgpt_style,ml/python,synthetic,explicit,files,5,2,2,1.0,0.4,0.5714,90,375,4.17,0.4086620001544361,11
gen_ml_python_001,memgpt_style,ml/python,synthetic,explicit,errors,3,1,1,1.0,0.3333,0.5,90,375,4.17,0.4086620001544361,11
gen_ml_python_001,sliding_window_10,ml/python,synthetic,explicit,completed_tasks,6,11,0,0.0,0.0,0.0,103,375,3.64,0.004143000296608079,11
gen_ml_python_001,sliding_window_10,ml/python,synthetic,explicit,pending_tasks,2,11,1,0.0909,0.5,0.1538,103,375,3.64,0.004143000296608079,11
gen_ml_python_001,sliding_window_10,ml/python,synthetic,explicit,decisions,6,11,3,0.2727,0.5,0.3529,103,375,3.64,0.004143000296608079,11
gen_ml_python_001,sliding_window_10,ml/python,synthetic,explicit,files,5,11,1,0.0909,0.2,0.125,103,375,3.64,0.004143000296608079,11
gen_ml_python_001,sliding_window_10,ml/python,synthetic,explicit,errors,3,11,1,0.0909,0.3333,0.1429,103,375,3.64,0.004143000296608079,11
gen_ml_python_001,naive_truncation,ml/python,synthetic,explicit,completed_tasks,6,33,4,0.1212,0.6667,0.2051,303,375,1.24,0.019998999960080255,33
gen_ml_python_001,naive_truncation,ml/python,synthetic,explicit,pending_tasks,2,33,2,0.0606,1.0,0.1143,303,375,1.24,0.019998999960080255,33
gen_ml_python_001,naive_truncation,ml/python,synthetic,explicit,decisions,6,33,6,0.1818,1.0,0.3077,303,375,1.24,0.019998999960080255,33
gen_ml_python_001,naive_truncation,ml/python,synthetic,explicit,files,5,33,5,0.1515,1.0,0.2632,303,375,1.24,0.019998999960080255,33
gen_ml_python_001,naive_truncation,ml/python,synthetic,explicit,errors,3,33,1,0.0303,0.3333,0.0556,303,375,1.24,0.019998999960080255,33
gen_ml_python_001,naive_summary,ml/python,synthetic,explicit,completed_tasks,6,20,2,0.1,0.3333,0.1538,195,375,1.92,0.04488299964577891,20
gen_ml_python_001,naive_summary,ml/python,synthetic,explicit,pending_tasks,2,20,1,0.05,0.5,0.0909,195,375,1.92,0.04488299964577891,20
gen_ml_python_001,naive_summary,ml/python,synthetic,explicit,decisions,6,20,3,0.15,0.5,0.2308,195,375,1.92,0.04488299964577891,20
gen_ml_python_001,naive_summary,ml/python,synthetic,explicit,files,5,20,2,0.1,0.4,0.16,195,375,1.92,0.04488299964577891,20
gen_ml_python_001,naive_summary,ml/python,synthetic,explicit,errors,3,20,2,0.1,0.6667,0.1739,195,375,1.92,0.04488299964577891,20
gen_ml_python_002,tokenmizer_v0.5.2,ml/python,synthetic,explicit,completed_tasks,7,7,7,1.0,1.0,1.0,136,271,1.99,288.4690259998024,17
gen_ml_python_002,tokenmizer_v0.5.2,ml/python,synthetic,explicit,pending_tasks,1,1,1,1.0,1.0,1.0,136,271,1.99,288.4690259998024,17
gen_ml_python_002,tokenmizer_v0.5.2,ml/python,synthetic,explicit,decisions,3,3,3,1.0,1.0,1.0,136,271,1.99,288.4690259998024,17
gen_ml_python_002,tokenmizer_v0.5.2,ml/python,synthetic,explicit,files,6,6,6,1.0,1.0,1.0,136,271,1.99,288.4690259998024,17
gen_ml_python_002,graphiti_style,ml/python,synthetic,explicit,completed_tasks,7,10,5,0.5,0.7143,0.5882,138,271,1.96,0.9039570004460984,20
gen_ml_python_002,graphiti_style,ml/python,synthetic,explicit,pending_tasks,1,2,1,0.5,1.0,0.6667,138,271,1.96,0.9039570004460984,20
gen_ml_python_002,graphiti_style,ml/python,synthetic,explicit,decisions,3,4,3,0.75,1.0,0.8571,138,271,1.96,0.9039570004460984,20
gen_ml_python_002,graphiti_style,ml/python,synthetic,explicit,files,6,4,3,0.75,0.5,0.6,138,271,1.96,0.9039570004460984,20
gen_ml_python_002,graphrag_style,ml/python,synthetic,explicit,completed_tasks,7,4,2,0.5,0.2857,0.3636,98,271,2.77,0.6561679997503234,13
gen_ml_python_002,graphrag_style,ml/python,synthetic,explicit,pending_tasks,1,1,0,0.0,0.0,0.0,98,271,2.77,0.6561679997503234,13
gen_ml_python_002,graphrag_style,ml/python,synthetic,explicit,decisions,3,4,3,0.75,1.0,0.8571,98,271,2.77,0.6561679997503234,13
gen_ml_python_002,graphrag_style,ml/python,synthetic,explicit,files,6,4,3,0.75,0.5,0.6,98,271,2.77,0.6561679997503234,13
gen_ml_python_002,mem0_style,ml/python,synthetic,explicit,completed_tasks,7,10,5,0.5,0.7143,0.5882,137,271,1.98,0.9517260000393435,20
gen_ml_python_002,mem0_style,ml/python,synthetic,explicit,pending_tasks,1,2,1,0.5,1.0,0.6667,137,271,1.98,0.9517260000393435,20
gen_ml_python_002,mem0_style,ml/python,synthetic,explicit,decisions,3,4,3,0.75,1.0,0.8571,137,271,1.98,0.9517260000393435,20
gen_ml_python_002,mem0_style,ml/python,synthetic,explicit,files,6,4,3,0.75,0.5,0.6,137,271,1.98,0.9517260000393435,20
gen_ml_python_002,memgpt_style,ml/python,synthetic,explicit,completed_tasks,7,2,1,0.5,0.1429,0.2222,47,271,5.77,0.2791470001284324,7
gen_ml_python_002,memgpt_style,ml/python,synthetic,explicit,pending_tasks,1,0,0,1.0,0.0,0.0,47,271,5.77,0.2791470001284324,7
gen_ml_python_002,memgpt_style,ml/python,synthetic,explicit,decisions,3,2,1,0.5,0.3333,0.4,47,271,5.77,0.2791470001284324,7
gen_ml_python_002,memgpt_style,ml/python,synthetic,explicit,files,6,3,2,0.6667,0.3333,0.4444,47,271,5.77,0.2791470001284324,7
gen_ml_python_002,sliding_window_10,ml/python,synthetic,explicit,completed_tasks,7,10,1,0.1,0.1429,0.1176,70,271,3.87,0.003560999630281003,10
gen_ml_python_002,sliding_window_10,ml/python,synthetic,explicit,pending_tasks,1,10,0,0.0,0.0,0.0,70,271,3.87,0.003560999630281003,10
gen_ml_python_002,sliding_window_10,ml/python,synthetic,explicit,decisions,3,10,1,0.2,0.3333,0.25,70,271,3.87,0.003560999630281003,10
gen_ml_python_002,sliding_window_10,ml/python,synthetic,explicit,files,6,10,3,0.3,0.5,0.375,70,271,3.87,0.003560999630281003,10
gen_ml_python_002,sliding_window_10,ml/python,synthetic,explicit,errors,0,10,0,0.0,1.0,0.0,70,271,3.87,0.003560999630281003,10
gen_ml_python_002,naive_truncation,ml/python,synthetic,explicit,completed_tasks,7,34,7,0.2059,1.0,0.3415,289,271,0.94,0.038764000237279106,34
gen_ml_python_002,naive_truncation,ml/python,synthetic,explicit,pending_tasks,1,34,1,0.0294,1.0,0.0571,289,271,0.94,0.038764000237279106,34
gen_ml_python_002,naive_truncation,ml/python,synthetic,explicit,decisions,3,34,3,0.1176,1.0,0.2105,289,271,0.94,0.038764000237279106,34
gen_ml_python_002,naive_truncation,ml/python,synthetic,explicit,files,6,34,6,0.1765,1.0,0.3,289,271,0.94,0.038764000237279106,34
gen_ml_python_002,naive_truncation,ml/python,synthetic,explicit,errors,0,34,0,0.0,1.0,0.0,289,271,0.94,0.038764000237279106,34
gen_ml_python_002,naive_summary,ml/python,synthetic,explicit,completed_tasks,7,23,5,0.2174,0.7143,0.3333,205,271,1.32,0.0540490000275895,23
gen_ml_python_002,naive_summary,ml/python,synthetic,explicit,pending_tasks,1,23,1,0.0435,1.0,0.0833,205,271,1.32,0.0540490000275895,23
gen_ml_python_002,naive_summary,ml/python,synthetic,explicit,decisions,3,23,2,0.087,0.6667,0.1538,205,271,1.32,0.0540490000275895,23
gen_ml_python_002,naive_summary,ml/python,synthetic,explicit,files,6,23,3,0.1304,0.5,0.2069,205,271,1.32,0.0540490000275895,23
gen_ml_python_002,naive_summary,ml/python,synthetic,explicit,errors,0,23,0,0.0,1.0,0.0,205,271,1.32,0.0540490000275895,23
gen_ml_python_003,tokenmizer_v0.5.2,ml/python,synthetic,explicit,completed_tasks,7,7,7,1.0,1.0,1.0,146,270,1.85,291.4462620001359,16
gen_ml_python_003,tokenmizer_v0.5.2,ml/python,synthetic,explicit,pending_tasks,1,1,1,1.0,1.0,1.0,146,270,1.85,291.4462620001359,16
gen_ml_python_003,tokenmizer_v0.5.2,ml/python,synthetic,explicit,decisions,3,3,3,1.0,1.0,1.0,146,270,1.85,291.4462620001359,16
gen_ml_python_003,tokenmizer_v0.5.2,ml/python,synthetic,explicit,files,4,4,4,1.0,1.0,1.0,146,270,1.85,291.4462620001359,16
gen_ml_python_003,tokenmizer_v0.5.2,ml/python,synthetic,explicit,errors,1,1,1,1.0,1.0,1.0,146,270,1.85,291.4462620001359,16
gen_ml_python_003,graphiti_style,ml/python,synthetic,explicit,completed_tasks,7,10,7,0.7,1.0,0.8235,155,270,1.74,0.8705879999979516,19
gen_ml_python_003,graphiti_style,ml/python,synthetic,explicit,pending_tasks,1,1,1,1.0,1.0,1.0,155,270,1.74,0.8705879999979516,19
gen_ml_python_003,graphiti_style,ml/python,synthetic,explicit,decisions,3,4,3,0.75,1.0,0.8571,155,270,1.74,0.8705879999979516,19
gen_ml_python_003,graphiti_style,ml/python,synthetic,explicit,files,4,3,2,0.6667,0.5,0.5714,155,270,1.74,0.8705879999979516,19
gen_ml_python_003,graphiti_style,ml/python,synthetic,explicit,errors,1,1,1,1.0,1.0,1.0,155,270,1.74,0.8705879999979516,19
gen_ml_python_003,graphrag_style,ml/python,synthetic,explicit,completed_tasks,7,5,5,1.0,0.7143,0.8333,116,270,2.33,0.5721570000787324,13
gen_ml_python_003,graphrag_style,ml/python,synthetic,explicit,pending_tasks,1,0,0,1.0,0.0,0.0,116,270,2.33,0.5721570000787324,13
gen_ml_python_003,graphrag_style,ml/python,synthetic,explicit,decisions,3,4,3,0.75,1.0,0.8571,116,270,2.33,0.5721570000787324,13
gen_ml_python_003,graphrag_style,ml/python,synthetic,explicit,files,4,3,2,0.6667,0.5,0.5714,116,270,2.33,0.5721570000787324,13
gen_ml_python_003,graphrag_style,ml/python,synthetic,explicit,errors,1,1,1,1.0,1.0,1.0,116,270,2.33,0.5721570000787324,13
gen_ml_python_003,mem0_style,ml/python,synthetic,explicit,completed_tasks,7,10,7,0.7,1.0,0.8235,154,270,1.75,1.3753510002061375,19
gen_ml_python_003,mem0_style,ml/python,synthetic,explicit,pending_tasks,1,1,1,1.0,1.0,1.0,154,270,1.75,1.3753510002061375,19
gen_ml_python_003,mem0_style,ml/python,synthetic,explicit,decisions,3,4,3,0.75,1.0,0.8571,154,270,1.75,1.3753510002061375,19
gen_ml_python_003,mem0_style,ml/python,synthetic,explicit,files,4,3,2,0.6667,0.5,0.5714,154,270,1.75,1.3753510002061375,19
gen_ml_python_003,mem0_style,ml/python,synthetic,explicit,errors,1,1,1,1.0,1.0,1.0,154,270,1.75,1.3753510002061375,19
gen_ml_python_003,memgpt_style,ml/python,synthetic,explicit,completed_tasks,7,5,4,0.8,0.5714,0.6667,87,270,3.1,0.6766830001652124,9
gen_ml_python_003,memgpt_style,ml/python,synthetic,explicit,pending_tasks,1,1,1,1.0,1.0,1.0,87,270,3.1,0.6766830001652124,9
gen_ml_python_003,memgpt_style,ml/python,synthetic,explicit,decisions,3,1,1,1.0,0.3333,0.5,87,270,3.1,0.6766830001652124,9
gen_ml_python_003,memgpt_style,ml/python,synthetic,explicit,files,4,2,2,1.0,0.5,0.6667,87,270,3.1,0.6766830001652124,9
gen_ml_python_003,memgpt_style,ml/python,synthetic,explicit,errors,1,0,0,1.0,0.0,0.0,87,270,3.1,0.6766830001652124,9
gen_ml_python_003,sliding_window_10,ml/python,synthetic,explicit,completed_tasks,7,13,4,0.3077,0.5714,0.4,129,270,2.09,0.009005999800137943,13
gen_ml_python_003,sliding_window_10,ml/python,synthetic,explicit,pending_tasks,1,13,1,0.0769,1.0,0.1429,129,270,2.09,0.009005999800137943,13
gen_ml_python_003,sliding_window_10,ml/python,synthetic,explicit,decisions,3,13,1,0.0769,0.3333,0.125,129,270,2.09,0.009005999800137943,13
gen_ml_python_003,sliding_window_10,ml/python,synthetic,explicit,files,4,13,2,0.1538,0.5,0.2353,129,270,2.09,0.009005999800137943,13
gen_ml_python_003,sliding_window_10,ml/python,synthetic,explicit,errors,1,13,0,0.0,0.0,0.0,129,270,2.09,0.009005999800137943,13
gen_ml_python_003,naive_truncation,ml/python,synthetic,explicit,completed_tasks,7,29,7,0.2414,1.0,0.3889,283,270,0.95,0.02881799991882872,29
gen_ml_python_003,naive_truncation,ml/python,synthetic,explicit,pending_tasks,1,29,1,0.0345,1.0,0.0667,283,270,0.95,0.02881799991882872,29
gen_ml_python_003,naive_truncation,ml/python,synthetic,explicit,decisions,3,29,3,0.1379,1.0,0.2424,283,270,0.95,0.02881799991882872,29
gen_ml_python_003,naive_truncation,ml/python,synthetic,explicit,files,4,29,4,0.1379,1.0,0.2424,283,270,0.95,0.02881799991882872,29
gen_ml_python_003,naive_truncation,ml/python,synthetic,explicit,errors,1,29,1,0.0345,1.0,0.0667,283,270,0.95,0.02881799991882872,29
gen_ml_python_003,naive_summary,ml/python,synthetic,explicit,completed_tasks,7,22,5,0.2273,0.7143,0.3448,206,270,1.31,0.04134799974053749,22
gen_ml_python_003,naive_summary,ml/python,synthetic,explicit,pending_tasks,1,22,0,0.0,0.0,0.0,206,270,1.31,0.04134799974053749,22
gen_ml_python_003,naive_summary,ml/python,synthetic,explicit,decisions,3,22,2,0.1364,0.6667,0.2264,206,270,1.31,0.04134799974053749,22
gen_ml_python_003,naive_summary,ml/python,synthetic,explicit,files,4,22,3,0.1364,0.75,0.2308,206,270,1.31,0.04134799974053749,22
gen_ml_python_003,naive_summary,ml/python,synthetic,explicit,errors,1,22,1,0.0455,1.0,0.087,206,270,1.31,0.04134799974053749,22
gen_ml_python_004,tokenmizer_v0.5.2,ml/python,synthetic,explicit,completed_tasks,4,4,4,1.0,1.0,1.0,185,312,1.69,314.4721519997802,19
gen_ml_python_004,tokenmizer_v0.5.2,ml/python,synthetic,explicit,pending_tasks,2,2,2,1.0,1.0,1.0,185,312,1.69,314.4721519997802,19
gen_ml_python_004,tokenmizer_v0.5.2,ml/python,synthetic,explicit,decisions,6,6,6,1.0,1.0,1.0,185,312,1.69,314.4721519997802,19
gen_ml_python_004,tokenmizer_v0.5.2,ml/python,synthetic,explicit,files,5,5,5,1.0,1.0,1.0,185,312,1.69,314.4721519997802,19
gen_ml_python_004,tokenmizer_v0.5.2,ml/python,synthetic,explicit,errors,2,2,2,1.0,1.0,1.0,185,312,1.69,314.4721519997802,19
gen_ml_python_004,graphiti_style,ml/python,synthetic,explicit,completed_tasks,4,9,3,0.3333,0.75,0.4615,196,312,1.59,1.1287659999652533,26
gen_ml_python_004,graphiti_style,ml/python,synthetic,explicit,pending_tasks,2,3,2,0.6667,1.0,0.8,196,312,1.59,1.1287659999652533,26
gen_ml_python_004,graphiti_style,ml/python,synthetic,explicit,decisions,6,7,6,0.8571,1.0,0.9231,196,312,1.59,1.1287659999652533,26
gen_ml_python_004,graphiti_style,ml/python,synthetic,explicit,files,5,5,4,0.8,0.8,0.8,196,312,1.59,1.1287659999652533,26
gen_ml_python_004,graphiti_style,ml/python,synthetic,explicit,errors,2,2,2,1.0,1.0,1.0,196,312,1.59,1.1287659999652533,26
gen_ml_python_004,graphrag_style,ml/python,synthetic,explicit,completed_tasks,4,4,3,0.75,0.75,0.75,172,312,1.81,0.5969610001557157,19
gen_ml_python_004,graphrag_style,ml/python,synthetic,explicit,pending_tasks,2,2,1,0.5,0.5,0.5,172,312,1.81,0.5969610001557157,19
gen_ml_python_004,graphrag_style,ml/python,synthetic,explicit,decisions,6,6,6,1.0,1.0,1.0,172,312,1.81,0.5969610001557157,19
gen_ml_python_004,graphrag_style,ml/python,synthetic,explicit,files,5,5,4,0.8,0.8,0.8,172,312,1.81,0.5969610001557157,19
gen_ml_python_004,graphrag_style,ml/python,synthetic,explicit,errors,2,2,2,1.0,1.0,1.0,172,312,1.81,0.5969610001557157,19
gen_ml_python_004,mem0_style,ml/python,synthetic,explicit,completed_tasks,4,9,3,0.3333,0.75,0.4615,195,312,1.6,1.071436999609432,26
gen_ml_python_004,mem0_style,ml/python,synthetic,explicit,pending_tasks,2,3,2,0.6667,1.0,0.8,195,312,1.6,1.071436999609432,26
gen_ml_python_004,mem0_style,ml/python,synthetic,explicit,decisions,6,7,6,0.8571,1.0,0.9231,195,312,1.6,1.071436999609432,26
gen_ml_python_004,mem0_style,ml/python,synthetic,explicit,files,5,5,4,0.8,0.8,0.8,195,312,1.6,1.071436999609432,26
gen_ml_python_004,mem0_style,ml/python,synthetic,explicit,errors,2,2,2,1.0,1.0,1.0,195,312,1.6,1.071436999609432,26
gen_ml_python_004,memgpt_style,ml/python,synthetic,explicit,completed_tasks,4,4,1,0.25,0.25,0.25,92,312,3.39,0.3967319998992025,11
gen_ml_python_004,memgpt_style,ml/python,synthetic,explicit,pending_tasks,2,1,1,1.0,0.5,0.6667,92,312,3.39,0.3967319998992025,11
gen_ml_python_004,memgpt_style,ml/python,synthetic,explicit,decisions,6,3,2,0.6667,0.3333,0.4444,92,312,3.39,0.3967319998992025,11
gen_ml_python_004,memgpt_style,ml/python,synthetic,explicit,files,5,2,2,1.0,0.4,0.5714,92,312,3.39,0.3967319998992025,11
gen_ml_python_004,memgpt_style,ml/python,synthetic,explicit,errors,2,1,1,1.0,0.5,0.6667,92,312,3.39,0.3967319998992025,11
gen_ml_python_004,sliding_window_10,ml/python,synthetic,explicit,completed_tasks,4,12,2,0.1667,0.5,0.25,111,312,2.81,0.0035349999052414205,12
gen_ml_python_004,sliding_window_10,ml/python,synthetic,explicit,pending_tasks,2,12,1,0.0833,0.5,0.1429,111,312,2.81,0.0035349999052414205,12
gen_ml_python_004,sliding_window_10,ml/python,synthetic,explicit,decisions,6,12,2,0.1667,0.3333,0.2222,111,312,2.81,0.0035349999052414205,12
gen_ml_python_004,sliding_window_10,ml/python,synthetic,explicit,files,5,12,1,0.0833,0.2,0.1176,111,312,2.81,0.0035349999052414205,12
gen_ml_python_004,sliding_window_10,ml/python,synthetic,explicit,errors,2,12,1,0.0833,0.5,0.1429,111,312,2.81,0.0035349999052414205,12
gen_ml_python_004,naive_truncation,ml/python,synthetic,explicit,completed_tasks,4,33,4,0.1212,1.0,0.2162,307,312,1.02,0.019783999960054643,33
gen_ml_python_004,naive_truncation,ml/python,synthetic,explicit,pending_tasks,2,33,2,0.0606,1.0,0.1143,307,312,1.02,0.019783999960054643,33
gen_ml_python_004,naive_truncation,ml/python,synthetic,explicit,decisions,6,33,6,0.1818,1.0,0.3077,307,312,1.02,0.019783999960054643,33
gen_ml_python_004,naive_truncation,ml/python,synthetic,explicit,files,5,33,5,0.1515,1.0,0.2632,307,312,1.02,0.019783999960054643,33
gen_ml_python_004,naive_truncation,ml/python,synthetic,explicit,errors,2,33,2,0.0606,1.0,0.1143,307,312,1.02,0.019783999960054643,33
gen_ml_python_004,naive_summary,ml/python,synthetic,explicit,completed_tasks,4,20,2,0.1,0.5,0.1667,194,312,1.61,0.03640999966592062,20
gen_ml_python_004,naive_summary,ml/python,synthetic,explicit,pending_tasks,2,20,1,0.05,0.5,0.0909,194,312,1.61,0.03640999966592062,20
gen_ml_python_004,naive_summary,ml/python,synthetic,explicit,decisions,6,20,4,0.2,0.6667,0.3077,194,312,1.61,0.03640999966592062,20
gen_ml_python_004,naive_summary,ml/python,synthetic,explicit,files,5,20,2,0.1,0.4,0.16,194,312,1.61,0.03640999966592062,20
gen_ml_python_004,naive_summary,ml/python,synthetic,explicit,errors,2,20,1,0.05,0.5,0.0909,194,312,1.61,0.03640999966592062,20
gen_ml_python_005,tokenmizer_v0.5.2,ml/python,synthetic,explicit,completed_tasks,7,7,7,1.0,1.0,1.0,165,303,1.84,281.3439319997997,17
gen_ml_python_005,tokenmizer_v0.5.2,ml/python,synthetic,explicit,pending_tasks,2,2,2,1.0,1.0,1.0,165,303,1.84,281.3439319997997,17
gen_ml_python_005,tokenmizer_v0.5.2,ml/python,synthetic,explicit,decisions,4,4,4,1.0,1.0,1.0,165,303,1.84,281.3439319997997,17
gen_ml_python_005,tokenmizer_v0.5.2,ml/python,synthetic,explicit,files,4,4,4,1.0,1.0,1.0,165,303,1.84,281.3439319997997,17
gen_ml_python_005,graphiti_style,ml/python,synthetic,explicit,completed_tasks,7,9,7,0.7778,1.0,0.875,169,303,1.79,1.395576000049914,19
gen_ml_python_005,graphiti_style,ml/python,synthetic,explicit,pending_tasks,2,2,2,1.0,1.0,1.0,169,303,1.79,1.395576000049914,19
gen_ml_python_005,graphiti_style,ml/python,synthetic,explicit,decisions,4,4,4,1.0,1.0,1.0,169,303,1.79,1.395576000049914,19
gen_ml_python_005,graphiti_style,ml/python,synthetic,explicit,files,4,4,3,0.75,0.75,0.75,169,303,1.79,1.395576000049914,19
gen_ml_python_005,graphrag_style,ml/python,synthetic,explicit,completed_tasks,7,4,4,1.0,0.5714,0.7273,110,303,2.75,0.6927050003469049,12
gen_ml_python_005,graphrag_style,ml/python,synthetic,explicit,pending_tasks,2,0,0,1.0,0.0,0.0,110,303,2.75,0.6927050003469049,12
gen_ml_python_005,graphrag_style,ml/python,synthetic,explicit,decisions,4,4,4,1.0,1.0,1.0,110,303,2.75,0.6927050003469049,12
gen_ml_python_005,graphrag_style,ml/python,synthetic,explicit,files,4,4,3,0.75,0.75,0.75,110,303,2.75,0.6927050003469049,12
gen_ml_python_005,mem0_style,ml/python,synthetic,explicit,completed_tasks,7,9,7,0.7778,1.0,0.875,168,303,1.8,0.9986469999603287,19
gen_ml_python_005,mem0_style,ml/python,synthetic,explicit,pending_tasks,2,2,2,1.0,1.0,1.0,168,303,1.8,0.9986469999603287,19
gen_ml_python_005,mem0_style,ml/python,synthetic,explicit,decisions,4,4,4,1.0,1.0,1.0,168,303,1.8,0.9986469999603287,19
gen_ml_python_005,mem0_style,ml/python,synthetic,explicit,files,4,4,3,0.75,0.75,0.75,168,303,1.8,0.9986469999603287,19
gen_ml_python_005,memgpt_style,ml/python,synthetic,explicit,completed_tasks,7,5,4,0.8,0.5714,0.6667,77,303,3.94,0.39470299998356495,9
gen_ml_python_005,memgpt_style,ml/python,synthetic,explicit,pending_tasks,2,0,0,1.0,0.0,0.0,77,303,3.94,0.39470299998356495,9
gen_ml_python_005,memgpt_style,ml/python,synthetic,explicit,decisions,4,1,1,1.0,0.25,0.4,77,303,3.94,0.39470299998356495,9
gen_ml_python_005,memgpt_style,ml/python,synthetic,explicit,files,4,3,2,0.6667,0.5,0.5714,77,303,3.94,0.39470299998356495,9
gen_ml_python_005,sliding_window_10,ml/python,synthetic,explicit,completed_tasks,7,11,4,0.3636,0.5714,0.4444,115,303,2.63,0.0035200000638724305,11
gen_ml_python_005,sliding_window_10,ml/python,synthetic,explicit,pending_tasks,2,11,0,0.0,0.0,0.0,115,303,2.63,0.0035200000638724305,11
gen_ml_python_005,sliding_window_10,ml/python,synthetic,explicit,decisions,4,11,1,0.0909,0.25,0.1333,115,303,2.63,0.0035200000638724305,11
gen_ml_python_005,sliding_window_10,ml/python,synthetic,explicit,files,4,11,1,0.0909,0.25,0.1333,115,303,2.63,0.0035200000638724305,11
gen_ml_python_005,sliding_window_10,ml/python,synthetic,explicit,errors,0,11,0,0.0,1.0,0.0,115,303,2.63,0.0035200000638724305,11
gen_ml_python_005,naive_truncation,ml/python,synthetic,explicit,completed_tasks,7,31,7,0.2258,1.0,0.3684,308,303,0.98,0.0200819999918167,31
gen_ml_python_005,naive_truncation,ml/python,synthetic,explicit,pending_tasks,2,31,2,0.0645,1.0,0.1212,308,303,0.98,0.0200819999918167,31
gen_ml_python_005,naive_truncation,ml/python,synthetic,explicit,decisions,4,31,4,0.129,1.0,0.2286,308,303,0.98,0.0200819999918167,31
gen_ml_python_005,naive_truncation,ml/python,synthetic,explicit,files,4,31,4,0.129,1.0,0.2286,308,303,0.98,0.0200819999918167,31
gen_ml_python_005,naive_truncation,ml/python,synthetic,explicit,errors,0,31,0,0.0,1.0,0.0,308,303,0.98,0.0200819999918167,31
gen_ml_python_005,naive_summary,ml/python,synthetic,explicit,completed_tasks,7,20,3,0.15,0.4286,0.2222,192,303,1.58,0.047374000132549554,20
gen_ml_python_005,naive_summary,ml/python,synthetic,explicit,pending_tasks,2,20,2,0.1,1.0,0.1818,192,303,1.58,0.047374000132549554,20
gen_ml_python_005,naive_summary,ml/python,synthetic,explicit,decisions,4,20,3,0.15,0.75,0.25,192,303,1.58,0.047374000132549554,20
gen_ml_python_005,naive_summary,ml/python,synthetic,explicit,files,4,20,1,0.05,0.25,0.0833,192,303,1.58,0.047374000132549554,20
gen_ml_python_005,naive_summary,ml/python,synthetic,explicit,errors,0,20,0,0.0,1.0,0.0,192,303,1.58,0.047374000132549554,20
gen_ml_python_006,tokenmizer_v0.5.2,ml/python,synthetic,explicit,completed_tasks,7,7,7,1.0,1.0,1.0,156,282,1.81,278.50835800018103,18
gen_ml_python_006,tokenmizer_v0.5.2,ml/python,synthetic,explicit,pending_tasks,1,1,1,1.0,1.0,1.0,156,282,1.81,278.50835800018103,18
gen_ml_python_006,tokenmizer_v0.5.2,ml/python,synthetic,explicit,decisions,2,2,2,1.0,1.0,1.0,156,282,1.81,278.50835800018103,18
gen_ml_python_006,tokenmizer_v0.5.2,ml/python,synthetic,explicit,files,5,5,5,1.0,1.0,1.0,156,282,1.81,278.50835800018103,18
gen_ml_python_006,tokenmizer_v0.5.2,ml/python,synthetic,explicit,errors,3,3,3,1.0,1.0,1.0,156,282,1.81,278.50835800018103,18
gen_ml_python_006,graphiti_style,ml/python,synthetic,explicit,completed_tasks,7,11,6,0.5455,0.8571,0.6667,152,282,1.86,1.0589869998511858,21
gen_ml_python_006,graphiti_style,ml/python,synthetic,explicit,pending_tasks,1,1,1,1.0,1.0,1.0,152,282,1.86,1.0589869998511858,21
gen_ml_python_006,graphiti_style,ml/python,synthetic,explicit,decisions,2,2,2,1.0,1.0,1.0,152,282,1.86,1.0589869998511858,21
gen_ml_python_006,graphiti_style,ml/python,synthetic,explicit,files,5,4,4,1.0,0.8,0.8889,152,282,1.86,1.0589869998511858,21
gen_ml_python_006,graphiti_style,ml/python,synthetic,explicit,errors,3,3,3,1.0,1.0,1.0,152,282,1.86,1.0589869998511858,21
gen_ml_python_006,graphrag_style,ml/python,synthetic,explicit,completed_tasks,7,2,1,0.5,0.1429,0.2222,108,282,2.61,0.6206560001373873,12
gen_ml_python_006,graphrag_style,ml/python,synthetic,explicit,pending_tasks,1,1,1,1.0,1.0,1.0,108,282,2.61,0.6206560001373873,12
gen_ml_python_006,graphrag_style,ml/python,synthetic,explicit,decisions,2,2,2,1.0,1.0,1.0,108,282,2.61,0.6206560001373873,12
gen_ml_python_006,graphrag_style,ml/python,synthetic,explicit,files,5,4,4,1.0,0.8,0.8889,108,282,2.61,0.6206560001373873,12
gen_ml_python_006,graphrag_style,ml/python,synthetic,explicit,errors,3,3,3,1.0,1.0,1.0,108,282,2.61,0.6206560001373873,12
gen_ml_python_006,mem0_style,ml/python,synthetic,explicit,completed_tasks,7,11,6,0.5455,0.8571,0.6667,151,282,1.87,0.9762959998624865,21
gen_ml_python_006,mem0_style,ml/python,synthetic,explicit,pending_tasks,1,1,1,1.0,1.0,1.0,151,282,1.87,0.9762959998624865,21
gen_ml_python_006,mem0_style,ml/python,synthetic,explicit,decisions,2,2,2,1.0,1.0,1.0,151,282,1.87,0.9762959998624865,21
gen_ml_python_006,mem0_style,ml/python,synthetic,explicit,files,5,4,4,1.0,0.8,0.8889,151,282,1.87,0.9762959998624865,21
gen_ml_python_006,mem0_style,ml/python,synthetic,explicit,errors,3,3,3,1.0,1.0,1.0,151,282,1.87,0.9762959998624865,21
gen_ml_python_006,memgpt_style,ml/python,synthetic,explicit,completed_tasks,7,5,2,0.4,0.2857,0.3333,80,282,3.52,0.3467779997663456,10
gen_ml_python_006,memgpt_style,ml/python,synthetic,explicit,pending_tasks,1,0,0,1.0,0.0,0.0,80,282,3.52,0.3467779997663456,10
gen_ml_python_006,memgpt_style,ml/python,synthetic,explicit,decisions,2,1,1,1.0,0.5,0.6667,80,282,3.52,0.3467779997663456,10
gen_ml_python_006,memgpt_style,ml/python,synthetic,explicit,files,5,3,3,1.0,0.6,0.75,80,282,3.52,0.3467779997663456,10
gen_ml_python_006,memgpt_style,ml/python,synthetic,explicit,errors,3,1,1,1.0,0.3333,0.5,80,282,3.52,0.3467779997663456,10
gen_ml_python_006,sliding_window_10,ml/python,synthetic,explicit,completed_tasks,7,12,3,0.25,0.4286,0.3158,108,282,2.61,0.0033599999369471334,12
gen_ml_python_006,sliding_window_10,ml/python,synthetic,explicit,pending_tasks,1,12,0,0.0,0.0,0.0,108,282,2.61,0.0033599999369471334,12
gen_ml_python_006,sliding_window_10,ml/python,synthetic,explicit,decisions,2,12,2,0.1667,1.0,0.2857,108,282,2.61,0.0033599999369471334,12
gen_ml_python_006,sliding_window_10,ml/python,synthetic,explicit,files,5,12,2,0.1667,0.4,0.2353,108,282,2.61,0.0033599999369471334,12
gen_ml_python_006,sliding_window_10,ml/python,synthetic,explicit,errors,3,12,1,0.0833,0.3333,0.1333,108,282,2.61,0.0033599999369471334,12
gen_ml_python_006,naive_truncation,ml/python,synthetic,explicit,completed_tasks,7,34,7,0.2059,1.0,0.3415,300,282,0.94,0.01834600016081822,34
gen_ml_python_006,naive_truncation,ml/python,synthetic,explicit,pending_tasks,1,34,1,0.0294,1.0,0.0571,300,282,0.94,0.01834600016081822,34
gen_ml_python_006,naive_truncation,ml/python,synthetic,explicit,decisions,2,34,2,0.0882,1.0,0.1622,300,282,0.94,0.01834600016081822,34
gen_ml_python_006,naive_truncation,ml/python,synthetic,explicit,files,5,34,5,0.1471,1.0,0.2564,300,282,0.94,0.01834600016081822,34
gen_ml_python_006,naive_truncation,ml/python,synthetic,explicit,errors,3,34,3,0.0882,1.0,0.1622,300,282,0.94,0.01834600016081822,34
gen_ml_python_006,naive_summary,ml/python,synthetic,explicit,completed_tasks,7,24,4,0.1667,0.5714,0.2581,210,282,1.34,0.026142000024265144,24
gen_ml_python_006,naive_summary,ml/python,synthetic,explicit,pending_tasks,1,24,1,0.0417,1.0,0.08,210,282,1.34,0.026142000024265144,24
gen_ml_python_006,naive_summary,ml/python,synthetic,explicit,decisions,2,24,1,0.0833,0.5,0.1429,210,282,1.34,0.026142000024265144,24
gen_ml_python_006,naive_summary,ml/python,synthetic,explicit,files,5,24,3,0.125,0.6,0.2069,210,282,1.34,0.026142000024265144,24
gen_ml_python_006,naive_summary,ml/python,synthetic,explicit,errors,3,24,2,0.0833,0.6667,0.1481,210,282,1.34,0.026142000024265144,24
gen_mobile_ios_001,tokenmizer_v0.5.2,mobile/ios,synthetic,explicit,completed_tasks,6,6,6,1.0,1.0,1.0,176,299,1.7,358.2136319996607,17
gen_mobile_ios_001,tokenmizer_v0.5.2,mobile/ios,synthetic,explicit,pending_tasks,2,2,2,1.0,1.0,1.0,176,299,1.7,358.2136319996607,17
gen_mobile_ios_001,tokenmizer_v0.5.2,mobile/ios,synthetic,explicit,decisions,3,3,3,1.0,1.0,1.0,176,299,1.7,358.2136319996607,17
gen_mobile_ios_001,tokenmizer_v0.5.2,mobile/ios,synthetic,explicit,files,3,3,3,1.0,1.0,1.0,176,299,1.7,358.2136319996607,17
gen_mobile_ios_001,tokenmizer_v0.5.2,mobile/ios,synthetic,explicit,errors,3,3,3,1.0,1.0,1.0,176,299,1.7,358.2136319996607,17
gen_mobile_ios_001,graphiti_style,mobile/ios,synthetic,explicit,completed_tasks,6,8,6,0.75,1.0,0.8571,190,299,1.57,0.9761020000951248,21
gen_mobile_ios_001,graphiti_style,mobile/ios,synthetic,explicit,pending_tasks,2,3,2,0.6667,1.0,0.8,190,299,1.57,0.9761020000951248,21
gen_mobile_ios_001,graphiti_style,mobile/ios,synthetic,explicit,decisions,3,4,3,0.75,1.0,0.8571,190,299,1.57,0.9761020000951248,21
gen_mobile_ios_001,graphiti_style,mobile/ios,synthetic,explicit,files,3,3,3,1.0,1.0,1.0,190,299,1.57,0.9761020000951248,21
gen_mobile_ios_001,graphiti_style,mobile/ios,synthetic,explicit,errors,3,3,3,1.0,1.0,1.0,190,299,1.57,0.9761020000951248,21
gen_mobile_ios_001,graphrag_style,mobile/ios,synthetic,explicit,completed_tasks,6,3,3,1.0,0.5,0.6667,145,299,2.06,0.5894299997635244,16
gen_mobile_ios_001,graphrag_style,mobile/ios,synthetic,explicit,pending_tasks,2,2,1,0.5,0.5,0.5,145,299,2.06,0.5894299997635244,16
gen_mobile_ios_001,graphrag_style,mobile/ios,synthetic,explicit,decisions,3,4,3,0.75,1.0,0.8571,145,299,2.06,0.5894299997635244,16
gen_mobile_ios_001,graphrag_style,mobile/ios,synthetic,explicit,files,3,3,3,1.0,1.0,1.0,145,299,2.06,0.5894299997635244,16
gen_mobile_ios_001,graphrag_style,mobile/ios,synthetic,explicit,errors,3,4,3,0.75,1.0,0.8571,145,299,2.06,0.5894299997635244,16
gen_mobile_ios_001,mem0_style,mobile/ios,synthetic,explicit,completed_tasks,6,8,6,0.75,1.0,0.8571,189,299,1.58,1.0263320000376552,21
gen_mobile_ios_001,mem0_style,mobile/ios,synthetic,explicit,pending_tasks,2,3,2,0.6667,1.0,0.8,189,299,1.58,1.0263320000376552,21
gen_mobile_ios_001,mem0_style,mobile/ios,synthetic,explicit,decisions,3,4,3,0.75,1.0,0.8571,189,299,1.58,1.0263320000376552,21
gen_mobile_ios_001,mem0_style,mobile/ios,synthetic,explicit,files,3,3,3,1.0,1.0,1.0,189,299,1.58,1.0263320000376552,21
gen_mobile_ios_001,mem0_style,mobile/ios,synthetic,explicit,errors,3,3,3,1.0,1.0,1.0,189,299,1.58,1.0263320000376552,21
gen_mobile_ios_001,memgpt_style,mobile/ios,synthetic,explicit,completed_tasks,6,4,4,1.0,0.6667,0.8,85,299,3.52,0.39734400024826755,8
gen_mobile_ios_001,memgpt_style,mobile/ios,synthetic,explicit,pending_tasks,2,1,1,1.0,0.5,0.6667,85,299,3.52,0.39734400024826755,8
gen_mobile_ios_001,memgpt_style,mobile/ios,synthetic,explicit,decisions,3,1,1,1.0,0.3333,0.5,85,299,3.52,0.39734400024826755,8
gen_mobile_ios_001,memgpt_style,mobile/ios,synthetic,explicit,files,3,1,1,1.0,0.3333,0.5,85,299,3.52,0.39734400024826755,8
gen_mobile_ios_001,memgpt_style,mobile/ios,synthetic,explicit,errors,3,1,1,1.0,0.3333,0.5,85,299,3.52,0.39734400024826755,8
gen_mobile_ios_001,sliding_window_10,mobile/ios,synthetic,explicit,completed_tasks,6,13,4,0.3077,0.6667,0.4211,138,299,2.17,0.0035870002648152877,13
gen_mobile_ios_001,sliding_window_10,mobile/ios,synthetic,explicit,pending_tasks,2,13,1,0.0769,0.5,0.1333,138,299,2.17,0.0035870002648152877,13
gen_mobile_ios_001,sliding_window_10,mobile/ios,synthetic,explicit,decisions,3,13,1,0.0769,0.3333,0.125,138,299,2.17,0.0035870002648152877,13
gen_mobile_ios_001,sliding_window_10,mobile/ios,synthetic,explicit,files,3,13,1,0.0769,0.3333,0.125,138,299,2.17,0.0035870002648152877,13
gen_mobile_ios_001,sliding_window_10,mobile/ios,synthetic,explicit,errors,3,13,1,0.0769,0.3333,0.125,138,299,2.17,0.0035870002648152877,13
gen_mobile_ios_001,naive_truncation,mobile/ios,synthetic,explicit,completed_tasks,6,30,6,0.2,1.0,0.3333,315,299,0.95,0.01950900013980572,30
gen_mobile_ios_001,naive_truncation,mobile/ios,synthetic,explicit,pending_tasks,2,30,2,0.0667,1.0,0.125,315,299,0.95,0.01950900013980572,30
gen_mobile_ios_001,naive_truncation,mobile/ios,synthetic,explicit,decisions,3,30,3,0.1,1.0,0.1818,315,299,0.95,0.01950900013980572,30
gen_mobile_ios_001,naive_truncation,mobile/ios,synthetic,explicit,files,3,30,3,0.1,1.0,0.1818,315,299,0.95,0.01950900013980572,30
gen_mobile_ios_001,naive_truncation,mobile/ios,synthetic,explicit,errors,3,30,3,0.1,1.0,0.1818,315,299,0.95,0.01950900013980572,30
gen_mobile_ios_001,naive_summary,mobile/ios,synthetic,explicit,completed_tasks,6,20,2,0.1,0.3333,0.1538,204,299,1.47,0.041153999973175814,20
gen_mobile_ios_001,naive_summary,mobile/ios,synthetic,explicit,pending_tasks,2,20,1,0.05,0.5,0.0909,204,299,1.47,0.041153999973175814,20
gen_mobile_ios_001,naive_summary,mobile/ios,synthetic,explicit,decisions,3,20,2,0.1,0.6667,0.1739,204,299,1.47,0.041153999973175814,20
gen_mobile_ios_001,naive_summary,mobile/ios,synthetic,explicit,files,3,20,2,0.1,0.6667,0.1739,204,299,1.47,0.041153999973175814,20
gen_mobile_ios_001,naive_summary,mobile/ios,synthetic,explicit,errors,3,20,3,0.15,1.0,0.2609,204,299,1.47,0.041153999973175814,20
gen_mobile_ios_002,tokenmizer_v0.5.2,mobile/ios,synthetic,explicit,completed_tasks,7,7,7,1.0,1.0,1.0,206,357,1.73,293.20284799996443,21
gen_mobile_ios_002,tokenmizer_v0.5.2,mobile/ios,synthetic,explicit,pending_tasks,2,2,2,1.0,1.0,1.0,206,357,1.73,293.20284799996443,21
gen_mobile_ios_002,tokenmizer_v0.5.2,mobile/ios,synthetic,explicit,decisions,6,6,6,1.0,1.0,1.0,206,357,1.73,293.20284799996443,21
gen_mobile_ios_002,tokenmizer_v0.5.2,mobile/ios,synthetic,explicit,files,3,3,3,1.0,1.0,1.0,206,357,1.73,293.20284799996443,21
gen_mobile_ios_002,tokenmizer_v0.5.2,mobile/ios,synthetic,explicit,errors,3,3,3,1.0,1.0,1.0,206,357,1.73,293.20284799996443,21
gen_mobile_ios_002,graphiti_style,mobile/ios,synthetic,explicit,completed_tasks,7,10,7,0.7,1.0,0.8235,198,357,1.8,1.2364060003164923,23
gen_mobile_ios_002,graphiti_style,mobile/ios,synthetic,explicit,pending_tasks,2,2,2,1.0,1.0,1.0,198,357,1.8,1.2364060003164923,23
gen_mobile_ios_002,graphiti_style,mobile/ios,synthetic,explicit,decisions,6,6,6,1.0,1.0,1.0,198,357,1.8,1.2364060003164923,23
gen_mobile_ios_002,graphiti_style,mobile/ios,synthetic,explicit,files,3,2,2,1.0,0.6667,0.8,198,357,1.8,1.2364060003164923,23
gen_mobile_ios_002,graphiti_style,mobile/ios,synthetic,explicit,errors,3,3,3,1.0,1.0,1.0,198,357,1.8,1.2364060003164923,23
gen_mobile_ios_002,graphrag_style,mobile/ios,synthetic,explicit,completed_tasks,7,2,2,1.0,0.2857,0.4444,140,357,2.55,0.6583849999515223,14
gen_mobile_ios_002,graphrag_style,mobile/ios,synthetic,explicit,pending_tasks,2,0,0,1.0,0.0,0.0,140,357,2.55,0.6583849999515223,14
gen_mobile_ios_002,graphrag_style,mobile/ios,synthetic,explicit,decisions,6,6,6,1.0,1.0,1.0,140,357,2.55,0.6583849999515223,14
gen_mobile_ios_002,graphrag_style,mobile/ios,synthetic,explicit,files,3,2,2,1.0,0.6667,0.8,140,357,2.55,0.6583849999515223,14
gen_mobile_ios_002,graphrag_style,mobile/ios,synthetic,explicit,errors,3,4,3,0.75,1.0,0.8571,140,357,2.55,0.6583849999515223,14
gen_mobile_ios_002,mem0_style,mobile/ios,synthetic,explicit,completed_tasks,7,10,7,0.7,1.0,0.8235,197,357,1.81,1.2771940000675386,23
gen_mobile_ios_002,mem0_style,mobile/ios,synthetic,explicit,pending_tasks,2,2,2,1.0,1.0,1.0,197,357,1.81,1.2771940000675386,23
gen_mobile_ios_002,mem0_style,mobile/ios,synthetic,explicit,decisions,6,6,6,1.0,1.0,1.0,197,357,1.81,1.2771940000675386,23
gen_mobile_ios_002,mem0_style,mobile/ios,synthetic,explicit,files,3,2,2,1.0,0.6667,0.8,197,357,1.81,1.2771940000675386,23
gen_mobile_ios_002,mem0_style,mobile/ios,synthetic,explicit,errors,3,3,3,1.0,1.0,1.0,197,357,1.81,1.2771940000675386,23
gen_mobile_ios_002,memgpt_style,mobile/ios,synthetic,explicit,completed_tasks,7,5,4,0.8,0.5714,0.6667,99,357,3.61,0.47276299983423087,10
gen_mobile_ios_002,memgpt_style,mobile/ios,synthetic,explicit,pending_tasks,2,0,0,1.0,0.0,0.0,99,357,3.61,0.47276299983423087,10
gen_mobile_ios_002,memgpt_style,mobile/ios,synthetic,explicit,decisions,6,4,4,1.0,0.6667,0.8,99,357,3.61,0.47276299983423087,10
gen_mobile_ios_002,memgpt_style,mobile/ios,synthetic,explicit,files,3,0,0,1.0,0.0,0.0,99,357,3.61,0.47276299983423087,10
gen_mobile_ios_002,memgpt_style,mobile/ios,synthetic,explicit,errors,3,1,1,1.0,0.3333,0.5,99,357,3.61,0.47276299983423087,10
gen_mobile_ios_002,sliding_window_10,mobile/ios,synthetic,explicit,completed_tasks,7,12,4,0.3333,0.5714,0.4211,114,357,3.13,0.005145999693922931,12
gen_mobile_ios_002,sliding_window_10,mobile/ios,synthetic,explicit,pending_tasks,2,12,0,0.0,0.0,0.0,114,357,3.13,0.005145999693922931,12
gen_mobile_ios_002,sliding_window_10,mobile/ios,synthetic,explicit,decisions,6,12,2,0.1667,0.3333,0.2222,114,357,3.13,0.005145999693922931,12
gen_mobile_ios_002,sliding_window_10,mobile/ios,synthetic,explicit,files,3,12,0,0.0,0.0,0.0,114,357,3.13,0.005145999693922931,12
gen_mobile_ios_002,sliding_window_10,mobile/ios,synthetic,explicit,errors,3,12,1,0.0833,0.3333,0.1333,114,357,3.13,0.005145999693922931,12
gen_mobile_ios_002,naive_truncation,mobile/ios,synthetic,explicit,completed_tasks,7,34,7,0.2059,1.0,0.3415,314,357,1.14,0.02382399998168694,34
gen_mobile_ios_002,naive_truncation,mobile/ios,synthetic,explicit,pending_tasks,2,34,1,0.0294,0.5,0.0556,314,357,1.14,0.02382399998168694,34
gen_mobile_ios_002,naive_truncation,mobile/ios,synthetic,explicit,decisions,6,34,5,0.1471,0.8333,0.25,314,357,1.14,0.02382399998168694,34
gen_mobile_ios_002,naive_truncation,mobile/ios,synthetic,explicit,files,3,34,3,0.0882,1.0,0.1622,314,357,1.14,0.02382399998168694,34
gen_mobile_ios_002,naive_truncation,mobile/ios,synthetic,explicit,errors,3,34,3,0.0882,1.0,0.1622,314,357,1.14,0.02382399998168694,34
gen_mobile_ios_002,naive_summary,mobile/ios,synthetic,explicit,completed_tasks,7,22,2,0.0909,0.2857,0.1379,206,357,1.73,0.0447490001533879,22
gen_mobile_ios_002,naive_summary,mobile/ios,synthetic,explicit,pending_tasks,2,22,2,0.0909,1.0,0.1667,206,357,1.73,0.0447490001533879,22
gen_mobile_ios_002,naive_summary,mobile/ios,synthetic,explicit,decisions,6,22,2,0.0909,0.3333,0.1429,206,357,1.73,0.0447490001533879,22
gen_mobile_ios_002,naive_summary,mobile/ios,synthetic,explicit,files,3,22,2,0.0909,0.6667,0.16,206,357,1.73,0.0447490001533879,22
gen_mobile_ios_002,naive_summary,mobile/ios,synthetic,explicit,errors,3,22,2,0.0909,0.6667,0.16,206,357,1.73,0.0447490001533879,22
gen_mobile_ios_003,tokenmizer_v0.5.2,mobile/ios,synthetic,explicit,completed_tasks,6,6,6,1.0,1.0,1.0,219,381,1.74,282.4973659999159,23
gen_mobile_ios_003,tokenmizer_v0.5.2,mobile/ios,synthetic,explicit,pending_tasks,3,3,3,1.0,1.0,1.0,219,381,1.74,282.4973659999159,23
gen_mobile_ios_003,tokenmizer_v0.5.2,mobile/ios,synthetic,explicit,decisions,6,6,6,1.0,1.0,1.0,219,381,1.74,282.4973659999159,23
gen_mobile_ios_003,tokenmizer_v0.5.2,mobile/ios,synthetic,explicit,files,6,6,6,1.0,1.0,1.0,219,381,1.74,282.4973659999159,23
gen_mobile_ios_003,tokenmizer_v0.5.2,mobile/ios,synthetic,explicit,errors,2,2,2,1.0,1.0,1.0,219,381,1.74,282.4973659999159,23
gen_mobile_ios_003,graphiti_style,mobile/ios,synthetic,explicit,completed_tasks,6,10,6,0.6,1.0,0.75,216,381,1.76,1.2351780001154111,27
gen_mobile_ios_003,graphiti_style,mobile/ios,synthetic,explicit,pending_tasks,3,4,3,0.75,1.0,0.8571,216,381,1.76,1.2351780001154111,27
gen_mobile_ios_003,graphiti_style,mobile/ios,synthetic,explicit,decisions,6,7,6,0.8571,1.0,0.9231,216,381,1.76,1.2351780001154111,27
gen_mobile_ios_003,graphiti_style,mobile/ios,synthetic,explicit,files,6,4,4,1.0,0.6667,0.8,216,381,1.76,1.2351780001154111,27
gen_mobile_ios_003,graphiti_style,mobile/ios,synthetic,explicit,errors,2,2,2,1.0,1.0,1.0,216,381,1.76,1.2351780001154111,27
gen_mobile_ios_003,graphrag_style,mobile/ios,synthetic,explicit,completed_tasks,6,2,2,1.0,0.3333,0.5,182,381,2.09,0.7752269998491101,20
gen_mobile_ios_003,graphrag_style,mobile/ios,synthetic,explicit,pending_tasks,3,4,3,0.75,1.0,0.8571,182,381,2.09,0.7752269998491101,20
gen_mobile_ios_003,graphrag_style,mobile/ios,synthetic,explicit,decisions,6,7,6,0.8571,1.0,0.9231,182,381,2.09,0.7752269998491101,20
gen_mobile_ios_003,graphrag_style,mobile/ios,synthetic,explicit,files,6,4,4,1.0,0.6667,0.8,182,381,2.09,0.7752269998491101,20
gen_mobile_ios_003,graphrag_style,mobile/ios,synthetic,explicit,errors,2,3,2,0.6667,1.0,0.8,182,381,2.09,0.7752269998491101,20
gen_mobile_ios_003,mem0_style,mobile/ios,synthetic,explicit,completed_tasks,6,10,6,0.6,1.0,0.75,215,381,1.77,1.4781489999222686,27
gen_mobile_ios_003,mem0_style,mobile/ios,synthetic,explicit,pending_tasks,3,4,3,0.75,1.0,0.8571,215,381,1.77,1.4781489999222686,27
gen_mobile_ios_003,mem0_style,mobile/ios,synthetic,explicit,decisions,6,7,6,0.8571,1.0,0.9231,215,381,1.77,1.4781489999222686,27
gen_mobile_ios_003,mem0_style,mobile/ios,synthetic,explicit,files,6,4,4,1.0,0.6667,0.8,215,381,1.77,1.4781489999222686,27
gen_mobile_ios_003,mem0_style,mobile/ios,synthetic,explicit,errors,2,2,2,1.0,1.0,1.0,215,381,1.77,1.4781489999222686,27
gen_mobile_ios_003,memgpt_style,mobile/ios,synthetic,explicit,completed_tasks,6,6,4,0.6667,0.6667,0.6667,96,381,3.97,0.4815160000362084,11
gen_mobile_ios_003,memgpt_style,mobile/ios,synthetic,explicit,pending_tasks,3,0,0,1.0,0.0,0.0,96,381,3.97,0.4815160000362084,11
gen_mobile_ios_003,memgpt_style,mobile/ios,synthetic,explicit,decisions,6,2,2,1.0,0.3333,0.5,96,381,3.97,0.4815160000362084,11
gen_mobile_ios_003,memgpt_style,mobile/ios,synthetic,explicit,files,6,3,3,1.0,0.5,0.6667,96,381,3.97,0.4815160000362084,11
gen_mobile_ios_003,memgpt_style,mobile/ios,synthetic,explicit,errors,2,0,0,1.0,0.0,0.0,96,381,3.97,0.4815160000362084,11
gen_mobile_ios_003,sliding_window_10,mobile/ios,synthetic,explicit,completed_tasks,6,10,3,0.3,0.5,0.375,81,381,4.7,0.0040319996514881495,10
gen_mobile_ios_003,sliding_window_10,mobile/ios,synthetic,explicit,pending_tasks,3,10,0,0.0,0.0,0.0,81,381,4.7,0.0040319996514881495,10
gen_mobile_ios_003,sliding_window_10,mobile/ios,synthetic,explicit,decisions,6,10,0,0.0,0.0,0.0,81,381,4.7,0.0040319996514881495,10
gen_mobile_ios_003,sliding_window_10,mobile/ios,synthetic,explicit,files,6,10,2,0.2,0.3333,0.25,81,381,4.7,0.0040319996514881495,10
gen_mobile_ios_003,sliding_window_10,mobile/ios,synthetic,explicit,errors,2,10,0,0.0,0.0,0.0,81,381,4.7,0.0040319996514881495,10
gen_mobile_ios_003,naive_truncation,mobile/ios,synthetic,explicit,completed_tasks,6,38,5,0.1579,0.8333,0.2655,324,381,1.18,0.021159999960218556,38
gen_mobile_ios_003,naive_truncation,mobile/ios,synthetic,explicit,pending_tasks,3,38,3,0.0789,1.0,0.1463,324,381,1.18,0.021159999960218556,38
gen_mobile_ios_003,naive_truncation,mobile/ios,synthetic,explicit,decisions,6,38,4,0.1053,0.6667,0.1818,324,381,1.18,0.021159999960218556,38
gen_mobile_ios_003,naive_truncation,mobile/ios,synthetic,explicit,files,6,38,6,0.1579,1.0,0.2727,324,381,1.18,0.021159999960218556,38
gen_mobile_ios_003,naive_truncation,mobile/ios,synthetic,explicit,errors,2,38,2,0.0526,1.0,0.1,324,381,1.18,0.021159999960218556,38
gen_mobile_ios_003,naive_summary,mobile/ios,synthetic,explicit,completed_tasks,6,22,1,0.0455,0.1667,0.0714,201,381,1.9,0.052363999657245586,22
gen_mobile_ios_003,naive_summary,mobile/ios,synthetic,explicit,pending_tasks,3,22,3,0.1364,1.0,0.24,201,381,1.9,0.052363999657245586,22
gen_mobile_ios_003,naive_summary,mobile/ios,synthetic,explicit,decisions,6,22,4,0.1818,0.6667,0.2857,201,381,1.9,0.052363999657245586,22
gen_mobile_ios_003,naive_summary,mobile/ios,synthetic,explicit,files,6,22,2,0.0909,0.3333,0.1429,201,381,1.9,0.052363999657245586,22
gen_mobile_ios_003,naive_summary,mobile/ios,synthetic,explicit,errors,2,22,0,0.0,0.0,0.0,201,381,1.9,0.052363999657245586,22
gen_mobile_ios_004,tokenmizer_v0.5.2,mobile/ios,synthetic,explicit,completed_tasks,5,5,5,1.0,1.0,1.0,157,273,1.74,289.05424499998844,17
gen_mobile_ios_004,tokenmizer_v0.5.2,mobile/ios,synthetic,explicit,pending_tasks,1,1,1,1.0,1.0,1.0,157,273,1.74,289.05424499998844,17
gen_mobile_ios_004,tokenmizer_v0.5.2,mobile/ios,synthetic,explicit,decisions,2,2,2,1.0,1.0,1.0,157,273,1.74,289.05424499998844,17
gen_mobile_ios_004,tokenmizer_v0.5.2,mobile/ios,synthetic,explicit,files,6,6,6,1.0,1.0,1.0,157,273,1.74,289.05424499998844,17
gen_mobile_ios_004,tokenmizer_v0.5.2,mobile/ios,synthetic,explicit,errors,3,3,3,1.0,1.0,1.0,157,273,1.74,289.05424499998844,17
gen_mobile_ios_004,graphiti_style,mobile/ios,synthetic,explicit,completed_tasks,5,8,5,0.625,1.0,0.7692,164,273,1.66,0.9148259996436536,21
gen_mobile_ios_004,graphiti_style,mobile/ios,synthetic,explicit,pending_tasks,1,2,1,0.5,1.0,0.6667,164,273,1.66,0.9148259996436536,21
gen_mobile_ios_004,graphiti_style,mobile/ios,synthetic,explicit,decisions,2,3,2,0.6667,1.0,0.8,164,273,1.66,0.9148259996436536,21
gen_mobile_ios_004,graphiti_style,mobile/ios,synthetic,explicit,files,6,5,5,1.0,0.8333,0.9091,164,273,1.66,0.9148259996436536,21
gen_mobile_ios_004,graphiti_style,mobile/ios,synthetic,explicit,errors,3,3,3,1.0,1.0,1.0,164,273,1.66,0.9148259996436536,21
gen_mobile_ios_004,graphrag_style,mobile/ios,synthetic,explicit,completed_tasks,5,1,1,1.0,0.2,0.3333,106,273,2.58,0.53013499973531,13
gen_mobile_ios_004,graphrag_style,mobile/ios,synthetic,explicit,pending_tasks,1,1,0,0.0,0.0,0.0,106,273,2.58,0.53013499973531,13
gen_mobile_ios_004,graphrag_style,mobile/ios,synthetic,explicit,decisions,2,3,2,0.6667,1.0,0.8,106,273,2.58,0.53013499973531,13
gen_mobile_ios_004,graphrag_style,mobile/ios,synthetic,explicit,files,6,5,5,1.0,0.8333,0.9091,106,273,2.58,0.53013499973531,13
gen_mobile_ios_004,graphrag_style,mobile/ios,synthetic,explicit,errors,3,3,3,1.0,1.0,1.0,106,273,2.58,0.53013499973531,13
gen_mobile_ios_004,mem0_style,mobile/ios,synthetic,explicit,completed_tasks,5,8,5,0.625,1.0,0.7692,163,273,1.67,1.0738890000538959,21
gen_mobile_ios_004,mem0_style,mobile/ios,synthetic,explicit,pending_tasks,1,2,1,0.5,1.0,0.6667,163,273,1.67,1.0738890000538959,21
gen_mobile_ios_004,mem0_style,mobile/ios,synthetic,explicit,decisions,2,3,2,0.6667,1.0,0.8,163,273,1.67,1.0738890000538959,21
gen_mobile_ios_004,mem0_style,mobile/ios,synthetic,explicit,files,6,5,5,1.0,0.8333,0.9091,163,273,1.67,1.0738890000538959,21
gen_mobile_ios_004,mem0_style,mobile/ios,synthetic,explicit,errors,3,3,3,1.0,1.0,1.0,163,273,1.67,1.0738890000538959,21
gen_mobile_ios_004,memgpt_style,mobile/ios,synthetic,explicit,completed_tasks,5,4,2,0.5,0.4,0.4444,86,273,3.17,0.40681000018594204,10
gen_mobile_ios_004,memgpt_style,mobile/ios,synthetic,explicit,pending_tasks,1,0,0,1.0,0.0,0.0,86,273,3.17,0.40681000018594204,10
gen_mobile_ios_004,memgpt_style,mobile/ios,synthetic,explicit,decisions,2,0,0,1.0,0.0,0.0,86,273,3.17,0.40681000018594204,10
gen_mobile_ios_004,memgpt_style,mobile/ios,synthetic,explicit,files,6,4,4,1.0,0.6667,0.8,86,273,3.17,0.40681000018594204,10
gen_mobile_ios_004,memgpt_style,mobile/ios,synthetic,explicit,errors,3,2,2,1.0,0.6667,0.8,86,273,3.17,0.40681000018594204,10
gen_mobile_ios_004,sliding_window_10,mobile/ios,synthetic,explicit,completed_tasks,5,11,2,0.1818,0.4,0.25,110,273,2.48,0.003865000053338008,11
gen_mobile_ios_004,sliding_window_10,mobile/ios,synthetic,explicit,pending_tasks,1,11,0,0.0,0.0,0.0,110,273,2.48,0.003865000053338008,11
gen_mobile_ios_004,sliding_window_10,mobile/ios,synthetic,explicit,decisions,2,11,0,0.0,0.0,0.0,110,273,2.48,0.003865000053338008,11
gen_mobile_ios_004,sliding_window_10,mobile/ios,synthetic,explicit,files,6,11,3,0.2727,0.5,0.3529,110,273,2.48,0.003865000053338008,11
gen_mobile_ios_004,sliding_window_10,mobile/ios,synthetic,explicit,errors,3,11,1,0.0909,0.3333,0.1429,110,273,2.48,0.003865000053338008,11
gen_mobile_ios_004,naive_truncation,mobile/ios,synthetic,explicit,completed_tasks,5,32,5,0.1562,1.0,0.2703,288,273,0.95,0.016401000266341725,32
gen_mobile_ios_004,naive_truncation,mobile/ios,synthetic,explicit,pending_tasks,1,32,1,0.0312,1.0,0.0606,288,273,0.95,0.016401000266341725,32
gen_mobile_ios_004,naive_truncation,mobile/ios,synthetic,explicit,decisions,2,32,2,0.0625,1.0,0.1176,288,273,0.95,0.016401000266341725,32
gen_mobile_ios_004,naive_truncation,mobile/ios,synthetic,explicit,files,6,32,6,0.2188,1.0,0.359,288,273,0.95,0.016401000266341725,32
gen_mobile_ios_004,naive_truncation,mobile/ios,synthetic,explicit,errors,3,32,3,0.0938,1.0,0.1714,288,273,0.95,0.016401000266341725,32
gen_mobile_ios_004,naive_summary,mobile/ios,synthetic,explicit,completed_tasks,5,23,4,0.1739,0.8,0.2857,199,273,1.37,0.039603999994142214,23
gen_mobile_ios_004,naive_summary,mobile/ios,synthetic,explicit,pending_tasks,1,23,1,0.0435,1.0,0.0833,199,273,1.37,0.039603999994142214,23
gen_mobile_ios_004,naive_summary,mobile/ios,synthetic,explicit,decisions,2,23,2,0.087,1.0,0.16,199,273,1.37,0.039603999994142214,23
gen_mobile_ios_004,naive_summary,mobile/ios,synthetic,explicit,files,6,23,3,0.1739,0.5,0.2581,199,273,1.37,0.039603999994142214,23
gen_mobile_ios_004,naive_summary,mobile/ios,synthetic,explicit,errors,3,23,2,0.087,0.6667,0.1538,199,273,1.37,0.039603999994142214,23
gen_mobile_ios_005,tokenmizer_v0.5.2,mobile/ios,synthetic,explicit,completed_tasks,5,5,5,1.0,1.0,1.0,143,270,1.89,284.7539910003434,16
gen_mobile_ios_005,tokenmizer_v0.5.2,mobile/ios,synthetic,explicit,pending_tasks,2,2,2,1.0,1.0,1.0,143,270,1.89,284.7539910003434,16
gen_mobile_ios_005,tokenmizer_v0.5.2,mobile/ios,synthetic,explicit,decisions,3,3,3,1.0,1.0,1.0,143,270,1.89,284.7539910003434,16
gen_mobile_ios_005,tokenmizer_v0.5.2,mobile/ios,synthetic,explicit,files,6,6,6,1.0,1.0,1.0,143,270,1.89,284.7539910003434,16
gen_mobile_ios_005,graphiti_style,mobile/ios,synthetic,explicit,completed_tasks,5,8,5,0.625,1.0,0.7692,150,270,1.8,0.9019610001814726,19
gen_mobile_ios_005,graphiti_style,mobile/ios,synthetic,explicit,pending_tasks,2,2,2,1.0,1.0,1.0,150,270,1.8,0.9019610001814726,19
gen_mobile_ios_005,graphiti_style,mobile/ios,synthetic,explicit,decisions,3,4,3,0.75,1.0,0.8571,150,270,1.8,0.9019610001814726,19
gen_mobile_ios_005,graphiti_style,mobile/ios,synthetic,explicit,files,6,5,5,1.0,0.8333,0.9091,150,270,1.8,0.9019610001814726,19
gen_mobile_ios_005,graphrag_style,mobile/ios,synthetic,explicit,completed_tasks,5,2,2,1.0,0.4,0.5714,91,270,2.97,0.5390939995777444,11
gen_mobile_ios_005,graphrag_style,mobile/ios,synthetic,explicit,pending_tasks,2,0,0,1.0,0.0,0.0,91,270,2.97,0.5390939995777444,11
gen_mobile_ios_005,graphrag_style,mobile/ios,synthetic,explicit,decisions,3,4,3,0.75,1.0,0.8571,91,270,2.97,0.5390939995777444,11
gen_mobile_ios_005,graphrag_style,mobile/ios,synthetic,explicit,files,6,5,5,1.0,0.8333,0.9091,91,270,2.97,0.5390939995777444,11
gen_mobile_ios_005,mem0_style,mobile/ios,synthetic,explicit,completed_tasks,5,8,5,0.625,1.0,0.7692,149,270,1.81,0.9153969999715628,19
gen_mobile_ios_005,mem0_style,mobile/ios,synthetic,explicit,pending_tasks,2,2,2,1.0,1.0,1.0,149,270,1.81,0.9153969999715628,19
gen_mobile_ios_005,mem0_style,mobile/ios,synthetic,explicit,decisions,3,4,3,0.75,1.0,0.8571,149,270,1.81,0.9153969999715628,19
gen_mobile_ios_005,mem0_style,mobile/ios,synthetic,explicit,files,6,5,5,1.0,0.8333,0.9091,149,270,1.81,0.9153969999715628,19
gen_mobile_ios_005,memgpt_style,mobile/ios,synthetic,explicit,completed_tasks,5,4,2,0.5,0.4,0.4444,75,270,3.6,0.3013759996974841,9
gen_mobile_ios_005,memgpt_style,mobile/ios,synthetic,explicit,pending_tasks,2,1,1,1.0,0.5,0.6667,75,270,3.6,0.3013759996974841,9
gen_mobile_ios_005,memgpt_style,mobile/ios,synthetic,explicit,decisions,3,2,2,1.0,0.6667,0.8,75,270,3.6,0.3013759996974841,9
gen_mobile_ios_005,memgpt_style,mobile/ios,synthetic,explicit,files,6,2,2,1.0,0.3333,0.5,75,270,3.6,0.3013759996974841,9
gen_mobile_ios_005,sliding_window_10,mobile/ios,synthetic,explicit,completed_tasks,5,11,1,0.0909,0.2,0.125,93,270,2.9,0.0036399997043190524,11
gen_mobile_ios_005,sliding_window_10,mobile/ios,synthetic,explicit,pending_tasks,2,11,1,0.0909,0.5,0.1538,93,270,2.9,0.0036399997043190524,11
gen_mobile_ios_005,sliding_window_10,mobile/ios,synthetic,explicit,decisions,3,11,2,0.1818,0.6667,0.2857,93,270,2.9,0.0036399997043190524,11
gen_mobile_ios_005,sliding_window_10,mobile/ios,synthetic,explicit,files,6,11,2,0.1818,0.3333,0.2353,93,270,2.9,0.0036399997043190524,11
gen_mobile_ios_005,sliding_window_10,mobile/ios,synthetic,explicit,errors,0,11,0,0.0,1.0,0.0,93,270,2.9,0.0036399997043190524,11
gen_mobile_ios_005,naive_truncation,mobile/ios,synthetic,explicit,completed_tasks,5,31,5,0.1613,1.0,0.2778,289,270,0.93,0.016667000181769254,31
gen_mobile_ios_005,naive_truncation,mobile/ios,synthetic,explicit,pending_tasks,2,31,2,0.0645,1.0,0.1212,289,270,0.93,0.016667000181769254,31
gen_mobile_ios_005,naive_truncation,mobile/ios,synthetic,explicit,decisions,3,31,3,0.0968,1.0,0.1765,289,270,0.93,0.016667000181769254,31
gen_mobile_ios_005,naive_truncation,mobile/ios,synthetic,explicit,files,6,31,6,0.1935,1.0,0.3243,289,270,0.93,0.016667000181769254,31
gen_mobile_ios_005,naive_truncation,mobile/ios,synthetic,explicit,errors,0,31,0,0.0,1.0,0.0,289,270,0.93,0.016667000181769254,31
gen_mobile_ios_005,naive_summary,mobile/ios,synthetic,explicit,completed_tasks,5,21,4,0.1905,0.8,0.3077,207,270,1.3,0.02848799977073213,21
gen_mobile_ios_005,naive_summary,mobile/ios,synthetic,explicit,pending_tasks,2,21,1,0.0476,0.5,0.087,207,270,1.3,0.02848799977073213,21
gen_mobile_ios_005,naive_summary,mobile/ios,synthetic,explicit,decisions,3,21,1,0.0476,0.3333,0.0833,207,270,1.3,0.02848799977073213,21
gen_mobile_ios_005,naive_summary,mobile/ios,synthetic,explicit,files,6,21,4,0.1905,0.6667,0.2963,207,270,1.3,0.02848799977073213,21
gen_mobile_ios_005,naive_summary,mobile/ios,synthetic,explicit,errors,0,21,0,0.0,1.0,0.0,207,270,1.3,0.02848799977073213,21
gen_platform_api_001,tokenmizer_v0.5.2,platform/api,synthetic,semi,completed_tasks,3,3,3,1.0,1.0,1.0,131,316,2.41,287.3578050002834,14
gen_platform_api_001,tokenmizer_v0.5.2,platform/api,synthetic,semi,pending_tasks,4,4,4,1.0,1.0,1.0,131,316,2.41,287.3578050002834,14
gen_platform_api_001,tokenmizer_v0.5.2,platform/api,synthetic,semi,decisions,2,2,2,1.0,1.0,1.0,131,316,2.41,287.3578050002834,14
gen_platform_api_001,tokenmizer_v0.5.2,platform/api,synthetic,semi,files,5,5,5,1.0,1.0,1.0,131,316,2.41,287.3578050002834,14
gen_platform_api_001,tokenmizer_v0.5.2,platform/api,synthetic,semi,errors,1,0,0,1.0,0.0,0.0,131,316,2.41,287.3578050002834,14
gen_platform_api_001,graphiti_style,platform/api,synthetic,semi,completed_tasks,3,3,3,1.0,1.0,1.0,157,316,2.01,1.0788370000227587,18
gen_platform_api_001,graphiti_style,platform/api,synthetic,semi,pending_tasks,4,6,3,0.5,0.75,0.6,157,316,2.01,1.0788370000227587,18
gen_platform_api_001,graphiti_style,platform/api,synthetic,semi,decisions,2,2,1,0.5,0.5,0.5,157,316,2.01,1.0788370000227587,18
gen_platform_api_001,graphiti_style,platform/api,synthetic,semi,files,5,5,5,1.0,1.0,1.0,157,316,2.01,1.0788370000227587,18
gen_platform_api_001,graphiti_style,platform/api,synthetic,semi,errors,1,2,1,0.5,1.0,0.6667,157,316,2.01,1.0788370000227587,18
gen_platform_api_001,graphrag_style,platform/api,synthetic,semi,completed_tasks,3,0,0,1.0,0.0,0.0,59,316,5.36,0.6239849999474245,9
gen_platform_api_001,graphrag_style,platform/api,synthetic,semi,pending_tasks,4,2,0,0.0,0.0,0.0,59,316,5.36,0.6239849999474245,9
gen_platform_api_001,graphrag_style,platform/api,synthetic,semi,decisions,2,1,1,1.0,0.5,0.6667,59,316,5.36,0.6239849999474245,9
gen_platform_api_001,graphrag_style,platform/api,synthetic,semi,files,5,5,5,1.0,1.0,1.0,59,316,5.36,0.6239849999474245,9
gen_platform_api_001,graphrag_style,platform/api,synthetic,semi,errors,1,1,0,0.0,0.0,0.0,59,316,5.36,0.6239849999474245,9
gen_platform_api_001,mem0_style,platform/api,synthetic,semi,completed_tasks,3,3,3,1.0,1.0,1.0,155,316,2.04,1.0323030001018196,17
gen_platform_api_001,mem0_style,platform/api,synthetic,semi,pending_tasks,4,5,3,0.6,0.75,0.6667,155,316,2.04,1.0323030001018196,17
gen_platform_api_001,mem0_style,platform/api,synthetic,semi,decisions,2,2,1,0.5,0.5,0.5,155,316,2.04,1.0323030001018196,17
gen_platform_api_001,mem0_style,platform/api,synthetic,semi,files,5,5,5,1.0,1.0,1.0,155,316,2.04,1.0323030001018196,17
gen_platform_api_001,mem0_style,platform/api,synthetic,semi,errors,1,2,1,0.5,1.0,0.6667,155,316,2.04,1.0323030001018196,17
gen_platform_api_001,memgpt_style,platform/api,synthetic,semi,completed_tasks,3,2,2,1.0,0.6667,0.8,87,316,3.63,0.35908699965148116,9
gen_platform_api_001,memgpt_style,platform/api,synthetic,semi,pending_tasks,4,1,1,1.0,0.25,0.4,87,316,3.63,0.35908699965148116,9
gen_platform_api_001,memgpt_style,platform/api,synthetic,semi,decisions,2,2,1,0.5,0.5,0.5,87,316,3.63,0.35908699965148116,9
gen_platform_api_001,memgpt_style,platform/api,synthetic,semi,files,5,3,3,1.0,0.6,0.75,87,316,3.63,0.35908699965148116,9
gen_platform_api_001,memgpt_style,platform/api,synthetic,semi,errors,1,1,0,0.0,0.0,0.0,87,316,3.63,0.35908699965148116,9
gen_platform_api_001,sliding_window_10,platform/api,synthetic,semi,completed_tasks,3,11,1,0.0909,0.3333,0.1429,112,316,2.82,0.0030500000320898835,11
gen_platform_api_001,sliding_window_10,platform/api,synthetic,semi,pending_tasks,4,11,1,0.0909,0.25,0.1333,112,316,2.82,0.0030500000320898835,11
gen_platform_api_001,sliding_window_10,platform/api,synthetic,semi,decisions,2,11,1,0.0909,0.5,0.1538,112,316,2.82,0.0030500000320898835,11
gen_platform_api_001,sliding_window_10,platform/api,synthetic,semi,files,5,11,3,0.2727,0.6,0.375,112,316,2.82,0.0030500000320898835,11
gen_platform_api_001,sliding_window_10,platform/api,synthetic,semi,errors,1,11,0,0.0,0.0,0.0,112,316,2.82,0.0030500000320898835,11
gen_platform_api_001,naive_truncation,platform/api,synthetic,semi,completed_tasks,3,28,3,0.1071,1.0,0.1935,307,316,1.03,0.016726000012567965,28
gen_platform_api_001,naive_truncation,platform/api,synthetic,semi,pending_tasks,4,28,4,0.1429,1.0,0.25,307,316,1.03,0.016726000012567965,28
gen_platform_api_001,naive_truncation,platform/api,synthetic,semi,decisions,2,28,2,0.0714,1.0,0.1333,307,316,1.03,0.016726000012567965,28
gen_platform_api_001,naive_truncation,platform/api,synthetic,semi,files,5,28,5,0.1786,1.0,0.303,307,316,1.03,0.016726000012567965,28
gen_platform_api_001,naive_truncation,platform/api,synthetic,semi,errors,1,28,1,0.0357,1.0,0.069,307,316,1.03,0.016726000012567965,28
gen_platform_api_001,naive_summary,platform/api,synthetic,semi,completed_tasks,3,15,1,0.0667,0.3333,0.1111,174,316,1.82,0.04873500029134448,15
gen_platform_api_001,naive_summary,platform/api,synthetic,semi,pending_tasks,4,15,3,0.2,0.75,0.3158,174,316,1.82,0.04873500029134448,15
gen_platform_api_001,naive_summary,platform/api,synthetic,semi,decisions,2,15,0,0.0,0.0,0.0,174,316,1.82,0.04873500029134448,15
gen_platform_api_001,naive_summary,platform/api,synthetic,semi,files,5,15,2,0.1333,0.4,0.2,174,316,1.82,0.04873500029134448,15
gen_platform_api_001,naive_summary,platform/api,synthetic,semi,errors,1,15,1,0.0667,1.0,0.125,174,316,1.82,0.04873500029134448,15
gen_platform_api_002,tokenmizer_v0.5.2,platform/api,synthetic,semi,completed_tasks,6,6,6,1.0,1.0,1.0,179,309,1.73,302.06197799998336,15
gen_platform_api_002,tokenmizer_v0.5.2,platform/api,synthetic,semi,pending_tasks,3,3,3,1.0,1.0,1.0,179,309,1.73,302.06197799998336,15
gen_platform_api_002,tokenmizer_v0.5.2,platform/api,synthetic,semi,decisions,3,3,3,1.0,1.0,1.0,179,309,1.73,302.06197799998336,15
gen_platform_api_002,tokenmizer_v0.5.2,platform/api,synthetic,semi,files,2,2,2,1.0,1.0,1.0,179,309,1.73,302.06197799998336,15
gen_platform_api_002,tokenmizer_v0.5.2,platform/api,synthetic,semi,errors,1,1,1,1.0,1.0,1.0,179,309,1.73,302.06197799998336,15
gen_platform_api_002,graphiti_style,platform/api,synthetic,semi,completed_tasks,6,4,4,1.0,0.6667,0.8,157,309,1.97,1.1245259997849644,16
gen_platform_api_002,graphiti_style,platform/api,synthetic,semi,pending_tasks,3,4,1,0.25,0.3333,0.2857,157,309,1.97,1.1245259997849644,16
gen_platform_api_002,graphiti_style,platform/api,synthetic,semi,decisions,3,4,3,0.75,1.0,0.8571,157,309,1.97,1.1245259997849644,16
gen_platform_api_002,graphiti_style,platform/api,synthetic,semi,files,2,2,2,1.0,1.0,1.0,157,309,1.97,1.1245259997849644,16
gen_platform_api_002,graphiti_style,platform/api,synthetic,semi,errors,1,2,1,0.5,1.0,0.6667,157,309,1.97,1.1245259997849644,16
gen_platform_api_002,graphrag_style,platform/api,synthetic,semi,completed_tasks,6,0,0,1.0,0.0,0.0,75,309,4.12,0.6627550001212512,8
gen_platform_api_002,graphrag_style,platform/api,synthetic,semi,pending_tasks,3,2,0,0.0,0.0,0.0,75,309,4.12,0.6627550001212512,8
gen_platform_api_002,graphrag_style,platform/api,synthetic,semi,decisions,3,3,3,1.0,1.0,1.0,75,309,4.12,0.6627550001212512,8
gen_platform_api_002,graphrag_style,platform/api,synthetic,semi,files,2,2,2,1.0,1.0,1.0,75,309,4.12,0.6627550001212512,8
gen_platform_api_002,graphrag_style,platform/api,synthetic,semi,errors,1,1,0,0.0,0.0,0.0,75,309,4.12,0.6627550001212512,8
gen_platform_api_002,mem0_style,platform/api,synthetic,semi,completed_tasks,6,4,4,1.0,0.6667,0.8,153,309,2.02,1.035446000059892,15
gen_platform_api_002,mem0_style,platform/api,synthetic,semi,pending_tasks,3,3,1,0.3333,0.3333,0.3333,153,309,2.02,1.035446000059892,15
gen_platform_api_002,mem0_style,platform/api,synthetic,semi,decisions,3,4,3,0.75,1.0,0.8571,153,309,2.02,1.035446000059892,15
gen_platform_api_002,mem0_style,platform/api,synthetic,semi,files,2,2,2,1.0,1.0,1.0,153,309,2.02,1.035446000059892,15
gen_platform_api_002,mem0_style,platform/api,synthetic,semi,errors,1,2,1,0.5,1.0,0.6667,153,309,2.02,1.035446000059892,15
gen_platform_api_002,memgpt_style,platform/api,synthetic,semi,completed_tasks,6,2,2,1.0,0.3333,0.5,71,309,4.35,0.3077060000578058,5
gen_platform_api_002,memgpt_style,platform/api,synthetic,semi,pending_tasks,3,0,0,1.0,0.0,0.0,71,309,4.35,0.3077060000578058,5
gen_platform_api_002,memgpt_style,platform/api,synthetic,semi,decisions,3,0,0,1.0,0.0,0.0,71,309,4.35,0.3077060000578058,5
gen_platform_api_002,memgpt_style,platform/api,synthetic,semi,files,2,1,1,1.0,0.5,0.6667,71,309,4.35,0.3077060000578058,5
gen_platform_api_002,memgpt_style,platform/api,synthetic,semi,errors,1,2,1,0.5,1.0,0.6667,71,309,4.35,0.3077060000578058,5
gen_platform_api_002,sliding_window_10,platform/api,synthetic,semi,completed_tasks,6,10,3,0.3,0.5,0.375,106,309,2.92,0.003189999915775843,10
gen_platform_api_002,sliding_window_10,platform/api,synthetic,semi,pending_tasks,3,10,0,0.0,0.0,0.0,106,309,2.92,0.003189999915775843,10
gen_platform_api_002,sliding_window_10,platform/api,synthetic,semi,decisions,3,10,0,0.0,0.0,0.0,106,309,2.92,0.003189999915775843,10
gen_platform_api_002,sliding_window_10,platform/api,synthetic,semi,files,2,10,1,0.1,0.5,0.1667,106,309,2.92,0.003189999915775843,10
gen_platform_api_002,sliding_window_10,platform/api,synthetic,semi,errors,1,10,1,0.1,1.0,0.1818,106,309,2.92,0.003189999915775843,10
gen_platform_api_002,naive_truncation,platform/api,synthetic,semi,completed_tasks,6,28,6,0.2143,1.0,0.3529,314,309,0.98,0.017335999928036472,28
gen_platform_api_002,naive_truncation,platform/api,synthetic,semi,pending_tasks,3,28,3,0.1071,1.0,0.1935,314,309,0.98,0.017335999928036472,28
gen_platform_api_002,naive_truncation,platform/api,synthetic,semi,decisions,3,28,3,0.1071,1.0,0.1935,314,309,0.98,0.017335999928036472,28
gen_platform_api_002,naive_truncation,platform/api,synthetic,semi,files,2,28,2,0.0714,1.0,0.1333,314,309,0.98,0.017335999928036472,28
gen_platform_api_002,naive_truncation,platform/api,synthetic,semi,errors,1,28,1,0.0357,1.0,0.069,314,309,0.98,0.017335999928036472,28
gen_platform_api_002,naive_summary,platform/api,synthetic,semi,completed_tasks,6,16,3,0.1875,0.5,0.2727,175,309,1.77,0.0426520000473829,16
gen_platform_api_002,naive_summary,platform/api,synthetic,semi,pending_tasks,3,16,2,0.125,0.6667,0.2105,175,309,1.77,0.0426520000473829,16
gen_platform_api_002,naive_summary,platform/api,synthetic,semi,decisions,3,16,1,0.0625,0.3333,0.1053,175,309,1.77,0.0426520000473829,16
gen_platform_api_002,naive_summary,platform/api,synthetic,semi,files,2,16,1,0.0625,0.5,0.1111,175,309,1.77,0.0426520000473829,16
gen_platform_api_002,naive_summary,platform/api,synthetic,semi,errors,1,16,0,0.0,0.0,0.0,175,309,1.77,0.0426520000473829,16
gen_platform_api_003,tokenmizer_v0.5.2,platform/api,synthetic,semi,completed_tasks,7,7,7,1.0,1.0,1.0,244,476,1.95,307.21271399988836,22
gen_platform_api_003,tokenmizer_v0.5.2,platform/api,synthetic,semi,pending_tasks,4,4,4,1.0,1.0,1.0,244,476,1.95,307.21271399988836,22
gen_platform_api_003,tokenmizer_v0.5.2,platform/api,synthetic,semi,decisions,6,6,6,1.0,1.0,1.0,244,476,1.95,307.21271399988836,22
gen_platform_api_003,tokenmizer_v0.5.2,platform/api,synthetic,semi,files,3,3,3,1.0,1.0,1.0,244,476,1.95,307.21271399988836,22
gen_platform_api_003,tokenmizer_v0.5.2,platform/api,synthetic,semi,errors,3,2,2,1.0,0.6667,0.8,244,476,1.95,307.21271399988836,22
gen_platform_api_003,graphiti_style,platform/api,synthetic,semi,completed_tasks,7,5,5,1.0,0.7143,0.8333,203,476,2.34,1.6336829999090696,21
gen_platform_api_003,graphiti_style,platform/api,synthetic,semi,pending_tasks,4,4,1,0.25,0.25,0.25,203,476,2.34,1.6336829999090696,21
gen_platform_api_003,graphiti_style,platform/api,synthetic,semi,decisions,6,5,3,0.6,0.5,0.5455,203,476,2.34,1.6336829999090696,21
gen_platform_api_003,graphiti_style,platform/api,synthetic,semi,files,3,3,3,1.0,1.0,1.0,203,476,2.34,1.6336829999090696,21
gen_platform_api_003,graphiti_style,platform/api,synthetic,semi,errors,3,4,3,0.75,1.0,0.8571,203,476,2.34,1.6336829999090696,21
gen_platform_api_003,graphrag_style,platform/api,synthetic,semi,completed_tasks,7,0,0,1.0,0.0,0.0,113,476,4.21,0.9607959996174031,13
gen_platform_api_003,graphrag_style,platform/api,synthetic,semi,pending_tasks,4,2,0,0.0,0.0,0.0,113,476,4.21,0.9607959996174031,13
gen_platform_api_003,graphrag_style,platform/api,synthetic,semi,decisions,6,5,4,0.8,0.6667,0.7273,113,476,4.21,0.9607959996174031,13
gen_platform_api_003,graphrag_style,platform/api,synthetic,semi,files,3,3,3,1.0,1.0,1.0,113,476,4.21,0.9607959996174031,13
gen_platform_api_003,graphrag_style,platform/api,synthetic,semi,errors,3,3,2,0.6667,0.6667,0.6667,113,476,4.21,0.9607959996174031,13
gen_platform_api_003,mem0_style,platform/api,synthetic,semi,completed_tasks,7,5,5,1.0,0.7143,0.8333,198,476,2.4,1.7067250000764034,20
gen_platform_api_003,mem0_style,platform/api,synthetic,semi,pending_tasks,4,3,1,0.3333,0.25,0.2857,198,476,2.4,1.7067250000764034,20
gen_platform_api_003,mem0_style,platform/api,synthetic,semi,decisions,6,5,3,0.6,0.5,0.5455,198,476,2.4,1.7067250000764034,20
gen_platform_api_003,mem0_style,platform/api,synthetic,semi,files,3,3,3,1.0,1.0,1.0,198,476,2.4,1.7067250000764034,20
gen_platform_api_003,mem0_style,platform/api,synthetic,semi,errors,3,4,3,0.75,1.0,0.8571,198,476,2.4,1.7067250000764034,20
gen_platform_api_003,memgpt_style,platform/api,synthetic,semi,completed_tasks,7,2,2,1.0,0.2857,0.4444,115,476,4.14,0.7090700000844663,9
gen_platform_api_003,memgpt_style,platform/api,synthetic,semi,pending_tasks,4,3,1,0.3333,0.25,0.2857,115,476,4.14,0.7090700000844663,9
gen_platform_api_003,memgpt_style,platform/api,synthetic,semi,decisions,6,0,0,1.0,0.0,0.0,115,476,4.14,0.7090700000844663,9
gen_platform_api_003,memgpt_style,platform/api,synthetic,semi,files,3,0,0,1.0,0.0,0.0,115,476,4.14,0.7090700000844663,9
gen_platform_api_003,memgpt_style,platform/api,synthetic,semi,errors,3,4,3,0.75,1.0,0.8571,115,476,4.14,0.7090700000844663,9
gen_platform_api_003,sliding_window_10,platform/api,synthetic,semi,completed_tasks,7,13,2,0.1538,0.2857,0.2,155,476,3.07,0.0035690000004251488,13
gen_platform_api_003,sliding_window_10,platform/api,synthetic,semi,pending_tasks,4,13,3,0.2308,0.75,0.3529,155,476,3.07,0.0035690000004251488,13
gen_platform_api_003,sliding_window_10,platform/api,synthetic,semi,decisions,6,13,1,0.0769,0.1667,0.1053,155,476,3.07,0.0035690000004251488,13
gen_platform_api_003,sliding_window_10,platform/api,synthetic,semi,files,3,13,0,0.0,0.0,0.0,155,476,3.07,0.0035690000004251488,13
gen_platform_api_003,sliding_window_10,platform/api,synthetic,semi,errors,3,13,2,0.1538,0.6667,0.25,155,476,3.07,0.0035690000004251488,13
gen_platform_api_003,naive_truncation,platform/api,synthetic,semi,completed_tasks,7,23,6,0.2609,0.8571,0.4,296,476,1.61,0.015366999832622241,23
gen_platform_api_003,naive_truncation,platform/api,synthetic,semi,pending_tasks,4,23,3,0.1304,0.75,0.2222,296,476,1.61,0.015366999832622241,23
gen_platform_api_003,naive_truncation,platform/api,synthetic,semi,decisions,6,23,2,0.087,0.3333,0.1379,296,476,1.61,0.015366999832622241,23
gen_platform_api_003,naive_truncation,platform/api,synthetic,semi,files,3,23,0,0.0,0.0,0.0,296,476,1.61,0.015366999832622241,23
gen_platform_api_003,naive_truncation,platform/api,synthetic,semi,errors,3,23,3,0.1304,1.0,0.2308,296,476,1.61,0.015366999832622241,23
gen_platform_api_003,naive_summary,platform/api,synthetic,semi,completed_tasks,7,17,1,0.0588,0.1429,0.0833,176,476,2.7,0.05820800015499117,17
gen_platform_api_003,naive_summary,platform/api,synthetic,semi,pending_tasks,4,17,1,0.0588,0.25,0.0952,176,476,2.7,0.05820800015499117,17
gen_platform_api_003,naive_summary,platform/api,synthetic,semi,decisions,6,17,3,0.1765,0.5,0.2609,176,476,2.7,0.05820800015499117,17
gen_platform_api_003,naive_summary,platform/api,synthetic,semi,files,3,17,2,0.1176,0.6667,0.2,176,476,2.7,0.05820800015499117,17
gen_platform_api_003,naive_summary,platform/api,synthetic,semi,errors,3,17,0,0.0,0.0,0.0,176,476,2.7,0.05820800015499117,17
gen_platform_api_004,tokenmizer_v0.5.2,platform/api,synthetic,semi,completed_tasks,6,6,6,1.0,1.0,1.0,214,404,1.89,286.0950609997417,21
gen_platform_api_004,tokenmizer_v0.5.2,platform/api,synthetic,semi,pending_tasks,2,2,2,1.0,1.0,1.0,214,404,1.89,286.0950609997417,21
gen_platform_api_004,tokenmizer_v0.5.2,platform/api,synthetic,semi,decisions,5,5,4,0.8,0.8,0.8,214,404,1.89,286.0950609997417,21
gen_platform_api_004,tokenmizer_v0.5.2,platform/api,synthetic,semi,files,5,5,5,1.0,1.0,1.0,214,404,1.89,286.0950609997417,21
gen_platform_api_004,tokenmizer_v0.5.2,platform/api,synthetic,semi,errors,3,3,3,1.0,1.0,1.0,214,404,1.89,286.0950609997417,21
gen_platform_api_004,graphiti_style,platform/api,synthetic,semi,completed_tasks,6,5,4,0.8,0.6667,0.7273,162,404,2.49,1.3277190000735573,19
gen_platform_api_004,graphiti_style,platform/api,synthetic,semi,pending_tasks,2,3,0,0.0,0.0,0.0,162,404,2.49,1.3277190000735573,19
gen_platform_api_004,graphiti_style,platform/api,synthetic,semi,decisions,5,3,2,0.6667,0.4,0.5,162,404,2.49,1.3277190000735573,19
gen_platform_api_004,graphiti_style,platform/api,synthetic,semi,files,5,5,5,1.0,1.0,1.0,162,404,2.49,1.3277190000735573,19
gen_platform_api_004,graphiti_style,platform/api,synthetic,semi,errors,3,3,3,1.0,1.0,1.0,162,404,2.49,1.3277190000735573,19
gen_platform_api_004,graphrag_style,platform/api,synthetic,semi,completed_tasks,6,0,0,1.0,0.0,0.0,69,404,5.86,0.7452729996657581,11
gen_platform_api_004,graphrag_style,platform/api,synthetic,semi,pending_tasks,2,2,0,0.0,0.0,0.0,69,404,5.86,0.7452729996657581,11
gen_platform_api_004,graphrag_style,platform/api,synthetic,semi,decisions,5,3,2,0.6667,0.4,0.5,69,404,5.86,0.7452729996657581,11
gen_platform_api_004,graphrag_style,platform/api,synthetic,semi,files,5,5,5,1.0,1.0,1.0,69,404,5.86,0.7452729996657581,11
gen_platform_api_004,graphrag_style,platform/api,synthetic,semi,errors,3,1,1,1.0,0.3333,0.5,69,404,5.86,0.7452729996657581,11
gen_platform_api_004,mem0_style,platform/api,synthetic,semi,completed_tasks,6,5,4,0.8,0.6667,0.7273,158,404,2.56,1.293873000122403,18
gen_platform_api_004,mem0_style,platform/api,synthetic,semi,pending_tasks,2,2,0,0.0,0.0,0.0,158,404,2.56,1.293873000122403,18
gen_platform_api_004,mem0_style,platform/api,synthetic,semi,decisions,5,3,2,0.6667,0.4,0.5,158,404,2.56,1.293873000122403,18
gen_platform_api_004,mem0_style,platform/api,synthetic,semi,files,5,5,5,1.0,1.0,1.0,158,404,2.56,1.293873000122403,18
gen_platform_api_004,mem0_style,platform/api,synthetic,semi,errors,3,3,3,1.0,1.0,1.0,158,404,2.56,1.293873000122403,18
gen_platform_api_004,memgpt_style,platform/api,synthetic,semi,completed_tasks,6,3,2,0.6667,0.3333,0.4444,77,404,5.25,0.538831000085338,7
gen_platform_api_004,memgpt_style,platform/api,synthetic,semi,pending_tasks,2,0,0,1.0,0.0,0.0,77,404,5.25,0.538831000085338,7
gen_platform_api_004,memgpt_style,platform/api,synthetic,semi,decisions,5,2,1,0.5,0.2,0.2857,77,404,5.25,0.538831000085338,7
gen_platform_api_004,memgpt_style,platform/api,synthetic,semi,files,5,1,1,1.0,0.2,0.3333,77,404,5.25,0.538831000085338,7
gen_platform_api_004,memgpt_style,platform/api,synthetic,semi,errors,3,1,1,1.0,0.3333,0.5,77,404,5.25,0.538831000085338,7
gen_platform_api_004,sliding_window_10,platform/api,synthetic,semi,completed_tasks,6,12,3,0.25,0.5,0.3333,145,404,2.79,0.003755999841814628,12
gen_platform_api_004,sliding_window_10,platform/api,synthetic,semi,pending_tasks,2,12,0,0.0,0.0,0.0,145,404,2.79,0.003755999841814628,12
gen_platform_api_004,sliding_window_10,platform/api,synthetic,semi,decisions,5,12,3,0.25,0.6,0.3529,145,404,2.79,0.003755999841814628,12
gen_platform_api_004,sliding_window_10,platform/api,synthetic,semi,files,5,12,0,0.0,0.0,0.0,145,404,2.79,0.003755999841814628,12
gen_platform_api_004,sliding_window_10,platform/api,synthetic,semi,errors,3,12,1,0.0833,0.3333,0.1333,145,404,2.79,0.003755999841814628,12
gen_platform_api_004,naive_truncation,platform/api,synthetic,semi,completed_tasks,6,27,6,0.2222,1.0,0.3636,313,404,1.29,0.0181430000338878,27
gen_platform_api_004,naive_truncation,platform/api,synthetic,semi,pending_tasks,2,27,1,0.037,0.5,0.069,313,404,1.29,0.0181430000338878,27
gen_platform_api_004,naive_truncation,platform/api,synthetic,semi,decisions,5,27,4,0.1481,0.8,0.25,313,404,1.29,0.0181430000338878,27
gen_platform_api_004,naive_truncation,platform/api,synthetic,semi,files,5,27,3,0.1111,0.6,0.1875,313,404,1.29,0.0181430000338878,27
gen_platform_api_004,naive_truncation,platform/api,synthetic,semi,errors,3,27,2,0.0741,0.6667,0.1333,313,404,1.29,0.0181430000338878,27
gen_platform_api_004,naive_summary,platform/api,synthetic,semi,completed_tasks,6,18,1,0.0556,0.1667,0.0833,178,404,2.27,0.05997500011289958,18
gen_platform_api_004,naive_summary,platform/api,synthetic,semi,pending_tasks,2,18,2,0.1111,1.0,0.2,178,404,2.27,0.05997500011289958,18
gen_platform_api_004,naive_summary,platform/api,synthetic,semi,decisions,5,18,1,0.0556,0.2,0.087,178,404,2.27,0.05997500011289958,18
gen_platform_api_004,naive_summary,platform/api,synthetic,semi,files,5,18,3,0.1667,0.6,0.2609,178,404,2.27,0.05997500011289958,18
gen_platform_api_004,naive_summary,platform/api,synthetic,semi,errors,3,18,2,0.1111,0.6667,0.1905,178,404,2.27,0.05997500011289958,18
gen_platform_api_005,tokenmizer_v0.5.2,platform/api,synthetic,semi,completed_tasks,7,7,7,1.0,1.0,1.0,177,386,2.18,289.03835099981734,18
gen_platform_api_005,tokenmizer_v0.5.2,platform/api,synthetic,semi,pending_tasks,4,4,4,1.0,1.0,1.0,177,386,2.18,289.03835099981734,18
gen_platform_api_005,tokenmizer_v0.5.2,platform/api,synthetic,semi,decisions,2,2,2,1.0,1.0,1.0,177,386,2.18,289.03835099981734,18
gen_platform_api_005,tokenmizer_v0.5.2,platform/api,synthetic,semi,files,5,5,5,1.0,1.0,1.0,177,386,2.18,289.03835099981734,18
gen_platform_api_005,graphiti_style,platform/api,synthetic,semi,completed_tasks,7,3,3,1.0,0.4286,0.6,132,386,2.92,1.3073700001768884,13
gen_platform_api_005,graphiti_style,platform/api,synthetic,semi,pending_tasks,4,1,1,1.0,0.25,0.4,132,386,2.92,1.3073700001768884,13
gen_platform_api_005,graphiti_style,platform/api,synthetic,semi,decisions,2,3,2,0.6667,1.0,0.8,132,386,2.92,1.3073700001768884,13
gen_platform_api_005,graphiti_style,platform/api,synthetic,semi,files,5,5,5,1.0,1.0,1.0,132,386,2.92,1.3073700001768884,13
gen_platform_api_005,graphiti_style,platform/api,synthetic,semi,errors,0,1,0,0.0,1.0,0.0,132,386,2.92,1.3073700001768884,13
gen_platform_api_005,graphrag_style,platform/api,synthetic,semi,completed_tasks,7,0,0,1.0,0.0,0.0,70,386,5.51,0.7208669999272388,8
gen_platform_api_005,graphrag_style,platform/api,synthetic,semi,pending_tasks,4,0,0,1.0,0.0,0.0,70,386,5.51,0.7208669999272388,8
gen_platform_api_005,graphrag_style,platform/api,synthetic,semi,decisions,2,2,2,1.0,1.0,1.0,70,386,5.51,0.7208669999272388,8
gen_platform_api_005,graphrag_style,platform/api,synthetic,semi,files,5,5,5,1.0,1.0,1.0,70,386,5.51,0.7208669999272388,8
gen_platform_api_005,graphrag_style,platform/api,synthetic,semi,errors,0,1,0,0.0,1.0,0.0,70,386,5.51,0.7208669999272388,8
gen_platform_api_005,mem0_style,platform/api,synthetic,semi,completed_tasks,7,3,3,1.0,0.4286,0.6,131,386,2.95,1.2742280000566097,13
gen_platform_api_005,mem0_style,platform/api,synthetic,semi,pending_tasks,4,1,1,1.0,0.25,0.4,131,386,2.95,1.2742280000566097,13
gen_platform_api_005,mem0_style,platform/api,synthetic,semi,decisions,2,3,2,0.6667,1.0,0.8,131,386,2.95,1.2742280000566097,13
gen_platform_api_005,mem0_style,platform/api,synthetic,semi,files,5,5,5,1.0,1.0,1.0,131,386,2.95,1.2742280000566097,13
gen_platform_api_005,mem0_style,platform/api,synthetic,semi,errors,0,1,0,0.0,1.0,0.0,131,386,2.95,1.2742280000566097,13
gen_platform_api_005,memgpt_style,platform/api,synthetic,semi,completed_tasks,7,1,1,1.0,0.1429,0.25,45,386,8.58,0.8035660002860823,5
gen_platform_api_005,memgpt_style,platform/api,synthetic,semi,pending_tasks,4,0,0,1.0,0.0,0.0,45,386,8.58,0.8035660002860823,5
gen_platform_api_005,memgpt_style,platform/api,synthetic,semi,decisions,2,1,1,1.0,0.5,0.6667,45,386,8.58,0.8035660002860823,5
gen_platform_api_005,memgpt_style,platform/api,synthetic,semi,files,5,3,3,1.0,0.6,0.75,45,386,8.58,0.8035660002860823,5
gen_platform_api_005,sliding_window_10,platform/api,synthetic,semi,completed_tasks,7,11,1,0.0909,0.1429,0.1111,110,386,3.51,0.0049810000746219885,11
gen_platform_api_005,sliding_window_10,platform/api,synthetic,semi,pending_tasks,4,11,1,0.0909,0.25,0.1333,110,386,3.51,0.0049810000746219885,11
gen_platform_api_005,sliding_window_10,platform/api,synthetic,semi,decisions,2,11,1,0.0909,0.5,0.1538,110,386,3.51,0.0049810000746219885,11
gen_platform_api_005,sliding_window_10,platform/api,synthetic,semi,files,5,11,3,0.2727,0.6,0.375,110,386,3.51,0.0049810000746219885,11
gen_platform_api_005,sliding_window_10,platform/api,synthetic,semi,errors,0,11,0,0.0,1.0,0.0,110,386,3.51,0.0049810000746219885,11
gen_platform_api_005,naive_truncation,platform/api,synthetic,semi,completed_tasks,7,27,5,0.1852,0.7143,0.2941,307,386,1.26,0.021425999875646085,27
gen_platform_api_005,naive_truncation,platform/api,synthetic,semi,pending_tasks,4,27,3,0.1111,0.75,0.1935,307,386,1.26,0.021425999875646085,27
gen_platform_api_005,naive_truncation,platform/api,synthetic,semi,decisions,2,27,2,0.0741,1.0,0.1379,307,386,1.26,0.021425999875646085,27
gen_platform_api_005,naive_truncation,platform/api,synthetic,semi,files,5,27,5,0.1852,1.0,0.3125,307,386,1.26,0.021425999875646085,27
gen_platform_api_005,naive_truncation,platform/api,synthetic,semi,errors,0,27,0,0.0,1.0,0.0,307,386,1.26,0.021425999875646085,27
gen_platform_api_005,naive_summary,platform/api,synthetic,semi,completed_tasks,7,16,3,0.1875,0.4286,0.2609,192,386,2.01,0.03188700020473334,16
gen_platform_api_005,naive_summary,platform/api,synthetic,semi,pending_tasks,4,16,3,0.1875,0.75,0.3,192,386,2.01,0.03188700020473334,16
gen_platform_api_005,naive_summary,platform/api,synthetic,semi,decisions,2,16,0,0.0,0.0,0.0,192,386,2.01,0.03188700020473334,16
gen_platform_api_005,naive_summary,platform/api,synthetic,semi,files,5,16,1,0.0625,0.2,0.0952,192,386,2.01,0.03188700020473334,16
gen_platform_api_005,naive_summary,platform/api,synthetic,semi,errors,0,16,0,0.0,1.0,0.0,192,386,2.01,0.03188700020473334,16
gen_product_analytics_001,tokenmizer_v0.5.2,product/analytics,synthetic,mixed,completed_tasks,5,5,5,1.0,1.0,1.0,186,408,2.19,309.03786799990485,15
gen_product_analytics_001,tokenmizer_v0.5.2,product/analytics,synthetic,mixed,pending_tasks,3,3,3,1.0,1.0,1.0,186,408,2.19,309.03786799990485,15
gen_product_analytics_001,tokenmizer_v0.5.2,product/analytics,synthetic,mixed,decisions,4,4,4,1.0,1.0,1.0,186,408,2.19,309.03786799990485,15
gen_product_analytics_001,tokenmizer_v0.5.2,product/analytics,synthetic,mixed,files,2,2,2,1.0,1.0,1.0,186,408,2.19,309.03786799990485,15
gen_product_analytics_001,tokenmizer_v0.5.2,product/analytics,synthetic,mixed,errors,2,1,1,1.0,0.5,0.6667,186,408,2.19,309.03786799990485,15
gen_product_analytics_001,graphiti_style,product/analytics,synthetic,mixed,completed_tasks,5,2,2,1.0,0.4,0.5714,91,408,4.48,1.4518479997605027,9
gen_product_analytics_001,graphiti_style,product/analytics,synthetic,mixed,pending_tasks,3,0,0,1.0,0.0,0.0,91,408,4.48,1.4518479997605027,9
gen_product_analytics_001,graphiti_style,product/analytics,synthetic,mixed,decisions,4,4,2,0.5,0.5,0.5,91,408,4.48,1.4518479997605027,9
gen_product_analytics_001,graphiti_style,product/analytics,synthetic,mixed,files,2,2,1,0.5,0.5,0.5,91,408,4.48,1.4518479997605027,9
gen_product_analytics_001,graphiti_style,product/analytics,synthetic,mixed,errors,2,1,1,1.0,0.5,0.6667,91,408,4.48,1.4518479997605027,9
gen_product_analytics_001,graphrag_style,product/analytics,synthetic,mixed,completed_tasks,5,1,1,1.0,0.2,0.3333,71,408,5.75,0.7348760000240873,7
gen_product_analytics_001,graphrag_style,product/analytics,synthetic,mixed,pending_tasks,3,0,0,1.0,0.0,0.0,71,408,5.75,0.7348760000240873,7
gen_product_analytics_001,graphrag_style,product/analytics,synthetic,mixed,decisions,4,3,2,0.6667,0.5,0.5714,71,408,5.75,0.7348760000240873,7
gen_product_analytics_001,graphrag_style,product/analytics,synthetic,mixed,files,2,2,1,0.5,0.5,0.5,71,408,5.75,0.7348760000240873,7
gen_product_analytics_001,graphrag_style,product/analytics,synthetic,mixed,errors,2,1,1,1.0,0.5,0.6667,71,408,5.75,0.7348760000240873,7
gen_product_analytics_001,mem0_style,product/analytics,synthetic,mixed,completed_tasks,5,2,2,1.0,0.4,0.5714,90,408,4.53,1.273953999771038,9
gen_product_analytics_001,mem0_style,product/analytics,synthetic,mixed,pending_tasks,3,0,0,1.0,0.0,0.0,90,408,4.53,1.273953999771038,9
gen_product_analytics_001,mem0_style,product/analytics,synthetic,mixed,decisions,4,4,2,0.5,0.5,0.5,90,408,4.53,1.273953999771038,9
gen_product_analytics_001,mem0_style,product/analytics,synthetic,mixed,files,2,2,1,0.5,0.5,0.5,90,408,4.53,1.273953999771038,9
gen_product_analytics_001,mem0_style,product/analytics,synthetic,mixed,errors,2,1,1,1.0,0.5,0.6667,90,408,4.53,1.273953999771038,9
gen_product_analytics_001,memgpt_style,product/analytics,synthetic,mixed,completed_tasks,5,0,0,1.0,0.0,0.0,25,408,16.32,0.6227509998097958,2
gen_product_analytics_001,memgpt_style,product/analytics,synthetic,mixed,pending_tasks,3,0,0,1.0,0.0,0.0,25,408,16.32,0.6227509998097958,2
gen_product_analytics_001,memgpt_style,product/analytics,synthetic,mixed,decisions,4,0,0,1.0,0.0,0.0,25,408,16.32,0.6227509998097958,2
gen_product_analytics_001,memgpt_style,product/analytics,synthetic,mixed,files,2,1,1,1.0,0.5,0.6667,25,408,16.32,0.6227509998097958,2
gen_product_analytics_001,memgpt_style,product/analytics,synthetic,mixed,errors,2,1,1,1.0,0.5,0.6667,25,408,16.32,0.6227509998097958,2
gen_product_analytics_001,sliding_window_10,product/analytics,synthetic,mixed,completed_tasks,5,13,1,0.0769,0.2,0.1111,207,408,1.97,0.0036279998312238604,13
gen_product_analytics_001,sliding_window_10,product/analytics,synthetic,mixed,pending_tasks,3,13,3,0.2308,1.0,0.375,207,408,1.97,0.0036279998312238604,13
gen_product_analytics_001,sliding_window_10,product/analytics,synthetic,mixed,decisions,4,13,1,0.0769,0.25,0.1176,207,408,1.97,0.0036279998312238604,13
gen_product_analytics_001,sliding_window_10,product/analytics,synthetic,mixed,files,2,13,1,0.0769,0.5,0.1333,207,408,1.97,0.0036279998312238604,13
gen_product_analytics_001,sliding_window_10,product/analytics,synthetic,mixed,errors,2,13,2,0.1538,1.0,0.2667,207,408,1.97,0.0036279998312238604,13
gen_product_analytics_001,naive_truncation,product/analytics,synthetic,mixed,completed_tasks,5,21,2,0.0952,0.4,0.1538,310,408,1.32,0.014188000022841152,21
gen_product_analytics_001,naive_truncation,product/analytics,synthetic,mixed,pending_tasks,3,21,3,0.1429,1.0,0.25,310,408,1.32,0.014188000022841152,21
gen_product_analytics_001,naive_truncation,product/analytics,synthetic,mixed,decisions,4,21,3,0.1429,0.75,0.24,310,408,1.32,0.014188000022841152,21
gen_product_analytics_001,naive_truncation,product/analytics,synthetic,mixed,files,2,21,2,0.0952,1.0,0.1739,310,408,1.32,0.014188000022841152,21
gen_product_analytics_001,naive_truncation,product/analytics,synthetic,mixed,errors,2,21,2,0.0952,1.0,0.1739,310,408,1.32,0.014188000022841152,21
gen_product_analytics_001,naive_summary,product/analytics,synthetic,mixed,completed_tasks,5,16,3,0.1875,0.6,0.2857,190,408,2.15,0.04007600000477396,16
gen_product_analytics_001,naive_summary,product/analytics,synthetic,mixed,pending_tasks,3,16,0,0.0,0.0,0.0,190,408,2.15,0.04007600000477396,16
gen_product_analytics_001,naive_summary,product/analytics,synthetic,mixed,decisions,4,16,3,0.1875,0.75,0.3,190,408,2.15,0.04007600000477396,16
gen_product_analytics_001,naive_summary,product/analytics,synthetic,mixed,files,2,16,1,0.0625,0.5,0.1111,190,408,2.15,0.04007600000477396,16
gen_product_analytics_001,naive_summary,product/analytics,synthetic,mixed,errors,2,16,0,0.0,0.0,0.0,190,408,2.15,0.04007600000477396,16
gen_product_analytics_002,tokenmizer_v0.5.2,product/analytics,synthetic,mixed,completed_tasks,4,4,4,1.0,1.0,1.0,187,406,2.17,287.0517060000566,16
gen_product_analytics_002,tokenmizer_v0.5.2,product/analytics,synthetic,mixed,pending_tasks,1,1,1,1.0,1.0,1.0,187,406,2.17,287.0517060000566,16
gen_product_analytics_002,tokenmizer_v0.5.2,product/analytics,synthetic,mixed,decisions,4,4,4,1.0,1.0,1.0,187,406,2.17,287.0517060000566,16
gen_product_analytics_002,tokenmizer_v0.5.2,product/analytics,synthetic,mixed,files,4,4,4,1.0,1.0,1.0,187,406,2.17,287.0517060000566,16
gen_product_analytics_002,tokenmizer_v0.5.2,product/analytics,synthetic,mixed,errors,3,3,3,1.0,1.0,1.0,187,406,2.17,287.0517060000566,16
gen_product_analytics_002,graphiti_style,product/analytics,synthetic,mixed,completed_tasks,4,3,1,0.3333,0.25,0.2857,85,406,4.78,1.3058339995950519,10
gen_product_analytics_002,graphiti_style,product/analytics,synthetic,mixed,pending_tasks,1,1,0,0.0,0.0,0.0,85,406,4.78,1.3058339995950519,10
gen_product_analytics_002,graphiti_style,product/analytics,synthetic,mixed,decisions,4,1,0,0.0,0.0,0.0,85,406,4.78,1.3058339995950519,10
gen_product_analytics_002,graphiti_style,product/analytics,synthetic,mixed,files,4,3,2,0.6667,0.5,0.5714,85,406,4.78,1.3058339995950519,10
gen_product_analytics_002,graphiti_style,product/analytics,synthetic,mixed,errors,3,2,2,1.0,0.6667,0.8,85,406,4.78,1.3058339995950519,10
gen_product_analytics_002,graphrag_style,product/analytics,synthetic,mixed,completed_tasks,4,1,1,1.0,0.25,0.4,60,406,6.77,0.8612000001448905,7
gen_product_analytics_002,graphrag_style,product/analytics,synthetic,mixed,pending_tasks,1,1,0,0.0,0.0,0.0,60,406,6.77,0.8612000001448905,7
gen_product_analytics_002,graphrag_style,product/analytics,synthetic,mixed,decisions,4,1,0,0.0,0.0,0.0,60,406,6.77,0.8612000001448905,7
gen_product_analytics_002,graphrag_style,product/analytics,synthetic,mixed,files,4,3,2,0.6667,0.5,0.5714,60,406,6.77,0.8612000001448905,7
gen_product_analytics_002,graphrag_style,product/analytics,synthetic,mixed,errors,3,1,1,1.0,0.3333,0.5,60,406,6.77,0.8612000001448905,7
gen_product_analytics_002,mem0_style,product/analytics,synthetic,mixed,completed_tasks,4,3,1,0.3333,0.25,0.2857,84,406,4.83,1.3802050002595934,10
gen_product_analytics_002,mem0_style,product/analytics,synthetic,mixed,pending_tasks,1,1,0,0.0,0.0,0.0,84,406,4.83,1.3802050002595934,10
gen_product_analytics_002,mem0_style,product/analytics,synthetic,mixed,decisions,4,1,0,0.0,0.0,0.0,84,406,4.83,1.3802050002595934,10
gen_product_analytics_002,mem0_style,product/analytics,synthetic,mixed,files,4,3,2,0.6667,0.5,0.5714,84,406,4.83,1.3802050002595934,10
gen_product_analytics_002,mem0_style,product/analytics,synthetic,mixed,errors,3,2,2,1.0,0.6667,0.8,84,406,4.83,1.3802050002595934,10
gen_product_analytics_002,memgpt_style,product/analytics,synthetic,mixed,completed_tasks,4,1,1,1.0,0.25,0.4,43,406,9.44,0.5137980001563847,4
gen_product_analytics_002,memgpt_style,product/analytics,synthetic,mixed,pending_tasks,1,0,0,1.0,0.0,0.0,43,406,9.44,0.5137980001563847,4
gen_product_analytics_002,memgpt_style,product/analytics,synthetic,mixed,decisions,4,1,0,0.0,0.0,0.0,43,406,9.44,0.5137980001563847,4
gen_product_analytics_002,memgpt_style,product/analytics,synthetic,mixed,files,4,1,0,0.0,0.0,0.0,43,406,9.44,0.5137980001563847,4
gen_product_analytics_002,memgpt_style,product/analytics,synthetic,mixed,errors,3,1,1,1.0,0.3333,0.5,43,406,9.44,0.5137980001563847,4
gen_product_analytics_002,sliding_window_10,product/analytics,synthetic,mixed,completed_tasks,4,12,2,0.1667,0.5,0.25,176,406,2.31,0.003203000233042985,12
gen_product_analytics_002,sliding_window_10,product/analytics,synthetic,mixed,pending_tasks,1,12,1,0.0833,1.0,0.1538,176,406,2.31,0.003203000233042985,12
gen_product_analytics_002,sliding_window_10,product/analytics,synthetic,mixed,decisions,4,12,1,0.0833,0.25,0.125,176,406,2.31,0.003203000233042985,12
gen_product_analytics_002,sliding_window_10,product/analytics,synthetic,mixed,files,4,12,1,0.0833,0.25,0.125,176,406,2.31,0.003203000233042985,12
gen_product_analytics_002,sliding_window_10,product/analytics,synthetic,mixed,errors,3,12,2,0.1667,0.6667,0.2667,176,406,2.31,0.003203000233042985,12
gen_product_analytics_002,naive_truncation,product/analytics,synthetic,mixed,completed_tasks,4,21,3,0.1429,0.75,0.24,308,406,1.32,0.015102999896043912,21
gen_product_analytics_002,naive_truncation,product/analytics,synthetic,mixed,pending_tasks,1,21,1,0.0476,1.0,0.0909,308,406,1.32,0.015102999896043912,21
gen_product_analytics_002,naive_truncation,product/analytics,synthetic,mixed,decisions,4,21,3,0.1429,0.75,0.24,308,406,1.32,0.015102999896043912,21
gen_product_analytics_002,naive_truncation,product/analytics,synthetic,mixed,files,4,21,3,0.1429,0.75,0.24,308,406,1.32,0.015102999896043912,21
gen_product_analytics_002,naive_truncation,product/analytics,synthetic,mixed,errors,3,21,3,0.1429,1.0,0.25,308,406,1.32,0.015102999896043912,21
gen_product_analytics_002,naive_summary,product/analytics,synthetic,mixed,completed_tasks,4,14,1,0.0714,0.25,0.1111,198,406,2.05,0.04792500021721935,14
gen_product_analytics_002,naive_summary,product/analytics,synthetic,mixed,pending_tasks,1,14,0,0.0,0.0,0.0,198,406,2.05,0.04792500021721935,14
gen_product_analytics_002,naive_summary,product/analytics,synthetic,mixed,decisions,4,14,3,0.2143,0.75,0.3333,198,406,2.05,0.04792500021721935,14
gen_product_analytics_002,naive_summary,product/analytics,synthetic,mixed,files,4,14,3,0.2143,0.75,0.3333,198,406,2.05,0.04792500021721935,14
gen_product_analytics_002,naive_summary,product/analytics,synthetic,mixed,errors,3,14,0,0.0,0.0,0.0,198,406,2.05,0.04792500021721935,14
gen_product_analytics_003,tokenmizer_v0.5.2,product/analytics,synthetic,mixed,completed_tasks,4,4,4,1.0,1.0,1.0,149,300,2.01,272.4941680003212,13
gen_product_analytics_003,tokenmizer_v0.5.2,product/analytics,synthetic,mixed,pending_tasks,2,1,1,1.0,0.5,0.6667,149,300,2.01,272.4941680003212,13
gen_product_analytics_003,tokenmizer_v0.5.2,product/analytics,synthetic,mixed,decisions,2,2,2,1.0,1.0,1.0,149,300,2.01,272.4941680003212,13
gen_product_analytics_003,tokenmizer_v0.5.2,product/analytics,synthetic,mixed,files,4,4,4,1.0,1.0,1.0,149,300,2.01,272.4941680003212,13
gen_product_analytics_003,tokenmizer_v0.5.2,product/analytics,synthetic,mixed,errors,2,2,2,1.0,1.0,1.0,149,300,2.01,272.4941680003212,13
gen_product_analytics_003,graphiti_style,product/analytics,synthetic,mixed,completed_tasks,4,2,1,0.5,0.25,0.3333,118,300,2.54,1.0046919996966608,12
gen_product_analytics_003,graphiti_style,product/analytics,synthetic,mixed,pending_tasks,2,2,1,0.5,0.5,0.5,118,300,2.54,1.0046919996966608,12
gen_product_analytics_003,graphiti_style,product/analytics,synthetic,mixed,decisions,2,2,2,1.0,1.0,1.0,118,300,2.54,1.0046919996966608,12
gen_product_analytics_003,graphiti_style,product/analytics,synthetic,mixed,files,4,4,3,0.75,0.75,0.75,118,300,2.54,1.0046919996966608,12
gen_product_analytics_003,graphiti_style,product/analytics,synthetic,mixed,errors,2,2,2,1.0,1.0,1.0,118,300,2.54,1.0046919996966608,12
gen_product_analytics_003,graphrag_style,product/analytics,synthetic,mixed,completed_tasks,4,0,0,1.0,0.0,0.0,99,300,3.03,0.6006120001984527,10
gen_product_analytics_003,graphrag_style,product/analytics,synthetic,mixed,pending_tasks,2,2,1,0.5,0.5,0.5,99,300,3.03,0.6006120001984527,10
gen_product_analytics_003,graphrag_style,product/analytics,synthetic,mixed,decisions,2,2,2,1.0,1.0,1.0,99,300,3.03,0.6006120001984527,10
gen_product_analytics_003,graphrag_style,product/analytics,synthetic,mixed,files,4,4,3,0.75,0.75,0.75,99,300,3.03,0.6006120001984527,10
gen_product_analytics_003,graphrag_style,product/analytics,synthetic,mixed,errors,2,2,2,1.0,1.0,1.0,99,300,3.03,0.6006120001984527,10
gen_product_analytics_003,mem0_style,product/analytics,synthetic,mixed,completed_tasks,4,2,1,0.5,0.25,0.3333,117,300,2.56,1.053340999987995,12
gen_product_analytics_003,mem0_style,product/analytics,synthetic,mixed,pending_tasks,2,2,1,0.5,0.5,0.5,117,300,2.56,1.053340999987995,12
gen_product_analytics_003,mem0_style,product/analytics,synthetic,mixed,decisions,2,2,2,1.0,1.0,1.0,117,300,2.56,1.053340999987995,12
gen_product_analytics_003,mem0_style,product/analytics,synthetic,mixed,files,4,4,3,0.75,0.75,0.75,117,300,2.56,1.053340999987995,12
gen_product_analytics_003,mem0_style,product/analytics,synthetic,mixed,errors,2,2,2,1.0,1.0,1.0,117,300,2.56,1.053340999987995,12
gen_product_analytics_003,memgpt_style,product/analytics,synthetic,mixed,completed_tasks,4,1,1,1.0,0.25,0.4,70,300,4.29,0.437039000189543,5
gen_product_analytics_003,memgpt_style,product/analytics,synthetic,mixed,pending_tasks,2,1,1,1.0,0.5,0.6667,70,300,4.29,0.437039000189543,5
gen_product_analytics_003,memgpt_style,product/analytics,synthetic,mixed,decisions,2,1,1,1.0,0.5,0.6667,70,300,4.29,0.437039000189543,5
gen_product_analytics_003,memgpt_style,product/analytics,synthetic,mixed,files,4,1,1,1.0,0.25,0.4,70,300,4.29,0.437039000189543,5
gen_product_analytics_003,memgpt_style,product/analytics,synthetic,mixed,errors,2,1,1,1.0,0.5,0.6667,70,300,4.29,0.437039000189543,5
gen_product_analytics_003,sliding_window_10,product/analytics,synthetic,mixed,completed_tasks,4,12,2,0.1667,0.5,0.25,151,300,1.99,0.0028689996725006495,12
gen_product_analytics_003,sliding_window_10,product/analytics,synthetic,mixed,pending_tasks,2,12,2,0.1667,1.0,0.2857,151,300,1.99,0.0028689996725006495,12
gen_product_analytics_003,sliding_window_10,product/analytics,synthetic,mixed,decisions,2,12,1,0.0833,0.5,0.1429,151,300,1.99,0.0028689996725006495,12
gen_product_analytics_003,sliding_window_10,product/analytics,synthetic,mixed,files,4,12,1,0.0833,0.25,0.125,151,300,1.99,0.0028689996725006495,12
gen_product_analytics_003,sliding_window_10,product/analytics,synthetic,mixed,errors,2,12,1,0.0833,0.5,0.1429,151,300,1.99,0.0028689996725006495,12
gen_product_analytics_003,naive_truncation,product/analytics,synthetic,mixed,completed_tasks,4,27,4,0.1481,1.0,0.2581,313,300,0.96,0.015934999737510225,27
gen_product_analytics_003,naive_truncation,product/analytics,synthetic,mixed,pending_tasks,2,27,2,0.0741,1.0,0.1379,313,300,0.96,0.015934999737510225,27
gen_product_analytics_003,naive_truncation,product/analytics,synthetic,mixed,decisions,2,27,2,0.0741,1.0,0.1379,313,300,0.96,0.015934999737510225,27
gen_product_analytics_003,naive_truncation,product/analytics,synthetic,mixed,files,4,27,4,0.1481,1.0,0.2581,313,300,0.96,0.015934999737510225,27
gen_product_analytics_003,naive_truncation,product/analytics,synthetic,mixed,errors,2,27,2,0.0741,1.0,0.1379,313,300,0.96,0.015934999737510225,27
gen_product_analytics_003,naive_summary,product/analytics,synthetic,mixed,completed_tasks,4,18,3,0.1667,0.75,0.2727,198,300,1.52,0.044969000100536505,18
gen_product_analytics_003,naive_summary,product/analytics,synthetic,mixed,pending_tasks,2,18,0,0.0,0.0,0.0,198,300,1.52,0.044969000100536505,18
gen_product_analytics_003,naive_summary,product/analytics,synthetic,mixed,decisions,2,18,1,0.0556,0.5,0.1,198,300,1.52,0.044969000100536505,18
gen_product_analytics_003,naive_summary,product/analytics,synthetic,mixed,files,4,18,3,0.1667,0.75,0.2727,198,300,1.52,0.044969000100536505,18
gen_product_analytics_003,naive_summary,product/analytics,synthetic,mixed,errors,2,18,1,0.0556,0.5,0.1,198,300,1.52,0.044969000100536505,18
gen_product_analytics_004,tokenmizer_v0.5.2,product/analytics,synthetic,mixed,completed_tasks,5,5,5,1.0,1.0,1.0,193,438,2.27,287.0163049997245,16
gen_product_analytics_004,tokenmizer_v0.5.2,product/analytics,synthetic,mixed,pending_tasks,3,2,2,1.0,0.6667,0.8,193,438,2.27,287.0163049997245,16
gen_product_analytics_004,tokenmizer_v0.5.2,product/analytics,synthetic,mixed,decisions,4,4,4,1.0,1.0,1.0,193,438,2.27,287.0163049997245,16
gen_product_analytics_004,tokenmizer_v0.5.2,product/analytics,synthetic,mixed,files,4,4,4,1.0,1.0,1.0,193,438,2.27,287.0163049997245,16
gen_product_analytics_004,tokenmizer_v0.5.2,product/analytics,synthetic,mixed,errors,2,1,1,1.0,0.5,0.6667,193,438,2.27,287.0163049997245,16
gen_product_analytics_004,graphiti_style,product/analytics,synthetic,mixed,completed_tasks,5,4,4,1.0,0.8,0.8889,163,438,2.69,1.4485740002783132,14
gen_product_analytics_004,graphiti_style,product/analytics,synthetic,mixed,pending_tasks,3,2,2,1.0,0.6667,0.8,163,438,2.69,1.4485740002783132,14
gen_product_analytics_004,graphiti_style,product/analytics,synthetic,mixed,decisions,4,3,3,1.0,0.75,0.8571,163,438,2.69,1.4485740002783132,14
gen_product_analytics_004,graphiti_style,product/analytics,synthetic,mixed,files,4,4,4,1.0,1.0,1.0,163,438,2.69,1.4485740002783132,14
gen_product_analytics_004,graphiti_style,product/analytics,synthetic,mixed,errors,2,1,1,1.0,0.5,0.6667,163,438,2.69,1.4485740002783132,14
gen_product_analytics_004,graphrag_style,product/analytics,synthetic,mixed,completed_tasks,5,1,1,1.0,0.2,0.3333,101,438,4.34,0.8941650003180257,10
gen_product_analytics_004,graphrag_style,product/analytics,synthetic,mixed,pending_tasks,3,2,2,1.0,0.6667,0.8,101,438,4.34,0.8941650003180257,10
gen_product_analytics_004,graphrag_style,product/analytics,synthetic,mixed,decisions,4,3,3,1.0,0.75,0.8571,101,438,4.34,0.8941650003180257,10
gen_product_analytics_004,graphrag_style,product/analytics,synthetic,mixed,files,4,4,4,1.0,1.0,1.0,101,438,4.34,0.8941650003180257,10
gen_product_analytics_004,graphrag_style,product/analytics,synthetic,mixed,errors,2,0,0,1.0,0.0,0.0,101,438,4.34,0.8941650003180257,10
gen_product_analytics_004,mem0_style,product/analytics,synthetic,mixed,completed_tasks,5,4,4,1.0,0.8,0.8889,162,438,2.7,1.3605060003101244,14
gen_product_analytics_004,mem0_style,product/analytics,synthetic,mixed,pending_tasks,3,2,2,1.0,0.6667,0.8,162,438,2.7,1.3605060003101244,14
gen_product_analytics_004,mem0_style,product/analytics,synthetic,mixed,decisions,4,3,3,1.0,0.75,0.8571,162,438,2.7,1.3605060003101244,14
gen_product_analytics_004,mem0_style,product/analytics,synthetic,mixed,files,4,4,4,1.0,1.0,1.0,162,438,2.7,1.3605060003101244,14
gen_product_analytics_004,mem0_style,product/analytics,synthetic,mixed,errors,2,1,1,1.0,0.5,0.6667,162,438,2.7,1.3605060003101244,14
gen_product_analytics_004,memgpt_style,product/analytics,synthetic,mixed,completed_tasks,5,2,2,1.0,0.4,0.5714,78,438,5.62,0.5296899998938898,6
gen_product_analytics_004,memgpt_style,product/analytics,synthetic,mixed,pending_tasks,3,0,0,1.0,0.0,0.0,78,438,5.62,0.5296899998938898,6
gen_product_analytics_004,memgpt_style,product/analytics,synthetic,mixed,decisions,4,2,2,1.0,0.5,0.6667,78,438,5.62,0.5296899998938898,6
gen_product_analytics_004,memgpt_style,product/analytics,synthetic,mixed,files,4,2,2,1.0,0.5,0.6667,78,438,5.62,0.5296899998938898,6
gen_product_analytics_004,memgpt_style,product/analytics,synthetic,mixed,errors,2,0,0,1.0,0.0,0.0,78,438,5.62,0.5296899998938898,6
gen_product_analytics_004,sliding_window_10,product/analytics,synthetic,mixed,completed_tasks,5,13,3,0.2308,0.6,0.3333,191,438,2.29,0.004377000095701078,13
gen_product_analytics_004,sliding_window_10,product/analytics,synthetic,mixed,pending_tasks,3,13,1,0.0769,0.3333,0.125,191,438,2.29,0.004377000095701078,13
gen_product_analytics_004,sliding_window_10,product/analytics,synthetic,mixed,decisions,4,13,2,0.1538,0.5,0.2353,191,438,2.29,0.004377000095701078,13
gen_product_analytics_004,sliding_window_10,product/analytics,synthetic,mixed,files,4,13,2,0.1538,0.5,0.2353,191,438,2.29,0.004377000095701078,13
gen_product_analytics_004,sliding_window_10,product/analytics,synthetic,mixed,errors,2,13,0,0.0,0.0,0.0,191,438,2.29,0.004377000095701078,13
gen_product_analytics_004,naive_truncation,product/analytics,synthetic,mixed,completed_tasks,5,22,4,0.1818,0.8,0.2963,313,438,1.4,0.014882999948895304,22
gen_product_analytics_004,naive_truncation,product/analytics,synthetic,mixed,pending_tasks,3,22,2,0.0909,0.6667,0.16,313,438,1.4,0.014882999948895304,22
gen_product_analytics_004,naive_truncation,product/analytics,synthetic,mixed,decisions,4,22,2,0.0909,0.5,0.1538,313,438,1.4,0.014882999948895304,22
gen_product_analytics_004,naive_truncation,product/analytics,synthetic,mixed,files,4,22,4,0.1818,1.0,0.3077,313,438,1.4,0.014882999948895304,22
gen_product_analytics_004,naive_truncation,product/analytics,synthetic,mixed,errors,2,22,1,0.0455,0.5,0.0833,313,438,1.4,0.014882999948895304,22
gen_product_analytics_004,naive_summary,product/analytics,synthetic,mixed,completed_tasks,5,13,1,0.0769,0.2,0.1111,188,438,2.33,0.0689409998813062,13
gen_product_analytics_004,naive_summary,product/analytics,synthetic,mixed,pending_tasks,3,13,1,0.0769,0.3333,0.125,188,438,2.33,0.0689409998813062,13
gen_product_analytics_004,naive_summary,product/analytics,synthetic,mixed,decisions,4,13,2,0.1538,0.5,0.2353,188,438,2.33,0.0689409998813062,13
gen_product_analytics_004,naive_summary,product/analytics,synthetic,mixed,files,4,13,0,0.0,0.0,0.0,188,438,2.33,0.0689409998813062,13
gen_product_analytics_004,naive_summary,product/analytics,synthetic,mixed,errors,2,13,2,0.1538,1.0,0.2667,188,438,2.33,0.0689409998813062,13
gen_product_analytics_005,tokenmizer_v0.5.2,product/analytics,synthetic,mixed,completed_tasks,6,6,6,1.0,1.0,1.0,213,427,2.0,285.7100530000025,20
gen_product_analytics_005,tokenmizer_v0.5.2,product/analytics,synthetic,mixed,pending_tasks,3,3,3,1.0,1.0,1.0,213,427,2.0,285.7100530000025,20
gen_product_analytics_005,tokenmizer_v0.5.2,product/analytics,synthetic,mixed,decisions,6,6,6,1.0,1.0,1.0,213,427,2.0,285.7100530000025,20
gen_product_analytics_005,tokenmizer_v0.5.2,product/analytics,synthetic,mixed,files,5,5,5,1.0,1.0,1.0,213,427,2.0,285.7100530000025,20
gen_product_analytics_005,graphiti_style,product/analytics,synthetic,mixed,completed_tasks,6,4,3,0.75,0.5,0.6,128,427,3.34,1.4238359999581007,15
gen_product_analytics_005,graphiti_style,product/analytics,synthetic,mixed,pending_tasks,3,2,1,0.5,0.3333,0.4,128,427,3.34,1.4238359999581007,15
gen_product_analytics_005,graphiti_style,product/analytics,synthetic,mixed,decisions,6,5,4,0.8,0.6667,0.7273,128,427,3.34,1.4238359999581007,15
gen_product_analytics_005,graphiti_style,product/analytics,synthetic,mixed,files,5,4,4,1.0,0.8,0.8889,128,427,3.34,1.4238359999581007,15
gen_product_analytics_005,graphrag_style,product/analytics,synthetic,mixed,completed_tasks,6,1,1,1.0,0.1667,0.2857,98,427,4.36,0.7539439998254238,11
gen_product_analytics_005,graphrag_style,product/analytics,synthetic,mixed,pending_tasks,3,2,1,0.5,0.3333,0.4,98,427,4.36,0.7539439998254238,11
gen_product_analytics_005,graphrag_style,product/analytics,synthetic,mixed,decisions,6,4,4,1.0,0.6667,0.8,98,427,4.36,0.7539439998254238,11
gen_product_analytics_005,graphrag_style,product/analytics,synthetic,mixed,files,5,4,4,1.0,0.8,0.8889,98,427,4.36,0.7539439998254238,11
gen_product_analytics_005,mem0_style,product/analytics,synthetic,mixed,completed_tasks,6,4,3,0.75,0.5,0.6,127,427,3.36,1.382631000069523,15
gen_product_analytics_005,mem0_style,product/analytics,synthetic,mixed,pending_tasks,3,2,1,0.5,0.3333,0.4,127,427,3.36,1.382631000069523,15
gen_product_analytics_005,mem0_style,product/analytics,synthetic,mixed,decisions,6,5,4,0.8,0.6667,0.7273,127,427,3.36,1.382631000069523,15
gen_product_analytics_005,mem0_style,product/analytics,synthetic,mixed,files,5,4,4,1.0,0.8,0.8889,127,427,3.36,1.382631000069523,15
gen_product_analytics_005,memgpt_style,product/analytics,synthetic,mixed,completed_tasks,6,2,2,1.0,0.3333,0.5,76,427,5.62,0.5774800001745461,7
gen_product_analytics_005,memgpt_style,product/analytics,synthetic,mixed,pending_tasks,3,1,1,1.0,0.3333,0.5,76,427,5.62,0.5774800001745461,7
gen_product_analytics_005,memgpt_style,product/analytics,synthetic,mixed,decisions,6,4,3,0.75,0.5,0.6,76,427,5.62,0.5774800001745461,7
gen_product_analytics_005,memgpt_style,product/analytics,synthetic,mixed,files,5,0,0,1.0,0.0,0.0,76,427,5.62,0.5774800001745461,7
gen_product_analytics_005,sliding_window_10,product/analytics,synthetic,mixed,completed_tasks,6,13,4,0.3077,0.6667,0.4211,178,427,2.4,0.0034289996619918384,13
gen_product_analytics_005,sliding_window_10,product/analytics,synthetic,mixed,pending_tasks,3,13,1,0.0769,0.3333,0.125,178,427,2.4,0.0034289996619918384,13
gen_product_analytics_005,sliding_window_10,product/analytics,synthetic,mixed,decisions,6,13,3,0.2308,0.5,0.3158,178,427,2.4,0.0034289996619918384,13
gen_product_analytics_005,sliding_window_10,product/analytics,synthetic,mixed,files,5,13,0,0.0,0.0,0.0,178,427,2.4,0.0034289996619918384,13
gen_product_analytics_005,sliding_window_10,product/analytics,synthetic,mixed,errors,0,13,0,0.0,1.0,0.0,178,427,2.4,0.0034289996619918384,13
gen_product_analytics_005,naive_truncation,product/analytics,synthetic,mixed,completed_tasks,6,22,4,0.1818,0.6667,0.2857,309,427,1.38,0.019105000319541432,22
gen_product_analytics_005,naive_truncation,product/analytics,synthetic,mixed,pending_tasks,3,22,3,0.1364,1.0,0.24,309,427,1.38,0.019105000319541432,22
gen_product_analytics_005,naive_truncation,product/analytics,synthetic,mixed,decisions,6,22,5,0.2273,0.8333,0.3571,309,427,1.38,0.019105000319541432,22
gen_product_analytics_005,naive_truncation,product/analytics,synthetic,mixed,files,5,22,2,0.0909,0.4,0.1481,309,427,1.38,0.019105000319541432,22
gen_product_analytics_005,naive_truncation,product/analytics,synthetic,mixed,errors,0,22,0,0.0,1.0,0.0,309,427,1.38,0.019105000319541432,22
gen_product_analytics_005,naive_summary,product/analytics,synthetic,mixed,completed_tasks,6,19,2,0.1053,0.3333,0.16,202,427,2.11,0.04233900017425185,19
gen_product_analytics_005,naive_summary,product/analytics,synthetic,mixed,pending_tasks,3,19,2,0.1053,0.6667,0.1818,202,427,2.11,0.04233900017425185,19
gen_product_analytics_005,naive_summary,product/analytics,synthetic,mixed,decisions,6,19,1,0.0526,0.1667,0.08,202,427,2.11,0.04233900017425185,19
gen_product_analytics_005,naive_summary,product/analytics,synthetic,mixed,files,5,19,4,0.2105,0.8,0.3333,202,427,2.11,0.04233900017425185,19
gen_product_analytics_005,naive_summary,product/analytics,synthetic,mixed,errors,0,19,0,0.0,1.0,0.0,202,427,2.11,0.04233900017425185,19
gen_research_writing_001,tokenmizer_v0.5.2,research/writing,synthetic,mixed,completed_tasks,4,2,2,1.0,0.5,0.6667,98,295,3.01,283.0038020001666,11
gen_research_writing_001,tokenmizer_v0.5.2,research/writing,synthetic,mixed,pending_tasks,2,1,1,1.0,0.5,0.6667,98,295,3.01,283.0038020001666,11
gen_research_writing_001,tokenmizer_v0.5.2,research/writing,synthetic,mixed,decisions,3,3,3,1.0,1.0,1.0,98,295,3.01,283.0038020001666,11
gen_research_writing_001,tokenmizer_v0.5.2,research/writing,synthetic,mixed,files,5,5,5,1.0,1.0,1.0,98,295,3.01,283.0038020001666,11
gen_research_writing_001,graphiti_style,research/writing,synthetic,mixed,completed_tasks,4,4,2,0.5,0.5,0.5,109,295,2.71,1.0623470002428803,14
gen_research_writing_001,graphiti_style,research/writing,synthetic,mixed,pending_tasks,2,3,1,0.3333,0.5,0.4,109,295,2.71,1.0623470002428803,14
gen_research_writing_001,graphiti_style,research/writing,synthetic,mixed,decisions,3,3,3,1.0,1.0,1.0,109,295,2.71,1.0623470002428803,14
gen_research_writing_001,graphiti_style,research/writing,synthetic,mixed,files,5,4,4,1.0,0.8,0.8889,109,295,2.71,1.0623470002428803,14
gen_research_writing_001,graphrag_style,research/writing,synthetic,mixed,completed_tasks,4,2,2,1.0,0.5,0.6667,92,295,3.21,0.5815170002279046,11
gen_research_writing_001,graphrag_style,research/writing,synthetic,mixed,pending_tasks,2,2,0,0.0,0.0,0.0,92,295,3.21,0.5815170002279046,11
gen_research_writing_001,graphrag_style,research/writing,synthetic,mixed,decisions,3,3,3,1.0,1.0,1.0,92,295,3.21,0.5815170002279046,11
gen_research_writing_001,graphrag_style,research/writing,synthetic,mixed,files,5,4,4,1.0,0.8,0.8889,92,295,3.21,0.5815170002279046,11
gen_research_writing_001,mem0_style,research/writing,synthetic,mixed,completed_tasks,4,4,2,0.5,0.5,0.5,108,295,2.73,1.1093670000263955,14
gen_research_writing_001,mem0_style,research/writing,synthetic,mixed,pending_tasks,2,3,1,0.3333,0.5,0.4,108,295,2.73,1.1093670000263955,14
gen_research_writing_001,mem0_style,research/writing,synthetic,mixed,decisions,3,3,3,1.0,1.0,1.0,108,295,2.73,1.1093670000263955,14
gen_research_writing_001,mem0_style,research/writing,synthetic,mixed,files,5,4,4,1.0,0.8,0.8889,108,295,2.73,1.1093670000263955,14
gen_research_writing_001,memgpt_style,research/writing,synthetic,mixed,completed_tasks,4,2,1,0.5,0.25,0.3333,49,295,6.02,0.5103650000819471,6
gen_research_writing_001,memgpt_style,research/writing,synthetic,mixed,pending_tasks,2,1,0,0.0,0.0,0.0,49,295,6.02,0.5103650000819471,6
gen_research_writing_001,memgpt_style,research/writing,synthetic,mixed,decisions,3,1,1,1.0,0.3333,0.5,49,295,6.02,0.5103650000819471,6
gen_research_writing_001,memgpt_style,research/writing,synthetic,mixed,files,5,2,2,1.0,0.4,0.5714,49,295,6.02,0.5103650000819471,6
gen_research_writing_001,sliding_window_10,research/writing,synthetic,mixed,completed_tasks,4,11,2,0.1818,0.5,0.2667,136,295,2.17,0.007577999895147514,11
gen_research_writing_001,sliding_window_10,research/writing,synthetic,mixed,pending_tasks,2,11,1,0.0909,0.5,0.1538,136,295,2.17,0.007577999895147514,11
gen_research_writing_001,sliding_window_10,research/writing,synthetic,mixed,decisions,3,11,1,0.0909,0.3333,0.1429,136,295,2.17,0.007577999895147514,11
gen_research_writing_001,sliding_window_10,research/writing,synthetic,mixed,files,5,11,2,0.1818,0.4,0.25,136,295,2.17,0.007577999895147514,11
gen_research_writing_001,sliding_window_10,research/writing,synthetic,mixed,errors,0,11,0,0.0,1.0,0.0,136,295,2.17,0.007577999895147514,11
gen_research_writing_001,naive_truncation,research/writing,synthetic,mixed,completed_tasks,4,27,4,0.1481,1.0,0.2581,309,295,0.95,0.027689000035024947,27
gen_research_writing_001,naive_truncation,research/writing,synthetic,mixed,pending_tasks,2,27,2,0.0741,1.0,0.1379,309,295,0.95,0.027689000035024947,27
gen_research_writing_001,naive_truncation,research/writing,synthetic,mixed,decisions,3,27,3,0.1111,1.0,0.2,309,295,0.95,0.027689000035024947,27
gen_research_writing_001,naive_truncation,research/writing,synthetic,mixed,files,5,27,5,0.1852,1.0,0.3125,309,295,0.95,0.027689000035024947,27
gen_research_writing_001,naive_truncation,research/writing,synthetic,mixed,errors,0,27,0,0.0,1.0,0.0,309,295,0.95,0.027689000035024947,27
gen_research_writing_001,naive_summary,research/writing,synthetic,mixed,completed_tasks,4,18,2,0.1111,0.5,0.1818,182,295,1.62,0.0476889999845298,18
gen_research_writing_001,naive_summary,research/writing,synthetic,mixed,pending_tasks,2,18,1,0.0556,0.5,0.1,182,295,1.62,0.0476889999845298,18
gen_research_writing_001,naive_summary,research/writing,synthetic,mixed,decisions,3,18,2,0.1111,0.6667,0.1905,182,295,1.62,0.0476889999845298,18
gen_research_writing_001,naive_summary,research/writing,synthetic,mixed,files,5,18,3,0.1667,0.6,0.2609,182,295,1.62,0.0476889999845298,18
gen_research_writing_001,naive_summary,research/writing,synthetic,mixed,errors,0,18,0,0.0,1.0,0.0,182,295,1.62,0.0476889999845298,18
gen_research_writing_002,tokenmizer_v0.5.2,research/writing,synthetic,mixed,completed_tasks,6,7,6,0.8571,1.0,0.9231,169,307,1.82,341.51023999993413,17
gen_research_writing_002,tokenmizer_v0.5.2,research/writing,synthetic,mixed,pending_tasks,1,1,1,1.0,1.0,1.0,169,307,1.82,341.51023999993413,17
gen_research_writing_002,tokenmizer_v0.5.2,research/writing,synthetic,mixed,decisions,5,5,5,1.0,1.0,1.0,169,307,1.82,341.51023999993413,17
gen_research_writing_002,tokenmizer_v0.5.2,research/writing,synthetic,mixed,files,4,4,4,1.0,1.0,1.0,169,307,1.82,341.51023999993413,17
gen_research_writing_002,graphiti_style,research/writing,synthetic,mixed,completed_tasks,6,5,2,0.4,0.3333,0.3636,103,307,2.98,1.079820000086329,11
gen_research_writing_002,graphiti_style,research/writing,synthetic,mixed,pending_tasks,1,1,1,1.0,1.0,1.0,103,307,2.98,1.079820000086329,11
gen_research_writing_002,graphiti_style,research/writing,synthetic,mixed,decisions,5,3,3,1.0,0.6,0.75,103,307,2.98,1.079820000086329,11
gen_research_writing_002,graphiti_style,research/writing,synthetic,mixed,files,4,2,2,1.0,0.5,0.6667,103,307,2.98,1.079820000086329,11
gen_research_writing_002,graphrag_style,research/writing,synthetic,mixed,completed_tasks,6,0,0,1.0,0.0,0.0,54,307,5.69,0.6303320001279644,5
gen_research_writing_002,graphrag_style,research/writing,synthetic,mixed,pending_tasks,1,0,0,1.0,0.0,0.0,54,307,5.69,0.6303320001279644,5
gen_research_writing_002,graphrag_style,research/writing,synthetic,mixed,decisions,5,3,3,1.0,0.6,0.75,54,307,5.69,0.6303320001279644,5
gen_research_writing_002,graphrag_style,research/writing,synthetic,mixed,files,4,2,2,1.0,0.5,0.6667,54,307,5.69,0.6303320001279644,5
gen_research_writing_002,mem0_style,research/writing,synthetic,mixed,completed_tasks,6,5,2,0.4,0.3333,0.3636,102,307,3.01,1.2133719997109438,11
gen_research_writing_002,mem0_style,research/writing,synthetic,mixed,pending_tasks,1,1,1,1.0,1.0,1.0,102,307,3.01,1.2133719997109438,11
gen_research_writing_002,mem0_style,research/writing,synthetic,mixed,decisions,5,3,3,1.0,0.6,0.75,102,307,3.01,1.2133719997109438,11
gen_research_writing_002,mem0_style,research/writing,synthetic,mixed,files,4,2,2,1.0,0.5,0.6667,102,307,3.01,1.2133719997109438,11
gen_research_writing_002,memgpt_style,research/writing,synthetic,mixed,completed_tasks,6,2,1,0.5,0.1667,0.25,36,307,8.53,0.3551169997990655,3
gen_research_writing_002,memgpt_style,research/writing,synthetic,mixed,pending_tasks,1,0,0,1.0,0.0,0.0,36,307,8.53,0.3551169997990655,3
gen_research_writing_002,memgpt_style,research/writing,synthetic,mixed,decisions,5,1,1,1.0,0.2,0.3333,36,307,8.53,0.3551169997990655,3
gen_research_writing_002,memgpt_style,research/writing,synthetic,mixed,files,4,0,0,1.0,0.0,0.0,36,307,8.53,0.3551169997990655,3
gen_research_writing_002,sliding_window_10,research/writing,synthetic,mixed,completed_tasks,6,12,4,0.3333,0.6667,0.4444,114,307,2.69,0.004063000233145431,12
gen_research_writing_002,sliding_window_10,research/writing,synthetic,mixed,pending_tasks,1,12,0,0.0,0.0,0.0,114,307,2.69,0.004063000233145431,12
gen_research_writing_002,sliding_window_10,research/writing,synthetic,mixed,decisions,5,12,1,0.0833,0.2,0.1176,114,307,2.69,0.004063000233145431,12
gen_research_writing_002,sliding_window_10,research/writing,synthetic,mixed,files,4,12,2,0.1667,0.5,0.25,114,307,2.69,0.004063000233145431,12
gen_research_writing_002,sliding_window_10,research/writing,synthetic,mixed,errors,0,12,0,0.0,1.0,0.0,114,307,2.69,0.004063000233145431,12
gen_research_writing_002,naive_truncation,research/writing,synthetic,mixed,completed_tasks,6,28,6,0.2143,1.0,0.3529,315,307,0.97,0.01742999984344351,28
gen_research_writing_002,naive_truncation,research/writing,synthetic,mixed,pending_tasks,1,28,1,0.0357,1.0,0.069,315,307,0.97,0.01742999984344351,28
gen_research_writing_002,naive_truncation,research/writing,synthetic,mixed,decisions,5,28,5,0.1786,1.0,0.303,315,307,0.97,0.01742999984344351,28
gen_research_writing_002,naive_truncation,research/writing,synthetic,mixed,files,4,28,4,0.1429,1.0,0.25,315,307,0.97,0.01742999984344351,28
gen_research_writing_002,naive_truncation,research/writing,synthetic,mixed,errors,0,28,0,0.0,1.0,0.0,315,307,0.97,0.01742999984344351,28
gen_research_writing_002,naive_summary,research/writing,synthetic,mixed,completed_tasks,6,15,1,0.0667,0.1667,0.0952,185,307,1.66,0.04380099971967866,15
gen_research_writing_002,naive_summary,research/writing,synthetic,mixed,pending_tasks,1,15,1,0.0667,1.0,0.125,185,307,1.66,0.04380099971967866,15
gen_research_writing_002,naive_summary,research/writing,synthetic,mixed,decisions,5,15,4,0.2667,0.8,0.4,185,307,1.66,0.04380099971967866,15
gen_research_writing_002,naive_summary,research/writing,synthetic,mixed,files,4,15,2,0.1333,0.5,0.2105,185,307,1.66,0.04380099971967866,15
gen_research_writing_002,naive_summary,research/writing,synthetic,mixed,errors,0,15,0,0.0,1.0,0.0,185,307,1.66,0.04380099971967866,15
gen_research_writing_003,tokenmizer_v0.5.2,research/writing,synthetic,mixed,completed_tasks,6,6,6,1.0,1.0,1.0,216,477,2.21,285.9852619999401,21
gen_research_writing_003,tokenmizer_v0.5.2,research/writing,synthetic,mixed,pending_tasks,2,2,2,1.0,1.0,1.0,216,477,2.21,285.9852619999401,21
gen_research_writing_003,tokenmizer_v0.5.2,research/writing,synthetic,mixed,decisions,6,5,5,1.0,0.8333,0.9091,216,477,2.21,285.9852619999401,21
gen_research_writing_003,tokenmizer_v0.5.2,research/writing,synthetic,mixed,files,6,6,6,1.0,1.0,1.0,216,477,2.21,285.9852619999401,21
gen_research_writing_003,tokenmizer_v0.5.2,research/writing,synthetic,mixed,errors,2,2,2,1.0,1.0,1.0,216,477,2.21,285.9852619999401,21
gen_research_writing_003,graphiti_style,research/writing,synthetic,mixed,completed_tasks,6,6,3,0.5,0.5,0.5,179,477,2.66,1.5975420001268503,21
gen_research_writing_003,graphiti_style,research/writing,synthetic,mixed,pending_tasks,2,4,1,0.25,0.5,0.3333,179,477,2.66,1.5975420001268503,21
gen_research_writing_003,graphiti_style,research/writing,synthetic,mixed,decisions,6,4,3,0.75,0.5,0.6,179,477,2.66,1.5975420001268503,21
gen_research_writing_003,graphiti_style,research/writing,synthetic,mixed,files,6,5,5,1.0,0.8333,0.9091,179,477,2.66,1.5975420001268503,21
gen_research_writing_003,graphiti_style,research/writing,synthetic,mixed,errors,2,2,2,1.0,1.0,1.0,179,477,2.66,1.5975420001268503,21
gen_research_writing_003,graphrag_style,research/writing,synthetic,mixed,completed_tasks,6,1,1,1.0,0.1667,0.2857,122,477,3.91,1.2379249997138686,13
gen_research_writing_003,graphrag_style,research/writing,synthetic,mixed,pending_tasks,2,2,0,0.0,0.0,0.0,122,477,3.91,1.2379249997138686,13
gen_research_writing_003,graphrag_style,research/writing,synthetic,mixed,decisions,6,3,3,1.0,0.5,0.6667,122,477,3.91,1.2379249997138686,13
gen_research_writing_003,graphrag_style,research/writing,synthetic,mixed,files,6,5,5,1.0,0.8333,0.9091,122,477,3.91,1.2379249997138686,13
gen_research_writing_003,graphrag_style,research/writing,synthetic,mixed,errors,2,2,2,1.0,1.0,1.0,122,477,3.91,1.2379249997138686,13
gen_research_writing_003,mem0_style,research/writing,synthetic,mixed,completed_tasks,6,6,3,0.5,0.5,0.5,175,477,2.73,1.626071999908163,20
gen_research_writing_003,mem0_style,research/writing,synthetic,mixed,pending_tasks,2,3,1,0.3333,0.5,0.4,175,477,2.73,1.626071999908163,20
gen_research_writing_003,mem0_style,research/writing,synthetic,mixed,decisions,6,4,3,0.75,0.5,0.6,175,477,2.73,1.626071999908163,20
gen_research_writing_003,mem0_style,research/writing,synthetic,mixed,files,6,5,5,1.0,0.8333,0.9091,175,477,2.73,1.626071999908163,20
gen_research_writing_003,mem0_style,research/writing,synthetic,mixed,errors,2,2,2,1.0,1.0,1.0,175,477,2.73,1.626071999908163,20
gen_research_writing_003,memgpt_style,research/writing,synthetic,mixed,completed_tasks,6,3,1,0.3333,0.1667,0.2222,81,477,5.89,0.528236999798537,9
gen_research_writing_003,memgpt_style,research/writing,synthetic,mixed,pending_tasks,2,0,0,1.0,0.0,0.0,81,477,5.89,0.528236999798537,9
gen_research_writing_003,memgpt_style,research/writing,synthetic,mixed,decisions,6,3,2,0.6667,0.3333,0.4444,81,477,5.89,0.528236999798537,9
gen_research_writing_003,memgpt_style,research/writing,synthetic,mixed,files,6,2,2,1.0,0.3333,0.5,81,477,5.89,0.528236999798537,9
gen_research_writing_003,memgpt_style,research/writing,synthetic,mixed,errors,2,1,1,1.0,0.5,0.6667,81,477,5.89,0.528236999798537,9
gen_research_writing_003,sliding_window_10,research/writing,synthetic,mixed,completed_tasks,6,10,2,0.2,0.3333,0.25,99,477,4.82,0.0042490000851103105,10
gen_research_writing_003,sliding_window_10,research/writing,synthetic,mixed,pending_tasks,2,10,0,0.0,0.0,0.0,99,477,4.82,0.0042490000851103105,10
gen_research_writing_003,sliding_window_10,research/writing,synthetic,mixed,decisions,6,10,1,0.1,0.1667,0.125,99,477,4.82,0.0042490000851103105,10
gen_research_writing_003,sliding_window_10,research/writing,synthetic,mixed,files,6,10,1,0.1,0.1667,0.125,99,477,4.82,0.0042490000851103105,10
gen_research_writing_003,sliding_window_10,research/writing,synthetic,mixed,errors,2,10,1,0.1,0.5,0.1667,99,477,4.82,0.0042490000851103105,10
gen_research_writing_003,naive_truncation,research/writing,synthetic,mixed,completed_tasks,6,26,4,0.1538,0.6667,0.25,295,477,1.62,0.01439200013919617,26
gen_research_writing_003,naive_truncation,research/writing,synthetic,mixed,pending_tasks,2,26,1,0.0385,0.5,0.0714,295,477,1.62,0.01439200013919617,26
gen_research_writing_003,naive_truncation,research/writing,synthetic,mixed,decisions,6,26,5,0.1923,0.8333,0.3125,295,477,1.62,0.01439200013919617,26
gen_research_writing_003,naive_truncation,research/writing,synthetic,mixed,files,6,26,3,0.1154,0.5,0.1875,295,477,1.62,0.01439200013919617,26
gen_research_writing_003,naive_truncation,research/writing,synthetic,mixed,errors,2,26,1,0.0385,0.5,0.0714,295,477,1.62,0.01439200013919617,26
gen_research_writing_003,naive_summary,research/writing,synthetic,mixed,completed_tasks,6,15,2,0.1333,0.3333,0.1905,182,477,2.62,0.05147000001670676,15
gen_research_writing_003,naive_summary,research/writing,synthetic,mixed,pending_tasks,2,15,0,0.0,0.0,0.0,182,477,2.62,0.05147000001670676,15
gen_research_writing_003,naive_summary,research/writing,synthetic,mixed,decisions,6,15,1,0.0667,0.1667,0.0952,182,477,2.62,0.05147000001670676,15
gen_research_writing_003,naive_summary,research/writing,synthetic,mixed,files,6,15,3,0.2,0.5,0.2857,182,477,2.62,0.05147000001670676,15
gen_research_writing_003,naive_summary,research/writing,synthetic,mixed,errors,2,15,1,0.0667,0.5,0.1176,182,477,2.62,0.05147000001670676,15
gen_research_writing_004,tokenmizer_v0.5.2,research/writing,synthetic,mixed,completed_tasks,4,3,2,0.6667,0.5,0.5714,149,324,2.17,306.8082739996498,14
gen_research_writing_004,tokenmizer_v0.5.2,research/writing,synthetic,mixed,pending_tasks,1,1,1,1.0,1.0,1.0,149,324,2.17,306.8082739996498,14
gen_research_writing_004,tokenmizer_v0.5.2,research/writing,synthetic,mixed,decisions,5,5,5,1.0,1.0,1.0,149,324,2.17,306.8082739996498,14
gen_research_writing_004,tokenmizer_v0.5.2,research/writing,synthetic,mixed,files,4,4,4,1.0,1.0,1.0,149,324,2.17,306.8082739996498,14
gen_research_writing_004,tokenmizer_v0.5.2,research/writing,synthetic,mixed,errors,1,1,1,1.0,1.0,1.0,149,324,2.17,306.8082739996498,14
gen_research_writing_004,graphiti_style,research/writing,synthetic,mixed,completed_tasks,4,3,2,0.6667,0.5,0.5714,111,324,2.92,1.0658389996933693,12
gen_research_writing_004,graphiti_style,research/writing,synthetic,mixed,pending_tasks,1,1,1,1.0,1.0,1.0,111,324,2.92,1.0658389996933693,12
gen_research_writing_004,graphiti_style,research/writing,synthetic,mixed,decisions,5,5,4,0.8,0.8,0.8,111,324,2.92,1.0658389996933693,12
gen_research_writing_004,graphiti_style,research/writing,synthetic,mixed,files,4,3,3,1.0,0.75,0.8571,111,324,2.92,1.0658389996933693,12
gen_research_writing_004,graphiti_style,research/writing,synthetic,mixed,errors,1,0,0,1.0,0.0,0.0,111,324,2.92,1.0658389996933693,12
gen_research_writing_004,graphrag_style,research/writing,synthetic,mixed,completed_tasks,4,0,0,1.0,0.0,0.0,74,324,4.38,0.553664000108256,8
gen_research_writing_004,graphrag_style,research/writing,synthetic,mixed,pending_tasks,1,0,0,1.0,0.0,0.0,74,324,4.38,0.553664000108256,8
gen_research_writing_004,graphrag_style,research/writing,synthetic,mixed,decisions,5,5,4,0.8,0.8,0.8,74,324,4.38,0.553664000108256,8
gen_research_writing_004,graphrag_style,research/writing,synthetic,mixed,files,4,3,3,1.0,0.75,0.8571,74,324,4.38,0.553664000108256,8
gen_research_writing_004,graphrag_style,research/writing,synthetic,mixed,errors,1,0,0,1.0,0.0,0.0,74,324,4.38,0.553664000108256,8
gen_research_writing_004,mem0_style,research/writing,synthetic,mixed,completed_tasks,4,3,2,0.6667,0.5,0.5714,110,324,2.95,1.1273299996901187,12
gen_research_writing_004,mem0_style,research/writing,synthetic,mixed,pending_tasks,1,1,1,1.0,1.0,1.0,110,324,2.95,1.1273299996901187,12
gen_research_writing_004,mem0_style,research/writing,synthetic,mixed,decisions,5,5,4,0.8,0.8,0.8,110,324,2.95,1.1273299996901187,12
gen_research_writing_004,mem0_style,research/writing,synthetic,mixed,files,4,3,3,1.0,0.75,0.8571,110,324,2.95,1.1273299996901187,12
gen_research_writing_004,mem0_style,research/writing,synthetic,mixed,errors,1,0,0,1.0,0.0,0.0,110,324,2.95,1.1273299996901187,12
gen_research_writing_004,memgpt_style,research/writing,synthetic,mixed,completed_tasks,4,1,1,1.0,0.25,0.4,46,324,7.04,0.5065069999545813,4
gen_research_writing_004,memgpt_style,research/writing,synthetic,mixed,pending_tasks,1,0,0,1.0,0.0,0.0,46,324,7.04,0.5065069999545813,4
gen_research_writing_004,memgpt_style,research/writing,synthetic,mixed,decisions,5,2,2,1.0,0.4,0.5714,46,324,7.04,0.5065069999545813,4
gen_research_writing_004,memgpt_style,research/writing,synthetic,mixed,files,4,1,1,1.0,0.25,0.4,46,324,7.04,0.5065069999545813,4
gen_research_writing_004,memgpt_style,research/writing,synthetic,mixed,errors,1,0,0,1.0,0.0,0.0,46,324,7.04,0.5065069999545813,4
gen_research_writing_004,sliding_window_10,research/writing,synthetic,mixed,completed_tasks,4,13,3,0.2308,0.75,0.3529,171,324,1.89,0.003642000137915602,13
gen_research_writing_004,sliding_window_10,research/writing,synthetic,mixed,pending_tasks,1,13,0,0.0,0.0,0.0,171,324,1.89,0.003642000137915602,13
gen_research_writing_004,sliding_window_10,research/writing,synthetic,mixed,decisions,5,13,2,0.1538,0.4,0.2222,171,324,1.89,0.003642000137915602,13
gen_research_writing_004,sliding_window_10,research/writing,synthetic,mixed,files,4,13,2,0.1538,0.5,0.2353,171,324,1.89,0.003642000137915602,13
gen_research_writing_004,sliding_window_10,research/writing,synthetic,mixed,errors,1,13,1,0.0769,1.0,0.1429,171,324,1.89,0.003642000137915602,13
gen_research_writing_004,naive_truncation,research/writing,synthetic,mixed,completed_tasks,4,26,4,0.1538,1.0,0.2667,311,324,1.04,0.01598800008650869,26
gen_research_writing_004,naive_truncation,research/writing,synthetic,mixed,pending_tasks,1,26,1,0.0385,1.0,0.0741,311,324,1.04,0.01598800008650869,26
gen_research_writing_004,naive_truncation,research/writing,synthetic,mixed,decisions,5,26,5,0.1923,1.0,0.3226,311,324,1.04,0.01598800008650869,26
gen_research_writing_004,naive_truncation,research/writing,synthetic,mixed,files,4,26,4,0.1538,1.0,0.2667,311,324,1.04,0.01598800008650869,26
gen_research_writing_004,naive_truncation,research/writing,synthetic,mixed,errors,1,26,1,0.0385,1.0,0.0741,311,324,1.04,0.01598800008650869,26
gen_research_writing_004,naive_summary,research/writing,synthetic,mixed,completed_tasks,4,19,1,0.0526,0.25,0.087,190,324,1.71,0.04658700026993756,19
gen_research_writing_004,naive_summary,research/writing,synthetic,mixed,pending_tasks,1,19,1,0.0526,1.0,0.1,190,324,1.71,0.04658700026993756,19
gen_research_writing_004,naive_summary,research/writing,synthetic,mixed,decisions,5,19,3,0.1579,0.6,0.25,190,324,1.71,0.04658700026993756,19
gen_research_writing_004,naive_summary,research/writing,synthetic,mixed,files,4,19,3,0.1579,0.75,0.2609,190,324,1.71,0.04658700026993756,19
gen_research_writing_004,naive_summary,research/writing,synthetic,mixed,errors,1,19,0,0.0,0.0,0.0,190,324,1.71,0.04658700026993756,19
gen_research_writing_005,tokenmizer_v0.5.2,research/writing,synthetic,mixed,completed_tasks,7,6,6,1.0,0.8571,0.9231,162,326,2.01,276.0453199998665,12
gen_research_writing_005,tokenmizer_v0.5.2,research/writing,synthetic,mixed,pending_tasks,1,1,1,1.0,1.0,1.0,162,326,2.01,276.0453199998665,12
gen_research_writing_005,tokenmizer_v0.5.2,research/writing,synthetic,mixed,decisions,3,3,3,1.0,1.0,1.0,162,326,2.01,276.0453199998665,12
gen_research_writing_005,tokenmizer_v0.5.2,research/writing,synthetic,mixed,files,2,2,2,1.0,1.0,1.0,162,326,2.01,276.0453199998665,12
gen_research_writing_005,graphiti_style,research/writing,synthetic,mixed,completed_tasks,7,5,5,1.0,0.7143,0.8333,106,326,3.08,1.1096220000581525,10
gen_research_writing_005,graphiti_style,research/writing,synthetic,mixed,pending_tasks,1,2,0,0.0,0.0,0.0,106,326,3.08,1.1096220000581525,10
gen_research_writing_005,graphiti_style,research/writing,synthetic,mixed,decisions,3,1,1,1.0,0.3333,0.5,106,326,3.08,1.1096220000581525,10
gen_research_writing_005,graphiti_style,research/writing,synthetic,mixed,files,2,2,2,1.0,1.0,1.0,106,326,3.08,1.1096220000581525,10
gen_research_writing_005,graphrag_style,research/writing,synthetic,mixed,completed_tasks,7,1,1,1.0,0.1429,0.25,50,326,6.52,0.617154000337905,6
gen_research_writing_005,graphrag_style,research/writing,synthetic,mixed,pending_tasks,1,2,0,0.0,0.0,0.0,50,326,6.52,0.617154000337905,6
gen_research_writing_005,graphrag_style,research/writing,synthetic,mixed,decisions,3,1,1,1.0,0.3333,0.5,50,326,6.52,0.617154000337905,6
gen_research_writing_005,graphrag_style,research/writing,synthetic,mixed,files,2,2,2,1.0,1.0,1.0,50,326,6.52,0.617154000337905,6
gen_research_writing_005,mem0_style,research/writing,synthetic,mixed,completed_tasks,7,5,5,1.0,0.7143,0.8333,105,326,3.1,1.042851999955019,10
gen_research_writing_005,mem0_style,research/writing,synthetic,mixed,pending_tasks,1,2,0,0.0,0.0,0.0,105,326,3.1,1.042851999955019,10
gen_research_writing_005,mem0_style,research/writing,synthetic,mixed,decisions,3,1,1,1.0,0.3333,0.5,105,326,3.1,1.042851999955019,10
gen_research_writing_005,mem0_style,research/writing,synthetic,mixed,files,2,2,2,1.0,1.0,1.0,105,326,3.1,1.042851999955019,10
gen_research_writing_005,memgpt_style,research/writing,synthetic,mixed,completed_tasks,7,2,2,1.0,0.2857,0.4444,49,326,6.65,0.3979489997618657,4
gen_research_writing_005,memgpt_style,research/writing,synthetic,mixed,pending_tasks,1,0,0,1.0,0.0,0.0,49,326,6.65,0.3979489997618657,4
gen_research_writing_005,memgpt_style,research/writing,synthetic,mixed,decisions,3,1,1,1.0,0.3333,0.5,49,326,6.65,0.3979489997618657,4
gen_research_writing_005,memgpt_style,research/writing,synthetic,mixed,files,2,1,1,1.0,0.5,0.6667,49,326,6.65,0.3979489997618657,4
gen_research_writing_005,sliding_window_10,research/writing,synthetic,mixed,completed_tasks,7,11,3,0.2727,0.4286,0.3333,142,326,2.3,0.003755999841814628,11
gen_research_writing_005,sliding_window_10,research/writing,synthetic,mixed,pending_tasks,1,11,1,0.0909,1.0,0.1667,142,326,2.3,0.003755999841814628,11
gen_research_writing_005,sliding_window_10,research/writing,synthetic,mixed,decisions,3,11,1,0.0909,0.3333,0.1429,142,326,2.3,0.003755999841814628,11
gen_research_writing_005,sliding_window_10,research/writing,synthetic,mixed,files,2,11,1,0.0909,0.5,0.1538,142,326,2.3,0.003755999841814628,11
gen_research_writing_005,sliding_window_10,research/writing,synthetic,mixed,errors,0,11,0,0.0,1.0,0.0,142,326,2.3,0.003755999841814628,11
gen_research_writing_005,naive_truncation,research/writing,synthetic,mixed,completed_tasks,7,21,7,0.3333,1.0,0.5,287,326,1.14,0.013704000139114214,21
gen_research_writing_005,naive_truncation,research/writing,synthetic,mixed,pending_tasks,1,21,1,0.0476,1.0,0.0909,287,326,1.14,0.013704000139114214,21
gen_research_writing_005,naive_truncation,research/writing,synthetic,mixed,decisions,3,21,2,0.0952,0.6667,0.1667,287,326,1.14,0.013704000139114214,21
gen_research_writing_005,naive_truncation,research/writing,synthetic,mixed,files,2,21,2,0.0952,1.0,0.1739,287,326,1.14,0.013704000139114214,21
gen_research_writing_005,naive_truncation,research/writing,synthetic,mixed,errors,0,21,0,0.0,1.0,0.0,287,326,1.14,0.013704000139114214,21
gen_research_writing_005,naive_summary,research/writing,synthetic,mixed,completed_tasks,7,13,3,0.2308,0.4286,0.3,179,326,1.82,0.048208999942289665,13
gen_research_writing_005,naive_summary,research/writing,synthetic,mixed,pending_tasks,1,13,0,0.0,0.0,0.0,179,326,1.82,0.048208999942289665,13
gen_research_writing_005,naive_summary,research/writing,synthetic,mixed,decisions,3,13,2,0.1538,0.6667,0.25,179,326,1.82,0.048208999942289665,13
gen_research_writing_005,naive_summary,research/writing,synthetic,mixed,files,2,13,1,0.0769,0.5,0.1333,179,326,1.82,0.048208999942289665,13
gen_research_writing_005,naive_summary,research/writing,synthetic,mixed,errors,0,13,0,0.0,1.0,0.0,179,326,1.82,0.048208999942289665,13
gen_security_appsec_001,tokenmizer_v0.5.2,security/appsec,synthetic,mixed,completed_tasks,7,6,6,1.0,0.8571,0.9231,146,337,2.31,273.55598900021505,15
gen_security_appsec_001,tokenmizer_v0.5.2,security/appsec,synthetic,mixed,pending_tasks,3,3,3,1.0,1.0,1.0,146,337,2.31,273.55598900021505,15
gen_security_appsec_001,tokenmizer_v0.5.2,security/appsec,synthetic,mixed,decisions,3,3,3,1.0,1.0,1.0,146,337,2.31,273.55598900021505,15
gen_security_appsec_001,tokenmizer_v0.5.2,security/appsec,synthetic,mixed,files,3,3,3,1.0,1.0,1.0,146,337,2.31,273.55598900021505,15
gen_security_appsec_001,graphiti_style,security/appsec,synthetic,mixed,completed_tasks,7,5,5,1.0,0.7143,0.8333,125,337,2.7,1.0975969998980872,15
gen_security_appsec_001,graphiti_style,security/appsec,synthetic,mixed,pending_tasks,3,5,3,0.6,1.0,0.75,125,337,2.7,1.0975969998980872,15
gen_security_appsec_001,graphiti_style,security/appsec,synthetic,mixed,decisions,3,2,1,0.5,0.3333,0.4,125,337,2.7,1.0975969998980872,15
gen_security_appsec_001,graphiti_style,security/appsec,synthetic,mixed,files,3,3,3,1.0,1.0,1.0,125,337,2.7,1.0975969998980872,15
gen_security_appsec_001,graphrag_style,security/appsec,synthetic,mixed,completed_tasks,7,3,3,1.0,0.4286,0.6,68,337,4.96,0.6364149999171786,9
gen_security_appsec_001,graphrag_style,security/appsec,synthetic,mixed,pending_tasks,3,2,0,0.0,0.0,0.0,68,337,4.96,0.6364149999171786,9
gen_security_appsec_001,graphrag_style,security/appsec,synthetic,mixed,decisions,3,1,1,1.0,0.3333,0.5,68,337,4.96,0.6364149999171786,9
gen_security_appsec_001,graphrag_style,security/appsec,synthetic,mixed,files,3,3,3,1.0,1.0,1.0,68,337,4.96,0.6364149999171786,9
gen_security_appsec_001,mem0_style,security/appsec,synthetic,mixed,completed_tasks,7,5,5,1.0,0.7143,0.8333,124,337,2.72,1.1413800002628705,15
gen_security_appsec_001,mem0_style,security/appsec,synthetic,mixed,pending_tasks,3,5,3,0.6,1.0,0.75,124,337,2.72,1.1413800002628705,15
gen_security_appsec_001,mem0_style,security/appsec,synthetic,mixed,decisions,3,2,1,0.5,0.3333,0.4,124,337,2.72,1.1413800002628705,15
gen_security_appsec_001,mem0_style,security/appsec,synthetic,mixed,files,3,3,3,1.0,1.0,1.0,124,337,2.72,1.1413800002628705,15
gen_security_appsec_001,memgpt_style,security/appsec,synthetic,mixed,completed_tasks,7,1,1,1.0,0.1429,0.25,49,337,6.88,0.4301579997445515,7
gen_security_appsec_001,memgpt_style,security/appsec,synthetic,mixed,pending_tasks,3,2,1,0.5,0.3333,0.4,49,337,6.88,0.4301579997445515,7
gen_security_appsec_001,memgpt_style,security/appsec,synthetic,mixed,decisions,3,2,1,0.5,0.3333,0.4,49,337,6.88,0.4301579997445515,7
gen_security_appsec_001,memgpt_style,security/appsec,synthetic,mixed,files,3,2,2,1.0,0.6667,0.8,49,337,6.88,0.4301579997445515,7
gen_security_appsec_001,sliding_window_10,security/appsec,synthetic,mixed,completed_tasks,7,11,2,0.1818,0.2857,0.2222,129,337,2.61,0.003802000264840899,11
gen_security_appsec_001,sliding_window_10,security/appsec,synthetic,mixed,pending_tasks,3,11,1,0.0909,0.3333,0.1429,129,337,2.61,0.003802000264840899,11
gen_security_appsec_001,sliding_window_10,security/appsec,synthetic,mixed,decisions,3,11,1,0.0909,0.3333,0.1429,129,337,2.61,0.003802000264840899,11
gen_security_appsec_001,sliding_window_10,security/appsec,synthetic,mixed,files,3,11,2,0.1818,0.6667,0.2857,129,337,2.61,0.003802000264840899,11
gen_security_appsec_001,sliding_window_10,security/appsec,synthetic,mixed,errors,0,11,0,0.0,1.0,0.0,129,337,2.61,0.003802000264840899,11
gen_security_appsec_001,naive_truncation,security/appsec,synthetic,mixed,completed_tasks,7,26,7,0.2692,1.0,0.4242,308,337,1.09,0.03501500032143667,26
gen_security_appsec_001,naive_truncation,security/appsec,synthetic,mixed,pending_tasks,3,26,2,0.0769,0.6667,0.1379,308,337,1.09,0.03501500032143667,26
gen_security_appsec_001,naive_truncation,security/appsec,synthetic,mixed,decisions,3,26,3,0.1154,1.0,0.2069,308,337,1.09,0.03501500032143667,26
gen_security_appsec_001,naive_truncation,security/appsec,synthetic,mixed,files,3,26,3,0.1154,1.0,0.2069,308,337,1.09,0.03501500032143667,26
gen_security_appsec_001,naive_truncation,security/appsec,synthetic,mixed,errors,0,26,0,0.0,1.0,0.0,308,337,1.09,0.03501500032143667,26
gen_security_appsec_001,naive_summary,security/appsec,synthetic,mixed,completed_tasks,7,18,5,0.2778,0.7143,0.4,190,337,1.77,0.03213900026821648,18
gen_security_appsec_001,naive_summary,security/appsec,synthetic,mixed,pending_tasks,3,18,2,0.1111,0.6667,0.1905,190,337,1.77,0.03213900026821648,18
gen_security_appsec_001,naive_summary,security/appsec,synthetic,mixed,decisions,3,18,0,0.0,0.0,0.0,190,337,1.77,0.03213900026821648,18
gen_security_appsec_001,naive_summary,security/appsec,synthetic,mixed,files,3,18,1,0.0556,0.3333,0.0952,190,337,1.77,0.03213900026821648,18
gen_security_appsec_001,naive_summary,security/appsec,synthetic,mixed,errors,0,18,0,0.0,1.0,0.0,190,337,1.77,0.03213900026821648,18
gen_security_appsec_002,tokenmizer_v0.5.2,security/appsec,synthetic,mixed,completed_tasks,3,2,2,1.0,0.6667,0.8,105,272,2.59,285.4458629999499,11
gen_security_appsec_002,tokenmizer_v0.5.2,security/appsec,synthetic,mixed,pending_tasks,3,2,2,1.0,0.6667,0.8,105,272,2.59,285.4458629999499,11
gen_security_appsec_002,tokenmizer_v0.5.2,security/appsec,synthetic,mixed,decisions,2,2,2,1.0,1.0,1.0,105,272,2.59,285.4458629999499,11
gen_security_appsec_002,tokenmizer_v0.5.2,security/appsec,synthetic,mixed,files,3,3,3,1.0,1.0,1.0,105,272,2.59,285.4458629999499,11
gen_security_appsec_002,tokenmizer_v0.5.2,security/appsec,synthetic,mixed,errors,2,2,2,1.0,1.0,1.0,105,272,2.59,285.4458629999499,11
gen_security_appsec_002,graphiti_style,security/appsec,synthetic,mixed,completed_tasks,3,3,2,0.6667,0.6667,0.6667,93,272,2.92,0.9488170003351115,11
gen_security_appsec_002,graphiti_style,security/appsec,synthetic,mixed,pending_tasks,3,3,2,0.6667,0.6667,0.6667,93,272,2.92,0.9488170003351115,11
gen_security_appsec_002,graphiti_style,security/appsec,synthetic,mixed,decisions,2,0,0,1.0,0.0,0.0,93,272,2.92,0.9488170003351115,11
gen_security_appsec_002,graphiti_style,security/appsec,synthetic,mixed,files,3,3,3,1.0,1.0,1.0,93,272,2.92,0.9488170003351115,11
gen_security_appsec_002,graphiti_style,security/appsec,synthetic,mixed,errors,2,2,2,1.0,1.0,1.0,93,272,2.92,0.9488170003351115,11
gen_security_appsec_002,graphrag_style,security/appsec,synthetic,mixed,completed_tasks,3,0,0,1.0,0.0,0.0,48,272,5.67,0.48583099987808964,6
gen_security_appsec_002,graphrag_style,security/appsec,synthetic,mixed,pending_tasks,3,2,1,0.5,0.3333,0.4,48,272,5.67,0.48583099987808964,6
gen_security_appsec_002,graphrag_style,security/appsec,synthetic,mixed,decisions,2,0,0,1.0,0.0,0.0,48,272,5.67,0.48583099987808964,6
gen_security_appsec_002,graphrag_style,security/appsec,synthetic,mixed,files,3,3,3,1.0,1.0,1.0,48,272,5.67,0.48583099987808964,6
gen_security_appsec_002,graphrag_style,security/appsec,synthetic,mixed,errors,2,1,1,1.0,0.5,0.6667,48,272,5.67,0.48583099987808964,6
gen_security_appsec_002,mem0_style,security/appsec,synthetic,mixed,completed_tasks,3,3,2,0.6667,0.6667,0.6667,92,272,2.96,0.8839080001052935,11
gen_security_appsec_002,mem0_style,security/appsec,synthetic,mixed,pending_tasks,3,3,2,0.6667,0.6667,0.6667,92,272,2.96,0.8839080001052935,11
gen_security_appsec_002,mem0_style,security/appsec,synthetic,mixed,decisions,2,0,0,1.0,0.0,0.0,92,272,2.96,0.8839080001052935,11
gen_security_appsec_002,mem0_style,security/appsec,synthetic,mixed,files,3,3,3,1.0,1.0,1.0,92,272,2.96,0.8839080001052935,11
gen_security_appsec_002,mem0_style,security/appsec,synthetic,mixed,errors,2,2,2,1.0,1.0,1.0,92,272,2.96,0.8839080001052935,11
gen_security_appsec_002,memgpt_style,security/appsec,synthetic,mixed,completed_tasks,3,2,1,0.5,0.3333,0.4,40,272,6.8,0.3689010000016424,5
gen_security_appsec_002,memgpt_style,security/appsec,synthetic,mixed,pending_tasks,3,1,1,1.0,0.3333,0.5,40,272,6.8,0.3689010000016424,5
gen_security_appsec_002,memgpt_style,security/appsec,synthetic,mixed,decisions,2,0,0,1.0,0.0,0.0,40,272,6.8,0.3689010000016424,5
gen_security_appsec_002,memgpt_style,security/appsec,synthetic,mixed,files,3,2,2,1.0,0.6667,0.8,40,272,6.8,0.3689010000016424,5
gen_security_appsec_002,memgpt_style,security/appsec,synthetic,mixed,errors,2,0,0,1.0,0.0,0.0,40,272,6.8,0.3689010000016424,5
gen_security_appsec_002,sliding_window_10,security/appsec,synthetic,mixed,completed_tasks,3,13,3,0.2308,1.0,0.375,177,272,1.54,0.003600000127335079,13
gen_security_appsec_002,sliding_window_10,security/appsec,synthetic,mixed,pending_tasks,3,13,2,0.3077,0.6667,0.4211,177,272,1.54,0.003600000127335079,13
gen_security_appsec_002,sliding_window_10,security/appsec,synthetic,mixed,decisions,2,13,1,0.0769,0.5,0.1333,177,272,1.54,0.003600000127335079,13
gen_security_appsec_002,sliding_window_10,security/appsec,synthetic,mixed,files,3,13,2,0.1538,0.6667,0.25,177,272,1.54,0.003600000127335079,13
gen_security_appsec_002,sliding_window_10,security/appsec,synthetic,mixed,errors,2,13,0,0.0,0.0,0.0,177,272,1.54,0.003600000127335079,13
gen_security_appsec_002,naive_truncation,security/appsec,synthetic,mixed,completed_tasks,3,23,3,0.1304,1.0,0.2308,283,272,0.96,0.017069000023184344,23
gen_security_appsec_002,naive_truncation,security/appsec,synthetic,mixed,pending_tasks,3,23,3,0.3043,1.0,0.4667,283,272,0.96,0.017069000023184344,23
gen_security_appsec_002,naive_truncation,security/appsec,synthetic,mixed,decisions,2,23,2,0.087,1.0,0.16,283,272,0.96,0.017069000023184344,23
gen_security_appsec_002,naive_truncation,security/appsec,synthetic,mixed,files,3,23,3,0.1304,1.0,0.2308,283,272,0.96,0.017069000023184344,23
gen_security_appsec_002,naive_truncation,security/appsec,synthetic,mixed,errors,2,23,2,0.087,1.0,0.16,283,272,0.96,0.017069000023184344,23
gen_security_appsec_002,naive_summary,security/appsec,synthetic,mixed,completed_tasks,3,16,2,0.125,0.6667,0.2105,186,272,1.46,0.04386000000522472,16
gen_security_appsec_002,naive_summary,security/appsec,synthetic,mixed,pending_tasks,3,16,2,0.3125,0.6667,0.4255,186,272,1.46,0.04386000000522472,16
gen_security_appsec_002,naive_summary,security/appsec,synthetic,mixed,decisions,2,16,1,0.0625,0.5,0.1111,186,272,1.46,0.04386000000522472,16
gen_security_appsec_002,naive_summary,security/appsec,synthetic,mixed,files,3,16,2,0.125,0.6667,0.2105,186,272,1.46,0.04386000000522472,16
gen_security_appsec_002,naive_summary,security/appsec,synthetic,mixed,errors,2,16,2,0.125,1.0,0.2222,186,272,1.46,0.04386000000522472,16
gen_security_appsec_003,tokenmizer_v0.5.2,security/appsec,synthetic,mixed,completed_tasks,6,5,5,1.0,0.8333,0.9091,146,321,2.2,280.1085650003188,15
gen_security_appsec_003,tokenmizer_v0.5.2,security/appsec,synthetic,mixed,pending_tasks,3,3,3,1.0,1.0,1.0,146,321,2.2,280.1085650003188,15
gen_security_appsec_003,tokenmizer_v0.5.2,security/appsec,synthetic,mixed,decisions,3,3,3,1.0,1.0,1.0,146,321,2.2,280.1085650003188,15
gen_security_appsec_003,tokenmizer_v0.5.2,security/appsec,synthetic,mixed,files,2,2,2,1.0,1.0,1.0,146,321,2.2,280.1085650003188,15
gen_security_appsec_003,tokenmizer_v0.5.2,security/appsec,synthetic,mixed,errors,2,2,2,1.0,1.0,1.0,146,321,2.2,280.1085650003188,15
gen_security_appsec_003,graphiti_style,security/appsec,synthetic,mixed,completed_tasks,6,3,3,1.0,0.5,0.6667,110,321,2.92,1.0710249998737709,13
gen_security_appsec_003,graphiti_style,security/appsec,synthetic,mixed,pending_tasks,3,4,2,0.5,0.6667,0.5714,110,321,2.92,1.0710249998737709,13
gen_security_appsec_003,graphiti_style,security/appsec,synthetic,mixed,decisions,3,2,2,1.0,0.6667,0.8,110,321,2.92,1.0710249998737709,13
gen_security_appsec_003,graphiti_style,security/appsec,synthetic,mixed,files,2,2,2,1.0,1.0,1.0,110,321,2.92,1.0710249998737709,13
gen_security_appsec_003,graphiti_style,security/appsec,synthetic,mixed,errors,2,2,2,1.0,1.0,1.0,110,321,2.92,1.0710249998737709,13
gen_security_appsec_003,graphrag_style,security/appsec,synthetic,mixed,completed_tasks,6,1,1,1.0,0.1667,0.2857,69,321,4.65,0.6207780002114305,9
gen_security_appsec_003,graphrag_style,security/appsec,synthetic,mixed,pending_tasks,3,4,2,0.5,0.6667,0.5714,69,321,4.65,0.6207780002114305,9
gen_security_appsec_003,graphrag_style,security/appsec,synthetic,mixed,decisions,3,2,2,1.0,0.6667,0.8,69,321,4.65,0.6207780002114305,9
gen_security_appsec_003,graphrag_style,security/appsec,synthetic,mixed,files,2,2,2,1.0,1.0,1.0,69,321,4.65,0.6207780002114305,9
gen_security_appsec_003,graphrag_style,security/appsec,synthetic,mixed,errors,2,0,0,1.0,0.0,0.0,69,321,4.65,0.6207780002114305,9
gen_security_appsec_003,mem0_style,security/appsec,synthetic,mixed,completed_tasks,6,3,3,1.0,0.5,0.6667,109,321,2.94,1.0923099998763064,13
gen_security_appsec_003,mem0_style,security/appsec,synthetic,mixed,pending_tasks,3,4,2,0.5,0.6667,0.5714,109,321,2.94,1.0923099998763064,13
gen_security_appsec_003,mem0_style,security/appsec,synthetic,mixed,decisions,3,2,2,1.0,0.6667,0.8,109,321,2.94,1.0923099998763064,13
gen_security_appsec_003,mem0_style,security/appsec,synthetic,mixed,files,2,2,2,1.0,1.0,1.0,109,321,2.94,1.0923099998763064,13
gen_security_appsec_003,mem0_style,security/appsec,synthetic,mixed,errors,2,2,2,1.0,1.0,1.0,109,321,2.94,1.0923099998763064,13
gen_security_appsec_003,memgpt_style,security/appsec,synthetic,mixed,completed_tasks,6,2,2,1.0,0.3333,0.5,66,321,4.86,0.5551209997065598,7
gen_security_appsec_003,memgpt_style,security/appsec,synthetic,mixed,pending_tasks,3,3,2,0.6667,0.6667,0.6667,66,321,4.86,0.5551209997065598,7
gen_security_appsec_003,memgpt_style,security/appsec,synthetic,mixed,decisions,3,0,0,1.0,0.0,0.0,66,321,4.86,0.5551209997065598,7
gen_security_appsec_003,memgpt_style,security/appsec,synthetic,mixed,files,2,1,1,1.0,0.5,0.6667,66,321,4.86,0.5551209997065598,7
gen_security_appsec_003,memgpt_style,security/appsec,synthetic,mixed,errors,2,1,1,1.0,0.5,0.6667,66,321,4.86,0.5551209997065598,7
gen_security_appsec_003,sliding_window_10,security/appsec,synthetic,mixed,completed_tasks,6,13,4,0.3077,0.6667,0.4211,155,321,2.07,0.004951999926561257,13
gen_security_appsec_003,sliding_window_10,security/appsec,synthetic,mixed,pending_tasks,3,13,2,0.1538,0.6667,0.25,155,321,2.07,0.004951999926561257,13
gen_security_appsec_003,sliding_window_10,security/appsec,synthetic,mixed,decisions,3,13,0,0.0,0.0,0.0,155,321,2.07,0.004951999926561257,13
gen_security_appsec_003,sliding_window_10,security/appsec,synthetic,mixed,files,2,13,1,0.0769,0.5,0.1333,155,321,2.07,0.004951999926561257,13
gen_security_appsec_003,sliding_window_10,security/appsec,synthetic,mixed,errors,2,13,1,0.0769,0.5,0.1333,155,321,2.07,0.004951999926561257,13
gen_security_appsec_003,naive_truncation,security/appsec,synthetic,mixed,completed_tasks,6,29,6,0.2069,1.0,0.3429,310,321,1.04,0.024448000203847187,29
gen_security_appsec_003,naive_truncation,security/appsec,synthetic,mixed,pending_tasks,3,29,3,0.1034,1.0,0.1875,310,321,1.04,0.024448000203847187,29
gen_security_appsec_003,naive_truncation,security/appsec,synthetic,mixed,decisions,3,29,3,0.1034,1.0,0.1875,310,321,1.04,0.024448000203847187,29
gen_security_appsec_003,naive_truncation,security/appsec,synthetic,mixed,files,2,29,2,0.069,1.0,0.129,310,321,1.04,0.024448000203847187,29
gen_security_appsec_003,naive_truncation,security/appsec,synthetic,mixed,errors,2,29,2,0.069,1.0,0.129,310,321,1.04,0.024448000203847187,29
gen_security_appsec_003,naive_summary,security/appsec,synthetic,mixed,completed_tasks,6,19,2,0.1053,0.3333,0.16,195,321,1.65,0.05440599989015027,19
gen_security_appsec_003,naive_summary,security/appsec,synthetic,mixed,pending_tasks,3,19,1,0.0526,0.3333,0.0909,195,321,1.65,0.05440599989015027,19
gen_security_appsec_003,naive_summary,security/appsec,synthetic,mixed,decisions,3,19,3,0.1579,1.0,0.2727,195,321,1.65,0.05440599989015027,19
gen_security_appsec_003,naive_summary,security/appsec,synthetic,mixed,files,2,19,1,0.0526,0.5,0.0952,195,321,1.65,0.05440599989015027,19
gen_security_appsec_003,naive_summary,security/appsec,synthetic,mixed,errors,2,19,1,0.0526,0.5,0.0952,195,321,1.65,0.05440599989015027,19
gen_security_appsec_004,tokenmizer_v0.5.2,security/appsec,synthetic,mixed,completed_tasks,5,5,5,1.0,1.0,1.0,112,253,2.26,295.00402799976655,14
gen_security_appsec_004,tokenmizer_v0.5.2,security/appsec,synthetic,mixed,pending_tasks,2,1,1,1.0,0.5,0.6667,112,253,2.26,295.00402799976655,14
gen_security_appsec_004,tokenmizer_v0.5.2,security/appsec,synthetic,mixed,decisions,2,2,2,1.0,1.0,1.0,112,253,2.26,295.00402799976655,14
gen_security_appsec_004,tokenmizer_v0.5.2,security/appsec,synthetic,mixed,files,6,6,6,1.0,1.0,1.0,112,253,2.26,295.00402799976655,14
gen_security_appsec_004,graphiti_style,security/appsec,synthetic,mixed,completed_tasks,5,5,4,0.8,0.8,0.8,104,253,2.43,0.9591349999027443,14
gen_security_appsec_004,graphiti_style,security/appsec,synthetic,mixed,pending_tasks,2,2,1,0.5,0.5,0.5,104,253,2.43,0.9591349999027443,14
gen_security_appsec_004,graphiti_style,security/appsec,synthetic,mixed,decisions,2,1,1,1.0,0.5,0.6667,104,253,2.43,0.9591349999027443,14
gen_security_appsec_004,graphiti_style,security/appsec,synthetic,mixed,files,6,6,5,0.8333,0.8333,0.8333,104,253,2.43,0.9591349999027443,14
gen_security_appsec_004,graphrag_style,security/appsec,synthetic,mixed,completed_tasks,5,0,0,1.0,0.0,0.0,57,253,4.44,0.5162130000826437,9
gen_security_appsec_004,graphrag_style,security/appsec,synthetic,mixed,pending_tasks,2,2,1,0.5,0.5,0.5,57,253,4.44,0.5162130000826437,9
gen_security_appsec_004,graphrag_style,security/appsec,synthetic,mixed,decisions,2,1,1,1.0,0.5,0.6667,57,253,4.44,0.5162130000826437,9
gen_security_appsec_004,graphrag_style,security/appsec,synthetic,mixed,files,6,6,5,0.8333,0.8333,0.8333,57,253,4.44,0.5162130000826437,9
gen_security_appsec_004,mem0_style,security/appsec,synthetic,mixed,completed_tasks,5,5,4,0.8,0.8,0.8,103,253,2.46,0.8637440000711649,14
gen_security_appsec_004,mem0_style,security/appsec,synthetic,mixed,pending_tasks,2,2,1,0.5,0.5,0.5,103,253,2.46,0.8637440000711649,14
gen_security_appsec_004,mem0_style,security/appsec,synthetic,mixed,decisions,2,1,1,1.0,0.5,0.6667,103,253,2.46,0.8637440000711649,14
gen_security_appsec_004,mem0_style,security/appsec,synthetic,mixed,files,6,6,5,0.8333,0.8333,0.8333,103,253,2.46,0.8637440000711649,14
gen_security_appsec_004,memgpt_style,security/appsec,synthetic,mixed,completed_tasks,5,3,2,0.6667,0.4,0.5,56,253,4.52,0.3641220000645262,7
gen_security_appsec_004,memgpt_style,security/appsec,synthetic,mixed,pending_tasks,2,1,1,1.0,0.5,0.6667,56,253,4.52,0.3641220000645262,7
gen_security_appsec_004,memgpt_style,security/appsec,synthetic,mixed,decisions,2,0,0,1.0,0.0,0.0,56,253,4.52,0.3641220000645262,7
gen_security_appsec_004,memgpt_style,security/appsec,synthetic,mixed,files,6,3,3,1.0,0.5,0.6667,56,253,4.52,0.3641220000645262,7
gen_security_appsec_004,sliding_window_10,security/appsec,synthetic,mixed,completed_tasks,5,13,3,0.2308,0.6,0.3333,123,253,2.06,0.004034000085084699,13
gen_security_appsec_004,sliding_window_10,security/appsec,synthetic,mixed,pending_tasks,2,13,2,0.1538,1.0,0.2667,123,253,2.06,0.004034000085084699,13
gen_security_appsec_004,sliding_window_10,security/appsec,synthetic,mixed,decisions,2,13,0,0.0,0.0,0.0,123,253,2.06,0.004034000085084699,13
gen_security_appsec_004,sliding_window_10,security/appsec,synthetic,mixed,files,6,13,3,0.2308,0.5,0.3158,123,253,2.06,0.004034000085084699,13
gen_security_appsec_004,sliding_window_10,security/appsec,synthetic,mixed,errors,0,13,0,0.0,1.0,0.0,123,253,2.06,0.004034000085084699,13
gen_security_appsec_004,naive_truncation,security/appsec,synthetic,mixed,completed_tasks,5,27,5,0.1852,1.0,0.3125,267,253,0.95,0.018897999780165264,27
gen_security_appsec_004,naive_truncation,security/appsec,synthetic,mixed,pending_tasks,2,27,2,0.0741,1.0,0.1379,267,253,0.95,0.018897999780165264,27
gen_security_appsec_004,naive_truncation,security/appsec,synthetic,mixed,decisions,2,27,2,0.0741,1.0,0.1379,267,253,0.95,0.018897999780165264,27
gen_security_appsec_004,naive_truncation,security/appsec,synthetic,mixed,files,6,27,6,0.2222,1.0,0.3636,267,253,0.95,0.018897999780165264,27
gen_security_appsec_004,naive_truncation,security/appsec,synthetic,mixed,errors,0,27,0,0.0,1.0,0.0,267,253,0.95,0.018897999780165264,27
gen_security_appsec_004,naive_summary,security/appsec,synthetic,mixed,completed_tasks,5,19,2,0.1053,0.4,0.1667,177,253,1.43,0.035229999866714934,19
gen_security_appsec_004,naive_summary,security/appsec,synthetic,mixed,pending_tasks,2,19,1,0.0526,0.5,0.0952,177,253,1.43,0.035229999866714934,19
gen_security_appsec_004,naive_summary,security/appsec,synthetic,mixed,decisions,2,19,2,0.1053,1.0,0.1905,177,253,1.43,0.035229999866714934,19
gen_security_appsec_004,naive_summary,security/appsec,synthetic,mixed,files,6,19,4,0.2105,0.6667,0.32,177,253,1.43,0.035229999866714934,19
gen_security_appsec_004,naive_summary,security/appsec,synthetic,mixed,errors,0,19,0,0.0,1.0,0.0,177,253,1.43,0.035229999866714934,19
gen_security_appsec_005,tokenmizer_v0.5.2,security/appsec,synthetic,mixed,completed_tasks,5,5,5,1.0,1.0,1.0,134,360,2.69,299.0136589996837,15
gen_security_appsec_005,tokenmizer_v0.5.2,security/appsec,synthetic,mixed,pending_tasks,2,2,2,1.0,1.0,1.0,134,360,2.69,299.0136589996837,15
gen_security_appsec_005,tokenmizer_v0.5.2,security/appsec,synthetic,mixed,decisions,3,3,3,1.0,1.0,1.0,134,360,2.69,299.0136589996837,15
gen_security_appsec_005,tokenmizer_v0.5.2,security/appsec,synthetic,mixed,files,4,4,4,1.0,1.0,1.0,134,360,2.69,299.0136589996837,15
gen_security_appsec_005,tokenmizer_v0.5.2,security/appsec,synthetic,mixed,errors,1,1,0,0.0,0.0,0.0,134,360,2.69,299.0136589996837,15
gen_security_appsec_005,graphiti_style,security/appsec,synthetic,mixed,completed_tasks,5,4,4,1.0,0.8,0.8889,103,360,3.5,1.1251790001551853,11
gen_security_appsec_005,graphiti_style,security/appsec,synthetic,mixed,pending_tasks,2,2,1,0.5,0.5,0.5,103,360,3.5,1.1251790001551853,11
gen_security_appsec_005,graphiti_style,security/appsec,synthetic,mixed,decisions,3,1,1,1.0,0.3333,0.5,103,360,3.5,1.1251790001551853,11
gen_security_appsec_005,graphiti_style,security/appsec,synthetic,mixed,files,4,4,4,1.0,1.0,1.0,103,360,3.5,1.1251790001551853,11
gen_security_appsec_005,graphiti_style,security/appsec,synthetic,mixed,errors,1,0,0,1.0,0.0,0.0,103,360,3.5,1.1251790001551853,11
gen_security_appsec_005,graphrag_style,security/appsec,synthetic,mixed,completed_tasks,5,0,0,1.0,0.0,0.0,44,360,8.18,0.5984049998914998,6
gen_security_appsec_005,graphrag_style,security/appsec,synthetic,mixed,pending_tasks,2,1,0,0.0,0.0,0.0,44,360,8.18,0.5984049998914998,6
gen_security_appsec_005,graphrag_style,security/appsec,synthetic,mixed,decisions,3,1,1,1.0,0.3333,0.5,44,360,8.18,0.5984049998914998,6
gen_security_appsec_005,graphrag_style,security/appsec,synthetic,mixed,files,4,4,4,1.0,1.0,1.0,44,360,8.18,0.5984049998914998,6
gen_security_appsec_005,graphrag_style,security/appsec,synthetic,mixed,errors,1,0,0,1.0,0.0,0.0,44,360,8.18,0.5984049998914998,6
gen_security_appsec_005,mem0_style,security/appsec,synthetic,mixed,completed_tasks,5,4,4,1.0,0.8,0.8889,102,360,3.53,1.2055810002493672,11
gen_security_appsec_005,mem0_style,security/appsec,synthetic,mixed,pending_tasks,2,2,1,0.5,0.5,0.5,102,360,3.53,1.2055810002493672,11
gen_security_appsec_005,mem0_style,security/appsec,synthetic,mixed,decisions,3,1,1,1.0,0.3333,0.5,102,360,3.53,1.2055810002493672,11
gen_security_appsec_005,mem0_style,security/appsec,synthetic,mixed,files,4,4,4,1.0,1.0,1.0,102,360,3.53,1.2055810002493672,11
gen_security_appsec_005,mem0_style,security/appsec,synthetic,mixed,errors,1,0,0,1.0,0.0,0.0,102,360,3.53,1.2055810002493672,11
gen_security_appsec_005,memgpt_style,security/appsec,synthetic,mixed,completed_tasks,5,2,2,1.0,0.4,0.5714,45,360,8.0,0.4436989997884666,3
gen_security_appsec_005,memgpt_style,security/appsec,synthetic,mixed,pending_tasks,2,1,1,1.0,0.5,0.6667,45,360,8.0,0.4436989997884666,3
gen_security_appsec_005,memgpt_style,security/appsec,synthetic,mixed,decisions,3,0,0,1.0,0.0,0.0,45,360,8.0,0.4436989997884666,3
gen_security_appsec_005,memgpt_style,security/appsec,synthetic,mixed,files,4,0,0,1.0,0.0,0.0,45,360,8.0,0.4436989997884666,3
gen_security_appsec_005,memgpt_style,security/appsec,synthetic,mixed,errors,1,0,0,1.0,0.0,0.0,45,360,8.0,0.4436989997884666,3
gen_security_appsec_005,sliding_window_10,security/appsec,synthetic,mixed,completed_tasks,5,10,2,0.2,0.4,0.2667,142,360,2.54,0.0035350003599887714,10
gen_security_appsec_005,sliding_window_10,security/appsec,synthetic,mixed,pending_tasks,2,10,2,0.2,1.0,0.3333,142,360,2.54,0.0035350003599887714,10
gen_security_appsec_005,sliding_window_10,security/appsec,synthetic,mixed,decisions,3,10,2,0.2,0.6667,0.3077,142,360,2.54,0.0035350003599887714,10
gen_security_appsec_005,sliding_window_10,security/appsec,synthetic,mixed,files,4,10,0,0.0,0.0,0.0,142,360,2.54,0.0035350003599887714,10
gen_security_appsec_005,sliding_window_10,security/appsec,synthetic,mixed,errors,1,10,0,0.0,0.0,0.0,142,360,2.54,0.0035350003599887714,10
gen_security_appsec_005,naive_truncation,security/appsec,synthetic,mixed,completed_tasks,5,23,4,0.1739,0.8,0.2857,298,360,1.21,0.019754999811993912,23
gen_security_appsec_005,naive_truncation,security/appsec,synthetic,mixed,pending_tasks,2,23,2,0.1304,1.0,0.2308,298,360,1.21,0.019754999811993912,23
gen_security_appsec_005,naive_truncation,security/appsec,synthetic,mixed,decisions,3,23,3,0.1739,1.0,0.2963,298,360,1.21,0.019754999811993912,23
gen_security_appsec_005,naive_truncation,security/appsec,synthetic,mixed,files,4,23,2,0.087,0.5,0.1481,298,360,1.21,0.019754999811993912,23
gen_security_appsec_005,naive_truncation,security/appsec,synthetic,mixed,errors,1,23,1,0.0435,1.0,0.0833,298,360,1.21,0.019754999811993912,23
gen_security_appsec_005,naive_summary,security/appsec,synthetic,mixed,completed_tasks,5,17,2,0.1176,0.4,0.1818,199,360,1.81,0.031212000067171175,17
gen_security_appsec_005,naive_summary,security/appsec,synthetic,mixed,pending_tasks,2,17,1,0.0588,0.5,0.1053,199,360,1.81,0.031212000067171175,17
gen_security_appsec_005,naive_summary,security/appsec,synthetic,mixed,decisions,3,17,2,0.1176,0.6667,0.2,199,360,1.81,0.031212000067171175,17
gen_security_appsec_005,naive_summary,security/appsec,synthetic,mixed,files,4,17,3,0.1765,0.75,0.2857,199,360,1.81,0.031212000067171175,17
gen_security_appsec_005,naive_summary,security/appsec,synthetic,mixed,errors,1,17,1,0.0588,1.0,0.1111,199,360,1.81,0.031212000067171175,17
gen_systems_rust_001,tokenmizer_v0.5.2,systems/rust,synthetic,implicit,completed_tasks,4,1,1,1.0,0.25,0.4,90,394,4.38,339.75615400004244,11
gen_systems_rust_001,tokenmizer_v0.5.2,systems/rust,synthetic,implicit,pending_tasks,2,2,2,1.0,1.0,1.0,90,394,4.38,339.75615400004244,11
gen_systems_rust_001,tokenmizer_v0.5.2,systems/rust,synthetic,implicit,decisions,2,2,2,1.0,1.0,1.0,90,394,4.38,339.75615400004244,11
gen_systems_rust_001,tokenmizer_v0.5.2,systems/rust,synthetic,implicit,files,5,5,5,1.0,1.0,1.0,90,394,4.38,339.75615400004244,11
gen_systems_rust_001,tokenmizer_v0.5.2,systems/rust,synthetic,implicit,errors,2,1,1,1.0,0.5,0.6667,90,394,4.38,339.75615400004244,11
gen_systems_rust_001,graphiti_style,systems/rust,synthetic,implicit,completed_tasks,4,0,0,1.0,0.0,0.0,33,394,11.94,1.2780359998032509,8
gen_systems_rust_001,graphiti_style,systems/rust,synthetic,implicit,pending_tasks,2,2,0,0.0,0.0,0.0,33,394,11.94,1.2780359998032509,8
gen_systems_rust_001,graphiti_style,systems/rust,synthetic,implicit,decisions,2,1,0,0.0,0.0,0.0,33,394,11.94,1.2780359998032509,8
gen_systems_rust_001,graphiti_style,systems/rust,synthetic,implicit,files,5,5,5,1.0,1.0,1.0,33,394,11.94,1.2780359998032509,8
gen_systems_rust_001,graphiti_style,systems/rust,synthetic,implicit,errors,2,0,0,1.0,0.0,0.0,33,394,11.94,1.2780359998032509,8
gen_systems_rust_001,graphrag_style,systems/rust,synthetic,implicit,completed_tasks,4,0,0,1.0,0.0,0.0,29,394,13.59,0.8052069997575018,7
gen_systems_rust_001,graphrag_style,systems/rust,synthetic,implicit,pending_tasks,2,2,0,0.0,0.0,0.0,29,394,13.59,0.8052069997575018,7
gen_systems_rust_001,graphrag_style,systems/rust,synthetic,implicit,decisions,2,0,0,1.0,0.0,0.0,29,394,13.59,0.8052069997575018,7
gen_systems_rust_001,graphrag_style,systems/rust,synthetic,implicit,files,5,5,5,1.0,1.0,1.0,29,394,13.59,0.8052069997575018,7
gen_systems_rust_001,graphrag_style,systems/rust,synthetic,implicit,errors,2,0,0,1.0,0.0,0.0,29,394,13.59,0.8052069997575018,7
gen_systems_rust_001,mem0_style,systems/rust,synthetic,implicit,completed_tasks,4,0,0,1.0,0.0,0.0,32,394,12.31,1.291752999804885,8
gen_systems_rust_001,mem0_style,systems/rust,synthetic,implicit,pending_tasks,2,2,0,0.0,0.0,0.0,32,394,12.31,1.291752999804885,8
gen_systems_rust_001,mem0_style,systems/rust,synthetic,implicit,decisions,2,1,0,0.0,0.0,0.0,32,394,12.31,1.291752999804885,8
gen_systems_rust_001,mem0_style,systems/rust,synthetic,implicit,files,5,5,5,1.0,1.0,1.0,32,394,12.31,1.291752999804885,8
gen_systems_rust_001,mem0_style,systems/rust,synthetic,implicit,errors,2,0,0,1.0,0.0,0.0,32,394,12.31,1.291752999804885,8
gen_systems_rust_001,memgpt_style,systems/rust,synthetic,implicit,completed_tasks,4,0,0,1.0,0.0,0.0,11,394,35.82,0.5450839998957235,2
gen_systems_rust_001,memgpt_style,systems/rust,synthetic,implicit,pending_tasks,2,1,0,0.0,0.0,0.0,11,394,35.82,0.5450839998957235,2
gen_systems_rust_001,memgpt_style,systems/rust,synthetic,implicit,decisions,2,0,0,1.0,0.0,0.0,11,394,35.82,0.5450839998957235,2
gen_systems_rust_001,memgpt_style,systems/rust,synthetic,implicit,files,5,1,1,1.0,0.2,0.3333,11,394,35.82,0.5450839998957235,2
gen_systems_rust_001,memgpt_style,systems/rust,synthetic,implicit,errors,2,0,0,1.0,0.0,0.0,11,394,35.82,0.5450839998957235,2
gen_systems_rust_001,sliding_window_10,systems/rust,synthetic,implicit,completed_tasks,4,11,2,0.1818,0.5,0.2667,167,394,2.36,0.0035620000744529534,11
gen_systems_rust_001,sliding_window_10,systems/rust,synthetic,implicit,pending_tasks,2,11,1,0.0909,0.5,0.1538,167,394,2.36,0.0035620000744529534,11
gen_systems_rust_001,sliding_window_10,systems/rust,synthetic,implicit,decisions,2,11,0,0.0,0.0,0.0,167,394,2.36,0.0035620000744529534,11
gen_systems_rust_001,sliding_window_10,systems/rust,synthetic,implicit,files,5,11,1,0.0909,0.2,0.125,167,394,2.36,0.0035620000744529534,11
gen_systems_rust_001,sliding_window_10,systems/rust,synthetic,implicit,errors,2,11,2,0.1818,1.0,0.3077,167,394,2.36,0.0035620000744529534,11
gen_systems_rust_001,naive_truncation,systems/rust,synthetic,implicit,completed_tasks,4,20,3,0.15,0.75,0.25,291,394,1.35,0.021606999780487968,20
gen_systems_rust_001,naive_truncation,systems/rust,synthetic,implicit,pending_tasks,2,20,1,0.05,0.5,0.0909,291,394,1.35,0.021606999780487968,20
gen_systems_rust_001,naive_truncation,systems/rust,synthetic,implicit,decisions,2,20,1,0.05,0.5,0.0909,291,394,1.35,0.021606999780487968,20
gen_systems_rust_001,naive_truncation,systems/rust,synthetic,implicit,files,5,20,4,0.2,0.8,0.32,291,394,1.35,0.021606999780487968,20
gen_systems_rust_001,naive_truncation,systems/rust,synthetic,implicit,errors,2,20,2,0.1,1.0,0.1818,291,394,1.35,0.021606999780487968,20
gen_systems_rust_001,naive_summary,systems/rust,synthetic,implicit,completed_tasks,4,13,2,0.1538,0.5,0.2353,171,394,2.3,0.06207800015545217,13
gen_systems_rust_001,naive_summary,systems/rust,synthetic,implicit,pending_tasks,2,13,1,0.0769,0.5,0.1333,171,394,2.3,0.06207800015545217,13
gen_systems_rust_001,naive_summary,systems/rust,synthetic,implicit,decisions,2,13,2,0.1538,1.0,0.2667,171,394,2.3,0.06207800015545217,13
gen_systems_rust_001,naive_summary,systems/rust,synthetic,implicit,files,5,13,1,0.0769,0.2,0.1111,171,394,2.3,0.06207800015545217,13
gen_systems_rust_001,naive_summary,systems/rust,synthetic,implicit,errors,2,13,0,0.0,0.0,0.0,171,394,2.3,0.06207800015545217,13
gen_systems_rust_002,tokenmizer_v0.5.2,systems/rust,synthetic,implicit,completed_tasks,7,6,6,1.0,0.8571,0.9231,169,506,2.99,341.94740499970067,18
gen_systems_rust_002,tokenmizer_v0.5.2,systems/rust,synthetic,implicit,pending_tasks,1,1,1,1.0,1.0,1.0,169,506,2.99,341.94740499970067,18
gen_systems_rust_002,tokenmizer_v0.5.2,systems/rust,synthetic,implicit,decisions,6,6,6,1.0,1.0,1.0,169,506,2.99,341.94740499970067,18
gen_systems_rust_002,tokenmizer_v0.5.2,systems/rust,synthetic,implicit,files,4,4,4,1.0,1.0,1.0,169,506,2.99,341.94740499970067,18
gen_systems_rust_002,tokenmizer_v0.5.2,systems/rust,synthetic,implicit,errors,1,1,1,1.0,1.0,1.0,169,506,2.99,341.94740499970067,18
gen_systems_rust_002,graphiti_style,systems/rust,synthetic,implicit,completed_tasks,7,0,0,1.0,0.0,0.0,50,506,10.12,1.7151399997601402,8
gen_systems_rust_002,graphiti_style,systems/rust,synthetic,implicit,pending_tasks,1,2,0,0.0,0.0,0.0,50,506,10.12,1.7151399997601402,8
gen_systems_rust_002,graphiti_style,systems/rust,synthetic,implicit,decisions,6,1,0,0.0,0.0,0.0,50,506,10.12,1.7151399997601402,8
gen_systems_rust_002,graphiti_style,systems/rust,synthetic,implicit,files,4,4,4,1.0,1.0,1.0,50,506,10.12,1.7151399997601402,8
gen_systems_rust_002,graphiti_style,systems/rust,synthetic,implicit,errors,1,1,0,0.0,0.0,0.0,50,506,10.12,1.7151399997601402,8
gen_systems_rust_002,graphrag_style,systems/rust,synthetic,implicit,completed_tasks,7,0,0,1.0,0.0,0.0,26,506,19.46,0.9277570002268476,6
gen_systems_rust_002,graphrag_style,systems/rust,synthetic,implicit,pending_tasks,1,2,0,0.0,0.0,0.0,26,506,19.46,0.9277570002268476,6
gen_systems_rust_002,graphrag_style,systems/rust,synthetic,implicit,decisions,6,0,0,1.0,0.0,0.0,26,506,19.46,0.9277570002268476,6
gen_systems_rust_002,graphrag_style,systems/rust,synthetic,implicit,files,4,4,4,1.0,1.0,1.0,26,506,19.46,0.9277570002268476,6
gen_systems_rust_002,graphrag_style,systems/rust,synthetic,implicit,errors,1,0,0,1.0,0.0,0.0,26,506,19.46,0.9277570002268476,6
gen_systems_rust_002,mem0_style,systems/rust,synthetic,implicit,completed_tasks,7,0,0,1.0,0.0,0.0,49,506,10.33,1.59659000019019,8
gen_systems_rust_002,mem0_style,systems/rust,synthetic,implicit,pending_tasks,1,2,0,0.0,0.0,0.0,49,506,10.33,1.59659000019019,8
gen_systems_rust_002,mem0_style,systems/rust,synthetic,implicit,decisions,6,1,0,0.0,0.0,0.0,49,506,10.33,1.59659000019019,8
gen_systems_rust_002,mem0_style,systems/rust,synthetic,implicit,files,4,4,4,1.0,1.0,1.0,49,506,10.33,1.59659000019019,8
gen_systems_rust_002,mem0_style,systems/rust,synthetic,implicit,errors,1,1,0,0.0,0.0,0.0,49,506,10.33,1.59659000019019,8
gen_systems_rust_002,memgpt_style,systems/rust,synthetic,implicit,completed_tasks,7,0,0,1.0,0.0,0.0,11,506,46.0,0.7070060000842204,2
gen_systems_rust_002,memgpt_style,systems/rust,synthetic,implicit,pending_tasks,1,1,0,0.0,0.0,0.0,11,506,46.0,0.7070060000842204,2
gen_systems_rust_002,memgpt_style,systems/rust,synthetic,implicit,decisions,6,1,0,0.0,0.0,0.0,11,506,46.0,0.7070060000842204,2
gen_systems_rust_002,memgpt_style,systems/rust,synthetic,implicit,files,4,0,0,1.0,0.0,0.0,11,506,46.0,0.7070060000842204,2
gen_systems_rust_002,memgpt_style,systems/rust,synthetic,implicit,errors,1,0,0,1.0,0.0,0.0,11,506,46.0,0.7070060000842204,2
gen_systems_rust_002,sliding_window_10,systems/rust,synthetic,implicit,completed_tasks,7,10,2,0.2,0.2857,0.2353,145,506,3.49,0.006532000043080188,10
gen_systems_rust_002,sliding_window_10,systems/rust,synthetic,implicit,pending_tasks,1,10,0,0.0,0.0,0.0,145,506,3.49,0.006532000043080188,10
gen_systems_rust_002,sliding_window_10,systems/rust,synthetic,implicit,decisions,6,10,3,0.3,0.5,0.375,145,506,3.49,0.006532000043080188,10
gen_systems_rust_002,sliding_window_10,systems/rust,synthetic,implicit,files,4,10,0,0.0,0.0,0.0,145,506,3.49,0.006532000043080188,10
gen_systems_rust_002,sliding_window_10,systems/rust,synthetic,implicit,errors,1,10,0,0.0,0.0,0.0,145,506,3.49,0.006532000043080188,10
gen_systems_rust_002,naive_truncation,systems/rust,synthetic,implicit,completed_tasks,7,21,4,0.1905,0.5714,0.2857,302,506,1.68,0.025646999802120263,21
gen_systems_rust_002,naive_truncation,systems/rust,synthetic,implicit,pending_tasks,1,21,1,0.0476,1.0,0.0909,302,506,1.68,0.025646999802120263,21
gen_systems_rust_002,naive_truncation,systems/rust,synthetic,implicit,decisions,6,21,4,0.1905,0.6667,0.2963,302,506,1.68,0.025646999802120263,21
gen_systems_rust_002,naive_truncation,systems/rust,synthetic,implicit,files,4,21,2,0.0952,0.5,0.16,302,506,1.68,0.025646999802120263,21
gen_systems_rust_002,naive_truncation,systems/rust,synthetic,implicit,errors,1,21,0,0.0,0.0,0.0,302,506,1.68,0.025646999802120263,21
gen_systems_rust_002,naive_summary,systems/rust,synthetic,implicit,completed_tasks,7,13,2,0.1538,0.2857,0.2,167,506,3.03,0.13141599993105046,13
gen_systems_rust_002,naive_summary,systems/rust,synthetic,implicit,pending_tasks,1,13,0,0.0,0.0,0.0,167,506,3.03,0.13141599993105046,13
gen_systems_rust_002,naive_summary,systems/rust,synthetic,implicit,decisions,6,13,1,0.0769,0.1667,0.1053,167,506,3.03,0.13141599993105046,13
gen_systems_rust_002,naive_summary,systems/rust,synthetic,implicit,files,4,13,2,0.1538,0.5,0.2353,167,506,3.03,0.13141599993105046,13
gen_systems_rust_002,naive_summary,systems/rust,synthetic,implicit,errors,1,13,1,0.0769,1.0,0.1429,167,506,3.03,0.13141599993105046,13
gen_systems_rust_003,tokenmizer_v0.5.2,systems/rust,synthetic,implicit,completed_tasks,3,2,2,1.0,0.6667,0.8,142,369,2.6,301.026186999934,14
gen_systems_rust_003,tokenmizer_v0.5.2,systems/rust,synthetic,implicit,pending_tasks,2,2,2,1.0,1.0,1.0,142,369,2.6,301.026186999934,14
gen_systems_rust_003,tokenmizer_v0.5.2,systems/rust,synthetic,implicit,decisions,3,3,3,1.0,1.0,1.0,142,369,2.6,301.026186999934,14
gen_systems_rust_003,tokenmizer_v0.5.2,systems/rust,synthetic,implicit,files,4,4,4,1.0,1.0,1.0,142,369,2.6,301.026186999934,14
gen_systems_rust_003,tokenmizer_v0.5.2,systems/rust,synthetic,implicit,errors,2,3,2,1.0,1.0,1.0,142,369,2.6,301.026186999934,14
gen_systems_rust_003,graphiti_style,systems/rust,synthetic,implicit,completed_tasks,3,0,0,1.0,0.0,0.0,42,369,8.79,1.2039110001751396,6
gen_systems_rust_003,graphiti_style,systems/rust,synthetic,implicit,pending_tasks,2,2,1,0.5,0.5,0.5,42,369,8.79,1.2039110001751396,6
gen_systems_rust_003,graphiti_style,systems/rust,synthetic,implicit,decisions,3,0,0,1.0,0.0,0.0,42,369,8.79,1.2039110001751396,6
gen_systems_rust_003,graphiti_style,systems/rust,synthetic,implicit,files,4,4,4,1.0,1.0,1.0,42,369,8.79,1.2039110001751396,6
gen_systems_rust_003,graphiti_style,systems/rust,synthetic,implicit,errors,2,0,0,1.0,0.0,0.0,42,369,8.79,1.2039110001751396,6
gen_systems_rust_003,graphrag_style,systems/rust,synthetic,implicit,completed_tasks,3,0,0,1.0,0.0,0.0,28,369,13.18,0.6337210002129723,5
gen_systems_rust_003,graphrag_style,systems/rust,synthetic,implicit,pending_tasks,2,1,0,0.0,0.0,0.0,28,369,13.18,0.6337210002129723,5
gen_systems_rust_003,graphrag_style,systems/rust,synthetic,implicit,decisions,3,0,0,1.0,0.0,0.0,28,369,13.18,0.6337210002129723,5
gen_systems_rust_003,graphrag_style,systems/rust,synthetic,implicit,files,4,4,4,1.0,1.0,1.0,28,369,13.18,0.6337210002129723,5
gen_systems_rust_003,graphrag_style,systems/rust,synthetic,implicit,errors,2,0,0,1.0,0.0,0.0,28,369,13.18,0.6337210002129723,5
gen_systems_rust_003,mem0_style,systems/rust,synthetic,implicit,completed_tasks,3,0,0,1.0,0.0,0.0,41,369,9.0,1.3785039996037085,6
gen_systems_rust_003,mem0_style,systems/rust,synthetic,implicit,pending_tasks,2,2,1,0.5,0.5,0.5,41,369,9.0,1.3785039996037085,6
gen_systems_rust_003,mem0_style,systems/rust,synthetic,implicit,decisions,3,0,0,1.0,0.0,0.0,41,369,9.0,1.3785039996037085,6
gen_systems_rust_003,mem0_style,systems/rust,synthetic,implicit,files,4,4,4,1.0,1.0,1.0,41,369,9.0,1.3785039996037085,6
gen_systems_rust_003,mem0_style,systems/rust,synthetic,implicit,errors,2,0,0,1.0,0.0,0.0,41,369,9.0,1.3785039996037085,6
gen_systems_rust_003,memgpt_style,systems/rust,synthetic,implicit,completed_tasks,3,0,0,1.0,0.0,0.0,15,369,24.6,0.4633240000657679,2
gen_systems_rust_003,memgpt_style,systems/rust,synthetic,implicit,pending_tasks,2,0,0,1.0,0.0,0.0,15,369,24.6,0.4633240000657679,2
gen_systems_rust_003,memgpt_style,systems/rust,synthetic,implicit,decisions,3,0,0,1.0,0.0,0.0,15,369,24.6,0.4633240000657679,2
gen_systems_rust_003,memgpt_style,systems/rust,synthetic,implicit,files,4,2,2,1.0,0.5,0.6667,15,369,24.6,0.4633240000657679,2
gen_systems_rust_003,memgpt_style,systems/rust,synthetic,implicit,errors,2,0,0,1.0,0.0,0.0,15,369,24.6,0.4633240000657679,2
gen_systems_rust_003,sliding_window_10,systems/rust,synthetic,implicit,completed_tasks,3,11,1,0.0909,0.3333,0.1429,162,369,2.28,0.0031399999897985253,11
gen_systems_rust_003,sliding_window_10,systems/rust,synthetic,implicit,pending_tasks,2,11,1,0.0909,0.5,0.1538,162,369,2.28,0.0031399999897985253,11
gen_systems_rust_003,sliding_window_10,systems/rust,synthetic,implicit,decisions,3,11,1,0.0909,0.3333,0.1429,162,369,2.28,0.0031399999897985253,11
gen_systems_rust_003,sliding_window_10,systems/rust,synthetic,implicit,files,4,11,2,0.1818,0.5,0.2667,162,369,2.28,0.0031399999897985253,11
gen_systems_rust_003,sliding_window_10,systems/rust,synthetic,implicit,errors,2,11,1,0.0909,0.5,0.1538,162,369,2.28,0.0031399999897985253,11
gen_systems_rust_003,naive_truncation,systems/rust,synthetic,implicit,completed_tasks,3,21,2,0.0952,0.6667,0.1667,304,369,1.21,0.01800500012905104,21
gen_systems_rust_003,naive_truncation,systems/rust,synthetic,implicit,pending_tasks,2,21,1,0.0476,0.5,0.087,304,369,1.21,0.01800500012905104,21
gen_systems_rust_003,naive_truncation,systems/rust,synthetic,implicit,decisions,3,21,3,0.1429,1.0,0.25,304,369,1.21,0.01800500012905104,21
gen_systems_rust_003,naive_truncation,systems/rust,synthetic,implicit,files,4,21,4,0.1905,1.0,0.32,304,369,1.21,0.01800500012905104,21
gen_systems_rust_003,naive_truncation,systems/rust,synthetic,implicit,errors,2,21,2,0.0952,1.0,0.1739,304,369,1.21,0.01800500012905104,21
gen_systems_rust_003,naive_summary,systems/rust,synthetic,implicit,completed_tasks,3,14,2,0.1429,0.6667,0.2353,176,369,2.1,0.04259899969838443,14
gen_systems_rust_003,naive_summary,systems/rust,synthetic,implicit,pending_tasks,2,14,1,0.0714,0.5,0.125,176,369,2.1,0.04259899969838443,14
gen_systems_rust_003,naive_summary,systems/rust,synthetic,implicit,decisions,3,14,1,0.0714,0.3333,0.1176,176,369,2.1,0.04259899969838443,14
gen_systems_rust_003,naive_summary,systems/rust,synthetic,implicit,files,4,14,2,0.1429,0.5,0.2222,176,369,2.1,0.04259899969838443,14
gen_systems_rust_003,naive_summary,systems/rust,synthetic,implicit,errors,2,14,0,0.0,0.0,0.0,176,369,2.1,0.04259899969838443,14
gen_systems_rust_004,tokenmizer_v0.5.2,systems/rust,synthetic,implicit,completed_tasks,5,4,4,1.0,0.8,0.8889,105,357,3.4,295.2945209999598,10
gen_systems_rust_004,tokenmizer_v0.5.2,systems/rust,synthetic,implicit,pending_tasks,4,2,2,1.0,0.5,0.6667,105,357,3.4,295.2945209999598,10
gen_systems_rust_004,tokenmizer_v0.5.2,systems/rust,synthetic,implicit,decisions,2,2,2,1.0,1.0,1.0,105,357,3.4,295.2945209999598,10
gen_systems_rust_004,tokenmizer_v0.5.2,systems/rust,synthetic,implicit,files,2,2,2,1.0,1.0,1.0,105,357,3.4,295.2945209999598,10
gen_systems_rust_004,graphiti_style,systems/rust,synthetic,implicit,completed_tasks,5,0,0,1.0,0.0,0.0,54,357,6.61,1.312107000103424,6
gen_systems_rust_004,graphiti_style,systems/rust,synthetic,implicit,pending_tasks,4,2,1,0.5,0.25,0.3333,54,357,6.61,1.312107000103424,6
gen_systems_rust_004,graphiti_style,systems/rust,synthetic,implicit,decisions,2,1,0,0.0,0.0,0.0,54,357,6.61,1.312107000103424,6
gen_systems_rust_004,graphiti_style,systems/rust,synthetic,implicit,files,2,2,2,1.0,1.0,1.0,54,357,6.61,1.312107000103424,6
gen_systems_rust_004,graphiti_style,systems/rust,synthetic,implicit,errors,0,1,0,0.0,1.0,0.0,54,357,6.61,1.312107000103424,6
gen_systems_rust_004,graphrag_style,systems/rust,synthetic,implicit,completed_tasks,5,0,0,1.0,0.0,0.0,40,357,8.93,0.5914490002396633,5
gen_systems_rust_004,graphrag_style,systems/rust,synthetic,implicit,pending_tasks,4,1,0,0.0,0.0,0.0,40,357,8.93,0.5914490002396633,5
gen_systems_rust_004,graphrag_style,systems/rust,synthetic,implicit,decisions,2,1,0,0.0,0.0,0.0,40,357,8.93,0.5914490002396633,5
gen_systems_rust_004,graphrag_style,systems/rust,synthetic,implicit,files,2,2,2,1.0,1.0,1.0,40,357,8.93,0.5914490002396633,5
gen_systems_rust_004,graphrag_style,systems/rust,synthetic,implicit,errors,0,1,0,0.0,1.0,0.0,40,357,8.93,0.5914490002396633,5
gen_systems_rust_004,mem0_style,systems/rust,synthetic,implicit,completed_tasks,5,0,0,1.0,0.0,0.0,53,357,6.74,1.1450110000623681,6
gen_systems_rust_004,mem0_style,systems/rust,synthetic,implicit,pending_tasks,4,2,1,0.5,0.25,0.3333,53,357,6.74,1.1450110000623681,6
gen_systems_rust_004,mem0_style,systems/rust,synthetic,implicit,decisions,2,1,0,0.0,0.0,0.0,53,357,6.74,1.1450110000623681,6
gen_systems_rust_004,mem0_style,systems/rust,synthetic,implicit,files,2,2,2,1.0,1.0,1.0,53,357,6.74,1.1450110000623681,6
gen_systems_rust_004,mem0_style,systems/rust,synthetic,implicit,errors,0,1,0,0.0,1.0,0.0,53,357,6.74,1.1450110000623681,6
gen_systems_rust_004,memgpt_style,systems/rust,synthetic,implicit,completed_tasks,5,0,0,1.0,0.0,0.0,24,357,14.88,0.5272130001685582,2
gen_systems_rust_004,memgpt_style,systems/rust,synthetic,implicit,pending_tasks,4,0,0,1.0,0.0,0.0,24,357,14.88,0.5272130001685582,2
gen_systems_rust_004,memgpt_style,systems/rust,synthetic,implicit,decisions,2,0,0,1.0,0.0,0.0,24,357,14.88,0.5272130001685582,2
gen_systems_rust_004,memgpt_style,systems/rust,synthetic,implicit,files,2,1,1,1.0,0.5,0.6667,24,357,14.88,0.5272130001685582,2
gen_systems_rust_004,memgpt_style,systems/rust,synthetic,implicit,errors,0,1,0,0.0,1.0,0.0,24,357,14.88,0.5272130001685582,2
gen_systems_rust_004,sliding_window_10,systems/rust,synthetic,implicit,completed_tasks,5,12,2,0.1667,0.4,0.2353,193,357,1.85,0.0030440000955422875,12
gen_systems_rust_004,sliding_window_10,systems/rust,synthetic,implicit,pending_tasks,4,12,3,0.25,0.75,0.375,193,357,1.85,0.0030440000955422875,12
gen_systems_rust_004,sliding_window_10,systems/rust,synthetic,implicit,decisions,2,12,1,0.0833,0.5,0.1429,193,357,1.85,0.0030440000955422875,12
gen_systems_rust_004,sliding_window_10,systems/rust,synthetic,implicit,files,2,12,1,0.0833,0.5,0.1429,193,357,1.85,0.0030440000955422875,12
gen_systems_rust_004,sliding_window_10,systems/rust,synthetic,implicit,errors,0,12,0,0.0,1.0,0.0,193,357,1.85,0.0030440000955422875,12
gen_systems_rust_004,naive_truncation,systems/rust,synthetic,implicit,completed_tasks,5,20,5,0.25,1.0,0.4,304,357,1.17,0.016669000160618452,20
gen_systems_rust_004,naive_truncation,systems/rust,synthetic,implicit,pending_tasks,4,20,3,0.15,0.75,0.25,304,357,1.17,0.016669000160618452,20
gen_systems_rust_004,naive_truncation,systems/rust,synthetic,implicit,decisions,2,20,2,0.1,1.0,0.1818,304,357,1.17,0.016669000160618452,20
gen_systems_rust_004,naive_truncation,systems/rust,synthetic,implicit,files,2,20,1,0.05,0.5,0.0909,304,357,1.17,0.016669000160618452,20
gen_systems_rust_004,naive_truncation,systems/rust,synthetic,implicit,errors,0,20,0,0.0,1.0,0.0,304,357,1.17,0.016669000160618452,20
gen_systems_rust_004,naive_summary,systems/rust,synthetic,implicit,completed_tasks,5,13,3,0.2308,0.6,0.3333,174,357,2.05,0.03995099996245699,13
gen_systems_rust_004,naive_summary,systems/rust,synthetic,implicit,pending_tasks,4,13,1,0.0769,0.25,0.1176,174,357,2.05,0.03995099996245699,13
gen_systems_rust_004,naive_summary,systems/rust,synthetic,implicit,decisions,2,13,1,0.0769,0.5,0.1333,174,357,2.05,0.03995099996245699,13
gen_systems_rust_004,naive_summary,systems/rust,synthetic,implicit,files,2,13,1,0.0769,0.5,0.1333,174,357,2.05,0.03995099996245699,13
gen_systems_rust_004,naive_summary,systems/rust,synthetic,implicit,errors,0,13,0,0.0,1.0,0.0,174,357,2.05,0.03995099996245699,13
gen_systems_rust_005,tokenmizer_v0.5.2,systems/rust,synthetic,implicit,completed_tasks,6,6,5,0.8333,0.8333,0.8333,135,488,3.61,362.3752560001776,15
gen_systems_rust_005,tokenmizer_v0.5.2,systems/rust,synthetic,implicit,pending_tasks,4,2,2,1.0,0.5,0.6667,135,488,3.61,362.3752560001776,15
gen_systems_rust_005,tokenmizer_v0.5.2,systems/rust,synthetic,implicit,decisions,2,1,1,1.0,0.5,0.6667,135,488,3.61,362.3752560001776,15
gen_systems_rust_005,tokenmizer_v0.5.2,systems/rust,synthetic,implicit,files,4,4,4,1.0,1.0,1.0,135,488,3.61,362.3752560001776,15
gen_systems_rust_005,tokenmizer_v0.5.2,systems/rust,synthetic,implicit,errors,2,2,2,1.0,1.0,1.0,135,488,3.61,362.3752560001776,15
gen_systems_rust_005,graphiti_style,systems/rust,synthetic,implicit,completed_tasks,6,0,0,1.0,0.0,0.0,51,488,9.57,1.685535999968124,9
gen_systems_rust_005,graphiti_style,systems/rust,synthetic,implicit,pending_tasks,4,2,0,0.0,0.0,0.0,51,488,9.57,1.685535999968124,9
gen_systems_rust_005,graphiti_style,systems/rust,synthetic,implicit,decisions,2,2,0,0.0,0.0,0.0,51,488,9.57,1.685535999968124,9
gen_systems_rust_005,graphiti_style,systems/rust,synthetic,implicit,files,4,4,4,1.0,1.0,1.0,51,488,9.57,1.685535999968124,9
gen_systems_rust_005,graphiti_style,systems/rust,synthetic,implicit,errors,2,1,0,0.0,0.0,0.0,51,488,9.57,1.685535999968124,9
gen_systems_rust_005,graphrag_style,systems/rust,synthetic,implicit,completed_tasks,6,0,0,1.0,0.0,0.0,29,488,16.83,0.9028389999912179,7
gen_systems_rust_005,graphrag_style,systems/rust,synthetic,implicit,pending_tasks,4,2,0,0.0,0.0,0.0,29,488,16.83,0.9028389999912179,7
gen_systems_rust_005,graphrag_style,systems/rust,synthetic,implicit,decisions,2,1,0,0.0,0.0,0.0,29,488,16.83,0.9028389999912179,7
gen_systems_rust_005,graphrag_style,systems/rust,synthetic,implicit,files,4,4,4,1.0,1.0,1.0,29,488,16.83,0.9028389999912179,7
gen_systems_rust_005,graphrag_style,systems/rust,synthetic,implicit,errors,2,0,0,1.0,0.0,0.0,29,488,16.83,0.9028389999912179,7
gen_systems_rust_005,mem0_style,systems/rust,synthetic,implicit,completed_tasks,6,0,0,1.0,0.0,0.0,50,488,9.76,1.5504300004067773,9
gen_systems_rust_005,mem0_style,systems/rust,synthetic,implicit,pending_tasks,4,2,0,0.0,0.0,0.0,50,488,9.76,1.5504300004067773,9
gen_systems_rust_005,mem0_style,systems/rust,synthetic,implicit,decisions,2,2,0,0.0,0.0,0.0,50,488,9.76,1.5504300004067773,9
gen_systems_rust_005,mem0_style,systems/rust,synthetic,implicit,files,4,4,4,1.0,1.0,1.0,50,488,9.76,1.5504300004067773,9
gen_systems_rust_005,mem0_style,systems/rust,synthetic,implicit,errors,2,1,0,0.0,0.0,0.0,50,488,9.76,1.5504300004067773,9
gen_systems_rust_005,memgpt_style,systems/rust,synthetic,implicit,completed_tasks,6,0,0,1.0,0.0,0.0,31,488,15.74,1.1556029999155726,3
gen_systems_rust_005,memgpt_style,systems/rust,synthetic,implicit,pending_tasks,4,0,0,1.0,0.0,0.0,31,488,15.74,1.1556029999155726,3
gen_systems_rust_005,memgpt_style,systems/rust,synthetic,implicit,decisions,2,1,0,0.0,0.0,0.0,31,488,15.74,1.1556029999155726,3
gen_systems_rust_005,memgpt_style,systems/rust,synthetic,implicit,files,4,1,1,1.0,0.25,0.4,31,488,15.74,1.1556029999155726,3
gen_systems_rust_005,memgpt_style,systems/rust,synthetic,implicit,errors,2,1,0,0.0,0.0,0.0,31,488,15.74,1.1556029999155726,3
gen_systems_rust_005,sliding_window_10,systems/rust,synthetic,implicit,completed_tasks,6,12,4,0.3333,0.6667,0.4444,189,488,2.58,0.005309999778546626,12
gen_systems_rust_005,sliding_window_10,systems/rust,synthetic,implicit,pending_tasks,4,12,0,0.0,0.0,0.0,189,488,2.58,0.005309999778546626,12
gen_systems_rust_005,sliding_window_10,systems/rust,synthetic,implicit,decisions,2,12,1,0.0833,0.5,0.1429,189,488,2.58,0.005309999778546626,12
gen_systems_rust_005,sliding_window_10,systems/rust,synthetic,implicit,files,4,12,1,0.0833,0.25,0.125,189,488,2.58,0.005309999778546626,12
gen_systems_rust_005,sliding_window_10,systems/rust,synthetic,implicit,errors,2,12,1,0.0833,0.5,0.1429,189,488,2.58,0.005309999778546626,12
gen_systems_rust_005,naive_truncation,systems/rust,synthetic,implicit,completed_tasks,6,19,5,0.2632,0.8333,0.4,300,488,1.63,0.018560000171419233,19
gen_systems_rust_005,naive_truncation,systems/rust,synthetic,implicit,pending_tasks,4,19,2,0.1053,0.5,0.1739,300,488,1.63,0.018560000171419233,19
gen_systems_rust_005,naive_truncation,systems/rust,synthetic,implicit,decisions,2,19,1,0.0526,0.5,0.0952,300,488,1.63,0.018560000171419233,19
gen_systems_rust_005,naive_truncation,systems/rust,synthetic,implicit,files,4,19,2,0.1053,0.5,0.1739,300,488,1.63,0.018560000171419233,19
gen_systems_rust_005,naive_truncation,systems/rust,synthetic,implicit,errors,2,19,1,0.0526,0.5,0.0952,300,488,1.63,0.018560000171419233,19
gen_systems_rust_005,naive_summary,systems/rust,synthetic,implicit,completed_tasks,6,12,1,0.0833,0.1667,0.1111,166,488,2.94,0.09464300001127413,12
gen_systems_rust_005,naive_summary,systems/rust,synthetic,implicit,pending_tasks,4,12,2,0.1667,0.5,0.25,166,488,2.94,0.09464300001127413,12
gen_systems_rust_005,naive_summary,systems/rust,synthetic,implicit,decisions,2,12,0,0.0,0.0,0.0,166,488,2.94,0.09464300001127413,12
gen_systems_rust_005,naive_summary,systems/rust,synthetic,implicit,files,4,12,2,0.1667,0.5,0.25,166,488,2.94,0.09464300001127413,12
gen_systems_rust_005,naive_summary,systems/rust,synthetic,implicit,errors,2,12,1,0.0833,0.5,0.1429,166,488,2.94,0.09464300001127413,12
go_microservice,tokenmizer_v0.5.2,backend/go,synthetic,unspecified,completed_tasks,4,4,4,1.0,1.0,1.0,172,206,1.2,328.21630300031757,17
go_microservice,tokenmizer_v0.5.2,backend/go,synthetic,unspecified,pending_tasks,1,1,1,1.0,1.0,1.0,172,206,1.2,328.21630300031757,17
go_microservice,tokenmizer_v0.5.2,backend/go,synthetic,unspecified,decisions,4,4,4,1.0,1.0,1.0,172,206,1.2,328.21630300031757,17
go_microservice,tokenmizer_v0.5.2,backend/go,synthetic,unspecified,files,6,6,6,1.0,1.0,1.0,172,206,1.2,328.21630300031757,17
go_microservice,tokenmizer_v0.5.2,backend/go,synthetic,unspecified,errors,2,2,2,1.0,1.0,1.0,172,206,1.2,328.21630300031757,17
go_microservice,graphiti_style,backend/go,synthetic,unspecified,completed_tasks,4,2,1,0.5,0.25,0.3333,106,206,1.94,0.701752999702876,13
go_microservice,graphiti_style,backend/go,synthetic,unspecified,pending_tasks,1,2,1,0.5,1.0,0.6667,106,206,1.94,0.701752999702876,13
go_microservice,graphiti_style,backend/go,synthetic,unspecified,decisions,4,3,2,0.6667,0.5,0.5714,106,206,1.94,0.701752999702876,13
go_microservice,graphiti_style,backend/go,synthetic,unspecified,files,6,6,6,1.0,1.0,1.0,106,206,1.94,0.701752999702876,13
go_microservice,graphiti_style,backend/go,synthetic,unspecified,errors,2,0,0,1.0,0.0,0.0,106,206,1.94,0.701752999702876,13
go_microservice,graphrag_style,backend/go,synthetic,unspecified,completed_tasks,4,0,0,1.0,0.0,0.0,58,206,3.55,0.36515800002234755,9
go_microservice,graphrag_style,backend/go,synthetic,unspecified,pending_tasks,1,0,0,1.0,0.0,0.0,58,206,3.55,0.36515800002234755,9
go_microservice,graphrag_style,backend/go,synthetic,unspecified,decisions,4,3,2,0.6667,0.5,0.5714,58,206,3.55,0.36515800002234755,9
go_microservice,graphrag_style,backend/go,synthetic,unspecified,files,6,6,6,1.0,1.0,1.0,58,206,3.55,0.36515800002234755,9
go_microservice,graphrag_style,backend/go,synthetic,unspecified,errors,2,0,0,1.0,0.0,0.0,58,206,3.55,0.36515800002234755,9
go_microservice,mem0_style,backend/go,synthetic,unspecified,completed_tasks,4,2,1,0.5,0.25,0.3333,105,206,1.96,0.6722540001646848,13
go_microservice,mem0_style,backend/go,synthetic,unspecified,pending_tasks,1,2,1,0.5,1.0,0.6667,105,206,1.96,0.6722540001646848,13
go_microservice,mem0_style,backend/go,synthetic,unspecified,decisions,4,3,2,0.6667,0.5,0.5714,105,206,1.96,0.6722540001646848,13
go_microservice,mem0_style,backend/go,synthetic,unspecified,files,6,6,6,1.0,1.0,1.0,105,206,1.96,0.6722540001646848,13
go_microservice,mem0_style,backend/go,synthetic,unspecified,errors,2,0,0,1.0,0.0,0.0,105,206,1.96,0.6722540001646848,13
go_microservice,memgpt_style,backend/go,synthetic,unspecified,completed_tasks,4,1,1,1.0,0.25,0.4,65,206,3.17,0.38398399965444696,6
go_microservice,memgpt_style,backend/go,synthetic,unspecified,pending_tasks,1,2,1,0.5,1.0,0.6667,65,206,3.17,0.38398399965444696,6
go_microservice,memgpt_style,backend/go,synthetic,unspecified,decisions,4,1,1,1.0,0.25,0.4,65,206,3.17,0.38398399965444696,6
go_microservice,memgpt_style,backend/go,synthetic,unspecified,files,6,2,3,1.0,0.5,0.6667,65,206,3.17,0.38398399965444696,6
go_microservice,memgpt_style,backend/go,synthetic,unspecified,errors,2,0,0,1.0,0.0,0.0,65,206,3.17,0.38398399965444696,6
go_microservice,sliding_window_10,backend/go,synthetic,unspecified,completed_tasks,4,15,4,0.2667,1.0,0.4211,212,206,0.97,0.0059599997257464565,15
go_microservice,sliding_window_10,backend/go,synthetic,unspecified,pending_tasks,1,15,1,0.0667,1.0,0.125,212,206,0.97,0.0059599997257464565,15
go_microservice,sliding_window_10,backend/go,synthetic,unspecified,decisions,4,15,4,0.4,1.0,0.5714,212,206,0.97,0.0059599997257464565,15
go_microservice,sliding_window_10,backend/go,synthetic,unspecified,files,6,15,6,0.3333,1.0,0.5,212,206,0.97,0.0059599997257464565,15
go_microservice,sliding_window_10,backend/go,synthetic,unspecified,errors,2,15,2,0.0667,1.0,0.125,212,206,0.97,0.0059599997257464565,15
go_microservice,naive_truncation,backend/go,synthetic,unspecified,completed_tasks,4,15,4,0.2667,1.0,0.4211,212,206,0.97,0.011859999631269602,15
go_microservice,naive_truncation,backend/go,synthetic,unspecified,pending_tasks,1,15,1,0.0667,1.0,0.125,212,206,0.97,0.011859999631269602,15
go_microservice,naive_truncation,backend/go,synthetic,unspecified,decisions,4,15,4,0.4,1.0,0.5714,212,206,0.97,0.011859999631269602,15
go_microservice,naive_truncation,backend/go,synthetic,unspecified,files,6,15,6,0.3333,1.0,0.5,212,206,0.97,0.011859999631269602,15
go_microservice,naive_truncation,backend/go,synthetic,unspecified,errors,2,15,2,0.0667,1.0,0.125,212,206,0.97,0.011859999631269602,15
go_microservice,naive_summary,backend/go,synthetic,unspecified,completed_tasks,4,15,4,0.2667,1.0,0.4211,212,206,0.97,0.025523000203975243,15
go_microservice,naive_summary,backend/go,synthetic,unspecified,pending_tasks,1,15,1,0.0667,1.0,0.125,212,206,0.97,0.025523000203975243,15
go_microservice,naive_summary,backend/go,synthetic,unspecified,decisions,4,15,4,0.4,1.0,0.5714,212,206,0.97,0.025523000203975243,15
go_microservice,naive_summary,backend/go,synthetic,unspecified,files,6,15,6,0.3333,1.0,0.5,212,206,0.97,0.025523000203975243,15
go_microservice,naive_summary,backend/go,synthetic,unspecified,errors,2,15,2,0.0667,1.0,0.125,212,206,0.97,0.025523000203975243,15
ml_pipeline,tokenmizer_v0.5.2,ml/python,synthetic,unspecified,completed_tasks,4,3,4,1.0,1.0,1.0,139,206,1.48,312.1086670003024,12
ml_pipeline,tokenmizer_v0.5.2,ml/python,synthetic,unspecified,decisions,4,4,4,1.0,1.0,1.0,139,206,1.48,312.1086670003024,12
ml_pipeline,tokenmizer_v0.5.2,ml/python,synthetic,unspecified,files,5,5,5,1.0,1.0,1.0,139,206,1.48,312.1086670003024,12
ml_pipeline,graphiti_style,ml/python,synthetic,unspecified,completed_tasks,4,5,4,0.6,1.0,0.75,117,206,1.76,0.6720239998685429,16
ml_pipeline,graphiti_style,ml/python,synthetic,unspecified,pending_tasks,0,2,0,0.0,1.0,0.0,117,206,1.76,0.6720239998685429,16
ml_pipeline,graphiti_style,ml/python,synthetic,unspecified,decisions,4,4,3,0.75,0.75,0.75,117,206,1.76,0.6720239998685429,16
ml_pipeline,graphiti_style,ml/python,synthetic,unspecified,files,5,5,5,1.0,1.0,1.0,117,206,1.76,0.6720239998685429,16
ml_pipeline,graphrag_style,ml/python,synthetic,unspecified,completed_tasks,4,2,2,1.0,0.5,0.6667,78,206,2.64,0.37988799977028975,11
ml_pipeline,graphrag_style,ml/python,synthetic,unspecified,decisions,4,4,3,0.75,0.75,0.75,78,206,2.64,0.37988799977028975,11
ml_pipeline,graphrag_style,ml/python,synthetic,unspecified,files,5,5,5,1.0,1.0,1.0,78,206,2.64,0.37988799977028975,11
ml_pipeline,mem0_style,ml/python,synthetic,unspecified,completed_tasks,4,5,4,0.6,1.0,0.75,116,206,1.78,0.9104719997594657,16
ml_pipeline,mem0_style,ml/python,synthetic,unspecified,pending_tasks,0,2,0,0.0,1.0,0.0,116,206,1.78,0.9104719997594657,16
ml_pipeline,mem0_style,ml/python,synthetic,unspecified,decisions,4,4,3,0.75,0.75,0.75,116,206,1.78,0.9104719997594657,16
ml_pipeline,mem0_style,ml/python,synthetic,unspecified,files,5,5,5,1.0,1.0,1.0,116,206,1.78,0.9104719997594657,16
ml_pipeline,memgpt_style,ml/python,synthetic,unspecified,completed_tasks,4,4,3,0.5,0.75,0.6,53,206,3.89,0.43231100016782875,9
ml_pipeline,memgpt_style,ml/python,synthetic,unspecified,decisions,4,1,0,0.0,0.0,0.0,53,206,3.89,0.43231100016782875,9
ml_pipeline,memgpt_style,ml/python,synthetic,unspecified,files,5,4,4,1.0,0.8,0.8889,53,206,3.89,0.43231100016782875,9
ml_pipeline,sliding_window_10,ml/python,synthetic,unspecified,completed_tasks,4,12,4,0.25,1.0,0.4,211,206,0.98,0.00606399999014684,12
ml_pipeline,sliding_window_10,ml/python,synthetic,unspecified,pending_tasks,0,12,0,0.0,1.0,0.0,211,206,0.98,0.00606399999014684,12
ml_pipeline,sliding_window_10,ml/python,synthetic,unspecified,decisions,4,12,4,0.25,1.0,0.4,211,206,0.98,0.00606399999014684,12
ml_pipeline,sliding_window_10,ml/python,synthetic,unspecified,files,5,12,5,0.3333,1.0,0.5,211,206,0.98,0.00606399999014684,12
ml_pipeline,sliding_window_10,ml/python,synthetic,unspecified,errors,0,12,0,0.0,1.0,0.0,211,206,0.98,0.00606399999014684,12
ml_pipeline,naive_truncation,ml/python,synthetic,unspecified,completed_tasks,4,12,4,0.25,1.0,0.4,211,206,0.98,0.013095000213070307,12
ml_pipeline,naive_truncation,ml/python,synthetic,unspecified,pending_tasks,0,12,0,0.0,1.0,0.0,211,206,0.98,0.013095000213070307,12
ml_pipeline,naive_truncation,ml/python,synthetic,unspecified,decisions,4,12,4,0.25,1.0,0.4,211,206,0.98,0.013095000213070307,12
ml_pipeline,naive_truncation,ml/python,synthetic,unspecified,files,5,12,5,0.3333,1.0,0.5,211,206,0.98,0.013095000213070307,12
ml_pipeline,naive_truncation,ml/python,synthetic,unspecified,errors,0,12,0,0.0,1.0,0.0,211,206,0.98,0.013095000213070307,12
ml_pipeline,naive_summary,ml/python,synthetic,unspecified,completed_tasks,4,12,4,0.25,1.0,0.4,211,206,0.98,0.060864999795740005,12
ml_pipeline,naive_summary,ml/python,synthetic,unspecified,pending_tasks,0,12,0,0.0,1.0,0.0,211,206,0.98,0.060864999795740005,12
ml_pipeline,naive_summary,ml/python,synthetic,unspecified,decisions,4,12,4,0.25,1.0,0.4,211,206,0.98,0.060864999795740005,12
ml_pipeline,naive_summary,ml/python,synthetic,unspecified,files,5,12,5,0.3333,1.0,0.5,211,206,0.98,0.060864999795740005,12
ml_pipeline,naive_summary,ml/python,synthetic,unspecified,errors,0,12,0,0.0,1.0,0.0,211,206,0.98,0.060864999795740005,12
react_dashboard,tokenmizer_v0.5.2,frontend/typescript,synthetic,unspecified,completed_tasks,4,3,3,1.0,0.75,0.8571,186,205,1.1,291.8573169999945,18
react_dashboard,tokenmizer_v0.5.2,frontend/typescript,synthetic,unspecified,decisions,6,6,6,0.8333,1.0,0.9091,186,205,1.1,291.8573169999945,18
react_dashboard,tokenmizer_v0.5.2,frontend/typescript,synthetic,unspecified,files,7,7,7,1.0,1.0,1.0,186,205,1.1,291.8573169999945,18
react_dashboard,tokenmizer_v0.5.2,frontend/typescript,synthetic,unspecified,errors,2,2,2,1.0,1.0,1.0,186,205,1.1,291.8573169999945,18
react_dashboard,graphiti_style,frontend/typescript,synthetic,unspecified,completed_tasks,4,5,4,0.6,1.0,0.75,171,205,1.2,1.0392649996902037,18
react_dashboard,graphiti_style,frontend/typescript,synthetic,unspecified,pending_tasks,0,2,0,0.0,1.0,0.0,171,205,1.2,1.0392649996902037,18
react_dashboard,graphiti_style,frontend/typescript,synthetic,unspecified,decisions,6,5,5,0.8,0.8333,0.8163,171,205,1.2,1.0392649996902037,18
react_dashboard,graphiti_style,frontend/typescript,synthetic,unspecified,files,7,6,5,0.8333,0.7143,0.7692,171,205,1.2,1.0392649996902037,18
react_dashboard,graphiti_style,frontend/typescript,synthetic,unspecified,errors,2,0,0,1.0,0.0,0.0,171,205,1.2,1.0392649996902037,18
react_dashboard,graphrag_style,frontend/typescript,synthetic,unspecified,completed_tasks,4,2,2,1.0,0.5,0.6667,119,205,1.72,0.4254420000506798,13
react_dashboard,graphrag_style,frontend/typescript,synthetic,unspecified,decisions,6,5,5,0.8,0.8333,0.8163,119,205,1.72,0.4254420000506798,13
react_dashboard,graphrag_style,frontend/typescript,synthetic,unspecified,files,7,6,5,0.8333,0.7143,0.7692,119,205,1.72,0.4254420000506798,13
react_dashboard,graphrag_style,frontend/typescript,synthetic,unspecified,errors,2,0,0,1.0,0.0,0.0,119,205,1.72,0.4254420000506798,13
react_dashboard,mem0_style,frontend/typescript,synthetic,unspecified,completed_tasks,4,5,4,0.6,1.0,0.75,170,205,1.21,1.1037990002478182,18
react_dashboard,mem0_style,frontend/typescript,synthetic,unspecified,pending_tasks,0,2,0,0.0,1.0,0.0,170,205,1.21,1.1037990002478182,18
react_dashboard,mem0_style,frontend/typescript,synthetic,unspecified,decisions,6,5,5,0.8,0.8333,0.8163,170,205,1.21,1.1037990002478182,18
react_dashboard,mem0_style,frontend/typescript,synthetic,unspecified,files,7,6,5,0.8333,0.7143,0.7692,170,205,1.21,1.1037990002478182,18
react_dashboard,mem0_style,frontend/typescript,synthetic,unspecified,errors,2,0,0,1.0,0.0,0.0,170,205,1.21,1.1037990002478182,18
react_dashboard,memgpt_style,frontend/typescript,synthetic,unspecified,completed_tasks,4,4,3,0.5,0.75,0.6,108,205,1.9,0.39507700012109126,11
react_dashboard,memgpt_style,frontend/typescript,synthetic,unspecified,pending_tasks,0,1,0,0.0,1.0,0.0,108,205,1.9,0.39507700012109126,11
react_dashboard,memgpt_style,frontend/typescript,synthetic,unspecified,decisions,6,2,2,1.0,0.3333,0.5,108,205,1.9,0.39507700012109126,11
react_dashboard,memgpt_style,frontend/typescript,synthetic,unspecified,files,7,4,4,1.0,0.5714,0.7273,108,205,1.9,0.39507700012109126,11
react_dashboard,memgpt_style,frontend/typescript,synthetic,unspecified,errors,2,0,0,1.0,0.0,0.0,108,205,1.9,0.39507700012109126,11
react_dashboard,sliding_window_10,frontend/typescript,synthetic,unspecified,completed_tasks,4,12,4,0.3333,1.0,0.5,212,205,0.97,0.0045050001062918454,12
react_dashboard,sliding_window_10,frontend/typescript,synthetic,unspecified,pending_tasks,0,12,0,0.0,1.0,0.0,212,205,0.97,0.0045050001062918454,12
react_dashboard,sliding_window_10,frontend/typescript,synthetic,unspecified,decisions,6,12,6,0.4167,1.0,0.5882,212,205,0.97,0.0045050001062918454,12
react_dashboard,sliding_window_10,frontend/typescript,synthetic,unspecified,files,7,12,7,0.4167,1.0,0.5882,212,205,0.97,0.0045050001062918454,12
react_dashboard,sliding_window_10,frontend/typescript,synthetic,unspecified,errors,2,12,2,0.0833,1.0,0.1538,212,205,0.97,0.0045050001062918454,12
react_dashboard,naive_truncation,frontend/typescript,synthetic,unspecified,completed_tasks,4,12,4,0.3333,1.0,0.5,212,205,0.97,0.011326999810989946,12
react_dashboard,naive_truncation,frontend/typescript,synthetic,unspecified,pending_tasks,0,12,0,0.0,1.0,0.0,212,205,0.97,0.011326999810989946,12
react_dashboard,naive_truncation,frontend/typescript,synthetic,unspecified,decisions,6,12,6,0.4167,1.0,0.5882,212,205,0.97,0.011326999810989946,12
react_dashboard,naive_truncation,frontend/typescript,synthetic,unspecified,files,7,12,7,0.4167,1.0,0.5882,212,205,0.97,0.011326999810989946,12
react_dashboard,naive_truncation,frontend/typescript,synthetic,unspecified,errors,2,12,2,0.0833,1.0,0.1538,212,205,0.97,0.011326999810989946,12
react_dashboard,naive_summary,frontend/typescript,synthetic,unspecified,completed_tasks,4,12,4,0.3333,1.0,0.5,212,205,0.97,0.03502300023683347,12
react_dashboard,naive_summary,frontend/typescript,synthetic,unspecified,pending_tasks,0,12,0,0.0,1.0,0.0,212,205,0.97,0.03502300023683347,12
react_dashboard,naive_summary,frontend/typescript,synthetic,unspecified,decisions,6,12,6,0.4167,1.0,0.5882,212,205,0.97,0.03502300023683347,12
react_dashboard,naive_summary,frontend/typescript,synthetic,unspecified,files,7,12,7,0.4167,1.0,0.5882,212,205,0.97,0.03502300023683347,12
react_dashboard,naive_summary,frontend/typescript,synthetic,unspecified,errors,2,12,2,0.0833,1.0,0.1538,212,205,0.97,0.03502300023683347,12
real_audit_concurrency,tokenmizer_v0.5.2,audit/systems,real,unspecified,completed_tasks,3,3,3,1.0,1.0,1.0,107,237,2.21,304.48724999996557,9
real_audit_concurrency,tokenmizer_v0.5.2,audit/systems,real,unspecified,pending_tasks,1,1,1,1.0,1.0,1.0,107,237,2.21,304.48724999996557,9
real_audit_concurrency,tokenmizer_v0.5.2,audit/systems,real,unspecified,decisions,1,1,1,1.0,1.0,1.0,107,237,2.21,304.48724999996557,9
real_audit_concurrency,tokenmizer_v0.5.2,audit/systems,real,unspecified,files,2,2,2,1.0,1.0,1.0,107,237,2.21,304.48724999996557,9
real_audit_concurrency,tokenmizer_v0.5.2,audit/systems,real,unspecified,errors,2,2,2,1.0,1.0,1.0,107,237,2.21,304.48724999996557,9
real_audit_concurrency,graphiti_style,audit/systems,real,unspecified,completed_tasks,3,4,1,0.25,0.3333,0.2857,91,237,2.6,0.816211000255862,8
real_audit_concurrency,graphiti_style,audit/systems,real,unspecified,pending_tasks,1,1,1,1.0,1.0,1.0,91,237,2.6,0.816211000255862,8
real_audit_concurrency,graphiti_style,audit/systems,real,unspecified,decisions,1,1,1,1.0,1.0,1.0,91,237,2.6,0.816211000255862,8
real_audit_concurrency,graphiti_style,audit/systems,real,unspecified,files,2,2,2,1.0,1.0,1.0,91,237,2.6,0.816211000255862,8
real_audit_concurrency,graphiti_style,audit/systems,real,unspecified,errors,2,0,0,1.0,0.0,0.0,91,237,2.6,0.816211000255862,8
real_audit_concurrency,graphrag_style,audit/systems,real,unspecified,completed_tasks,3,1,1,1.0,0.3333,0.5,55,237,4.31,0.4013100001429848,4
real_audit_concurrency,graphrag_style,audit/systems,real,unspecified,pending_tasks,1,0,0,1.0,0.0,0.0,55,237,4.31,0.4013100001429848,4
real_audit_concurrency,graphrag_style,audit/systems,real,unspecified,decisions,1,1,1,1.0,1.0,1.0,55,237,4.31,0.4013100001429848,4
real_audit_concurrency,graphrag_style,audit/systems,real,unspecified,files,2,2,2,1.0,1.0,1.0,55,237,4.31,0.4013100001429848,4
real_audit_concurrency,graphrag_style,audit/systems,real,unspecified,errors,2,0,0,1.0,0.0,0.0,55,237,4.31,0.4013100001429848,4
real_audit_concurrency,mem0_style,audit/systems,real,unspecified,completed_tasks,3,4,1,0.25,0.3333,0.2857,90,237,2.63,0.8011169998098921,8
real_audit_concurrency,mem0_style,audit/systems,real,unspecified,pending_tasks,1,1,1,1.0,1.0,1.0,90,237,2.63,0.8011169998098921,8
real_audit_concurrency,mem0_style,audit/systems,real,unspecified,decisions,1,1,1,1.0,1.0,1.0,90,237,2.63,0.8011169998098921,8
real_audit_concurrency,mem0_style,audit/systems,real,unspecified,files,2,2,2,1.0,1.0,1.0,90,237,2.63,0.8011169998098921,8
real_audit_concurrency,mem0_style,audit/systems,real,unspecified,errors,2,0,0,1.0,0.0,0.0,90,237,2.63,0.8011169998098921,8
real_audit_concurrency,memgpt_style,audit/systems,real,unspecified,completed_tasks,3,3,1,0.3333,0.3333,0.3333,60,237,3.95,0.437526999576221,5
real_audit_concurrency,memgpt_style,audit/systems,real,unspecified,pending_tasks,1,1,1,1.0,1.0,1.0,60,237,3.95,0.437526999576221,5
real_audit_concurrency,memgpt_style,audit/systems,real,unspecified,decisions,1,0,0,1.0,0.0,0.0,60,237,3.95,0.437526999576221,5
real_audit_concurrency,memgpt_style,audit/systems,real,unspecified,files,2,1,1,1.0,0.5,0.6667,60,237,3.95,0.437526999576221,5
real_audit_concurrency,memgpt_style,audit/systems,real,unspecified,errors,2,0,0,1.0,0.0,0.0,60,237,3.95,0.437526999576221,5
real_audit_concurrency,sliding_window_10,audit/systems,real,unspecified,completed_tasks,3,16,3,0.1875,1.0,0.3158,243,237,0.98,0.0038359999052772764,16
real_audit_concurrency,sliding_window_10,audit/systems,real,unspecified,pending_tasks,1,16,1,0.0625,1.0,0.1176,243,237,0.98,0.0038359999052772764,16
real_audit_concurrency,sliding_window_10,audit/systems,real,unspecified,decisions,1,16,1,0.0625,1.0,0.1176,243,237,0.98,0.0038359999052772764,16
real_audit_concurrency,sliding_window_10,audit/systems,real,unspecified,files,2,16,2,0.125,1.0,0.2222,243,237,0.98,0.0038359999052772764,16
real_audit_concurrency,sliding_window_10,audit/systems,real,unspecified,errors,2,16,2,0.125,1.0,0.2222,243,237,0.98,0.0038359999052772764,16
real_audit_concurrency,naive_truncation,audit/systems,real,unspecified,completed_tasks,3,16,3,0.1875,1.0,0.3158,243,237,0.98,0.010512999779166421,16
real_audit_concurrency,naive_truncation,audit/systems,real,unspecified,pending_tasks,1,16,1,0.0625,1.0,0.1176,243,237,0.98,0.010512999779166421,16
real_audit_concurrency,naive_truncation,audit/systems,real,unspecified,decisions,1,16,1,0.0625,1.0,0.1176,243,237,0.98,0.010512999779166421,16
real_audit_concurrency,naive_truncation,audit/systems,real,unspecified,files,2,16,2,0.125,1.0,0.2222,243,237,0.98,0.010512999779166421,16
real_audit_concurrency,naive_truncation,audit/systems,real,unspecified,errors,2,16,2,0.125,1.0,0.2222,243,237,0.98,0.010512999779166421,16
real_audit_concurrency,naive_summary,audit/systems,real,unspecified,completed_tasks,3,13,3,0.2308,1.0,0.375,191,237,1.24,0.03670699970825808,13
real_audit_concurrency,naive_summary,audit/systems,real,unspecified,pending_tasks,1,13,0,0.0,0.0,0.0,191,237,1.24,0.03670699970825808,13
real_audit_concurrency,naive_summary,audit/systems,real,unspecified,decisions,1,13,1,0.0769,1.0,0.1429,191,237,1.24,0.03670699970825808,13
real_audit_concurrency,naive_summary,audit/systems,real,unspecified,files,2,13,2,0.1538,1.0,0.2667,191,237,1.24,0.03670699970825808,13
real_audit_concurrency,naive_summary,audit/systems,real,unspecified,errors,2,13,1,0.0769,0.5,0.1333,191,237,1.24,0.03670699970825808,13
real_audit_corruption,tokenmizer_v0.5.2,audit/storage,real,unspecified,completed_tasks,2,2,2,1.0,1.0,1.0,120,231,1.93,285.36731499980306,11
real_audit_corruption,tokenmizer_v0.5.2,audit/storage,real,unspecified,decisions,2,2,2,1.0,1.0,1.0,120,231,1.93,285.36731499980306,11
real_audit_corruption,tokenmizer_v0.5.2,audit/storage,real,unspecified,files,2,2,2,1.0,1.0,1.0,120,231,1.93,285.36731499980306,11
real_audit_corruption,tokenmizer_v0.5.2,audit/storage,real,unspecified,errors,5,5,5,0.8,1.0,0.8889,120,231,1.93,285.36731499980306,11
real_audit_corruption,graphiti_style,audit/storage,real,unspecified,completed_tasks,2,2,2,1.0,1.0,1.0,115,231,2.01,0.744745999782026,7
real_audit_corruption,graphiti_style,audit/storage,real,unspecified,pending_tasks,0,1,0,0.0,1.0,0.0,115,231,2.01,0.744745999782026,7
real_audit_corruption,graphiti_style,audit/storage,real,unspecified,decisions,2,2,2,1.0,1.0,1.0,115,231,2.01,0.744745999782026,7
real_audit_corruption,graphiti_style,audit/storage,real,unspecified,files,2,1,1,1.0,0.5,0.6667,115,231,2.01,0.744745999782026,7
real_audit_corruption,graphiti_style,audit/storage,real,unspecified,errors,5,1,2,1.0,0.4,0.5714,115,231,2.01,0.744745999782026,7
real_audit_corruption,graphrag_style,audit/storage,real,unspecified,completed_tasks,2,1,1,1.0,0.5,0.6667,74,231,3.12,0.5188139998608676,5
real_audit_corruption,graphrag_style,audit/storage,real,unspecified,pending_tasks,0,1,0,0.0,1.0,0.0,74,231,3.12,0.5188139998608676,5
real_audit_corruption,graphrag_style,audit/storage,real,unspecified,decisions,2,2,2,1.0,1.0,1.0,74,231,3.12,0.5188139998608676,5
real_audit_corruption,graphrag_style,audit/storage,real,unspecified,files,2,1,1,1.0,0.5,0.6667,74,231,3.12,0.5188139998608676,5
real_audit_corruption,graphrag_style,audit/storage,real,unspecified,errors,5,0,0,1.0,0.0,0.0,74,231,3.12,0.5188139998608676,5
real_audit_corruption,mem0_style,audit/storage,real,unspecified,completed_tasks,2,2,2,1.0,1.0,1.0,114,231,2.03,0.8366510000996641,7
real_audit_corruption,mem0_style,audit/storage,real,unspecified,pending_tasks,0,1,0,0.0,1.0,0.0,114,231,2.03,0.8366510000996641,7
real_audit_corruption,mem0_style,audit/storage,real,unspecified,decisions,2,2,2,1.0,1.0,1.0,114,231,2.03,0.8366510000996641,7
real_audit_corruption,mem0_style,audit/storage,real,unspecified,files,2,1,1,1.0,0.5,0.6667,114,231,2.03,0.8366510000996641,7
real_audit_corruption,mem0_style,audit/storage,real,unspecified,errors,5,1,2,1.0,0.4,0.5714,114,231,2.03,0.8366510000996641,7
real_audit_corruption,memgpt_style,audit/storage,real,unspecified,completed_tasks,2,2,2,1.0,1.0,1.0,101,231,2.29,0.3667780001705978,6
real_audit_corruption,memgpt_style,audit/storage,real,unspecified,decisions,2,2,2,1.0,1.0,1.0,101,231,2.29,0.3667780001705978,6
real_audit_corruption,memgpt_style,audit/storage,real,unspecified,files,2,1,1,1.0,0.5,0.6667,101,231,2.29,0.3667780001705978,6
real_audit_corruption,memgpt_style,audit/storage,real,unspecified,errors,5,1,2,1.0,0.4,0.5714,101,231,2.29,0.3667780001705978,6
real_audit_corruption,sliding_window_10,audit/storage,real,unspecified,completed_tasks,2,11,2,0.1818,1.0,0.3077,236,231,0.98,0.0038339999264280777,11
real_audit_corruption,sliding_window_10,audit/storage,real,unspecified,pending_tasks,0,11,0,0.0,1.0,0.0,236,231,0.98,0.0038339999264280777,11
real_audit_corruption,sliding_window_10,audit/storage,real,unspecified,decisions,2,11,2,0.1818,1.0,0.3077,236,231,0.98,0.0038339999264280777,11
real_audit_corruption,sliding_window_10,audit/storage,real,unspecified,files,2,11,2,0.1818,1.0,0.3077,236,231,0.98,0.0038339999264280777,11
real_audit_corruption,sliding_window_10,audit/storage,real,unspecified,errors,5,11,5,0.3636,1.0,0.5333,236,231,0.98,0.0038339999264280777,11
real_audit_corruption,naive_truncation,audit/storage,real,unspecified,completed_tasks,2,11,2,0.1818,1.0,0.3077,236,231,0.98,0.010320999990653945,11
real_audit_corruption,naive_truncation,audit/storage,real,unspecified,pending_tasks,0,11,0,0.0,1.0,0.0,236,231,0.98,0.010320999990653945,11
real_audit_corruption,naive_truncation,audit/storage,real,unspecified,decisions,2,11,2,0.1818,1.0,0.3077,236,231,0.98,0.010320999990653945,11
real_audit_corruption,naive_truncation,audit/storage,real,unspecified,files,2,11,2,0.1818,1.0,0.3077,236,231,0.98,0.010320999990653945,11
real_audit_corruption,naive_truncation,audit/storage,real,unspecified,errors,5,11,5,0.3636,1.0,0.5333,236,231,0.98,0.010320999990653945,11
real_audit_corruption,naive_summary,audit/storage,real,unspecified,completed_tasks,2,11,1,0.0909,0.5,0.1538,208,231,1.11,0.02017599990722374,11
real_audit_corruption,naive_summary,audit/storage,real,unspecified,pending_tasks,0,11,0,0.0,1.0,0.0,208,231,1.11,0.02017599990722374,11
real_audit_corruption,naive_summary,audit/storage,real,unspecified,decisions,2,11,2,0.1818,1.0,0.3077,208,231,1.11,0.02017599990722374,11
real_audit_corruption,naive_summary,audit/storage,real,unspecified,files,2,11,2,0.1818,1.0,0.3077,208,231,1.11,0.02017599990722374,11
real_audit_corruption,naive_summary,audit/storage,real,unspecified,errors,5,11,5,0.3636,1.0,0.5333,208,231,1.11,0.02017599990722374,11
real_audit_extraction,tokenmizer_v0.5.2,audit/nlp,real,unspecified,completed_tasks,3,3,3,1.0,1.0,1.0,147,333,2.27,292.7433380000366,11
real_audit_extraction,tokenmizer_v0.5.2,audit/nlp,real,unspecified,decisions,2,2,2,1.0,1.0,1.0,147,333,2.27,292.7433380000366,11
real_audit_extraction,tokenmizer_v0.5.2,audit/nlp,real,unspecified,files,4,4,4,1.0,1.0,1.0,147,333,2.27,292.7433380000366,11
real_audit_extraction,tokenmizer_v0.5.2,audit/nlp,real,unspecified,errors,3,2,2,1.0,0.6667,0.8,147,333,2.27,292.7433380000366,11
real_audit_extraction,graphiti_style,audit/nlp,real,unspecified,completed_tasks,3,5,2,0.4,0.6667,0.5,175,333,1.9,1.3383909999902244,15
real_audit_extraction,graphiti_style,audit/nlp,real,unspecified,decisions,2,3,2,0.6667,1.0,0.8,175,333,1.9,1.3383909999902244,15
real_audit_extraction,graphiti_style,audit/nlp,real,unspecified,files,4,4,4,1.0,1.0,1.0,175,333,1.9,1.3383909999902244,15
real_audit_extraction,graphiti_style,audit/nlp,real,unspecified,errors,3,3,1,0.3333,0.3333,0.3333,175,333,1.9,1.3383909999902244,15
real_audit_extraction,graphrag_style,audit/nlp,real,unspecified,completed_tasks,3,2,0,0.0,0.0,0.0,143,333,2.33,0.5844049996994727,12
real_audit_extraction,graphrag_style,audit/nlp,real,unspecified,decisions,2,3,2,0.6667,1.0,0.8,143,333,2.33,0.5844049996994727,12
real_audit_extraction,graphrag_style,audit/nlp,real,unspecified,files,4,4,4,1.0,1.0,1.0,143,333,2.33,0.5844049996994727,12
real_audit_extraction,graphrag_style,audit/nlp,real,unspecified,errors,3,3,1,0.3333,0.3333,0.3333,143,333,2.33,0.5844049996994727,12
real_audit_extraction,mem0_style,audit/nlp,real,unspecified,completed_tasks,3,5,2,0.4,0.6667,0.5,174,333,1.91,1.126938000197697,15
real_audit_extraction,mem0_style,audit/nlp,real,unspecified,decisions,2,3,2,0.6667,1.0,0.8,174,333,1.91,1.126938000197697,15
real_audit_extraction,mem0_style,audit/nlp,real,unspecified,files,4,4,4,1.0,1.0,1.0,174,333,1.91,1.126938000197697,15
real_audit_extraction,mem0_style,audit/nlp,real,unspecified,errors,3,3,1,0.3333,0.3333,0.3333,174,333,1.91,1.126938000197697,15
real_audit_extraction,memgpt_style,audit/nlp,real,unspecified,completed_tasks,3,3,1,0.3333,0.3333,0.3333,76,333,4.38,0.5538749996958359,6
real_audit_extraction,memgpt_style,audit/nlp,real,unspecified,decisions,2,2,1,0.5,0.5,0.5,76,333,4.38,0.5538749996958359,6
real_audit_extraction,memgpt_style,audit/nlp,real,unspecified,files,4,1,1,1.0,0.25,0.4,76,333,4.38,0.5538749996958359,6
real_audit_extraction,memgpt_style,audit/nlp,real,unspecified,errors,3,0,0,1.0,0.0,0.0,76,333,4.38,0.5538749996958359,6
real_audit_extraction,sliding_window_10,audit/nlp,real,unspecified,completed_tasks,3,14,3,0.2143,1.0,0.3529,271,333,1.23,0.00375299987354083,14
real_audit_extraction,sliding_window_10,audit/nlp,real,unspecified,pending_tasks,0,14,0,0.0,1.0,0.0,271,333,1.23,0.00375299987354083,14
real_audit_extraction,sliding_window_10,audit/nlp,real,unspecified,decisions,2,14,1,0.0714,0.5,0.125,271,333,1.23,0.00375299987354083,14
real_audit_extraction,sliding_window_10,audit/nlp,real,unspecified,files,4,14,2,0.1429,0.5,0.2222,271,333,1.23,0.00375299987354083,14
real_audit_extraction,sliding_window_10,audit/nlp,real,unspecified,errors,3,14,3,0.2857,1.0,0.4444,271,333,1.23,0.00375299987354083,14
real_audit_extraction,naive_truncation,audit/nlp,real,unspecified,completed_tasks,3,14,3,0.2143,1.0,0.3529,271,333,1.23,0.014165999800752616,14
real_audit_extraction,naive_truncation,audit/nlp,real,unspecified,pending_tasks,0,14,0,0.0,1.0,0.0,271,333,1.23,0.014165999800752616,14
real_audit_extraction,naive_truncation,audit/nlp,real,unspecified,decisions,2,14,1,0.0714,0.5,0.125,271,333,1.23,0.014165999800752616,14
real_audit_extraction,naive_truncation,audit/nlp,real,unspecified,files,4,14,2,0.1429,0.5,0.2222,271,333,1.23,0.014165999800752616,14
real_audit_extraction,naive_truncation,audit/nlp,real,unspecified,errors,3,14,3,0.2857,1.0,0.4444,271,333,1.23,0.014165999800752616,14
real_audit_extraction,naive_summary,audit/nlp,real,unspecified,completed_tasks,3,10,2,0.2,0.6667,0.3077,188,333,1.77,0.0466840001536184,10
real_audit_extraction,naive_summary,audit/nlp,real,unspecified,pending_tasks,0,10,0,0.0,1.0,0.0,188,333,1.77,0.0466840001536184,10
real_audit_extraction,naive_summary,audit/nlp,real,unspecified,decisions,2,10,1,0.1,0.5,0.1667,188,333,1.77,0.0466840001536184,10
real_audit_extraction,naive_summary,audit/nlp,real,unspecified,files,4,10,3,0.2,0.75,0.3158,188,333,1.77,0.0466840001536184,10
real_audit_extraction,naive_summary,audit/nlp,real,unspecified,errors,3,10,1,0.2,0.3333,0.25,188,333,1.77,0.0466840001536184,10
real_audit_persistence,tokenmizer_v0.5.2,audit/python,real,unspecified,completed_tasks,3,3,3,1.0,1.0,1.0,125,322,2.58,325.6833719997303,9
real_audit_persistence,tokenmizer_v0.5.2,audit/python,real,unspecified,decisions,2,2,2,1.0,1.0,1.0,125,322,2.58,325.6833719997303,9
real_audit_persistence,tokenmizer_v0.5.2,audit/python,real,unspecified,files,3,3,3,1.0,1.0,1.0,125,322,2.58,325.6833719997303,9
real_audit_persistence,tokenmizer_v0.5.2,audit/python,real,unspecified,errors,1,1,1,1.0,1.0,1.0,125,322,2.58,325.6833719997303,9
real_audit_persistence,graphiti_style,audit/python,real,unspecified,completed_tasks,3,4,2,0.5,0.6667,0.5714,128,322,2.52,2.39275700005237,12
real_audit_persistence,graphiti_style,audit/python,real,unspecified,pending_tasks,0,2,0,0.0,1.0,0.0,128,322,2.52,2.39275700005237,12
real_audit_persistence,graphiti_style,audit/python,real,unspecified,decisions,2,2,2,1.0,1.0,1.0,128,322,2.52,2.39275700005237,12
real_audit_persistence,graphiti_style,audit/python,real,unspecified,files,3,4,3,0.75,1.0,0.8571,128,322,2.52,2.39275700005237,12
real_audit_persistence,graphiti_style,audit/python,real,unspecified,errors,1,0,0,1.0,0.0,0.0,128,322,2.52,2.39275700005237,12
real_audit_persistence,graphrag_style,audit/python,real,unspecified,completed_tasks,3,1,1,1.0,0.3333,0.5,74,322,4.35,0.5677869999090035,7
real_audit_persistence,graphrag_style,audit/python,real,unspecified,decisions,2,2,2,1.0,1.0,1.0,74,322,4.35,0.5677869999090035,7
real_audit_persistence,graphrag_style,audit/python,real,unspecified,files,3,4,3,0.75,1.0,0.8571,74,322,4.35,0.5677869999090035,7
real_audit_persistence,graphrag_style,audit/python,real,unspecified,errors,1,0,0,1.0,0.0,0.0,74,322,4.35,0.5677869999090035,7
real_audit_persistence,mem0_style,audit/python,real,unspecified,completed_tasks,3,4,2,0.5,0.6667,0.5714,127,322,2.54,1.0012459997597034,12
real_audit_persistence,mem0_style,audit/python,real,unspecified,pending_tasks,0,2,0,0.0,1.0,0.0,127,322,2.54,1.0012459997597034,12
real_audit_persistence,mem0_style,audit/python,real,unspecified,decisions,2,2,2,1.0,1.0,1.0,127,322,2.54,1.0012459997597034,12
real_audit_persistence,mem0_style,audit/python,real,unspecified,files,3,4,3,0.75,1.0,0.8571,127,322,2.54,1.0012459997597034,12
real_audit_persistence,mem0_style,audit/python,real,unspecified,errors,1,0,0,1.0,0.0,0.0,127,322,2.54,1.0012459997597034,12
real_audit_persistence,memgpt_style,audit/python,real,unspecified,completed_tasks,3,3,2,0.6667,0.6667,0.6667,76,322,4.24,0.4567470000438334,7
real_audit_persistence,memgpt_style,audit/python,real,unspecified,pending_tasks,0,1,0,0.0,1.0,0.0,76,322,4.24,0.4567470000438334,7
real_audit_persistence,memgpt_style,audit/python,real,unspecified,decisions,2,0,0,1.0,0.0,0.0,76,322,4.24,0.4567470000438334,7
real_audit_persistence,memgpt_style,audit/python,real,unspecified,files,3,3,2,0.6667,0.6667,0.6667,76,322,4.24,0.4567470000438334,7
real_audit_persistence,memgpt_style,audit/python,real,unspecified,errors,1,0,0,1.0,0.0,0.0,76,322,4.24,0.4567470000438334,7
real_audit_persistence,sliding_window_10,audit/python,real,unspecified,completed_tasks,3,15,3,0.2,1.0,0.3333,270,322,1.19,0.006573000064236112,15
real_audit_persistence,sliding_window_10,audit/python,real,unspecified,pending_tasks,0,15,0,0.0,1.0,0.0,270,322,1.19,0.006573000064236112,15
real_audit_persistence,sliding_window_10,audit/python,real,unspecified,decisions,2,15,2,0.1333,1.0,0.2353,270,322,1.19,0.006573000064236112,15
real_audit_persistence,sliding_window_10,audit/python,real,unspecified,files,3,15,2,0.1333,0.6667,0.2222,270,322,1.19,0.006573000064236112,15
real_audit_persistence,sliding_window_10,audit/python,real,unspecified,errors,1,15,1,0.0667,1.0,0.125,270,322,1.19,0.006573000064236112,15
real_audit_persistence,naive_truncation,audit/python,real,unspecified,completed_tasks,3,15,3,0.2,1.0,0.3333,270,322,1.19,0.013061000117886579,15
real_audit_persistence,naive_truncation,audit/python,real,unspecified,pending_tasks,0,15,0,0.0,1.0,0.0,270,322,1.19,0.013061000117886579,15
real_audit_persistence,naive_truncation,audit/python,real,unspecified,decisions,2,15,2,0.1333,1.0,0.2353,270,322,1.19,0.013061000117886579,15
real_audit_persistence,naive_truncation,audit/python,real,unspecified,files,3,15,2,0.1333,0.6667,0.2222,270,322,1.19,0.013061000117886579,15
real_audit_persistence,naive_truncation,audit/python,real,unspecified,errors,1,15,1,0.0667,1.0,0.125,270,322,1.19,0.013061000117886579,15
real_audit_persistence,naive_summary,audit/python,real,unspecified,completed_tasks,3,10,0,0.0,0.0,0.0,178,322,1.81,0.027738999961002264,10
real_audit_persistence,naive_summary,audit/python,real,unspecified,pending_tasks,0,10,0,0.0,1.0,0.0,178,322,1.81,0.027738999961002264,10
real_audit_persistence,naive_summary,audit/python,real,unspecified,decisions,2,10,2,0.2,1.0,0.3333,178,322,1.81,0.027738999961002264,10
real_audit_persistence,naive_summary,audit/python,real,unspecified,files,3,10,1,0.1,0.3333,0.1538,178,322,1.81,0.027738999961002264,10
real_audit_persistence,naive_summary,audit/python,real,unspecified,errors,1,10,1,0.1,1.0,0.1818,178,322,1.81,0.027738999961002264,10
real_audit_security,tokenmizer_v0.5.2,audit/security,real,unspecified,completed_tasks,3,3,3,1.0,1.0,1.0,103,240,2.33,327.4328809998224,9
real_audit_security,tokenmizer_v0.5.2,audit/security,real,unspecified,decisions,3,3,3,1.0,1.0,1.0,103,240,2.33,327.4328809998224,9
real_audit_security,tokenmizer_v0.5.2,audit/security,real,unspecified,files,2,2,2,1.0,1.0,1.0,103,240,2.33,327.4328809998224,9
real_audit_security,tokenmizer_v0.5.2,audit/security,real,unspecified,errors,1,1,1,1.0,1.0,1.0,103,240,2.33,327.4328809998224,9
real_audit_security,graphiti_style,audit/security,real,unspecified,completed_tasks,3,3,1,0.3333,0.3333,0.3333,82,240,2.93,0.9154420004051644,9
real_audit_security,graphiti_style,audit/security,real,unspecified,decisions,3,4,3,0.75,1.0,0.8571,82,240,2.93,0.9154420004051644,9
real_audit_security,graphiti_style,audit/security,real,unspecified,files,2,2,2,1.0,1.0,1.0,82,240,2.93,0.9154420004051644,9
real_audit_security,graphiti_style,audit/security,real,unspecified,errors,1,0,0,1.0,0.0,0.0,82,240,2.93,0.9154420004051644,9
real_audit_security,graphrag_style,audit/security,real,unspecified,completed_tasks,3,2,1,0.5,0.3333,0.4,77,240,3.12,0.47293999978137435,8
real_audit_security,graphrag_style,audit/security,real,unspecified,decisions,3,4,3,0.75,1.0,0.8571,77,240,3.12,0.47293999978137435,8
real_audit_security,graphrag_style,audit/security,real,unspecified,files,2,2,2,1.0,1.0,1.0,77,240,3.12,0.47293999978137435,8
real_audit_security,graphrag_style,audit/security,real,unspecified,errors,1,0,0,1.0,0.0,0.0,77,240,3.12,0.47293999978137435,8
real_audit_security,mem0_style,audit/security,real,unspecified,completed_tasks,3,3,1,0.3333,0.3333,0.3333,81,240,2.96,0.788602999818977,9
real_audit_security,mem0_style,audit/security,real,unspecified,decisions,3,4,3,0.75,1.0,0.8571,81,240,2.96,0.788602999818977,9
real_audit_security,mem0_style,audit/security,real,unspecified,files,2,2,2,1.0,1.0,1.0,81,240,2.96,0.788602999818977,9
real_audit_security,mem0_style,audit/security,real,unspecified,errors,1,0,0,1.0,0.0,0.0,81,240,2.96,0.788602999818977,9
real_audit_security,memgpt_style,audit/security,real,unspecified,completed_tasks,3,3,1,0.3333,0.3333,0.3333,68,240,3.53,0.428412000019307,8
real_audit_security,memgpt_style,audit/security,real,unspecified,decisions,3,3,2,0.6667,0.6667,0.6667,68,240,3.53,0.428412000019307,8
real_audit_security,memgpt_style,audit/security,real,unspecified,files,2,2,2,1.0,1.0,1.0,68,240,3.53,0.428412000019307,8
real_audit_security,memgpt_style,audit/security,real,unspecified,errors,1,0,0,1.0,0.0,0.0,68,240,3.53,0.428412000019307,8
real_audit_security,sliding_window_10,audit/security,real,unspecified,completed_tasks,3,14,3,0.2143,1.0,0.3529,246,240,0.98,0.0049420000323152635,14
real_audit_security,sliding_window_10,audit/security,real,unspecified,pending_tasks,0,14,0,0.0,1.0,0.0,246,240,0.98,0.0049420000323152635,14
real_audit_security,sliding_window_10,audit/security,real,unspecified,decisions,3,14,3,0.2143,1.0,0.3529,246,240,0.98,0.0049420000323152635,14
real_audit_security,sliding_window_10,audit/security,real,unspecified,files,2,14,2,0.1429,1.0,0.25,246,240,0.98,0.0049420000323152635,14
real_audit_security,sliding_window_10,audit/security,real,unspecified,errors,1,14,1,0.0714,1.0,0.1333,246,240,0.98,0.0049420000323152635,14
real_audit_security,naive_truncation,audit/security,real,unspecified,completed_tasks,3,14,3,0.2143,1.0,0.3529,246,240,0.98,0.011651000022538938,14
real_audit_security,naive_truncation,audit/security,real,unspecified,pending_tasks,0,14,0,0.0,1.0,0.0,246,240,0.98,0.011651000022538938,14
real_audit_security,naive_truncation,audit/security,real,unspecified,decisions,3,14,3,0.2143,1.0,0.3529,246,240,0.98,0.011651000022538938,14
real_audit_security,naive_truncation,audit/security,real,unspecified,files,2,14,2,0.1429,1.0,0.25,246,240,0.98,0.011651000022538938,14
real_audit_security,naive_truncation,audit/security,real,unspecified,errors,1,14,1,0.0714,1.0,0.1333,246,240,0.98,0.011651000022538938,14
real_audit_security,naive_summary,audit/security,real,unspecified,completed_tasks,3,11,1,0.0909,0.3333,0.1429,187,240,1.28,0.03268199998274213,11
real_audit_security,naive_summary,audit/security,real,unspecified,pending_tasks,0,11,0,0.0,1.0,0.0,187,240,1.28,0.03268199998274213,11
real_audit_security,naive_summary,audit/security,real,unspecified,decisions,3,11,3,0.2727,1.0,0.4286,187,240,1.28,0.03268199998274213,11
real_audit_security,naive_summary,audit/security,real,unspecified,files,2,11,1,0.0909,0.5,0.1538,187,240,1.28,0.03268199998274213,11
real_audit_security,naive_summary,audit/security,real,unspecified,errors,1,11,1,0.0909,1.0,0.1667,187,240,1.28,0.03268199998274213,11
real_audit_tokenizer,tokenmizer_v0.5.2,audit/infra,real,unspecified,completed_tasks,0,1,0,0.0,1.0,0.0,85,213,2.51,289.96555499998067,8
real_audit_tokenizer,tokenmizer_v0.5.2,audit/infra,real,unspecified,pending_tasks,1,0,0,1.0,0.0,0.0,85,213,2.51,289.96555499998067,8
real_audit_tokenizer,tokenmizer_v0.5.2,audit/infra,real,unspecified,decisions,2,2,2,1.0,1.0,1.0,85,213,2.51,289.96555499998067,8
real_audit_tokenizer,tokenmizer_v0.5.2,audit/infra,real,unspecified,files,2,2,2,1.0,1.0,1.0,85,213,2.51,289.96555499998067,8
real_audit_tokenizer,tokenmizer_v0.5.2,audit/infra,real,unspecified,errors,3,3,3,1.0,1.0,1.0,85,213,2.51,289.96555499998067,8
real_audit_tokenizer,graphiti_style,audit/infra,real,unspecified,completed_tasks,0,1,0,0.0,1.0,0.0,118,213,1.81,1.3019130001339363,7
real_audit_tokenizer,graphiti_style,audit/infra,real,unspecified,pending_tasks,1,1,1,1.0,1.0,1.0,118,213,1.81,1.3019130001339363,7
real_audit_tokenizer,graphiti_style,audit/infra,real,unspecified,decisions,2,3,2,0.6667,1.0,0.8,118,213,1.81,1.3019130001339363,7
real_audit_tokenizer,graphiti_style,audit/infra,real,unspecified,files,2,1,1,1.0,0.5,0.6667,118,213,1.81,1.3019130001339363,7
real_audit_tokenizer,graphiti_style,audit/infra,real,unspecified,errors,3,1,0,0.0,0.0,0.0,118,213,1.81,1.3019130001339363,7
real_audit_tokenizer,graphrag_style,audit/infra,real,unspecified,pending_tasks,1,0,0,1.0,0.0,0.0,105,213,2.03,0.6626449999203032,8
real_audit_tokenizer,graphrag_style,audit/infra,real,unspecified,decisions,2,3,2,0.6667,1.0,0.8,105,213,2.03,0.6626449999203032,8
real_audit_tokenizer,graphrag_style,audit/infra,real,unspecified,files,2,1,1,1.0,0.5,0.6667,105,213,2.03,0.6626449999203032,8
real_audit_tokenizer,graphrag_style,audit/infra,real,unspecified,errors,3,4,1,0.25,0.3333,0.2857,105,213,2.03,0.6626449999203032,8
real_audit_tokenizer,mem0_style,audit/infra,real,unspecified,completed_tasks,0,1,0,0.0,1.0,0.0,117,213,1.82,1.3149890000931919,7
real_audit_tokenizer,mem0_style,audit/infra,real,unspecified,pending_tasks,1,1,1,1.0,1.0,1.0,117,213,1.82,1.3149890000931919,7
real_audit_tokenizer,mem0_style,audit/infra,real,unspecified,decisions,2,3,2,0.6667,1.0,0.8,117,213,1.82,1.3149890000931919,7
real_audit_tokenizer,mem0_style,audit/infra,real,unspecified,files,2,1,1,1.0,0.5,0.6667,117,213,1.82,1.3149890000931919,7
real_audit_tokenizer,mem0_style,audit/infra,real,unspecified,errors,3,1,0,0.0,0.0,0.0,117,213,1.82,1.3149890000931919,7
real_audit_tokenizer,memgpt_style,audit/infra,real,unspecified,completed_tasks,0,1,0,0.0,1.0,0.0,97,213,2.2,1.0268460000588675,6
real_audit_tokenizer,memgpt_style,audit/infra,real,unspecified,pending_tasks,1,1,1,1.0,1.0,1.0,97,213,2.2,1.0268460000588675,6
real_audit_tokenizer,memgpt_style,audit/infra,real,unspecified,decisions,2,2,2,1.0,1.0,1.0,97,213,2.2,1.0268460000588675,6
real_audit_tokenizer,memgpt_style,audit/infra,real,unspecified,files,2,1,1,1.0,0.5,0.6667,97,213,2.2,1.0268460000588675,6
real_audit_tokenizer,memgpt_style,audit/infra,real,unspecified,errors,3,1,0,0.0,0.0,0.0,97,213,2.2,1.0268460000588675,6
real_audit_tokenizer,sliding_window_10,audit/infra,real,unspecified,completed_tasks,0,13,0,0.0,1.0,0.0,218,213,0.98,0.008779999916441739,13
real_audit_tokenizer,sliding_window_10,audit/infra,real,unspecified,pending_tasks,1,13,1,0.0769,1.0,0.1429,218,213,0.98,0.008779999916441739,13
real_audit_tokenizer,sliding_window_10,audit/infra,real,unspecified,decisions,2,13,2,0.1538,1.0,0.2667,218,213,0.98,0.008779999916441739,13
real_audit_tokenizer,sliding_window_10,audit/infra,real,unspecified,files,2,13,2,0.1538,1.0,0.2667,218,213,0.98,0.008779999916441739,13
real_audit_tokenizer,sliding_window_10,audit/infra,real,unspecified,errors,3,13,3,0.2308,1.0,0.375,218,213,0.98,0.008779999916441739,13
real_audit_tokenizer,naive_truncation,audit/infra,real,unspecified,completed_tasks,0,13,0,0.0,1.0,0.0,218,213,0.98,0.016322000192303676,13
real_audit_tokenizer,naive_truncation,audit/infra,real,unspecified,pending_tasks,1,13,1,0.0769,1.0,0.1429,218,213,0.98,0.016322000192303676,13
real_audit_tokenizer,naive_truncation,audit/infra,real,unspecified,decisions,2,13,2,0.1538,1.0,0.2667,218,213,0.98,0.016322000192303676,13
real_audit_tokenizer,naive_truncation,audit/infra,real,unspecified,files,2,13,2,0.1538,1.0,0.2667,218,213,0.98,0.016322000192303676,13
real_audit_tokenizer,naive_truncation,audit/infra,real,unspecified,errors,3,13,3,0.2308,1.0,0.375,218,213,0.98,0.016322000192303676,13
real_audit_tokenizer,naive_summary,audit/infra,real,unspecified,completed_tasks,0,11,0,0.0,1.0,0.0,178,213,1.2,0.06486499978564098,11
real_audit_tokenizer,naive_summary,audit/infra,real,unspecified,pending_tasks,1,11,0,0.0,0.0,0.0,178,213,1.2,0.06486499978564098,11
real_audit_tokenizer,naive_summary,audit/infra,real,unspecified,decisions,2,11,1,0.0909,0.5,0.1538,178,213,1.2,0.06486499978564098,11
real_audit_tokenizer,naive_summary,audit/infra,real,unspecified,files,2,11,1,0.0909,0.5,0.1538,178,213,1.2,0.06486499978564098,11
real_audit_tokenizer,naive_summary,audit/infra,real,unspecified,errors,3,11,3,0.2727,1.0,0.4286,178,213,1.2,0.06486499978564098,11
rust_cli,tokenmizer_v0.5.2,systems/rust,synthetic,unspecified,completed_tasks,3,3,3,1.0,1.0,1.0,84,148,1.76,265.5954679999013,10
rust_cli,tokenmizer_v0.5.2,systems/rust,synthetic,unspecified,pending_tasks,1,1,1,1.0,1.0,1.0,84,148,1.76,265.5954679999013,10
rust_cli,tokenmizer_v0.5.2,systems/rust,synthetic,unspecified,decisions,3,2,3,1.0,1.0,1.0,84,148,1.76,265.5954679999013,10
rust_cli,tokenmizer_v0.5.2,systems/rust,synthetic,unspecified,files,3,3,3,1.0,1.0,1.0,84,148,1.76,265.5954679999013,10
rust_cli,tokenmizer_v0.5.2,systems/rust,synthetic,unspecified,errors,1,1,1,1.0,1.0,1.0,84,148,1.76,265.5954679999013,10
rust_cli,graphiti_style,systems/rust,synthetic,unspecified,completed_tasks,3,4,2,0.5,0.6667,0.5714,109,148,1.36,0.7275259999914852,12
rust_cli,graphiti_style,systems/rust,synthetic,unspecified,pending_tasks,1,1,1,1.0,1.0,1.0,109,148,1.36,0.7275259999914852,12
rust_cli,graphiti_style,systems/rust,synthetic,unspecified,decisions,3,2,3,1.0,1.0,1.0,109,148,1.36,0.7275259999914852,12
rust_cli,graphiti_style,systems/rust,synthetic,unspecified,files,3,3,3,1.0,1.0,1.0,109,148,1.36,0.7275259999914852,12
rust_cli,graphiti_style,systems/rust,synthetic,unspecified,errors,1,2,0,0.0,0.0,0.0,109,148,1.36,0.7275259999914852,12
rust_cli,graphrag_style,systems/rust,synthetic,unspecified,completed_tasks,3,1,0,0.0,0.0,0.0,68,148,2.18,0.3674910003610421,8
rust_cli,graphrag_style,systems/rust,synthetic,unspecified,pending_tasks,1,0,0,1.0,0.0,0.0,68,148,2.18,0.3674910003610421,8
rust_cli,graphrag_style,systems/rust,synthetic,unspecified,decisions,3,2,3,1.0,1.0,1.0,68,148,2.18,0.3674910003610421,8
rust_cli,graphrag_style,systems/rust,synthetic,unspecified,files,3,3,3,1.0,1.0,1.0,68,148,2.18,0.3674910003610421,8
rust_cli,graphrag_style,systems/rust,synthetic,unspecified,errors,1,2,0,0.0,0.0,0.0,68,148,2.18,0.3674910003610421,8
rust_cli,mem0_style,systems/rust,synthetic,unspecified,completed_tasks,3,4,2,0.5,0.6667,0.5714,108,148,1.37,0.5321879998518853,12
rust_cli,mem0_style,systems/rust,synthetic,unspecified,pending_tasks,1,1,1,1.0,1.0,1.0,108,148,1.37,0.5321879998518853,12
rust_cli,mem0_style,systems/rust,synthetic,unspecified,decisions,3,2,3,1.0,1.0,1.0,108,148,1.37,0.5321879998518853,12
rust_cli,mem0_style,systems/rust,synthetic,unspecified,files,3,3,3,1.0,1.0,1.0,108,148,1.37,0.5321879998518853,12
rust_cli,mem0_style,systems/rust,synthetic,unspecified,errors,1,2,0,0.0,0.0,0.0,108,148,1.37,0.5321879998518853,12
rust_cli,memgpt_style,systems/rust,synthetic,unspecified,completed_tasks,3,3,2,0.6667,0.6667,0.6667,80,148,1.85,0.3465989998403529,7
rust_cli,memgpt_style,systems/rust,synthetic,unspecified,pending_tasks,1,1,1,1.0,1.0,1.0,80,148,1.85,0.3465989998403529,7
rust_cli,memgpt_style,systems/rust,synthetic,unspecified,decisions,3,1,1,1.0,0.3333,0.5,80,148,1.85,0.3465989998403529,7
rust_cli,memgpt_style,systems/rust,synthetic,unspecified,files,3,1,1,1.0,0.3333,0.5,80,148,1.85,0.3465989998403529,7
rust_cli,memgpt_style,systems/rust,synthetic,unspecified,errors,1,1,0,0.0,0.0,0.0,80,148,1.85,0.3465989998403529,7
rust_cli,sliding_window_10,systems/rust,synthetic,unspecified,completed_tasks,3,9,3,0.4444,1.0,0.6154,151,148,0.98,0.003799000296567101,9
rust_cli,sliding_window_10,systems/rust,synthetic,unspecified,pending_tasks,1,9,1,0.1111,1.0,0.2,151,148,0.98,0.003799000296567101,9
rust_cli,sliding_window_10,systems/rust,synthetic,unspecified,decisions,3,9,3,0.2222,1.0,0.3636,151,148,0.98,0.003799000296567101,9
rust_cli,sliding_window_10,systems/rust,synthetic,unspecified,files,3,9,3,0.3333,1.0,0.5,151,148,0.98,0.003799000296567101,9
rust_cli,sliding_window_10,systems/rust,synthetic,unspecified,errors,1,9,1,0.1111,1.0,0.2,151,148,0.98,0.003799000296567101,9
rust_cli,naive_truncation,systems/rust,synthetic,unspecified,completed_tasks,3,9,3,0.4444,1.0,0.6154,151,148,0.98,0.015499999790336005,9
rust_cli,naive_truncation,systems/rust,synthetic,unspecified,pending_tasks,1,9,1,0.1111,1.0,0.2,151,148,0.98,0.015499999790336005,9
rust_cli,naive_truncation,systems/rust,synthetic,unspecified,decisions,3,9,3,0.2222,1.0,0.3636,151,148,0.98,0.015499999790336005,9
rust_cli,naive_truncation,systems/rust,synthetic,unspecified,files,3,9,3,0.3333,1.0,0.5,151,148,0.98,0.015499999790336005,9
rust_cli,naive_truncation,systems/rust,synthetic,unspecified,errors,1,9,1,0.1111,1.0,0.2,151,148,0.98,0.015499999790336005,9
rust_cli,naive_summary,systems/rust,synthetic,unspecified,completed_tasks,3,9,3,0.4444,1.0,0.6154,151,148,0.98,0.03134000007776194,9
rust_cli,naive_summary,systems/rust,synthetic,unspecified,pending_tasks,1,9,1,0.1111,1.0,0.2,151,148,0.98,0.03134000007776194,9
rust_cli,naive_summary,systems/rust,synthetic,unspecified,decisions,3,9,3,0.2222,1.0,0.3636,151,148,0.98,0.03134000007776194,9
rust_cli,naive_summary,systems/rust,synthetic,unspecified,files,3,9,3,0.3333,1.0,0.5,151,148,0.98,0.03134000007776194,9
rust_cli,naive_summary,systems/rust,synthetic,unspecified,errors,1,9,1,0.1111,1.0,0.2,151,148,0.98,0.03134000007776194,9
