session_id,method,domain,origin,register,category,expected,extracted,true_positives,precision,recall,f1,resume_tokens,total_tokens,compression_ratio,extract_ms,node_count
data_migration,tokenmizer_v0.5.2,data/sql,synthetic,unspecified,completed_tasks,2,2,2,1.0,1.0,1.0,164,178,1.09,345.57104099997105,15
data_migration,tokenmizer_v0.5.2,data/sql,synthetic,unspecified,pending_tasks,1,1,1,1.0,1.0,1.0,164,178,1.09,345.57104099997105,15
data_migration,tokenmizer_v0.5.2,data/sql,synthetic,unspecified,decisions,4,6,4,0.8333,1.0,0.9091,164,178,1.09,345.57104099997105,15
data_migration,tokenmizer_v0.5.2,data/sql,synthetic,unspecified,files,4,4,4,1.0,1.0,1.0,164,178,1.09,345.57104099997105,15
data_migration,tokenmizer_v0.5.2,data/sql,synthetic,unspecified,errors,1,2,1,0.5,1.0,0.6667,164,178,1.09,345.57104099997105,15
data_migration,graphiti_style,data/sql,synthetic,unspecified,completed_tasks,2,5,2,0.4,1.0,0.5714,137,178,1.3,0.7019170000148733,17
data_migration,graphiti_style,data/sql,synthetic,unspecified,pending_tasks,1,3,1,0.3333,1.0,0.5,137,178,1.3,0.7019170000148733,17
data_migration,graphiti_style,data/sql,synthetic,unspecified,decisions,4,5,4,1.0,1.0,1.0,137,178,1.3,0.7019170000148733,17
data_migration,graphiti_style,data/sql,synthetic,unspecified,files,4,4,4,1.0,1.0,1.0,137,178,1.3,0.7019170000148733,17
data_migration,graphiti_style,data/sql,synthetic,unspecified,errors,1,0,0,1.0,0.0,0.0,137,178,1.3,0.7019170000148733,17
data_migration,graphrag_style,data/sql,synthetic,unspecified,completed_tasks,2,1,1,1.0,0.5,0.6667,73,178,2.44,0.4768740000145044,10
data_migration,graphrag_style,data/sql,synthetic,unspecified,pending_tasks,1,0,0,1.0,0.0,0.0,73,178,2.44,0.4768740000145044,10
data_migration,graphrag_style,data/sql,synthetic,unspecified,decisions,4,5,4,1.0,1.0,1.0,73,178,2.44,0.4768740000145044,10
data_migration,graphrag_style,data/sql,synthetic,unspecified,files,4,4,4,1.0,1.0,1.0,73,178,2.44,0.4768740000145044,10
data_migration,graphrag_style,data/sql,synthetic,unspecified,errors,1,0,0,1.0,0.0,0.0,73,178,2.44,0.4768740000145044,10
data_migration,mem0_style,data/sql,synthetic,unspecified,completed_tasks,2,4,2,0.5,1.0,0.6667,129,178,1.38,0.7257830000071408,15
data_migration,mem0_style,data/sql,synthetic,unspecified,pending_tasks,1,3,1,0.3333,1.0,0.5,129,178,1.38,0.7257830000071408,15
data_migration,mem0_style,data/sql,synthetic,unspecified,decisions,4,4,4,1.0,1.0,1.0,129,178,1.38,0.7257830000071408,15
data_migration,mem0_style,data/sql,synthetic,unspecified,files,4,4,4,1.0,1.0,1.0,129,178,1.38,0.7257830000071408,15
data_migration,mem0_style,data/sql,synthetic,unspecified,errors,1,0,0,1.0,0.0,0.0,129,178,1.38,0.7257830000071408,15
data_migration,memgpt_style,data/sql,synthetic,unspecified,completed_tasks,2,3,2,0.6667,1.0,0.8,79,178,2.25,0.3182220000326197,10
data_migration,memgpt_style,data/sql,synthetic,unspecified,pending_tasks,1,2,1,0.5,1.0,0.6667,79,178,2.25,0.3182220000326197,10
data_migration,memgpt_style,data/sql,synthetic,unspecified,decisions,4,2,1,1.0,0.25,0.4,79,178,2.25,0.3182220000326197,10
data_migration,memgpt_style,data/sql,synthetic,unspecified,files,4,3,3,1.0,0.75,0.8571,79,178,2.25,0.3182220000326197,10
data_migration,memgpt_style,data/sql,synthetic,unspecified,errors,1,0,0,1.0,0.0,0.0,79,178,2.25,0.3182220000326197,10
data_migration,sliding_window_10,data/sql,synthetic,unspecified,completed_tasks,2,14,2,0.1429,1.0,0.25,183,178,0.97,0.004635999971469573,14
data_migration,sliding_window_10,data/sql,synthetic,unspecified,pending_tasks,1,14,1,0.0714,1.0,0.1333,183,178,0.97,0.004635999971469573,14
data_migration,sliding_window_10,data/sql,synthetic,unspecified,decisions,4,14,4,0.3571,1.0,0.5263,183,178,0.97,0.004635999971469573,14
data_migration,sliding_window_10,data/sql,synthetic,unspecified,files,4,14,4,0.3571,1.0,0.5263,183,178,0.97,0.004635999971469573,14
data_migration,sliding_window_10,data/sql,synthetic,unspecified,errors,1,14,1,0.0714,1.0,0.1333,183,178,0.97,0.004635999971469573,14
data_migration,naive_truncation,data/sql,synthetic,unspecified,completed_tasks,2,14,2,0.1429,1.0,0.25,183,178,0.97,0.016850999941198097,14
data_migration,naive_truncation,data/sql,synthetic,unspecified,pending_tasks,1,14,1,0.0714,1.0,0.1333,183,178,0.97,0.016850999941198097,14
data_migration,naive_truncation,data/sql,synthetic,unspecified,decisions,4,14,4,0.3571,1.0,0.5263,183,178,0.97,0.016850999941198097,14
data_migration,naive_truncation,data/sql,synthetic,unspecified,files,4,14,4,0.3571,1.0,0.5263,183,178,0.97,0.016850999941198097,14
data_migration,naive_truncation,data/sql,synthetic,unspecified,errors,1,14,1,0.0714,1.0,0.1333,183,178,0.97,0.016850999941198097,14
data_migration,naive_summary,data/sql,synthetic,unspecified,completed_tasks,2,14,2,0.1429,1.0,0.25,183,178,0.97,0.02651099998729478,14
data_migration,naive_summary,data/sql,synthetic,unspecified,pending_tasks,1,14,1,0.0714,1.0,0.1333,183,178,0.97,0.02651099998729478,14
data_migration,naive_summary,data/sql,synthetic,unspecified,decisions,4,14,4,0.3571,1.0,0.5263,183,178,0.97,0.02651099998729478,14
data_migration,naive_summary,data/sql,synthetic,unspecified,files,4,14,4,0.3571,1.0,0.5263,183,178,0.97,0.02651099998729478,14
data_migration,naive_summary,data/sql,synthetic,unspecified,errors,1,14,1,0.0714,1.0,0.1333,183,178,0.97,0.02651099998729478,14
fastapi_auth,tokenmizer_v0.5.2,backend/python,synthetic,unspecified,completed_tasks,7,4,4,1.0,0.5714,0.7273,184,347,1.89,294.9057979999452,19
fastapi_auth,tokenmizer_v0.5.2,backend/python,synthetic,unspecified,pending_tasks,3,3,3,1.0,1.0,1.0,184,347,1.89,294.9057979999452,19
fastapi_auth,tokenmizer_v0.5.2,backend/python,synthetic,unspecified,decisions,5,5,5,0.8,1.0,0.8889,184,347,1.89,294.9057979999452,19
fastapi_auth,tokenmizer_v0.5.2,backend/python,synthetic,unspecified,files,6,6,6,1.0,1.0,1.0,184,347,1.89,294.9057979999452,19
fastapi_auth,tokenmizer_v0.5.2,backend/python,synthetic,unspecified,errors,2,1,2,1.0,1.0,1.0,184,347,1.89,294.9057979999452,19
fastapi_auth,graphiti_style,backend/python,synthetic,unspecified,completed_tasks,7,7,6,0.5714,0.8571,0.6857,177,347,1.96,1.274770999998509,23
fastapi_auth,graphiti_style,backend/python,synthetic,unspecified,pending_tasks,3,4,2,0.5,0.6667,0.5714,177,347,1.96,1.274770999998509,23
fastapi_auth,graphiti_style,backend/python,synthetic,unspecified,decisions,5,5,2,0.4,0.4,0.4,177,347,1.96,1.274770999998509,23
fastapi_auth,graphiti_style,backend/python,synthetic,unspecified,files,6,6,6,1.0,1.0,1.0,177,347,1.96,1.274770999998509,23
fastapi_auth,graphiti_style,backend/python,synthetic,unspecified,errors,2,1,1,1.0,0.5,0.6667,177,347,1.96,1.274770999998509,23
fastapi_auth,graphrag_style,backend/python,synthetic,unspecified,completed_tasks,7,2,2,1.0,0.2857,0.4444,109,347,3.18,0.9148340000137978,15
fastapi_auth,graphrag_style,backend/python,synthetic,unspecified,pending_tasks,3,0,0,1.0,0.0,0.0,109,347,3.18,0.9148340000137978,15
fastapi_auth,graphrag_style,backend/python,synthetic,unspecified,decisions,5,6,3,0.6667,0.6,0.6316,109,347,3.18,0.9148340000137978,15
fastapi_auth,graphrag_style,backend/python,synthetic,unspecified,files,6,6,6,1.0,1.0,1.0,109,347,3.18,0.9148340000137978,15
fastapi_auth,graphrag_style,backend/python,synthetic,unspecified,errors,2,1,1,1.0,0.5,0.6667,109,347,3.18,0.9148340000137978,15
fastapi_auth,mem0_style,backend/python,synthetic,unspecified,completed_tasks,7,6,5,0.5,0.7143,0.5882,154,347,2.25,1.3104150000344816,21
fastapi_auth,mem0_style,backend/python,synthetic,unspecified,pending_tasks,3,4,2,0.5,0.6667,0.5714,154,347,2.25,1.3104150000344816,21
fastapi_auth,mem0_style,backend/python,synthetic,unspecified,decisions,5,4,1,0.25,0.2,0.2222,154,347,2.25,1.3104150000344816,21
fastapi_auth,mem0_style,backend/python,synthetic,unspecified,files,6,6,6,1.0,1.0,1.0,154,347,2.25,1.3104150000344816,21
fastapi_auth,mem0_style,backend/python,synthetic,unspecified,errors,2,1,1,1.0,0.5,0.6667,154,347,2.25,1.3104150000344816,21
fastapi_auth,memgpt_style,backend/python,synthetic,unspecified,completed_tasks,7,1,0,0.0,0.0,0.0,82,347,4.23,0.5278840000073615,12
fastapi_auth,memgpt_style,backend/python,synthetic,unspecified,pending_tasks,3,4,2,0.5,0.6667,0.5714,82,347,4.23,0.5278840000073615,12
fastapi_auth,memgpt_style,backend/python,synthetic,unspecified,decisions,5,3,1,0.3333,0.2,0.25,82,347,4.23,0.5278840000073615,12
fastapi_auth,memgpt_style,backend/python,synthetic,unspecified,files,6,4,4,1.0,0.6667,0.8,82,347,4.23,0.5278840000073615,12
fastapi_auth,memgpt_style,backend/python,synthetic,unspecified,errors,2,0,0,1.0,0.0,0.0,82,347,4.23,0.5278840000073615,12
fastapi_auth,sliding_window_10,backend/python,synthetic,unspecified,completed_tasks,7,13,2,0.1538,0.2857,0.2,204,347,1.7,0.005274000045574212,13
fastapi_auth,sliding_window_10,backend/python,synthetic,unspecified,pending_tasks,3,13,3,0.3077,1.0,0.4706,204,347,1.7,0.005274000045574212,13
fastapi_auth,sliding_window_10,backend/python,synthetic,unspecified,decisions,5,13,1,0.0769,0.2,0.1111,204,347,1.7,0.005274000045574212,13
fastapi_auth,sliding_window_10,backend/python,synthetic,unspecified,files,6,13,5,0.3846,0.8333,0.5263,204,347,1.7,0.005274000045574212,13
fastapi_auth,sliding_window_10,backend/python,synthetic,unspecified,errors,2,13,2,0.0769,1.0,0.1429,204,347,1.7,0.005274000045574212,13
fastapi_auth,naive_truncation,backend/python,synthetic,unspecified,completed_tasks,7,17,7,0.2353,1.0,0.381,306,347,1.13,0.018710999938775785,17
fastapi_auth,naive_truncation,backend/python,synthetic,unspecified,pending_tasks,3,17,3,0.2353,1.0,0.381,306,347,1.13,0.018710999938775785,17
fastapi_auth,naive_truncation,backend/python,synthetic,unspecified,decisions,5,17,4,0.2353,0.8,0.3636,306,347,1.13,0.018710999938775785,17
fastapi_auth,naive_truncation,backend/python,synthetic,unspecified,files,6,17,5,0.4118,0.8333,0.5512,306,347,1.13,0.018710999938775785,17
fastapi_auth,naive_truncation,backend/python,synthetic,unspecified,errors,2,17,2,0.0588,1.0,0.1111,306,347,1.13,0.018710999938775785,17
fastapi_auth,naive_summary,backend/python,synthetic,unspecified,completed_tasks,7,11,6,0.3636,0.8571,0.5106,234,347,1.48,0.10143700001208344,11
fastapi_auth,naive_summary,backend/python,synthetic,unspecified,pending_tasks,3,11,2,0.2727,0.6667,0.3871,234,347,1.48,0.10143700001208344,11
fastapi_auth,naive_summary,backend/python,synthetic,unspecified,decisions,5,11,5,0.4545,1.0,0.625,234,347,1.48,0.10143700001208344,11
fastapi_auth,naive_summary,backend/python,synthetic,unspecified,files,6,11,5,0.4545,0.8333,0.5882,234,347,1.48,0.10143700001208344,11
fastapi_auth,naive_summary,backend/python,synthetic,unspecified,errors,2,11,2,0.0909,1.0,0.1667,234,347,1.48,0.10143700001208344,11
flaky_ci,tokenmizer_v0.5.2,devops/ci,synthetic,unspecified,completed_tasks,3,3,3,1.0,1.0,1.0,94,169,1.8,218.51010099999257,11
flaky_ci,tokenmizer_v0.5.2,devops/ci,synthetic,unspecified,pending_tasks,1,1,1,1.0,1.0,1.0,94,169,1.8,218.51010099999257,11
flaky_ci,tokenmizer_v0.5.2,devops/ci,synthetic,unspecified,files,2,2,2,1.0,1.0,1.0,94,169,1.8,218.51010099999257,11
flaky_ci,tokenmizer_v0.5.2,devops/ci,synthetic,unspecified,errors,4,5,4,1.0,1.0,1.0,94,169,1.8,218.51010099999257,11
flaky_ci,graphiti_style,devops/ci,synthetic,unspecified,completed_tasks,3,4,3,0.75,1.0,0.8571,81,169,2.09,0.6149550000600357,7
flaky_ci,graphiti_style,devops/ci,synthetic,unspecified,pending_tasks,1,1,1,1.0,1.0,1.0,81,169,2.09,0.6149550000600357,7
flaky_ci,graphiti_style,devops/ci,synthetic,unspecified,files,2,2,2,1.0,1.0,1.0,81,169,2.09,0.6149550000600357,7
flaky_ci,graphiti_style,devops/ci,synthetic,unspecified,errors,4,0,0,1.0,0.0,0.0,81,169,2.09,0.6149550000600357,7
flaky_ci,graphrag_style,devops/ci,synthetic,unspecified,completed_tasks,3,0,0,1.0,0.0,0.0,39,169,4.33,0.31630600005883025,3
flaky_ci,graphrag_style,devops/ci,synthetic,unspecified,pending_tasks,1,0,0,1.0,0.0,0.0,39,169,4.33,0.31630600005883025,3
flaky_ci,graphrag_style,devops/ci,synthetic,unspecified,files,2,2,2,1.0,1.0,1.0,39,169,4.33,0.31630600005883025,3
flaky_ci,graphrag_style,devops/ci,synthetic,unspecified,errors,4,1,2,1.0,0.5,0.6667,39,169,4.33,0.31630600005883025,3
flaky_ci,mem0_style,devops/ci,synthetic,unspecified,completed_tasks,3,3,3,1.0,1.0,1.0,76,169,2.22,0.5670269999882294,6
flaky_ci,mem0_style,devops/ci,synthetic,unspecified,pending_tasks,1,1,1,1.0,1.0,1.0,76,169,2.22,0.5670269999882294,6
flaky_ci,mem0_style,devops/ci,synthetic,unspecified,files,2,2,2,1.0,1.0,1.0,76,169,2.22,0.5670269999882294,6
flaky_ci,mem0_style,devops/ci,synthetic,unspecified,errors,4,0,0,1.0,0.0,0.0,76,169,2.22,0.5670269999882294,6
flaky_ci,memgpt_style,devops/ci,synthetic,unspecified,completed_tasks,3,4,3,0.75,1.0,0.8571,81,169,2.09,0.35345200001302146,7
flaky_ci,memgpt_style,devops/ci,synthetic,unspecified,pending_tasks,1,1,1,1.0,1.0,1.0,81,169,2.09,0.35345200001302146,7
flaky_ci,memgpt_style,devops/ci,synthetic,unspecified,files,2,2,2,1.0,1.0,1.0,81,169,2.09,0.35345200001302146,7
flaky_ci,memgpt_style,devops/ci,synthetic,unspecified,errors,4,0,0,1.0,0.0,0.0,81,169,2.09,0.35345200001302146,7
flaky_ci,sliding_window_10,devops/ci,synthetic,unspecified,completed_tasks,3,11,3,0.3636,1.0,0.5333,172,169,0.98,0.006946000098650984,11
flaky_ci,sliding_window_10,devops/ci,synthetic,unspecified,pending_tasks,1,11,1,0.0909,1.0,0.1667,172,169,0.98,0.006946000098650984,11
flaky_ci,sliding_window_10,devops/ci,synthetic,unspecified,decisions,0,11,0,0.0,1.0,0.0,172,169,0.98,0.006946000098650984,11
flaky_ci,sliding_window_10,devops/ci,synthetic,unspecified,files,2,11,2,0.3636,1.0,0.5333,172,169,0.98,0.006946000098650984,11
flaky_ci,sliding_window_10,devops/ci,synthetic,unspecified,errors,4,11,4,0.4545,1.0,0.625,172,169,0.98,0.006946000098650984,11
flaky_ci,naive_truncation,devops/ci,synthetic,unspecified,completed_tasks,3,11,3,0.3636,1.0,0.5333,172,169,0.98,0.011204000088582688,11
flaky_ci,naive_truncation,devops/ci,synthetic,unspecified,pending_tasks,1,11,1,0.0909,1.0,0.1667,172,169,0.98,0.011204000088582688,11
flaky_ci,naive_truncation,devops/ci,synthetic,unspecified,decisions,0,11,0,0.0,1.0,0.0,172,169,0.98,0.011204000088582688,11
flaky_ci,naive_truncation,devops/ci,synthetic,unspecified,files,2,11,2,0.3636,1.0,0.5333,172,169,0.98,0.011204000088582688,11
flaky_ci,naive_truncation,devops/ci,synthetic,unspecified,errors,4,11,4,0.4545,1.0,0.625,172,169,0.98,0.011204000088582688,11
flaky_ci,naive_summary,devops/ci,synthetic,unspecified,completed_tasks,3,11,3,0.3636,1.0,0.5333,172,169,0.98,0.03906000006281829,11
flaky_ci,naive_summary,devops/ci,synthetic,unspecified,pending_tasks,1,11,1,0.0909,1.0,0.1667,172,169,0.98,0.03906000006281829,11
flaky_ci,naive_summary,devops/ci,synthetic,unspecified,decisions,0,11,0,0.0,1.0,0.0,172,169,0.98,0.03906000006281829,11
flaky_ci,naive_summary,devops/ci,synthetic,unspecified,files,2,11,2,0.3636,1.0,0.5333,172,169,0.98,0.03906000006281829,11
flaky_ci,naive_summary,devops/ci,synthetic,unspecified,errors,4,11,4,0.4545,1.0,0.625,172,169,0.98,0.03906000006281829,11
frontend_perf,tokenmizer_v0.5.2,frontend/react,synthetic,unspecified,completed_tasks,1,1,1,1.0,1.0,1.0,80,150,1.88,295.9468990000005,11
frontend_perf,tokenmizer_v0.5.2,frontend/react,synthetic,unspecified,pending_tasks,1,1,1,1.0,1.0,1.0,80,150,1.88,295.9468990000005,11
frontend_perf,tokenmizer_v0.5.2,frontend/react,synthetic,unspecified,decisions,2,3,2,0.6667,1.0,0.8,80,150,1.88,295.9468990000005,11
frontend_perf,tokenmizer_v0.5.2,frontend/react,synthetic,unspecified,files,5,6,5,0.8333,1.0,0.9091,80,150,1.88,295.9468990000005,11
frontend_perf,graphiti_style,frontend/react,synthetic,unspecified,completed_tasks,1,3,1,0.3333,1.0,0.5,74,150,2.03,1.8044659999532087,11
frontend_perf,graphiti_style,frontend/react,synthetic,unspecified,pending_tasks,1,1,1,1.0,1.0,1.0,74,150,2.03,1.8044659999532087,11
frontend_perf,graphiti_style,frontend/react,synthetic,unspecified,decisions,2,2,2,1.0,1.0,1.0,74,150,2.03,1.8044659999532087,11
frontend_perf,graphiti_style,frontend/react,synthetic,unspecified,files,5,5,1,0.2,0.2,0.2,74,150,2.03,1.8044659999532087,11
frontend_perf,graphrag_style,frontend/react,synthetic,unspecified,completed_tasks,1,1,1,1.0,1.0,1.0,74,150,2.03,0.33750200009308173,8
frontend_perf,graphrag_style,frontend/react,synthetic,unspecified,pending_tasks,1,0,0,1.0,0.0,0.0,74,150,2.03,0.33750200009308173,8
frontend_perf,graphrag_style,frontend/react,synthetic,unspecified,decisions,2,2,2,1.0,1.0,1.0,74,150,2.03,0.33750200009308173,8
frontend_perf,graphrag_style,frontend/react,synthetic,unspecified,files,5,5,1,0.2,0.2,0.2,74,150,2.03,0.33750200009308173,8
frontend_perf,mem0_style,frontend/react,synthetic,unspecified,completed_tasks,1,3,1,0.3333,1.0,0.5,73,150,2.05,0.6069369999295304,11
frontend_perf,mem0_style,frontend/react,synthetic,unspecified,pending_tasks,1,1,1,1.0,1.0,1.0,73,150,2.05,0.6069369999295304,11
frontend_perf,mem0_style,frontend/react,synthetic,unspecified,decisions,2,2,2,1.0,1.0,1.0,73,150,2.05,0.6069369999295304,11
frontend_perf,mem0_style,frontend/react,synthetic,unspecified,files,5,5,1,0.2,0.2,0.2,73,150,2.05,0.6069369999295304,11
frontend_perf,memgpt_style,frontend/react,synthetic,unspecified,completed_tasks,1,2,1,0.5,1.0,0.6667,58,150,2.59,0.42367000003196154,7
frontend_perf,memgpt_style,frontend/react,synthetic,unspecified,pending_tasks,1,1,1,1.0,1.0,1.0,58,150,2.59,0.42367000003196154,7
frontend_perf,memgpt_style,frontend/react,synthetic,unspecified,decisions,2,1,1,1.0,0.5,0.6667,58,150,2.59,0.42367000003196154,7
frontend_perf,memgpt_style,frontend/react,synthetic,unspecified,files,5,3,1,0.3333,0.2,0.25,58,150,2.59,0.42367000003196154,7
frontend_perf,sliding_window_10,frontend/react,synthetic,unspecified,completed_tasks,1,12,1,0.1667,1.0,0.2857,154,150,0.97,0.005706000024474633,12
frontend_perf,sliding_window_10,frontend/react,synthetic,unspecified,pending_tasks,1,12,1,0.0833,1.0,0.1538,154,150,0.97,0.005706000024474633,12
frontend_perf,sliding_window_10,frontend/react,synthetic,unspecified,decisions,2,12,2,0.25,1.0,0.4,154,150,0.97,0.005706000024474633,12
frontend_perf,sliding_window_10,frontend/react,synthetic,unspecified,files,5,12,5,0.25,1.0,0.4,154,150,0.97,0.005706000024474633,12
frontend_perf,sliding_window_10,frontend/react,synthetic,unspecified,errors,0,12,0,0.0,1.0,0.0,154,150,0.97,0.005706000024474633,12
frontend_perf,naive_truncation,frontend/react,synthetic,unspecified,completed_tasks,1,12,1,0.1667,1.0,0.2857,154,150,0.97,0.010955999982797948,12
frontend_perf,naive_truncation,frontend/react,synthetic,unspecified,pending_tasks,1,12,1,0.0833,1.0,0.1538,154,150,0.97,0.010955999982797948,12
frontend_perf,naive_truncation,frontend/react,synthetic,unspecified,decisions,2,12,2,0.25,1.0,0.4,154,150,0.97,0.010955999982797948,12
frontend_perf,naive_truncation,frontend/react,synthetic,unspecified,files,5,12,5,0.25,1.0,0.4,154,150,0.97,0.010955999982797948,12
frontend_perf,naive_truncation,frontend/react,synthetic,unspecified,errors,0,12,0,0.0,1.0,0.0,154,150,0.97,0.010955999982797948,12
frontend_perf,naive_summary,frontend/react,synthetic,unspecified,completed_tasks,1,12,1,0.1667,1.0,0.2857,154,150,0.97,0.0396660000205884,12
frontend_perf,naive_summary,frontend/react,synthetic,unspecified,pending_tasks,1,12,1,0.0833,1.0,0.1538,154,150,0.97,0.0396660000205884,12
frontend_perf,naive_summary,frontend/react,synthetic,unspecified,decisions,2,12,2,0.25,1.0,0.4,154,150,0.97,0.0396660000205884,12
frontend_perf,naive_summary,frontend/react,synthetic,unspecified,files,5,12,5,0.25,1.0,0.4,154,150,0.97,0.0396660000205884,12
frontend_perf,naive_summary,frontend/react,synthetic,unspecified,errors,0,12,0,0.0,1.0,0.0,154,150,0.97,0.0396660000205884,12
gen_backend_go_001,tokenmizer_v0.5.2,backend/go,synthetic,semi,completed_tasks,7,1,1,1.0,0.1429,0.25,138,397,2.88,218.8419410000506,14
gen_backend_go_001,tokenmizer_v0.5.2,backend/go,synthetic,semi,pending_tasks,3,0,0,1.0,0.0,0.0,138,397,2.88,218.8419410000506,14
gen_backend_go_001,tokenmizer_v0.5.2,backend/go,synthetic,semi,decisions,4,6,3,0.5,0.75,0.6,138,397,2.88,218.8419410000506,14
gen_backend_go_001,tokenmizer_v0.5.2,backend/go,synthetic,semi,files,4,4,4,1.0,1.0,1.0,138,397,2.88,218.8419410000506,14
gen_backend_go_001,tokenmizer_v0.5.2,backend/go,synthetic,semi,errors,3,3,3,1.0,1.0,1.0,138,397,2.88,218.8419410000506,14
gen_backend_go_001,graphiti_style,backend/go,synthetic,semi,completed_tasks,7,5,5,1.0,0.7143,0.8333,174,397,2.28,1.3289830000076108,19
gen_backend_go_001,graphiti_style,backend/go,synthetic,semi,pending_tasks,3,3,0,0.0,0.0,0.0,174,397,2.28,1.3289830000076108,19
gen_backend_go_001,graphiti_style,backend/go,synthetic,semi,decisions,4,5,4,0.8,1.0,0.8889,174,397,2.28,1.3289830000076108,19
gen_backend_go_001,graphiti_style,backend/go,synthetic,semi,files,4,3,3,1.0,0.75,0.8571,174,397,2.28,1.3289830000076108,19
gen_backend_go_001,graphiti_style,backend/go,synthetic,semi,errors,3,3,3,1.0,1.0,1.0,174,397,2.28,1.3289830000076108,19
gen_backend_go_001,graphrag_style,backend/go,synthetic,semi,completed_tasks,7,0,0,1.0,0.0,0.0,74,397,5.36,0.7765650000237656,10
gen_backend_go_001,graphrag_style,backend/go,synthetic,semi,pending_tasks,3,2,0,0.0,0.0,0.0,74,397,5.36,0.7765650000237656,10
gen_backend_go_001,graphrag_style,backend/go,synthetic,semi,decisions,4,5,4,0.8,1.0,0.8889,74,397,5.36,0.7765650000237656,10
gen_backend_go_001,graphrag_style,backend/go,synthetic,semi,files,4,3,3,1.0,0.75,0.8571,74,397,5.36,0.7765650000237656,10
gen_backend_go_001,graphrag_style,backend/go,synthetic,semi,errors,3,0,0,1.0,0.0,0.0,74,397,5.36,0.7765650000237656,10
gen_backend_go_001,mem0_style,backend/go,synthetic,semi,completed_tasks,7,5,5,1.0,0.7143,0.8333,170,397,2.34,1.3360550000243165,18
gen_backend_go_001,mem0_style,backend/go,synthetic,semi,pending_tasks,3,2,0,0.0,0.0,0.0,170,397,2.34,1.3360550000243165,18
gen_backend_go_001,mem0_style,backend/go,synthetic,semi,decisions,4,5,4,0.8,1.0,0.8889,170,397,2.34,1.3360550000243165,18
gen_backend_go_001,mem0_style,backend/go,synthetic,semi,files,4,3,3,1.0,0.75,0.8571,170,397,2.34,1.3360550000243165,18
gen_backend_go_001,mem0_style,backend/go,synthetic,semi,errors,3,3,3,1.0,1.0,1.0,170,397,2.34,1.3360550000243165,18
gen_backend_go_001,memgpt_style,backend/go,synthetic,semi,completed_tasks,7,0,0,1.0,0.0,0.0,51,397,7.78,0.5136970000876317,7
gen_backend_go_001,memgpt_style,backend/go,synthetic,semi,pending_tasks,3,2,0,0.0,0.0,0.0,51,397,7.78,0.5136970000876317,7
gen_backend_go_001,memgpt_style,backend/go,synthetic,semi,decisions,4,2,1,0.5,0.25,0.3333,51,397,7.78,0.5136970000876317,7
gen_backend_go_001,memgpt_style,backend/go,synthetic,semi,files,4,2,3,1.0,0.75,0.8571,51,397,7.78,0.5136970000876317,7
gen_backend_go_001,memgpt_style,backend/go,synthetic,semi,errors,3,1,1,1.0,0.3333,0.5,51,397,7.78,0.5136970000876317,7
gen_backend_go_001,sliding_window_10,backend/go,synthetic,semi,completed_tasks,7,10,1,0.1,0.1429,0.1176,108,397,3.68,0.004349000050751783,10
gen_backend_go_001,sliding_window_10,backend/go,synthetic,semi,pending_tasks,3,10,2,0.2,0.6667,0.3077,108,397,3.68,0.004349000050751783,10
gen_backend_go_001,sliding_window_10,backend/go,synthetic,semi,decisions,4,10,0,0.0,0.0,0.0,108,397,3.68,0.004349000050751783,10
gen_backend_go_001,sliding_window_10,backend/go,synthetic,semi,files,4,10,1,0.1,0.25,0.1429,108,397,3.68,0.004349000050751783,10
gen_backend_go_001,sliding_window_10,backend/go,synthetic,semi,errors,3,10,1,0.1,0.3333,0.1538,108,397,3.68,0.004349000050751783,10
gen_backend_go_001,naive_truncation,backend/go,synthetic,semi,completed_tasks,7,28,5,0.1786,0.7143,0.2857,309,397,1.28,0.017208999906870304,28
gen_backend_go_001,naive_truncation,backend/go,synthetic,semi,pending_tasks,3,28,3,0.1071,1.0,0.1935,309,397,1.28,0.017208999906870304,28
gen_backend_go_001,naive_truncation,backend/go,synthetic,semi,decisions,4,28,2,0.0714,0.5,0.125,309,397,1.28,0.017208999906870304,28
gen_backend_go_001,naive_truncation,backend/go,synthetic,semi,files,4,28,4,0.1429,1.0,0.25,309,397,1.28,0.017208999906870304,28
gen_backend_go_001,naive_truncation,backend/go,synthetic,semi,errors,3,28,2,0.0714,0.6667,0.129,309,397,1.28,0.017208999906870304,28
gen_backend_go_001,naive_summary,backend/go,synthetic,semi,completed_tasks,7,19,3,0.1579,0.4286,0.2308,190,397,2.09,0.0633990000551421,19
gen_backend_go_001,naive_summary,backend/go,synthetic,semi,pending_tasks,3,19,0,0.0,0.0,0.0,190,397,2.09,0.0633990000551421,19
gen_backend_go_001,naive_summary,backend/go,synthetic,semi,decisions,4,19,3,0.1579,0.75,0.2609,190,397,2.09,0.0633990000551421,19
gen_backend_go_001,naive_summary,backend/go,synthetic,semi,files,4,19,2,0.0526,0.5,0.0952,190,397,2.09,0.0633990000551421,19
gen_backend_go_001,naive_summary,backend/go,synthetic,semi,errors,3,19,2,0.1053,0.6667,0.1818,190,397,2.09,0.0633990000551421,19
gen_backend_go_002,tokenmizer_v0.5.2,backend/go,synthetic,semi,completed_tasks,7,4,4,1.0,0.5714,0.7273,124,269,2.17,225.1004949999924,11
gen_backend_go_002,tokenmizer_v0.5.2,backend/go,synthetic,semi,pending_tasks,1,1,1,1.0,1.0,1.0,124,269,2.17,225.1004949999924,11
gen_backend_go_002,tokenmizer_v0.5.2,backend/go,synthetic,semi,decisions,2,2,2,1.0,1.0,1.0,124,269,2.17,225.1004949999924,11
gen_backend_go_002,tokenmizer_v0.5.2,backend/go,synthetic,semi,files,2,2,2,1.0,1.0,1.0,124,269,2.17,225.1004949999924,11
gen_backend_go_002,tokenmizer_v0.5.2,backend/go,synthetic,semi,errors,2,2,1,0.5,0.5,0.5,124,269,2.17,225.1004949999924,11
gen_backend_go_002,graphiti_style,backend/go,synthetic,semi,completed_tasks,7,6,6,1.0,0.8571,0.9231,156,269,1.72,0.8776670000543163,13
gen_backend_go_002,graphiti_style,backend/go,synthetic,semi,pending_tasks,1,1,1,1.0,1.0,1.0,156,269,1.72,0.8776670000543163,13
gen_backend_go_002,graphiti_style,backend/go,synthetic,semi,decisions,2,2,1,0.5,0.5,0.5,156,269,1.72,0.8776670000543163,13
gen_backend_go_002,graphiti_style,backend/go,synthetic,semi,files,2,2,2,1.0,1.0,1.0,156,269,1.72,0.8776670000543163,13
gen_backend_go_002,graphiti_style,backend/go,synthetic,semi,errors,2,2,2,1.0,1.0,1.0,156,269,1.72,0.8776670000543163,13
gen_backend_go_002,graphrag_style,backend/go,synthetic,semi,completed_tasks,7,0,0,1.0,0.0,0.0,60,269,4.48,0.5200069999773405,6
gen_backend_go_002,graphrag_style,backend/go,synthetic,semi,pending_tasks,1,0,0,1.0,0.0,0.0,60,269,4.48,0.5200069999773405,6
gen_backend_go_002,graphrag_style,backend/go,synthetic,semi,decisions,2,2,1,0.5,0.5,0.5,60,269,4.48,0.5200069999773405,6
gen_backend_go_002,graphrag_style,backend/go,synthetic,semi,files,2,2,2,1.0,1.0,1.0,60,269,4.48,0.5200069999773405,6
gen_backend_go_002,graphrag_style,backend/go,synthetic,semi,errors,2,2,2,1.0,1.0,1.0,60,269,4.48,0.5200069999773405,6
gen_backend_go_002,mem0_style,backend/go,synthetic,semi,completed_tasks,7,6,6,1.0,0.8571,0.9231,155,269,1.74,0.9773890000133179,13
gen_backend_go_002,mem0_style,backend/go,synthetic,semi,pending_tasks,1,1,1,1.0,1.0,1.0,155,269,1.74,0.9773890000133179,13
gen_backend_go_002,mem0_style,backend/go,synthetic,semi,decisions,2,2,1,0.5,0.5,0.5,155,269,1.74,0.9773890000133179,13
gen_backend_go_002,mem0_style,backend/go,synthetic,semi,files,2,2,2,1.0,1.0,1.0,155,269,1.74,0.9773890000133179,13
gen_backend_go_002,mem0_style,backend/go,synthetic,semi,errors,2,2,2,1.0,1.0,1.0,155,269,1.74,0.9773890000133179,13
gen_backend_go_002,memgpt_style,backend/go,synthetic,semi,completed_tasks,7,2,2,1.0,0.2857,0.4444,82,269,3.28,0.42226300001857453,6
gen_backend_go_002,memgpt_style,backend/go,synthetic,semi,pending_tasks,1,1,1,1.0,1.0,1.0,82,269,3.28,0.42226300001857453,6
gen_backend_go_002,memgpt_style,backend/go,synthetic,semi,decisions,2,1,1,1.0,0.5,0.6667,82,269,3.28,0.42226300001857453,6
gen_backend_go_002,memgpt_style,backend/go,synthetic,semi,files,2,1,1,1.0,0.5,0.6667,82,269,3.28,0.42226300001857453,6
gen_backend_go_002,memgpt_style,backend/go,synthetic,semi,errors,2,1,1,1.0,0.5,0.6667,82,269,3.28,0.42226300001857453,6
gen_backend_go_002,sliding_window_10,backend/go,synthetic,semi,completed_tasks,7,13,3,0.2308,0.4286,0.3,137,269,1.96,0.004561999958241358,13
gen_backend_go_002,sliding_window_10,backend/go,synthetic,semi,pending_tasks,1,13,1,0.0769,1.0,0.1429,137,269,1.96,0.004561999958241358,13
gen_backend_go_002,sliding_window_10,backend/go,synthetic,semi,decisions,2,13,2,0.1538,1.0,0.2667,137,269,1.96,0.004561999958241358,13
gen_backend_go_002,sliding_window_10,backend/go,synthetic,semi,files,2,13,1,0.0769,0.5,0.1333,137,269,1.96,0.004561999958241358,13
gen_backend_go_002,sliding_window_10,backend/go,synthetic,semi,errors,2,13,1,0.0769,0.5,0.1333,137,269,1.96,0.004561999958241358,13
gen_backend_go_002,naive_truncation,backend/go,synthetic,semi,completed_tasks,7,25,7,0.28,1.0,0.4375,281,269,0.96,0.016131000052155287,25
gen_backend_go_002,naive_truncation,backend/go,synthetic,semi,pending_tasks,1,25,1,0.04,1.0,0.0769,281,269,0.96,0.016131000052155287,25
gen_backend_go_002,naive_truncation,backend/go,synthetic,semi,decisions,2,25,2,0.08,1.0,0.1481,281,269,0.96,0.016131000052155287,25
gen_backend_go_002,naive_truncation,backend/go,synthetic,semi,files,2,25,2,0.08,1.0,0.1481,281,269,0.96,0.016131000052155287,25
gen_backend_go_002,naive_truncation,backend/go,synthetic,semi,errors,2,25,2,0.08,1.0,0.1481,281,269,0.96,0.016131000052155287,25
gen_backend_go_002,naive_summary,backend/go,synthetic,semi,completed_tasks,7,17,6,0.3529,0.8571,0.5,192,269,1.4,0.03578199994080933,17
gen_backend_go_002,naive_summary,backend/go,synthetic,semi,pending_tasks,1,17,0,0.0,0.0,0.0,192,269,1.4,0.03578199994080933,17
gen_backend_go_002,naive_summary,backend/go,synthetic,semi,decisions,2,17,0,0.0,0.0,0.0,192,269,1.4,0.03578199994080933,17
gen_backend_go_002,naive_summary,backend/go,synthetic,semi,files,2,17,1,0.0588,0.5,0.1053,192,269,1.4,0.03578199994080933,17
gen_backend_go_002,naive_summary,backend/go,synthetic,semi,errors,2,17,1,0.0588,0.5,0.1053,192,269,1.4,0.03578199994080933,17
gen_backend_go_003,tokenmizer_v0.5.2,backend/go,synthetic,semi,completed_tasks,4,1,1,1.0,0.25,0.4,99,284,2.87,247.66314600003625,14
gen_backend_go_003,tokenmizer_v0.5.2,backend/go,synthetic,semi,pending_tasks,1,1,1,1.0,1.0,1.0,99,284,2.87,247.66314600003625,14
gen_backend_go_003,tokenmizer_v0.5.2,backend/go,synthetic,semi,decisions,4,5,3,0.6,0.75,0.6667,99,284,2.87,247.66314600003625,14
gen_backend_go_003,tokenmizer_v0.5.2,backend/go,synthetic,semi,files,6,6,6,1.0,1.0,1.0,99,284,2.87,247.66314600003625,14
gen_backend_go_003,tokenmizer_v0.5.2,backend/go,synthetic,semi,errors,1,1,1,1.0,1.0,1.0,99,284,2.87,247.66314600003625,14
gen_backend_go_003,graphiti_style,backend/go,synthetic,semi,completed_tasks,4,3,3,1.0,0.75,0.8571,134,284,2.12,1.096278999966671,15
gen_backend_go_003,graphiti_style,backend/go,synthetic,semi,pending_tasks,1,1,1,1.0,1.0,1.0,134,284,2.12,1.096278999966671,15
gen_backend_go_003,graphiti_style,backend/go,synthetic,semi,decisions,4,5,3,0.6,0.75,0.6667,134,284,2.12,1.096278999966671,15
gen_backend_go_003,graphiti_style,backend/go,synthetic,semi,files,6,5,5,1.0,0.8333,0.9091,134,284,2.12,1.096278999966671,15
gen_backend_go_003,graphiti_style,backend/go,synthetic,semi,errors,1,1,1,1.0,1.0,1.0,134,284,2.12,1.096278999966671,15
gen_backend_go_003,graphrag_style,backend/go,synthetic,semi,completed_tasks,4,0,0,1.0,0.0,0.0,73,284,3.89,0.49623399991105543,10
gen_backend_go_003,graphrag_style,backend/go,synthetic,semi,pending_tasks,1,0,0,1.0,0.0,0.0,73,284,3.89,0.49623399991105543,10
gen_backend_go_003,graphrag_style,backend/go,synthetic,semi,decisions,4,5,3,0.6,0.75,0.6667,73,284,3.89,0.49623399991105543,10
gen_backend_go_003,graphrag_style,backend/go,synthetic,semi,files,6,5,5,1.0,0.8333,0.9091,73,284,3.89,0.49623399991105543,10
gen_backend_go_003,graphrag_style,backend/go,synthetic,semi,errors,1,0,0,1.0,0.0,0.0,73,284,3.89,0.49623399991105543,10
gen_backend_go_003,mem0_style,backend/go,synthetic,semi,completed_tasks,4,3,3,1.0,0.75,0.8571,133,284,2.14,0.9305749999839463,15
gen_backend_go_003,mem0_style,backend/go,synthetic,semi,pending_tasks,1,1,1,1.0,1.0,1.0,133,284,2.14,0.9305749999839463,15
gen_backend_go_003,mem0_style,backend/go,synthetic,semi,decisions,4,5,3,0.6,0.75,0.6667,133,284,2.14,0.9305749999839463,15
gen_backend_go_003,mem0_style,backend/go,synthetic,semi,files,6,5,5,1.0,0.8333,0.9091,133,284,2.14,0.9305749999839463,15
gen_backend_go_003,mem0_style,backend/go,synthetic,semi,errors,1,1,1,1.0,1.0,1.0,133,284,2.14,0.9305749999839463,15
gen_backend_go_003,memgpt_style,backend/go,synthetic,semi,completed_tasks,4,3,3,1.0,0.75,0.8571,72,284,3.94,0.33055100004730775,8
gen_backend_go_003,memgpt_style,backend/go,synthetic,semi,pending_tasks,1,0,0,1.0,0.0,0.0,72,284,3.94,0.33055100004730775,8
gen_backend_go_003,memgpt_style,backend/go,synthetic,semi,decisions,4,1,0,0.0,0.0,0.0,72,284,3.94,0.33055100004730775,8
gen_backend_go_003,memgpt_style,backend/go,synthetic,semi,files,6,4,4,1.0,0.6667,0.8,72,284,3.94,0.33055100004730775,8
gen_backend_go_003,memgpt_style,backend/go,synthetic,semi,errors,1,0,0,1.0,0.0,0.0,72,284,3.94,0.33055100004730775,8
gen_backend_go_003,sliding_window_10,backend/go,synthetic,semi,completed_tasks,4,14,3,0.2143,0.75,0.3333,156,284,1.82,0.005622999992738187,14
gen_backend_go_003,sliding_window_10,backend/go,synthetic,semi,pending_tasks,1,14,1,0.0714,1.0,0.1333,156,284,1.82,0.005622999992738187,14
gen_backend_go_003,sliding_window_10,backend/go,synthetic,semi,decisions,4,14,1,0.0714,0.25,0.1111,156,284,1.82,0.005622999992738187,14
gen_backend_go_003,sliding_window_10,backend/go,synthetic,semi,files,6,14,4,0.2857,0.6667,0.4,156,284,1.82,0.005622999992738187,14
gen_backend_go_003,sliding_window_10,backend/go,synthetic,semi,errors,1,14,0,0.0,0.0,0.0,156,284,1.82,0.005622999992738187,14
gen_backend_go_003,naive_truncation,backend/go,synthetic,semi,completed_tasks,4,27,4,0.1481,1.0,0.2581,295,284,0.96,0.016248999941126385,27
gen_backend_go_003,naive_truncation,backend/go,synthetic,semi,pending_tasks,1,27,1,0.037,1.0,0.0714,295,284,0.96,0.016248999941126385,27
gen_backend_go_003,naive_truncation,backend/go,synthetic,semi,decisions,4,27,4,0.1481,1.0,0.2581,295,284,0.96,0.016248999941126385,27
gen_backend_go_003,naive_truncation,backend/go,synthetic,semi,files,6,27,6,0.2222,1.0,0.3636,295,284,0.96,0.016248999941126385,27
gen_backend_go_003,naive_truncation,backend/go,synthetic,semi,errors,1,27,1,0.037,1.0,0.0714,295,284,0.96,0.016248999941126385,27
gen_backend_go_003,naive_summary,backend/go,synthetic,semi,completed_tasks,4,16,1,0.0625,0.25,0.1,172,284,1.65,0.04008700000213139,16
gen_backend_go_003,naive_summary,backend/go,synthetic,semi,pending_tasks,1,16,1,0.0625,1.0,0.1176,172,284,1.65,0.04008700000213139,16
gen_backend_go_003,naive_summary,backend/go,synthetic,semi,decisions,4,16,4,0.25,1.0,0.4,172,284,1.65,0.04008700000213139,16
gen_backend_go_003,naive_summary,backend/go,synthetic,semi,files,6,16,2,0.125,0.3333,0.1818,172,284,1.65,0.04008700000213139,16
gen_backend_go_003,naive_summary,backend/go,synthetic,semi,errors,1,16,1,0.0625,1.0,0.1176,172,284,1.65,0.04008700000213139,16
gen_backend_go_004,tokenmizer_v0.5.2,backend/go,synthetic,semi,completed_tasks,7,4,4,1.0,0.5714,0.7273,162,298,1.84,218.68214300002364,14
gen_backend_go_004,tokenmizer_v0.5.2,backend/go,synthetic,semi,pending_tasks,3,2,2,1.0,0.6667,0.8,162,298,1.84,218.68214300002364,14
gen_backend_go_004,tokenmizer_v0.5.2,backend/go,synthetic,semi,decisions,3,5,2,0.6,0.6667,0.6316,162,298,1.84,218.68214300002364,14
gen_backend_go_004,tokenmizer_v0.5.2,backend/go,synthetic,semi,files,2,2,2,1.0,1.0,1.0,162,298,1.84,218.68214300002364,14
gen_backend_go_004,tokenmizer_v0.5.2,backend/go,synthetic,semi,errors,1,1,1,1.0,1.0,1.0,162,298,1.84,218.68214300002364,14
gen_backend_go_004,graphiti_style,backend/go,synthetic,semi,completed_tasks,7,6,6,1.0,0.8571,0.9231,159,298,1.87,1.209313000003931,18
gen_backend_go_004,graphiti_style,backend/go,synthetic,semi,pending_tasks,3,5,2,0.4,0.6667,0.5,159,298,1.87,1.209313000003931,18
gen_backend_go_004,graphiti_style,backend/go,synthetic,semi,decisions,3,4,2,0.5,0.6667,0.5714,159,298,1.87,1.209313000003931,18
gen_backend_go_004,graphiti_style,backend/go,synthetic,semi,files,2,2,2,1.0,1.0,1.0,159,298,1.87,1.209313000003931,18
gen_backend_go_004,graphiti_style,backend/go,synthetic,semi,errors,1,1,1,1.0,1.0,1.0,159,298,1.87,1.209313000003931,18
gen_backend_go_004,graphrag_style,backend/go,synthetic,semi,completed_tasks,7,0,0,1.0,0.0,0.0,63,298,4.73,0.646046999918326,9
gen_backend_go_004,graphrag_style,backend/go,synthetic,semi,pending_tasks,3,2,0,0.0,0.0,0.0,63,298,4.73,0.646046999918326,9
gen_backend_go_004,graphrag_style,backend/go,synthetic,semi,decisions,3,4,2,0.5,0.6667,0.5714,63,298,4.73,0.646046999918326,9
gen_backend_go_004,graphrag_style,backend/go,synthetic,semi,files,2,2,2,1.0,1.0,1.0,63,298,4.73,0.646046999918326,9
gen_backend_go_004,graphrag_style,backend/go,synthetic,semi,errors,1,1,1,1.0,1.0,1.0,63,298,4.73,0.646046999918326,9
gen_backend_go_004,mem0_style,backend/go,synthetic,semi,completed_tasks,7,6,6,1.0,0.8571,0.9231,155,298,1.92,1.0421189999760827,17
gen_backend_go_004,mem0_style,backend/go,synthetic,semi,pending_tasks,3,4,2,0.5,0.6667,0.5714,155,298,1.92,1.0421189999760827,17
gen_backend_go_004,mem0_style,backend/go,synthetic,semi,decisions,3,4,2,0.5,0.6667,0.5714,155,298,1.92,1.0421189999760827,17
gen_backend_go_004,mem0_style,backend/go,synthetic,semi,files,2,2,2,1.0,1.0,1.0,155,298,1.92,1.0421189999760827,17
gen_backend_go_004,mem0_style,backend/go,synthetic,semi,errors,1,1,1,1.0,1.0,1.0,155,298,1.92,1.0421189999760827,17
gen_backend_go_004,memgpt_style,backend/go,synthetic,semi,completed_tasks,7,1,1,1.0,0.1429,0.25,67,298,4.45,0.4281249999849024,9
gen_backend_go_004,memgpt_style,backend/go,synthetic,semi,pending_tasks,3,4,2,0.5,0.6667,0.5714,67,298,4.45,0.4281249999849024,9
gen_backend_go_004,memgpt_style,backend/go,synthetic,semi,decisions,3,3,1,0.3333,0.3333,0.3333,67,298,4.45,0.4281249999849024,9
gen_backend_go_004,memgpt_style,backend/go,synthetic,semi,files,2,1,1,1.0,0.5,0.6667,67,298,4.45,0.4281249999849024,9
gen_backend_go_004,memgpt_style,backend/go,synthetic,semi,errors,1,0,0,1.0,0.0,0.0,67,298,4.45,0.4281249999849024,9
gen_backend_go_004,sliding_window_10,backend/go,synthetic,semi,completed_tasks,7,11,1,0.0909,0.1429,0.1111,104,298,2.87,0.008468999908473052,11
gen_backend_go_004,sliding_window_10,backend/go,synthetic,semi,pending_tasks,3,11,2,0.1818,0.6667,0.2857,104,298,2.87,0.008468999908473052,11
gen_backend_go_004,sliding_window_10,backend/go,synthetic,semi,decisions,3,11,2,0.1818,0.6667,0.2857,104,298,2.87,0.008468999908473052,11
gen_backend_go_004,sliding_window_10,backend/go,synthetic,semi,files,2,11,1,0.0909,0.5,0.1538,104,298,2.87,0.008468999908473052,11
gen_backend_go_004,sliding_window_10,backend/go,synthetic,semi,errors,1,11,0,0.0,0.0,0.0,104,298,2.87,0.008468999908473052,11
gen_backend_go_004,naive_truncation,backend/go,synthetic,semi,completed_tasks,7,31,7,0.2258,1.0,0.3684,314,298,0.95,0.02998600007231289,31
gen_backend_go_004,naive_truncation,backend/go,synthetic,semi,pending_tasks,3,31,3,0.0968,1.0,0.1765,314,298,0.95,0.02998600007231289,31
gen_backend_go_004,naive_truncation,backend/go,synthetic,semi,decisions,3,31,3,0.0968,1.0,0.1765,314,298,0.95,0.02998600007231289,31
gen_backend_go_004,naive_truncation,backend/go,synthetic,semi,files,2,31,2,0.0645,1.0,0.1212,314,298,0.95,0.02998600007231289,31
gen_backend_go_004,naive_truncation,backend/go,synthetic,semi,errors,1,31,1,0.0323,1.0,0.0625,314,298,0.95,0.02998600007231289,31
gen_backend_go_004,naive_summary,backend/go,synthetic,semi,completed_tasks,7,18,6,0.3333,0.8571,0.48,176,298,1.69,0.05793399998310633,18
gen_backend_go_004,naive_summary,backend/go,synthetic,semi,pending_tasks,3,18,0,0.0,0.0,0.0,176,298,1.69,0.05793399998310633,18
gen_backend_go_004,naive_summary,backend/go,synthetic,semi,decisions,3,18,1,0.0556,0.3333,0.0952,176,298,1.69,0.05793399998310633,18
gen_backend_go_004,naive_summary,backend/go,synthetic,semi,files,2,18,0,0.0,0.0,0.0,176,298,1.69,0.05793399998310633,18
gen_backend_go_004,naive_summary,backend/go,synthetic,semi,errors,1,18,1,0.0556,1.0,0.1053,176,298,1.69,0.05793399998310633,18
gen_backend_go_005,tokenmizer_v0.5.2,backend/go,synthetic,semi,completed_tasks,7,4,4,1.0,0.5714,0.7273,84,335,3.99,212.8983899999639,9
gen_backend_go_005,tokenmizer_v0.5.2,backend/go,synthetic,semi,pending_tasks,2,0,0,1.0,0.0,0.0,84,335,3.99,212.8983899999639,9
gen_backend_go_005,tokenmizer_v0.5.2,backend/go,synthetic,semi,decisions,6,3,1,0.3333,0.1667,0.2222,84,335,3.99,212.8983899999639,9
gen_backend_go_005,tokenmizer_v0.5.2,backend/go,synthetic,semi,files,2,2,2,1.0,1.0,1.0,84,335,3.99,212.8983899999639,9
gen_backend_go_005,graphiti_style,backend/go,synthetic,semi,completed_tasks,7,6,6,1.0,0.8571,0.9231,145,335,2.31,1.152025000010326,16
gen_backend_go_005,graphiti_style,backend/go,synthetic,semi,pending_tasks,2,2,0,0.0,0.0,0.0,145,335,2.31,1.152025000010326,16
gen_backend_go_005,graphiti_style,backend/go,synthetic,semi,decisions,6,7,4,0.5714,0.6667,0.6154,145,335,2.31,1.152025000010326,16
gen_backend_go_005,graphiti_style,backend/go,synthetic,semi,files,2,1,1,1.0,0.5,0.6667,145,335,2.31,1.152025000010326,16
gen_backend_go_005,graphrag_style,backend/go,synthetic,semi,completed_tasks,7,0,0,1.0,0.0,0.0,65,335,5.15,0.6663780000053521,8
gen_backend_go_005,graphrag_style,backend/go,synthetic,semi,pending_tasks,2,1,0,0.0,0.0,0.0,65,335,5.15,0.6663780000053521,8
gen_backend_go_005,graphrag_style,backend/go,synthetic,semi,decisions,6,6,5,0.8333,0.8333,0.8333,65,335,5.15,0.6663780000053521,8
gen_backend_go_005,graphrag_style,backend/go,synthetic,semi,files,2,1,1,1.0,0.5,0.6667,65,335,5.15,0.6663780000053521,8
gen_backend_go_005,mem0_style,backend/go,synthetic,semi,completed_tasks,7,6,6,1.0,0.8571,0.9231,140,335,2.39,1.9210629999406592,15
gen_backend_go_005,mem0_style,backend/go,synthetic,semi,pending_tasks,2,1,0,0.0,0.0,0.0,140,335,2.39,1.9210629999406592,15
gen_backend_go_005,mem0_style,backend/go,synthetic,semi,decisions,6,7,4,0.5714,0.6667,0.6154,140,335,2.39,1.9210629999406592,15
gen_backend_go_005,mem0_style,backend/go,synthetic,semi,files,2,1,1,1.0,0.5,0.6667,140,335,2.39,1.9210629999406592,15
gen_backend_go_005,memgpt_style,backend/go,synthetic,semi,completed_tasks,7,4,4,1.0,0.5714,0.7273,101,335,3.32,0.4820350000045437,12
gen_backend_go_005,memgpt_style,backend/go,synthetic,semi,pending_tasks,2,2,0,0.0,0.0,0.0,101,335,3.32,0.4820350000045437,12
gen_backend_go_005,memgpt_style,backend/go,synthetic,semi,decisions,6,6,3,0.5,0.5,0.5,101,335,3.32,0.4820350000045437,12
gen_backend_go_005,memgpt_style,backend/go,synthetic,semi,files,2,0,0,1.0,0.0,0.0,101,335,3.32,0.4820350000045437,12
gen_backend_go_005,sliding_window_10,backend/go,synthetic,semi,completed_tasks,7,12,3,0.25,0.4286,0.3158,128,335,2.62,0.003939000066566223,12
gen_backend_go_005,sliding_window_10,backend/go,synthetic,semi,pending_tasks,2,12,1,0.0833,0.5,0.1429,128,335,2.62,0.003939000066566223,12
gen_backend_go_005,sliding_window_10,backend/go,synthetic,semi,decisions,6,12,3,0.25,0.5,0.3333,128,335,2.62,0.003939000066566223,12
gen_backend_go_005,sliding_window_10,backend/go,synthetic,semi,files,2,12,0,0.0,0.0,0.0,128,335,2.62,0.003939000066566223,12
gen_backend_go_005,sliding_window_10,backend/go,synthetic,semi,errors,0,12,0,0.0,1.0,0.0,128,335,2.62,0.003939000066566223,12
gen_backend_go_005,naive_truncation,backend/go,synthetic,semi,completed_tasks,7,30,6,0.2,0.8571,0.3243,303,335,1.11,0.020150999944235082,30
gen_backend_go_005,naive_truncation,backend/go,synthetic,semi,pending_tasks,2,30,2,0.0667,1.0,0.125,303,335,1.11,0.020150999944235082,30
gen_backend_go_005,naive_truncation,backend/go,synthetic,semi,decisions,6,30,6,0.2,1.0,0.3333,303,335,1.11,0.020150999944235082,30
gen_backend_go_005,naive_truncation,backend/go,synthetic,semi,files,2,30,2,0.0667,1.0,0.125,303,335,1.11,0.020150999944235082,30
gen_backend_go_005,naive_truncation,backend/go,synthetic,semi,errors,0,30,0,0.0,1.0,0.0,303,335,1.11,0.020150999944235082,30
gen_backend_go_005,naive_summary,backend/go,synthetic,semi,completed_tasks,7,18,2,0.1111,0.2857,0.16,175,335,1.91,0.04193200004465325,18
gen_backend_go_005,naive_summary,backend/go,synthetic,semi,pending_tasks,2,18,1,0.0556,0.5,0.1,175,335,1.91,0.04193200004465325,18
gen_backend_go_005,naive_summary,backend/go,synthetic,semi,decisions,6,18,2,0.1111,0.3333,0.1667,175,335,1.91,0.04193200004465325,18
gen_backend_go_005,naive_summary,backend/go,synthetic,semi,files,2,18,2,0.1111,1.0,0.2,175,335,1.91,0.04193200004465325,18
gen_backend_go_005,naive_summary,backend/go,synthetic,semi,errors,0,18,0,0.0,1.0,0.0,175,335,1.91,0.04193200004465325,18
gen_backend_go_006,tokenmizer_v0.5.2,backend/go,synthetic,semi,completed_tasks,4,2,2,1.0,0.5,0.6667,86,270,3.14,214.5345000000134,9
gen_backend_go_006,tokenmizer_v0.5.2,backend/go,synthetic,semi,pending_tasks,4,0,0,1.0,0.0,0.0,86,270,3.14,214.5345000000134,9
gen_backend_go_006,tokenmizer_v0.5.2,backend/go,synthetic,semi,decisions,2,3,2,0.6667,1.0,0.8,86,270,3.14,214.5345000000134,9
gen_backend_go_006,tokenmizer_v0.5.2,backend/go,synthetic,semi,files,2,2,2,1.0,1.0,1.0,86,270,3.14,214.5345000000134,9
gen_backend_go_006,tokenmizer_v0.5.2,backend/go,synthetic,semi,errors,2,2,2,1.0,1.0,1.0,86,270,3.14,214.5345000000134,9
gen_backend_go_006,graphiti_style,backend/go,synthetic,semi,completed_tasks,4,3,3,1.0,0.75,0.8571,89,270,3.03,0.9753819999787083,10
gen_backend_go_006,graphiti_style,backend/go,synthetic,semi,pending_tasks,4,3,0,0.0,0.0,0.0,89,270,3.03,0.9753819999787083,10
gen_backend_go_006,graphiti_style,backend/go,synthetic,semi,decisions,2,0,0,1.0,0.0,0.0,89,270,3.03,0.9753819999787083,10
gen_backend_go_006,graphiti_style,backend/go,synthetic,semi,files,2,2,2,1.0,1.0,1.0,89,270,3.03,0.9753819999787083,10
gen_backend_go_006,graphiti_style,backend/go,synthetic,semi,errors,2,2,2,1.0,1.0,1.0,89,270,3.03,0.9753819999787083,10
gen_backend_go_006,graphrag_style,backend/go,synthetic,semi,completed_tasks,4,0,0,1.0,0.0,0.0,35,270,7.71,0.5182649999824207,5
gen_backend_go_006,graphrag_style,backend/go,synthetic,semi,pending_tasks,4,2,0,0.0,0.0,0.0,35,270,7.71,0.5182649999824207,5
gen_backend_go_006,graphrag_style,backend/go,synthetic,semi,decisions,2,0,0,1.0,0.0,0.0,35,270,7.71,0.5182649999824207,5
gen_backend_go_006,graphrag_style,backend/go,synthetic,semi,files,2,2,2,1.0,1.0,1.0,35,270,7.71,0.5182649999824207,5
gen_backend_go_006,graphrag_style,backend/go,synthetic,semi,errors,2,1,1,1.0,0.5,0.6667,35,270,7.71,0.5182649999824207,5
gen_backend_go_006,mem0_style,backend/go,synthetic,semi,completed_tasks,4,3,3,1.0,0.75,0.8571,85,270,3.18,0.9114430000636276,9
gen_backend_go_006,mem0_style,backend/go,synthetic,semi,pending_tasks,4,2,0,0.0,0.0,0.0,85,270,3.18,0.9114430000636276,9
gen_backend_go_006,mem0_style,backend/go,synthetic,semi,decisions,2,0,0,1.0,0.0,0.0,85,270,3.18,0.9114430000636276,9
gen_backend_go_006,mem0_style,backend/go,synthetic,semi,files,2,2,2,1.0,1.0,1.0,85,270,3.18,0.9114430000636276,9
gen_backend_go_006,mem0_style,backend/go,synthetic,semi,errors,2,2,2,1.0,1.0,1.0,85,270,3.18,0.9114430000636276,9
gen_backend_go_006,memgpt_style,backend/go,synthetic,semi,completed_tasks,4,1,1,1.0,0.25,0.4,30,270,9.0,0.3837440000324932,2
gen_backend_go_006,memgpt_style,backend/go,synthetic,semi,pending_tasks,4,0,0,1.0,0.0,0.0,30,270,9.0,0.3837440000324932,2
gen_backend_go_006,memgpt_style,backend/go,synthetic,semi,decisions,2,0,0,1.0,0.0,0.0,30,270,9.0,0.3837440000324932,2
gen_backend_go_006,memgpt_style,backend/go,synthetic,semi,files,2,0,0,1.0,0.0,0.0,30,270,9.0,0.3837440000324932,2
gen_backend_go_006,memgpt_style,backend/go,synthetic,semi,errors,2,1,1,1.0,0.5,0.6667,30,270,9.0,0.3837440000324932,2
gen_backend_go_006,sliding_window_10,backend/go,synthetic,semi,completed_tasks,4,13,3,0.2308,0.75,0.3529,148,270,1.82,0.003913000000466127,13
gen_backend_go_006,sliding_window_10,backend/go,synthetic,semi,pending_tasks,4,13,2,0.1538,0.5,0.2353,148,270,1.82,0.003913000000466127,13
gen_backend_go_006,sliding_window_10,backend/go,synthetic,semi,decisions,2,13,1,0.0769,0.5,0.1333,148,270,1.82,0.003913000000466127,13
gen_backend_go_006,sliding_window_10,backend/go,synthetic,semi,files,2,13,1,0.0769,0.5,0.1333,148,270,1.82,0.003913000000466127,13
gen_backend_go_006,sliding_window_10,backend/go,synthetic,semi,errors,2,13,1,0.0769,0.5,0.1333,148,270,1.82,0.003913000000466127,13
gen_backend_go_006,naive_truncation,backend/go,synthetic,semi,completed_tasks,4,25,4,0.16,1.0,0.2759,283,270,0.95,0.015756000038891216,25
gen_backend_go_006,naive_truncation,backend/go,synthetic,semi,pending_tasks,4,25,4,0.16,1.0,0.2759,283,270,0.95,0.015756000038891216,25
gen_backend_go_006,naive_truncation,backend/go,synthetic,semi,decisions,2,25,2,0.08,1.0,0.1481,283,270,0.95,0.015756000038891216,25
gen_backend_go_006,naive_truncation,backend/go,synthetic,semi,files,2,25,2,0.08,1.0,0.1481,283,270,0.95,0.015756000038891216,25
gen_backend_go_006,naive_truncation,backend/go,synthetic,semi,errors,2,25,2,0.08,1.0,0.1481,283,270,0.95,0.015756000038891216,25
gen_backend_go_006,naive_summary,backend/go,synthetic,semi,completed_tasks,4,18,3,0.1667,0.75,0.2727,193,270,1.4,0.03235500003029301,18
gen_backend_go_006,naive_summary,backend/go,synthetic,semi,pending_tasks,4,18,2,0.1111,0.5,0.1818,193,270,1.4,0.03235500003029301,18
gen_backend_go_006,naive_summary,backend/go,synthetic,semi,decisions,2,18,1,0.0556,0.5,0.1,193,270,1.4,0.03235500003029301,18
gen_backend_go_006,naive_summary,backend/go,synthetic,semi,files,2,18,2,0.1111,1.0,0.2,193,270,1.4,0.03235500003029301,18
gen_backend_go_006,naive_summary,backend/go,synthetic,semi,errors,2,18,1,0.0556,0.5,0.1,193,270,1.4,0.03235500003029301,18
gen_backend_python_001,tokenmizer_v0.5.2,backend/python,synthetic,explicit,completed_tasks,7,7,7,1.0,1.0,1.0,128,319,2.49,246.44798999997874,17
gen_backend_python_001,tokenmizer_v0.5.2,backend/python,synthetic,explicit,pending_tasks,1,0,0,1.0,0.0,0.0,128,319,2.49,246.44798999997874,17
gen_backend_python_001,tokenmizer_v0.5.2,backend/python,synthetic,explicit,decisions,5,4,3,0.75,0.6,0.6667,128,319,2.49,246.44798999997874,17
gen_backend_python_001,tokenmizer_v0.5.2,backend/python,synthetic,explicit,files,6,6,6,1.0,1.0,1.0,128,319,2.49,246.44798999997874,17
gen_backend_python_001,tokenmizer_v0.5.2,backend/python,synthetic,explicit,errors,1,0,0,1.0,0.0,0.0,128,319,2.49,246.44798999997874,17
gen_backend_python_001,graphiti_style,backend/python,synthetic,explicit,completed_tasks,7,9,7,0.7778,1.0,0.875,166,319,1.92,1.1353879999660421,24
gen_backend_python_001,graphiti_style,backend/python,synthetic,explicit,pending_tasks,1,2,1,0.5,1.0,0.6667,166,319,1.92,1.1353879999660421,24
gen_backend_python_001,graphiti_style,backend/python,synthetic,explicit,decisions,5,6,4,0.6667,0.8,0.7273,166,319,1.92,1.1353879999660421,24
gen_backend_python_001,graphiti_style,backend/python,synthetic,explicit,files,6,6,6,1.0,1.0,1.0,166,319,1.92,1.1353879999660421,24
gen_backend_python_001,graphiti_style,backend/python,synthetic,explicit,errors,1,1,1,1.0,1.0,1.0,166,319,1.92,1.1353879999660421,24
gen_backend_python_001,graphrag_style,backend/python,synthetic,explicit,completed_tasks,7,4,4,1.0,0.5714,0.7273,140,319,2.28,0.6469610000294779,19
gen_backend_python_001,graphrag_style,backend/python,synthetic,explicit,pending_tasks,1,1,0,0.0,0.0,0.0,140,319,2.28,0.6469610000294779,19
gen_backend_python_001,graphrag_style,backend/python,synthetic,explicit,decisions,5,6,5,0.8333,1.0,0.9091,140,319,2.28,0.6469610000294779,19
gen_backend_python_001,graphrag_style,backend/python,synthetic,explicit,files,6,6,6,1.0,1.0,1.0,140,319,2.28,0.6469610000294779,19
gen_backend_python_001,graphrag_style,backend/python,synthetic,explicit,errors,1,2,1,0.5,1.0,0.6667,140,319,2.28,0.6469610000294779,19
gen_backend_python_001,mem0_style,backend/python,synthetic,explicit,completed_tasks,7,9,7,0.7778,1.0,0.875,165,319,1.93,1.0906530000056591,24
gen_backend_python_001,mem0_style,backend/python,synthetic,explicit,pending_tasks,1,2,1,0.5,1.0,0.6667,165,319,1.93,1.0906530000056591,24
gen_backend_python_001,mem0_style,backend/python,synthetic,explicit,decisions,5,6,4,0.6667,0.8,0.7273,165,319,1.93,1.0906530000056591,24
gen_backend_python_001,mem0_style,backend/python,synthetic,explicit,files,6,6,6,1.0,1.0,1.0,165,319,1.93,1.0906530000056591,24
gen_backend_python_001,mem0_style,backend/python,synthetic,explicit,errors,1,1,1,1.0,1.0,1.0,165,319,1.93,1.0906530000056591,24
gen_backend_python_001,memgpt_style,backend/python,synthetic,explicit,completed_tasks,7,6,5,0.8333,0.7143,0.7692,84,319,3.8,0.42129299993121094,10
gen_backend_python_001,memgpt_style,backend/python,synthetic,explicit,pending_tasks,1,0,0,1.0,0.0,0.0,84,319,3.8,0.42129299993121094,10
gen_backend_python_001,memgpt_style,backend/python,synthetic,explicit,decisions,5,2,1,0.5,0.2,0.2857,84,319,3.8,0.42129299993121094,10
gen_backend_python_001,memgpt_style,backend/python,synthetic,explicit,files,6,2,2,1.0,0.3333,0.5,84,319,3.8,0.42129299993121094,10
gen_backend_python_001,memgpt_style,backend/python,synthetic,explicit,errors,1,0,0,1.0,0.0,0.0,84,319,3.8,0.42129299993121094,10
gen_backend_python_001,sliding_window_10,backend/python,synthetic,explicit,completed_tasks,7,11,3,0.2727,0.4286,0.3333,108,319,2.95,0.0040019999687501695,11
gen_backend_python_001,sliding_window_10,backend/python,synthetic,explicit,pending_tasks,1,11,0,0.0,0.0,0.0,108,319,2.95,0.0040019999687501695,11
gen_backend_python_001,sliding_window_10,backend/python,synthetic,explicit,decisions,5,11,2,0.1818,0.4,0.25,108,319,2.95,0.0040019999687501695,11
gen_backend_python_001,sliding_window_10,backend/python,synthetic,explicit,files,6,11,1,0.0909,0.1667,0.1176,108,319,2.95,0.0040019999687501695,11
gen_backend_python_001,sliding_window_10,backend/python,synthetic,explicit,errors,1,11,0,0.0,0.0,0.0,108,319,2.95,0.0040019999687501695,11
gen_backend_python_001,naive_truncation,backend/python,synthetic,explicit,completed_tasks,7,35,7,0.2,1.0,0.3333,316,319,1.01,0.020486000039454666,35
gen_backend_python_001,naive_truncation,backend/python,synthetic,explicit,pending_tasks,1,35,1,0.0286,1.0,0.0556,316,319,1.01,0.020486000039454666,35
gen_backend_python_001,naive_truncation,backend/python,synthetic,explicit,decisions,5,35,5,0.1429,1.0,0.25,316,319,1.01,0.020486000039454666,35
gen_backend_python_001,naive_truncation,backend/python,synthetic,explicit,files,6,35,6,0.1714,1.0,0.2927,316,319,1.01,0.020486000039454666,35
gen_backend_python_001,naive_truncation,backend/python,synthetic,explicit,errors,1,35,1,0.0286,1.0,0.0556,316,319,1.01,0.020486000039454666,35
gen_backend_python_001,naive_summary,backend/python,synthetic,explicit,completed_tasks,7,24,2,0.0833,0.2857,0.129,201,319,1.59,0.04395399992063176,24
gen_backend_python_001,naive_summary,backend/python,synthetic,explicit,pending_tasks,1,24,1,0.0417,1.0,0.08,201,319,1.59,0.04395399992063176,24
gen_backend_python_001,naive_summary,backend/python,synthetic,explicit,decisions,5,24,3,0.125,0.6,0.2069,201,319,1.59,0.04395399992063176,24
gen_backend_python_001,naive_summary,backend/python,synthetic,explicit,files,6,24,5,0.2083,0.8333,0.3333,201,319,1.59,0.04395399992063176,24
gen_backend_python_001,naive_summary,backend/python,synthetic,explicit,errors,1,24,1,0.0417,1.0,0.08,201,319,1.59,0.04395399992063176,24
gen_backend_python_002,tokenmizer_v0.5.2,backend/python,synthetic,explicit,completed_tasks,7,6,6,1.0,0.8571,0.9231,153,342,2.24,266.6638350000312,18
gen_backend_python_002,tokenmizer_v0.5.2,backend/python,synthetic,explicit,pending_tasks,4,2,2,1.0,0.5,0.6667,153,342,2.24,266.6638350000312,18
gen_backend_python_002,tokenmizer_v0.5.2,backend/python,synthetic,explicit,decisions,3,3,2,0.6667,0.6667,0.6667,153,342,2.24,266.6638350000312,18
gen_backend_python_002,tokenmizer_v0.5.2,backend/python,synthetic,explicit,files,6,6,6,1.0,1.0,1.0,153,342,2.24,266.6638350000312,18
gen_backend_python_002,tokenmizer_v0.5.2,backend/python,synthetic,explicit,errors,1,1,1,1.0,1.0,1.0,153,342,2.24,266.6638350000312,18
gen_backend_python_002,graphiti_style,backend/python,synthetic,explicit,completed_tasks,7,12,7,0.5833,1.0,0.7368,175,342,1.95,1.0876390000476022,28
gen_backend_python_002,graphiti_style,backend/python,synthetic,explicit,pending_tasks,4,5,4,0.8,1.0,0.8889,175,342,1.95,1.0876390000476022,28
gen_backend_python_002,graphiti_style,backend/python,synthetic,explicit,decisions,3,4,3,0.75,1.0,0.8571,175,342,1.95,1.0876390000476022,28
gen_backend_python_002,graphiti_style,backend/python,synthetic,explicit,files,6,6,6,1.0,1.0,1.0,175,342,1.95,1.0876390000476022,28
gen_backend_python_002,graphiti_style,backend/python,synthetic,explicit,errors,1,1,1,1.0,1.0,1.0,175,342,1.95,1.0876390000476022,28
gen_backend_python_002,graphrag_style,backend/python,synthetic,explicit,completed_tasks,7,4,4,1.0,0.5714,0.7273,143,342,2.39,0.6799070000624852,17
gen_backend_python_002,graphrag_style,backend/python,synthetic,explicit,pending_tasks,4,3,2,0.6667,0.5,0.5714,143,342,2.39,0.6799070000624852,17
gen_backend_python_002,graphrag_style,backend/python,synthetic,explicit,decisions,3,3,3,1.0,1.0,1.0,143,342,2.39,0.6799070000624852,17
gen_backend_python_002,graphrag_style,backend/python,synthetic,explicit,files,6,6,6,1.0,1.0,1.0,143,342,2.39,0.6799070000624852,17
gen_backend_python_002,graphrag_style,backend/python,synthetic,explicit,errors,1,1,1,1.0,1.0,1.0,143,342,2.39,0.6799070000624852,17
gen_backend_python_002,mem0_style,backend/python,synthetic,explicit,completed_tasks,7,12,7,0.5833,1.0,0.7368,174,342,1.97,1.2526820000857697,28
gen_backend_python_002,mem0_style,backend/python,synthetic,explicit,pending_tasks,4,5,4,0.8,1.0,0.8889,174,342,1.97,1.2526820000857697,28
gen_backend_python_002,mem0_style,backend/python,synthetic,explicit,decisions,3,4,3,0.75,1.0,0.8571,174,342,1.97,1.2526820000857697,28
gen_backend_python_002,mem0_style,backend/python,synthetic,explicit,files,6,6,6,1.0,1.0,1.0,174,342,1.97,1.2526820000857697,28
gen_backend_python_002,mem0_style,backend/python,synthetic,explicit,errors,1,1,1,1.0,1.0,1.0,174,342,1.97,1.2526820000857697,28
gen_backend_python_002,memgpt_style,backend/python,synthetic,explicit,completed_tasks,7,4,2,0.5,0.2857,0.3636,70,342,4.89,0.41428400004406285,9
gen_backend_python_002,memgpt_style,backend/python,synthetic,explicit,pending_tasks,4,2,2,1.0,0.5,0.6667,70,342,4.89,0.41428400004406285,9
gen_backend_python_002,memgpt_style,backend/python,synthetic,explicit,decisions,3,1,1,1.0,0.3333,0.5,70,342,4.89,0.41428400004406285,9
gen_backend_python_002,memgpt_style,backend/python,synthetic,explicit,files,6,2,2,1.0,0.3333,0.5,70,342,4.89,0.41428400004406285,9
gen_backend_python_002,memgpt_style,backend/python,synthetic,explicit,errors,1,0,0,1.0,0.0,0.0,70,342,4.89,0.41428400004406285,9
gen_backend_python_002,sliding_window_10,backend/python,synthetic,explicit,completed_tasks,7,10,1,0.1,0.1429,0.1176,76,342,4.5,0.0047320000930994865,10
gen_backend_python_002,sliding_window_10,backend/python,synthetic,explicit,pending_tasks,4,10,2,0.2,0.5,0.2857,76,342,4.5,0.0047320000930994865,10
gen_backend_python_002,sliding_window_10,backend/python,synthetic,explicit,decisions,3,10,0,0.0,0.0,0.0,76,342,4.5,0.0047320000930994865,10
gen_backend_python_002,sliding_window_10,backend/python,synthetic,explicit,files,6,10,2,0.2,0.3333,0.25,76,342,4.5,0.0047320000930994865,10
gen_backend_python_002,sliding_window_10,backend/python,synthetic,explicit,errors,1,10,0,0.0,0.0,0.0,76,342,4.5,0.0047320000930994865,10
gen_backend_python_002,naive_truncation,backend/python,synthetic,explicit,completed_tasks,7,35,6,0.1714,0.8571,0.2857,308,342,1.11,0.03200600008312904,35
gen_backend_python_002,naive_truncation,backend/python,synthetic,explicit,pending_tasks,4,35,4,0.1143,1.0,0.2051,308,342,1.11,0.03200600008312904,35
gen_backend_python_002,naive_truncation,backend/python,synthetic,explicit,decisions,3,35,2,0.0571,0.6667,0.1053,308,342,1.11,0.03200600008312904,35
gen_backend_python_002,naive_truncation,backend/python,synthetic,explicit,files,6,35,6,0.1714,1.0,0.2927,308,342,1.11,0.03200600008312904,35
gen_backend_python_002,naive_truncation,backend/python,synthetic,explicit,errors,1,35,1,0.0286,1.0,0.0556,308,342,1.11,0.03200600008312904,35
gen_backend_python_002,naive_summary,backend/python,synthetic,explicit,completed_tasks,7,21,5,0.2381,0.7143,0.3571,209,342,1.64,0.04859399996348657,21
gen_backend_python_002,naive_summary,backend/python,synthetic,explicit,pending_tasks,4,21,2,0.0952,0.5,0.16,209,342,1.64,0.04859399996348657,21
gen_backend_python_002,naive_summary,backend/python,synthetic,explicit,decisions,3,21,2,0.0952,0.6667,0.1667,209,342,1.64,0.04859399996348657,21
gen_backend_python_002,naive_summary,backend/python,synthetic,explicit,files,6,21,2,0.0952,0.3333,0.1481,209,342,1.64,0.04859399996348657,21
gen_backend_python_002,naive_summary,backend/python,synthetic,explicit,errors,1,21,0,0.0,0.0,0.0,209,342,1.64,0.04859399996348657,21
gen_backend_python_003,tokenmizer_v0.5.2,backend/python,synthetic,explicit,completed_tasks,4,4,4,1.0,1.0,1.0,112,259,2.31,224.89430300004187,16
gen_backend_python_003,tokenmizer_v0.5.2,backend/python,synthetic,explicit,pending_tasks,3,3,3,1.0,1.0,1.0,112,259,2.31,224.89430300004187,16
gen_backend_python_003,tokenmizer_v0.5.2,backend/python,synthetic,explicit,decisions,2,3,1,0.3333,0.5,0.4,112,259,2.31,224.89430300004187,16
gen_backend_python_003,tokenmizer_v0.5.2,backend/python,synthetic,explicit,files,6,6,6,1.0,1.0,1.0,112,259,2.31,224.89430300004187,16
gen_backend_python_003,graphiti_style,backend/python,synthetic,explicit,completed_tasks,4,8,4,0.5,1.0,0.6667,141,259,1.84,0.8823440000469418,21
gen_backend_python_003,graphiti_style,backend/python,synthetic,explicit,pending_tasks,3,4,3,0.75,1.0,0.8571,141,259,1.84,0.8823440000469418,21
gen_backend_python_003,graphiti_style,backend/python,synthetic,explicit,decisions,2,3,2,0.6667,1.0,0.8,141,259,1.84,0.8823440000469418,21
gen_backend_python_003,graphiti_style,backend/python,synthetic,explicit,files,6,6,6,1.0,1.0,1.0,141,259,1.84,0.8823440000469418,21
gen_backend_python_003,graphrag_style,backend/python,synthetic,explicit,completed_tasks,4,3,3,1.0,0.75,0.8571,106,259,2.44,0.5339869999261282,15
gen_backend_python_003,graphrag_style,backend/python,synthetic,explicit,pending_tasks,3,2,1,0.5,0.3333,0.4,106,259,2.44,0.5339869999261282,15
gen_backend_python_003,graphrag_style,backend/python,synthetic,explicit,decisions,2,3,2,0.6667,1.0,0.8,106,259,2.44,0.5339869999261282,15
gen_backend_python_003,graphrag_style,backend/python,synthetic,explicit,files,6,6,6,1.0,1.0,1.0,106,259,2.44,0.5339869999261282,15
gen_backend_python_003,graphrag_style,backend/python,synthetic,explicit,errors,0,1,0,0.0,1.0,0.0,106,259,2.44,0.5339869999261282,15
gen_backend_python_003,mem0_style,backend/python,synthetic,explicit,completed_tasks,4,8,4,0.5,1.0,0.6667,140,259,1.85,0.9817379999503828,21
gen_backend_python_003,mem0_style,backend/python,synthetic,explicit,pending_tasks,3,4,3,0.75,1.0,0.8571,140,259,1.85,0.9817379999503828,21
gen_backend_python_003,mem0_style,backend/python,synthetic,explicit,decisions,2,3,2,0.6667,1.0,0.8,140,259,1.85,0.9817379999503828,21
gen_backend_python_003,mem0_style,backend/python,synthetic,explicit,files,6,6,6,1.0,1.0,1.0,140,259,1.85,0.9817379999503828,21
gen_backend_python_003,memgpt_style,backend/python,synthetic,explicit,completed_tasks,4,3,1,0.3333,0.25,0.2857,60,259,4.32,0.289202000089972,8
gen_backend_python_003,memgpt_style,backend/python,synthetic,explicit,pending_tasks,3,1,1,1.0,0.3333,0.5,60,259,4.32,0.289202000089972,8
gen_backend_python_003,memgpt_style,backend/python,synthetic,explicit,decisions,2,1,1,1.0,0.5,0.6667,60,259,4.32,0.289202000089972,8
gen_backend_python_003,memgpt_style,backend/python,synthetic,explicit,files,6,3,3,1.0,0.5,0.6667,60,259,4.32,0.289202000089972,8
gen_backend_python_003,sliding_window_10,backend/python,synthetic,explicit,completed_tasks,4,10,1,0.1,0.25,0.1429,77,259,3.36,0.0035069999739789637,10
gen_backend_python_003,sliding_window_10,backend/python,synthetic,explicit,pending_tasks,3,10,1,0.1,0.3333,0.1538,77,259,3.36,0.0035069999739789637,10
gen_backend_python_003,sliding_window_10,backend/python,synthetic,explicit,decisions,2,10,0,0.0,0.0,0.0,77,259,3.36,0.0035069999739789637,10
gen_backend_python_003,sliding_window_10,backend/python,synthetic,explicit,files,6,10,3,0.3,0.5,0.375,77,259,3.36,0.0035069999739789637,10
gen_backend_python_003,sliding_window_10,backend/python,synthetic,explicit,errors,0,10,0,0.0,1.0,0.0,77,259,3.36,0.0035069999739789637,10
gen_backend_python_003,naive_truncation,backend/python,synthetic,explicit,completed_tasks,4,30,4,0.1333,1.0,0.2353,276,259,0.94,0.015669999925194134,30
gen_backend_python_003,naive_truncation,backend/python,synthetic,explicit,pending_tasks,3,30,3,0.1,1.0,0.1818,276,259,0.94,0.015669999925194134,30
gen_backend_python_003,naive_truncation,backend/python,synthetic,explicit,decisions,2,30,2,0.0667,1.0,0.125,276,259,0.94,0.015669999925194134,30
gen_backend_python_003,naive_truncation,backend/python,synthetic,explicit,files,6,30,6,0.2,1.0,0.3333,276,259,0.94,0.015669999925194134,30
gen_backend_python_003,naive_truncation,backend/python,synthetic,explicit,errors,0,30,0,0.0,1.0,0.0,276,259,0.94,0.015669999925194134,30
gen_backend_python_003,naive_summary,backend/python,synthetic,explicit,completed_tasks,4,20,3,0.15,0.75,0.25,191,259,1.36,0.03287399999862828,20
gen_backend_python_003,naive_summary,backend/python,synthetic,explicit,pending_tasks,3,20,2,0.1,0.6667,0.1739,191,259,1.36,0.03287399999862828,20
gen_backend_python_003,naive_summary,backend/python,synthetic,explicit,decisions,2,20,1,0.05,0.5,0.0909,191,259,1.36,0.03287399999862828,20
gen_backend_python_003,naive_summary,backend/python,synthetic,explicit,files,6,20,3,0.15,0.5,0.2308,191,259,1.36,0.03287399999862828,20
gen_backend_python_003,naive_summary,backend/python,synthetic,explicit,errors,0,20,0,0.0,1.0,0.0,191,259,1.36,0.03287399999862828,20
gen_backend_python_004,tokenmizer_v0.5.2,backend/python,synthetic,explicit,completed_tasks,3,3,3,1.0,1.0,1.0,143,276,1.93,210.0979169999846,19
gen_backend_python_004,tokenmizer_v0.5.2,backend/python,synthetic,explicit,pending_tasks,2,2,2,1.0,1.0,1.0,143,276,1.93,210.0979169999846,19
gen_backend_python_004,tokenmizer_v0.5.2,backend/python,synthetic,explicit,decisions,4,4,3,0.75,0.75,0.75,143,276,1.93,210.0979169999846,19
gen_backend_python_004,tokenmizer_v0.5.2,backend/python,synthetic,explicit,files,5,5,5,1.0,1.0,1.0,143,276,1.93,210.0979169999846,19
gen_backend_python_004,tokenmizer_v0.5.2,backend/python,synthetic,explicit,errors,3,5,3,0.6,1.0,0.75,143,276,1.93,210.0979169999846,19
gen_backend_python_004,graphiti_style,backend/python,synthetic,explicit,completed_tasks,3,6,3,0.5,1.0,0.6667,163,276,1.69,0.9389409999585041,22
gen_backend_python_004,graphiti_style,backend/python,synthetic,explicit,pending_tasks,2,3,2,0.6667,1.0,0.8,163,276,1.69,0.9389409999585041,22
gen_backend_python_004,graphiti_style,backend/python,synthetic,explicit,decisions,4,5,3,0.6,0.75,0.6667,163,276,1.69,0.9389409999585041,22
gen_backend_python_004,graphiti_style,backend/python,synthetic,explicit,files,5,5,5,1.0,1.0,1.0,163,276,1.69,0.9389409999585041,22
gen_backend_python_004,graphiti_style,backend/python,synthetic,explicit,errors,3,3,3,1.0,1.0,1.0,163,276,1.69,0.9389409999585041,22
gen_backend_python_004,graphrag_style,backend/python,synthetic,explicit,completed_tasks,3,1,1,1.0,0.3333,0.5,140,276,1.97,0.7086169999865888,17
gen_backend_python_004,graphrag_style,backend/python,synthetic,explicit,pending_tasks,2,3,2,0.6667,1.0,0.8,140,276,1.97,0.7086169999865888,17
gen_backend_python_004,graphrag_style,backend/python,synthetic,explicit,decisions,4,5,4,0.8,1.0,0.8889,140,276,1.97,0.7086169999865888,17
gen_backend_python_004,graphrag_style,backend/python,synthetic,explicit,files,5,5,5,1.0,1.0,1.0,140,276,1.97,0.7086169999865888,17
gen_backend_python_004,graphrag_style,backend/python,synthetic,explicit,errors,3,3,3,1.0,1.0,1.0,140,276,1.97,0.7086169999865888,17
gen_backend_python_004,mem0_style,backend/python,synthetic,explicit,completed_tasks,3,6,3,0.5,1.0,0.6667,162,276,1.7,1.003172999958224,22
gen_backend_python_004,mem0_style,backend/python,synthetic,explicit,pending_tasks,2,3,2,0.6667,1.0,0.8,162,276,1.7,1.003172999958224,22
gen_backend_python_004,mem0_style,backend/python,synthetic,explicit,decisions,4,5,3,0.6,0.75,0.6667,162,276,1.7,1.003172999958224,22
gen_backend_python_004,mem0_style,backend/python,synthetic,explicit,files,5,5,5,1.0,1.0,1.0,162,276,1.7,1.003172999958224,22
gen_backend_python_004,mem0_style,backend/python,synthetic,explicit,errors,3,3,3,1.0,1.0,1.0,162,276,1.7,1.003172999958224,22
gen_backend_python_004,memgpt_style,backend/python,synthetic,explicit,completed_tasks,3,3,1,0.3333,0.3333,0.3333,68,276,4.06,0.3506900000047608,9
gen_backend_python_004,memgpt_style,backend/python,synthetic,explicit,pending_tasks,2,0,0,1.0,0.0,0.0,68,276,4.06,0.3506900000047608,9
gen_backend_python_004,memgpt_style,backend/python,synthetic,explicit,decisions,4,1,0,0.0,0.0,0.0,68,276,4.06,0.3506900000047608,9
gen_backend_python_004,memgpt_style,backend/python,synthetic,explicit,files,5,3,3,1.0,0.6,0.75,68,276,4.06,0.3506900000047608,9
gen_backend_python_004,memgpt_style,backend/python,synthetic,explicit,errors,3,2,2,1.0,0.6667,0.8,68,276,4.06,0.3506900000047608,9
gen_backend_python_004,sliding_window_10,backend/python,synthetic,explicit,completed_tasks,3,11,1,0.0909,0.3333,0.1429,97,276,2.85,0.0039990000004763715,11
gen_backend_python_004,sliding_window_10,backend/python,synthetic,explicit,pending_tasks,2,11,0,0.0,0.0,0.0,97,276,2.85,0.0039990000004763715,11
gen_backend_python_004,sliding_window_10,backend/python,synthetic,explicit,decisions,4,11,1,0.0909,0.25,0.1333,97,276,2.85,0.0039990000004763715,11
gen_backend_python_004,sliding_window_10,backend/python,synthetic,explicit,files,5,11,2,0.1818,0.4,0.25,97,276,2.85,0.0039990000004763715,11
gen_backend_python_004,sliding_window_10,backend/python,synthetic,explicit,errors,3,11,2,0.1818,0.6667,0.2857,97,276,2.85,0.0039990000004763715,11
gen_backend_python_004,naive_truncation,backend/python,synthetic,explicit,completed_tasks,3,33,3,0.0909,1.0,0.1667,295,276,0.94,0.018764000060400576,33
gen_backend_python_004,naive_truncation,backend/python,synthetic,explicit,pending_tasks,2,33,2,0.0606,1.0,0.1143,295,276,0.94,0.018764000060400576,33
gen_backend_python_004,naive_truncation,backend/python,synthetic,explicit,decisions,4,33,4,0.1212,1.0,0.2162,295,276,0.94,0.018764000060400576,33
gen_backend_python_004,naive_truncation,backend/python,synthetic,explicit,files,5,33,5,0.1515,1.0,0.2632,295,276,0.94,0.018764000060400576,33
gen_backend_python_004,naive_truncation,backend/python,synthetic,explicit,errors,3,33,3,0.0909,1.0,0.1667,295,276,0.94,0.018764000060400576,33
gen_backend_python_004,naive_summary,backend/python,synthetic,explicit,completed_tasks,3,22,2,0.0909,0.6667,0.16,192,276,1.44,0.04063599999426515,22
gen_backend_python_004,naive_summary,backend/python,synthetic,explicit,pending_tasks,2,22,2,0.0909,1.0,0.1667,192,276,1.44,0.04063599999426515,22
gen_backend_python_004,naive_summary,backend/python,synthetic,explicit,decisions,4,22,3,0.1364,0.75,0.2308,192,276,1.44,0.04063599999426515,22
gen_backend_python_004,naive_summary,backend/python,synthetic,explicit,files,5,22,2,0.0909,0.4,0.1481,192,276,1.44,0.04063599999426515,22
gen_backend_python_004,naive_summary,backend/python,synthetic,explicit,errors,3,22,1,0.0455,0.3333,0.08,192,276,1.44,0.04063599999426515,22
gen_backend_python_005,tokenmizer_v0.5.2,backend/python,synthetic,explicit,completed_tasks,7,6,6,1.0,0.8571,0.9231,126,244,1.94,205.50873000001957,16
gen_backend_python_005,tokenmizer_v0.5.2,backend/python,synthetic,explicit,pending_tasks,1,1,1,1.0,1.0,1.0,126,244,1.94,205.50873000001957,16
gen_backend_python_005,tokenmizer_v0.5.2,backend/python,synthetic,explicit,decisions,2,2,0,0.0,0.0,0.0,126,244,1.94,205.50873000001957,16
gen_backend_python_005,tokenmizer_v0.5.2,backend/python,synthetic,explicit,files,6,6,6,1.0,1.0,1.0,126,244,1.94,205.50873000001957,16
gen_backend_python_005,tokenmizer_v0.5.2,backend/python,synthetic,explicit,errors,0,1,0,0.0,1.0,0.0,126,244,1.94,205.50873000001957,16
gen_backend_python_005,graphiti_style,backend/python,synthetic,explicit,completed_tasks,7,12,7,0.5833,1.0,0.7368,131,244,1.86,0.7563780000054976,23
gen_backend_python_005,graphiti_style,backend/python,synthetic,explicit,pending_tasks,1,2,1,0.5,1.0,0.6667,131,244,1.86,0.7563780000054976,23
gen_backend_python_005,graphiti_style,backend/python,synthetic,explicit,decisions,2,3,2,0.6667,1.0,0.8,131,244,1.86,0.7563780000054976,23
gen_backend_python_005,graphiti_style,backend/python,synthetic,explicit,files,6,6,6,1.0,1.0,1.0,131,244,1.86,0.7563780000054976,23
gen_backend_python_005,graphrag_style,backend/python,synthetic,explicit,completed_tasks,7,3,3,1.0,0.4286,0.6,100,244,2.44,0.5404810000300131,14
gen_backend_python_005,graphrag_style,backend/python,synthetic,explicit,pending_tasks,1,2,1,0.5,1.0,0.6667,100,244,2.44,0.5404810000300131,14
gen_backend_python_005,graphrag_style,backend/python,synthetic,explicit,decisions,2,2,2,1.0,1.0,1.0,100,244,2.44,0.5404810000300131,14
gen_backend_python_005,graphrag_style,backend/python,synthetic,explicit,files,6,6,6,1.0,1.0,1.0,100,244,2.44,0.5404810000300131,14
gen_backend_python_005,graphrag_style,backend/python,synthetic,explicit,errors,0,1,0,0.0,1.0,0.0,100,244,2.44,0.5404810000300131,14
gen_backend_python_005,mem0_style,backend/python,synthetic,explicit,completed_tasks,7,12,7,0.5833,1.0,0.7368,130,244,1.88,0.8490339999980279,23
gen_backend_python_005,mem0_style,backend/python,synthetic,explicit,pending_tasks,1,2,1,0.5,1.0,0.6667,130,244,1.88,0.8490339999980279,23
gen_backend_python_005,mem0_style,backend/python,synthetic,explicit,decisions,2,3,2,0.6667,1.0,0.8,130,244,1.88,0.8490339999980279,23
gen_backend_python_005,mem0_style,backend/python,synthetic,explicit,files,6,6,6,1.0,1.0,1.0,130,244,1.88,0.8490339999980279,23
gen_backend_python_005,memgpt_style,backend/python,synthetic,explicit,completed_tasks,7,4,3,0.75,0.4286,0.5455,76,244,3.21,0.2962999999454041,9
gen_backend_python_005,memgpt_style,backend/python,synthetic,explicit,pending_tasks,1,1,1,1.0,1.0,1.0,76,244,3.21,0.2962999999454041,9
gen_backend_python_005,memgpt_style,backend/python,synthetic,explicit,decisions,2,2,1,0.5,0.5,0.5,76,244,3.21,0.2962999999454041,9
gen_backend_python_005,memgpt_style,backend/python,synthetic,explicit,files,6,2,2,1.0,0.3333,0.5,76,244,3.21,0.2962999999454041,9
gen_backend_python_005,sliding_window_10,backend/python,synthetic,explicit,completed_tasks,7,12,3,0.25,0.4286,0.3158,104,244,2.35,0.00458000010894466,12
gen_backend_python_005,sliding_window_10,backend/python,synthetic,explicit,pending_tasks,1,12,1,0.0833,1.0,0.1538,104,244,2.35,0.00458000010894466,12
gen_backend_python_005,sliding_window_10,backend/python,synthetic,explicit,decisions,2,12,1,0.0833,0.5,0.1429,104,244,2.35,0.00458000010894466,12
gen_backend_python_005,sliding_window_10,backend/python,synthetic,explicit,files,6,12,2,0.1667,0.3333,0.2222,104,244,2.35,0.00458000010894466,12
gen_backend_python_005,sliding_window_10,backend/python,synthetic,explicit,errors,0,12,0,0.0,1.0,0.0,104,244,2.35,0.00458000010894466,12
gen_backend_python_005,naive_truncation,backend/python,synthetic,explicit,completed_tasks,7,29,7,0.2414,1.0,0.3889,260,244,0.94,0.01513600000180304,29
gen_backend_python_005,naive_truncation,backend/python,synthetic,explicit,pending_tasks,1,29,1,0.0345,1.0,0.0667,260,244,0.94,0.01513600000180304,29
gen_backend_python_005,naive_truncation,backend/python,synthetic,explicit,decisions,2,29,2,0.069,1.0,0.129,260,244,0.94,0.01513600000180304,29
gen_backend_python_005,naive_truncation,backend/python,synthetic,explicit,files,6,29,6,0.2069,1.0,0.3429,260,244,0.94,0.01513600000180304,29
gen_backend_python_005,naive_truncation,backend/python,synthetic,explicit,errors,0,29,0,0.0,1.0,0.0,260,244,0.94,0.01513600000180304,29
gen_backend_python_005,naive_summary,backend/python,synthetic,explicit,completed_tasks,7,24,6,0.25,0.8571,0.3871,207,244,1.18,0.03483199998299824,24
gen_backend_python_005,naive_summary,backend/python,synthetic,explicit,pending_tasks,1,24,0,0.0,0.0,0.0,207,244,1.18,0.03483199998299824,24
gen_backend_python_005,naive_summary,backend/python,synthetic,explicit,decisions,2,24,1,0.0417,0.5,0.0769,207,244,1.18,0.03483199998299824,24
gen_backend_python_005,naive_summary,backend/python,synthetic,explicit,files,6,24,5,0.2083,0.8333,0.3333,207,244,1.18,0.03483199998299824,24
gen_backend_python_005,naive_summary,backend/python,synthetic,explicit,errors,0,24,0,0.0,1.0,0.0,207,244,1.18,0.03483199998299824,24
gen_backend_python_006,tokenmizer_v0.5.2,backend/python,synthetic,explicit,completed_tasks,4,4,4,1.0,1.0,1.0,129,260,2.02,212.43650299993533,16
gen_backend_python_006,tokenmizer_v0.5.2,backend/python,synthetic,explicit,pending_tasks,3,3,3,1.0,1.0,1.0,129,260,2.02,212.43650299993533,16
gen_backend_python_006,tokenmizer_v0.5.2,backend/python,synthetic,explicit,decisions,4,4,3,0.75,0.75,0.75,129,260,2.02,212.43650299993533,16
gen_backend_python_006,tokenmizer_v0.5.2,backend/python,synthetic,explicit,files,5,5,5,1.0,1.0,1.0,129,260,2.02,212.43650299993533,16
gen_backend_python_006,graphiti_style,backend/python,synthetic,explicit,completed_tasks,4,7,4,0.5714,1.0,0.7273,153,260,1.7,1.383848000045873,20
gen_backend_python_006,graphiti_style,backend/python,synthetic,explicit,pending_tasks,3,4,3,0.75,1.0,0.8571,153,260,1.7,1.383848000045873,20
gen_backend_python_006,graphiti_style,backend/python,synthetic,explicit,decisions,4,4,4,1.0,1.0,1.0,153,260,1.7,1.383848000045873,20
gen_backend_python_006,graphiti_style,backend/python,synthetic,explicit,files,5,5,5,1.0,1.0,1.0,153,260,1.7,1.383848000045873,20
gen_backend_python_006,graphrag_style,backend/python,synthetic,explicit,completed_tasks,4,1,1,1.0,0.25,0.4,82,260,3.17,0.9061150000206908,11
gen_backend_python_006,graphrag_style,backend/python,synthetic,explicit,pending_tasks,3,1,0,0.0,0.0,0.0,82,260,3.17,0.9061150000206908,11
gen_backend_python_006,graphrag_style,backend/python,synthetic,explicit,decisions,4,4,4,1.0,1.0,1.0,82,260,3.17,0.9061150000206908,11
gen_backend_python_006,graphrag_style,backend/python,synthetic,explicit,files,5,5,5,1.0,1.0,1.0,82,260,3.17,0.9061150000206908,11
gen_backend_python_006,mem0_style,backend/python,synthetic,explicit,completed_tasks,4,7,4,0.5714,1.0,0.7273,152,260,1.71,1.0562690000597286,20
gen_backend_python_006,mem0_style,backend/python,synthetic,explicit,pending_tasks,3,4,3,0.75,1.0,0.8571,152,260,1.71,1.0562690000597286,20
gen_backend_python_006,mem0_style,backend/python,synthetic,explicit,decisions,4,4,4,1.0,1.0,1.0,152,260,1.71,1.0562690000597286,20
gen_backend_python_006,mem0_style,backend/python,synthetic,explicit,files,5,5,5,1.0,1.0,1.0,152,260,1.71,1.0562690000597286,20
gen_backend_python_006,memgpt_style,backend/python,synthetic,explicit,completed_tasks,4,4,3,0.75,0.75,0.75,71,260,3.66,0.2998199998955897,8
gen_backend_python_006,memgpt_style,backend/python,synthetic,explicit,pending_tasks,3,1,1,1.0,0.3333,0.5,71,260,3.66,0.2998199998955897,8
gen_backend_python_006,memgpt_style,backend/python,synthetic,explicit,decisions,4,1,1,1.0,0.25,0.4,71,260,3.66,0.2998199998955897,8
gen_backend_python_006,memgpt_style,backend/python,synthetic,explicit,files,5,2,2,1.0,0.4,0.5714,71,260,3.66,0.2998199998955897,8
gen_backend_python_006,sliding_window_10,backend/python,synthetic,explicit,completed_tasks,4,11,2,0.1818,0.5,0.2667,89,260,2.92,0.0042219999158987775,11
gen_backend_python_006,sliding_window_10,backend/python,synthetic,explicit,pending_tasks,3,11,1,0.0909,0.3333,0.1429,89,260,2.92,0.0042219999158987775,11
gen_backend_python_006,sliding_window_10,backend/python,synthetic,explicit,decisions,4,11,1,0.0909,0.25,0.1333,89,260,2.92,0.0042219999158987775,11
gen_backend_python_006,sliding_window_10,backend/python,synthetic,explicit,files,5,11,2,0.1818,0.4,0.25,89,260,2.92,0.0042219999158987775,11
gen_backend_python_006,sliding_window_10,backend/python,synthetic,explicit,errors,0,11,0,0.0,1.0,0.0,89,260,2.92,0.0042219999158987775,11
gen_backend_python_006,naive_truncation,backend/python,synthetic,explicit,completed_tasks,4,32,4,0.125,1.0,0.2222,277,260,0.94,0.017439000089325418,32
gen_backend_python_006,naive_truncation,backend/python,synthetic,explicit,pending_tasks,3,32,3,0.0938,1.0,0.1714,277,260,0.94,0.017439000089325418,32
gen_backend_python_006,naive_truncation,backend/python,synthetic,explicit,decisions,4,32,4,0.125,1.0,0.2222,277,260,0.94,0.017439000089325418,32
gen_backend_python_006,naive_truncation,backend/python,synthetic,explicit,files,5,32,5,0.1562,1.0,0.2703,277,260,0.94,0.017439000089325418,32
gen_backend_python_006,naive_truncation,backend/python,synthetic,explicit,errors,0,32,0,0.0,1.0,0.0,277,260,0.94,0.017439000089325418,32
gen_backend_python_006,naive_summary,backend/python,synthetic,explicit,completed_tasks,4,23,2,0.087,0.5,0.1481,199,260,1.31,0.037416999930428574,23
gen_backend_python_006,naive_summary,backend/python,synthetic,explicit,pending_tasks,3,23,3,0.1304,1.0,0.2308,199,260,1.31,0.037416999930428574,23
gen_backend_python_006,naive_summary,backend/python,synthetic,explicit,decisions,4,23,3,0.1304,0.75,0.2222,199,260,1.31,0.037416999930428574,23
gen_backend_python_006,naive_summary,backend/python,synthetic,explicit,files,5,23,3,0.1304,0.6,0.2143,199,260,1.31,0.037416999930428574,23
gen_backend_python_006,naive_summary,backend/python,synthetic,explicit,errors,0,23,0,0.0,1.0,0.0,199,260,1.31,0.037416999930428574,23
gen_data_sql_001,tokenmizer_v0.5.2,data/sql,synthetic,mixed,completed_tasks,6,3,3,1.0,0.5,0.6667,105,350,3.33,220.26359400001638,11
gen_data_sql_001,tokenmizer_v0.5.2,data/sql,synthetic,mixed,pending_tasks,2,1,1,1.0,0.5,0.6667,105,350,3.33,220.26359400001638,11
gen_data_sql_001,tokenmizer_v0.5.2,data/sql,synthetic,mixed,decisions,2,2,2,1.0,1.0,1.0,105,350,3.33,220.26359400001638,11
gen_data_sql_001,tokenmizer_v0.5.2,data/sql,synthetic,mixed,files,5,5,5,1.0,1.0,1.0,105,350,3.33,220.26359400001638,11
gen_data_sql_001,tokenmizer_v0.5.2,data/sql,synthetic,mixed,errors,2,0,0,1.0,0.0,0.0,105,350,3.33,220.26359400001638,11
gen_data_sql_001,graphiti_style,data/sql,synthetic,mixed,completed_tasks,6,5,4,0.8,0.6667,0.7273,141,350,2.48,1.1293300000261297,15
gen_data_sql_001,graphiti_style,data/sql,synthetic,mixed,pending_tasks,2,2,1,0.5,0.5,0.5,141,350,2.48,1.1293300000261297,15
gen_data_sql_001,graphiti_style,data/sql,synthetic,mixed,decisions,2,3,2,0.6667,1.0,0.8,141,350,2.48,1.1293300000261297,15
gen_data_sql_001,graphiti_style,data/sql,synthetic,mixed,files,5,5,5,1.0,1.0,1.0,141,350,2.48,1.1293300000261297,15
gen_data_sql_001,graphiti_style,data/sql,synthetic,mixed,errors,2,0,0,1.0,0.0,0.0,141,350,2.48,1.1293300000261297,15
gen_data_sql_001,graphrag_style,data/sql,synthetic,mixed,completed_tasks,6,1,1,1.0,0.1667,0.2857,91,350,3.85,0.7387379999954646,11
gen_data_sql_001,graphrag_style,data/sql,synthetic,mixed,pending_tasks,2,1,0,0.0,0.0,0.0,91,350,3.85,0.7387379999954646,11
gen_data_sql_001,graphrag_style,data/sql,synthetic,mixed,decisions,2,3,2,0.6667,1.0,0.8,91,350,3.85,0.7387379999954646,11
gen_data_sql_001,graphrag_style,data/sql,synthetic,mixed,files,5,5,5,1.0,1.0,1.0,91,350,3.85,0.7387379999954646,11
gen_data_sql_001,graphrag_style,data/sql,synthetic,mixed,errors,2,1,0,0.0,0.0,0.0,91,350,3.85,0.7387379999954646,11
gen_data_sql_001,mem0_style,data/sql,synthetic,mixed,completed_tasks,6,5,4,0.8,0.6667,0.7273,140,350,2.5,1.164392999953634,15
gen_data_sql_001,mem0_style,data/sql,synthetic,mixed,pending_tasks,2,2,1,0.5,0.5,0.5,140,350,2.5,1.164392999953634,15
gen_data_sql_001,mem0_style,data/sql,synthetic,mixed,decisions,2,3,2,0.6667,1.0,0.8,140,350,2.5,1.164392999953634,15
gen_data_sql_001,mem0_style,data/sql,synthetic,mixed,files,5,5,5,1.0,1.0,1.0,140,350,2.5,1.164392999953634,15
gen_data_sql_001,mem0_style,data/sql,synthetic,mixed,errors,2,0,0,1.0,0.0,0.0,140,350,2.5,1.164392999953634,15
gen_data_sql_001,memgpt_style,data/sql,synthetic,mixed,completed_tasks,6,2,2,1.0,0.3333,0.5,70,350,5.0,0.5495139999993626,6
gen_data_sql_001,memgpt_style,data/sql,synthetic,mixed,pending_tasks,2,1,1,1.0,0.5,0.6667,70,350,5.0,0.5495139999993626,6
gen_data_sql_001,memgpt_style,data/sql,synthetic,mixed,decisions,2,1,0,0.0,0.0,0.0,70,350,5.0,0.5495139999993626,6
gen_data_sql_001,memgpt_style,data/sql,synthetic,mixed,files,5,2,3,1.0,0.6,0.75,70,350,5.0,0.5495139999993626,6
gen_data_sql_001,memgpt_style,data/sql,synthetic,mixed,errors,2,0,0,1.0,0.0,0.0,70,350,5.0,0.5495139999993626,6
gen_data_sql_001,sliding_window_10,data/sql,synthetic,mixed,completed_tasks,6,12,3,0.25,0.5,0.3333,150,350,2.33,0.005657999963659677,12
gen_data_sql_001,sliding_window_10,data/sql,synthetic,mixed,pending_tasks,2,12,2,0.1667,1.0,0.2857,150,350,2.33,0.005657999963659677,12
gen_data_sql_001,sliding_window_10,data/sql,synthetic,mixed,decisions,2,12,0,0.0,0.0,0.0,150,350,2.33,0.005657999963659677,12
gen_data_sql_001,sliding_window_10,data/sql,synthetic,mixed,files,5,12,1,0.0833,0.2,0.1176,150,350,2.33,0.005657999963659677,12
gen_data_sql_001,sliding_window_10,data/sql,synthetic,mixed,errors,2,12,1,0.0833,0.5,0.1429,150,350,2.33,0.005657999963659677,12
gen_data_sql_001,naive_truncation,data/sql,synthetic,mixed,completed_tasks,6,26,5,0.1923,0.8333,0.3125,295,350,1.19,0.019858000086969696,26
gen_data_sql_001,naive_truncation,data/sql,synthetic,mixed,pending_tasks,2,26,2,0.0769,1.0,0.1429,295,350,1.19,0.019858000086969696,26
gen_data_sql_001,naive_truncation,data/sql,synthetic,mixed,decisions,2,26,2,0.0769,1.0,0.1429,295,350,1.19,0.019858000086969696,26
gen_data_sql_001,naive_truncation,data/sql,synthetic,mixed,files,5,26,5,0.1923,1.0,0.3226,295,350,1.19,0.019858000086969696,26
gen_data_sql_001,naive_truncation,data/sql,synthetic,mixed,errors,2,26,1,0.0385,0.5,0.0714,295,350,1.19,0.019858000086969696,26
gen_data_sql_001,naive_summary,data/sql,synthetic,mixed,completed_tasks,6,19,3,0.1579,0.5,0.24,193,350,1.81,0.05368000006455986,19
gen_data_sql_001,naive_summary,data/sql,synthetic,mixed,pending_tasks,2,19,0,0.0,0.0,0.0,193,350,1.81,0.05368000006455986,19
gen_data_sql_001,naive_summary,data/sql,synthetic,mixed,decisions,2,19,2,0.1053,1.0,0.1905,193,350,1.81,0.05368000006455986,19
gen_data_sql_001,naive_summary,data/sql,synthetic,mixed,files,5,19,4,0.1579,0.8,0.2637,193,350,1.81,0.05368000006455986,19
gen_data_sql_001,naive_summary,data/sql,synthetic,mixed,errors,2,19,1,0.0526,0.5,0.0952,193,350,1.81,0.05368000006455986,19
gen_data_sql_002,tokenmizer_v0.5.2,data/sql,synthetic,mixed,completed_tasks,3,2,2,1.0,0.6667,0.8,134,371,2.77,224.0749740000183,15
gen_data_sql_002,tokenmizer_v0.5.2,data/sql,synthetic,mixed,pending_tasks,4,1,1,1.0,0.25,0.4,134,371,2.77,224.0749740000183,15
gen_data_sql_002,tokenmizer_v0.5.2,data/sql,synthetic,mixed,decisions,3,5,2,0.4,0.6667,0.5,134,371,2.77,224.0749740000183,15
gen_data_sql_002,tokenmizer_v0.5.2,data/sql,synthetic,mixed,files,6,6,6,1.0,1.0,1.0,134,371,2.77,224.0749740000183,15
gen_data_sql_002,tokenmizer_v0.5.2,data/sql,synthetic,mixed,errors,2,1,1,1.0,0.5,0.6667,134,371,2.77,224.0749740000183,15
gen_data_sql_002,graphiti_style,data/sql,synthetic,mixed,completed_tasks,3,6,2,0.3333,0.6667,0.4444,150,371,2.47,1.2255030000005718,20
gen_data_sql_002,graphiti_style,data/sql,synthetic,mixed,pending_tasks,4,4,1,0.25,0.25,0.25,150,371,2.47,1.2255030000005718,20
gen_data_sql_002,graphiti_style,data/sql,synthetic,mixed,decisions,3,3,3,1.0,1.0,1.0,150,371,2.47,1.2255030000005718,20
gen_data_sql_002,graphiti_style,data/sql,synthetic,mixed,files,6,6,6,1.0,1.0,1.0,150,371,2.47,1.2255030000005718,20
gen_data_sql_002,graphiti_style,data/sql,synthetic,mixed,errors,2,1,1,1.0,0.5,0.6667,150,371,2.47,1.2255030000005718,20
gen_data_sql_002,graphrag_style,data/sql,synthetic,mixed,completed_tasks,3,0,0,1.0,0.0,0.0,84,371,4.42,0.6445359999815992,12
gen_data_sql_002,graphrag_style,data/sql,synthetic,mixed,pending_tasks,4,3,1,0.3333,0.25,0.2857,84,371,4.42,0.6445359999815992,12
gen_data_sql_002,graphrag_style,data/sql,synthetic,mixed,decisions,3,3,3,1.0,1.0,1.0,84,371,4.42,0.6445359999815992,12
gen_data_sql_002,graphrag_style,data/sql,synthetic,mixed,files,6,6,6,1.0,1.0,1.0,84,371,4.42,0.6445359999815992,12
gen_data_sql_002,graphrag_style,data/sql,synthetic,mixed,errors,2,0,0,1.0,0.0,0.0,84,371,4.42,0.6445359999815992,12
gen_data_sql_002,mem0_style,data/sql,synthetic,mixed,completed_tasks,3,6,2,0.3333,0.6667,0.4444,146,371,2.54,1.8530309999960082,19
gen_data_sql_002,mem0_style,data/sql,synthetic,mixed,pending_tasks,4,3,1,0.3333,0.25,0.2857,146,371,2.54,1.8530309999960082,19
gen_data_sql_002,mem0_style,data/sql,synthetic,mixed,decisions,3,3,3,1.0,1.0,1.0,146,371,2.54,1.8530309999960082,19
gen_data_sql_002,mem0_style,data/sql,synthetic,mixed,files,6,6,6,1.0,1.0,1.0,146,371,2.54,1.8530309999960082,19
gen_data_sql_002,mem0_style,data/sql,synthetic,mixed,errors,2,1,1,1.0,0.5,0.6667,146,371,2.54,1.8530309999960082,19
gen_data_sql_002,memgpt_style,data/sql,synthetic,mixed,completed_tasks,3,4,1,0.25,0.3333,0.2857,74,371,5.01,0.455353000006653,9
gen_data_sql_002,memgpt_style,data/sql,synthetic,mixed,pending_tasks,4,0,0,1.0,0.0,0.0,74,371,5.01,0.455353000006653,9
gen_data_sql_002,memgpt_style,data/sql,synthetic,mixed,decisions,3,1,1,1.0,0.3333,0.5,74,371,5.01,0.455353000006653,9
gen_data_sql_002,memgpt_style,data/sql,synthetic,mixed,files,6,3,4,1.0,0.6667,0.8,74,371,5.01,0.455353000006653,9
gen_data_sql_002,memgpt_style,data/sql,synthetic,mixed,errors,2,1,1,1.0,0.5,0.6667,74,371,5.01,0.455353000006653,9
gen_data_sql_002,sliding_window_10,data/sql,synthetic,mixed,completed_tasks,3,12,2,0.1667,0.6667,0.2667,126,371,2.94,0.0032179999607251375,12
gen_data_sql_002,sliding_window_10,data/sql,synthetic,mixed,pending_tasks,4,12,1,0.0833,0.25,0.125,126,371,2.94,0.0032179999607251375,12
gen_data_sql_002,sliding_window_10,data/sql,synthetic,mixed,decisions,3,12,1,0.0833,0.3333,0.1333,126,371,2.94,0.0032179999607251375,12
gen_data_sql_002,sliding_window_10,data/sql,synthetic,mixed,files,6,12,4,0.25,0.6667,0.3636,126,371,2.94,0.0032179999607251375,12
gen_data_sql_002,sliding_window_10,data/sql,synthetic,mixed,errors,2,12,0,0.0,0.0,0.0,126,371,2.94,0.0032179999607251375,12
gen_data_sql_002,naive_truncation,data/sql,synthetic,mixed,completed_tasks,3,27,3,0.1111,1.0,0.2,301,371,1.23,0.018371000010120042,27
gen_data_sql_002,naive_truncation,data/sql,synthetic,mixed,pending_tasks,4,27,3,0.1111,0.75,0.1935,301,371,1.23,0.018371000010120042,27
gen_data_sql_002,naive_truncation,data/sql,synthetic,mixed,decisions,3,27,2,0.0741,0.6667,0.1333,301,371,1.23,0.018371000010120042,27
gen_data_sql_002,naive_truncation,data/sql,synthetic,mixed,files,6,27,6,0.1852,1.0,0.3125,301,371,1.23,0.018371000010120042,27
gen_data_sql_002,naive_truncation,data/sql,synthetic,mixed,errors,2,27,2,0.0741,1.0,0.1379,301,371,1.23,0.018371000010120042,27
gen_data_sql_002,naive_summary,data/sql,synthetic,mixed,completed_tasks,3,14,0,0.0,0.0,0.0,178,371,2.08,0.04767400002947397,14
gen_data_sql_002,naive_summary,data/sql,synthetic,mixed,pending_tasks,4,14,2,0.1429,0.5,0.2222,178,371,2.08,0.04767400002947397,14
gen_data_sql_002,naive_summary,data/sql,synthetic,mixed,decisions,3,14,1,0.0714,0.3333,0.1176,178,371,2.08,0.04767400002947397,14
gen_data_sql_002,naive_summary,data/sql,synthetic,mixed,files,6,14,4,0.2143,0.6667,0.3243,178,371,2.08,0.04767400002947397,14
gen_data_sql_002,naive_summary,data/sql,synthetic,mixed,errors,2,14,1,0.0714,0.5,0.125,178,371,2.08,0.04767400002947397,14
gen_data_sql_003,tokenmizer_v0.5.2,data/sql,synthetic,mixed,completed_tasks,3,1,1,1.0,0.3333,0.5,55,258,4.69,217.73764600004597,6
gen_data_sql_003,tokenmizer_v0.5.2,data/sql,synthetic,mixed,pending_tasks,1,0,0,1.0,0.0,0.0,55,258,4.69,217.73764600004597,6
gen_data_sql_003,tokenmizer_v0.5.2,data/sql,synthetic,mixed,decisions,5,2,2,1.0,0.4,0.5714,55,258,4.69,217.73764600004597,6
gen_data_sql_003,tokenmizer_v0.5.2,data/sql,synthetic,mixed,files,2,2,2,1.0,1.0,1.0,55,258,4.69,217.73764600004597,6
gen_data_sql_003,tokenmizer_v0.5.2,data/sql,synthetic,mixed,errors,0,1,0,0.0,1.0,0.0,55,258,4.69,217.73764600004597,6
gen_data_sql_003,graphiti_style,data/sql,synthetic,mixed,completed_tasks,3,1,1,1.0,0.3333,0.5,74,258,3.49,0.9253800000124102,9
gen_data_sql_003,graphiti_style,data/sql,synthetic,mixed,pending_tasks,1,1,0,0.0,0.0,0.0,74,258,3.49,0.9253800000124102,9
gen_data_sql_003,graphiti_style,data/sql,synthetic,mixed,decisions,5,5,4,0.8,0.8,0.8,74,258,3.49,0.9253800000124102,9
gen_data_sql_003,graphiti_style,data/sql,synthetic,mixed,files,2,2,2,1.0,1.0,1.0,74,258,3.49,0.9253800000124102,9
gen_data_sql_003,graphrag_style,data/sql,synthetic,mixed,completed_tasks,3,0,0,1.0,0.0,0.0,62,258,4.16,0.5309069999839267,7
gen_data_sql_003,graphrag_style,data/sql,synthetic,mixed,pending_tasks,1,1,0,0.0,0.0,0.0,62,258,4.16,0.5309069999839267,7
gen_data_sql_003,graphrag_style,data/sql,synthetic,mixed,decisions,5,4,4,1.0,0.8,0.8889,62,258,4.16,0.5309069999839267,7
gen_data_sql_003,graphrag_style,data/sql,synthetic,mixed,files,2,2,2,1.0,1.0,1.0,62,258,4.16,0.5309069999839267,7
gen_data_sql_003,mem0_style,data/sql,synthetic,mixed,completed_tasks,3,1,1,1.0,0.3333,0.5,73,258,3.53,0.9597499999927095,9
gen_data_sql_003,mem0_style,data/sql,synthetic,mixed,pending_tasks,1,1,0,0.0,0.0,0.0,73,258,3.53,0.9597499999927095,9
gen_data_sql_003,mem0_style,data/sql,synthetic,mixed,decisions,5,5,4,0.8,0.8,0.8,73,258,3.53,0.9597499999927095,9
gen_data_sql_003,mem0_style,data/sql,synthetic,mixed,files,2,2,2,1.0,1.0,1.0,73,258,3.53,0.9597499999927095,9
gen_data_sql_003,memgpt_style,data/sql,synthetic,mixed,completed_tasks,3,1,1,1.0,0.3333,0.5,40,258,6.45,0.3768090000448865,4
gen_data_sql_003,memgpt_style,data/sql,synthetic,mixed,pending_tasks,1,0,0,1.0,0.0,0.0,40,258,6.45,0.3768090000448865,4
gen_data_sql_003,memgpt_style,data/sql,synthetic,mixed,decisions,5,2,2,1.0,0.4,0.5714,40,258,6.45,0.3768090000448865,4
gen_data_sql_003,memgpt_style,data/sql,synthetic,mixed,files,2,1,1,1.0,0.5,0.6667,40,258,6.45,0.3768090000448865,4
gen_data_sql_003,sliding_window_10,data/sql,synthetic,mixed,completed_tasks,3,12,2,0.1667,0.6667,0.2667,144,258,1.79,0.00499399993714178,12
gen_data_sql_003,sliding_window_10,data/sql,synthetic,mixed,pending_tasks,1,12,1,0.0833,1.0,0.1538,144,258,1.79,0.00499399993714178,12
gen_data_sql_003,sliding_window_10,data/sql,synthetic,mixed,decisions,5,12,3,0.25,0.6,0.3529,144,258,1.79,0.00499399993714178,12
gen_data_sql_003,sliding_window_10,data/sql,synthetic,mixed,files,2,12,1,0.0833,0.5,0.1429,144,258,1.79,0.00499399993714178,12
gen_data_sql_003,sliding_window_10,data/sql,synthetic,mixed,errors,0,12,0,0.0,1.0,0.0,144,258,1.79,0.00499399993714178,12
gen_data_sql_003,naive_truncation,data/sql,synthetic,mixed,completed_tasks,3,22,3,0.1364,1.0,0.24,269,258,0.96,0.01700699999673816,22
gen_data_sql_003,naive_truncation,data/sql,synthetic,mixed,pending_tasks,1,22,1,0.0455,1.0,0.087,269,258,0.96,0.01700699999673816,22
gen_data_sql_003,naive_truncation,data/sql,synthetic,mixed,decisions,5,22,5,0.2273,1.0,0.3704,269,258,0.96,0.01700699999673816,22
gen_data_sql_003,naive_truncation,data/sql,synthetic,mixed,files,2,22,2,0.0909,1.0,0.1667,269,258,0.96,0.01700699999673816,22
gen_data_sql_003,naive_truncation,data/sql,synthetic,mixed,errors,0,22,0,0.0,1.0,0.0,269,258,0.96,0.01700699999673816,22
gen_data_sql_003,naive_summary,data/sql,synthetic,mixed,completed_tasks,3,14,2,0.1429,0.6667,0.2353,169,258,1.53,0.04181999997854291,14
gen_data_sql_003,naive_summary,data/sql,synthetic,mixed,pending_tasks,1,14,0,0.0,0.0,0.0,169,258,1.53,0.04181999997854291,14
gen_data_sql_003,naive_summary,data/sql,synthetic,mixed,decisions,5,14,2,0.1429,0.4,0.2105,169,258,1.53,0.04181999997854291,14
gen_data_sql_003,naive_summary,data/sql,synthetic,mixed,files,2,14,1,0.0714,0.5,0.125,169,258,1.53,0.04181999997854291,14
gen_data_sql_003,naive_summary,data/sql,synthetic,mixed,errors,0,14,0,0.0,1.0,0.0,169,258,1.53,0.04181999997854291,14
gen_data_sql_004,tokenmizer_v0.5.2,data/sql,synthetic,mixed,completed_tasks,5,3,2,0.6667,0.4,0.5,98,331,3.38,215.184246999911,9
gen_data_sql_004,tokenmizer_v0.5.2,data/sql,synthetic,mixed,pending_tasks,1,0,0,1.0,0.0,0.0,98,331,3.38,215.184246999911,9
gen_data_sql_004,tokenmizer_v0.5.2,data/sql,synthetic,mixed,decisions,3,3,2,0.6667,0.6667,0.6667,98,331,3.38,215.184246999911,9
gen_data_sql_004,tokenmizer_v0.5.2,data/sql,synthetic,mixed,files,2,2,2,1.0,1.0,1.0,98,331,3.38,215.184246999911,9
gen_data_sql_004,tokenmizer_v0.5.2,data/sql,synthetic,mixed,errors,2,1,0,0.0,0.0,0.0,98,331,3.38,215.184246999911,9
gen_data_sql_004,graphiti_style,data/sql,synthetic,mixed,completed_tasks,5,3,2,0.6667,0.4,0.5,83,331,3.99,1.2426030000369792,10
gen_data_sql_004,graphiti_style,data/sql,synthetic,mixed,pending_tasks,1,2,0,0.0,0.0,0.0,83,331,3.99,1.2426030000369792,10
gen_data_sql_004,graphiti_style,data/sql,synthetic,mixed,decisions,3,2,1,0.5,0.3333,0.4,83,331,3.99,1.2426030000369792,10
gen_data_sql_004,graphiti_style,data/sql,synthetic,mixed,files,2,2,2,1.0,1.0,1.0,83,331,3.99,1.2426030000369792,10
gen_data_sql_004,graphiti_style,data/sql,synthetic,mixed,errors,2,1,1,1.0,0.5,0.6667,83,331,3.99,1.2426030000369792,10
gen_data_sql_004,graphrag_style,data/sql,synthetic,mixed,completed_tasks,5,1,1,1.0,0.2,0.3333,50,331,6.62,0.6937749999451626,7
gen_data_sql_004,graphrag_style,data/sql,synthetic,mixed,pending_tasks,1,2,0,0.0,0.0,0.0,50,331,6.62,0.6937749999451626,7
gen_data_sql_004,graphrag_style,data/sql,synthetic,mixed,decisions,3,2,1,0.5,0.3333,0.4,50,331,6.62,0.6937749999451626,7
gen_data_sql_004,graphrag_style,data/sql,synthetic,mixed,files,2,2,2,1.0,1.0,1.0,50,331,6.62,0.6937749999451626,7
gen_data_sql_004,graphrag_style,data/sql,synthetic,mixed,errors,2,0,0,1.0,0.0,0.0,50,331,6.62,0.6937749999451626,7
gen_data_sql_004,mem0_style,data/sql,synthetic,mixed,completed_tasks,5,3,2,0.6667,0.4,0.5,82,331,4.04,1.2544269999352764,10
gen_data_sql_004,mem0_style,data/sql,synthetic,mixed,pending_tasks,1,2,0,0.0,0.0,0.0,82,331,4.04,1.2544269999352764,10
gen_data_sql_004,mem0_style,data/sql,synthetic,mixed,decisions,3,2,1,0.5,0.3333,0.4,82,331,4.04,1.2544269999352764,10
gen_data_sql_004,mem0_style,data/sql,synthetic,mixed,files,2,2,2,1.0,1.0,1.0,82,331,4.04,1.2544269999352764,10
gen_data_sql_004,mem0_style,data/sql,synthetic,mixed,errors,2,1,1,1.0,0.5,0.6667,82,331,4.04,1.2544269999352764,10
gen_data_sql_004,memgpt_style,data/sql,synthetic,mixed,completed_tasks,5,3,2,0.6667,0.4,0.5,39,331,8.49,0.47944600009941496,4
gen_data_sql_004,memgpt_style,data/sql,synthetic,mixed,pending_tasks,1,0,0,1.0,0.0,0.0,39,331,8.49,0.47944600009941496,4
gen_data_sql_004,memgpt_style,data/sql,synthetic,mixed,decisions,3,0,0,1.0,0.0,0.0,39,331,8.49,0.47944600009941496,4
gen_data_sql_004,memgpt_style,data/sql,synthetic,mixed,files,2,1,1,1.0,0.5,0.6667,39,331,8.49,0.47944600009941496,4
gen_data_sql_004,memgpt_style,data/sql,synthetic,mixed,errors,2,0,0,1.0,0.0,0.0,39,331,8.49,0.47944600009941496,4
gen_data_sql_004,sliding_window_10,data/sql,synthetic,mixed,completed_tasks,5,13,5,0.3846,1.0,0.5556,205,331,1.61,0.007261000064318068,13
gen_data_sql_004,sliding_window_10,data/sql,synthetic,mixed,pending_tasks,1,13,0,0.0,0.0,0.0,205,331,1.61,0.007261000064318068,13
gen_data_sql_004,sliding_window_10,data/sql,synthetic,mixed,decisions,3,13,1,0.0769,0.3333,0.125,205,331,1.61,0.007261000064318068,13
gen_data_sql_004,sliding_window_10,data/sql,synthetic,mixed,files,2,13,1,0.0769,0.5,0.1333,205,331,1.61,0.007261000064318068,13
gen_data_sql_004,sliding_window_10,data/sql,synthetic,mixed,errors,2,13,1,0.0769,0.5,0.1333,205,331,1.61,0.007261000064318068,13
gen_data_sql_004,naive_truncation,data/sql,synthetic,mixed,completed_tasks,5,21,5,0.2381,1.0,0.3846,308,331,1.07,0.017490999994151935,21
gen_data_sql_004,naive_truncation,data/sql,synthetic,mixed,pending_tasks,1,21,1,0.0476,1.0,0.0909,308,331,1.07,0.017490999994151935,21
gen_data_sql_004,naive_truncation,data/sql,synthetic,mixed,decisions,3,21,3,0.1429,1.0,0.25,308,331,1.07,0.017490999994151935,21
gen_data_sql_004,naive_truncation,data/sql,synthetic,mixed,files,2,21,2,0.0952,1.0,0.1739,308,331,1.07,0.017490999994151935,21
gen_data_sql_004,naive_truncation,data/sql,synthetic,mixed,errors,2,21,2,0.0952,1.0,0.1739,308,331,1.07,0.017490999994151935,21
gen_data_sql_004,naive_summary,data/sql,synthetic,mixed,completed_tasks,5,14,1,0.0714,0.2,0.1053,187,331,1.77,0.047628999936932814,14
gen_data_sql_004,naive_summary,data/sql,synthetic,mixed,pending_tasks,1,14,1,0.0714,1.0,0.1333,187,331,1.77,0.047628999936932814,14
gen_data_sql_004,naive_summary,data/sql,synthetic,mixed,decisions,3,14,2,0.1429,0.6667,0.2353,187,331,1.77,0.047628999936932814,14
gen_data_sql_004,naive_summary,data/sql,synthetic,mixed,files,2,14,1,0.0714,0.5,0.125,187,331,1.77,0.047628999936932814,14
gen_data_sql_004,naive_summary,data/sql,synthetic,mixed,errors,2,14,1,0.0714,0.5,0.125,187,331,1.77,0.047628999936932814,14
gen_data_sql_005,tokenmizer_v0.5.2,data/sql,synthetic,mixed,completed_tasks,4,2,2,1.0,0.5,0.6667,82,395,4.82,208.75486199997795,10
gen_data_sql_005,tokenmizer_v0.5.2,data/sql,synthetic,mixed,pending_tasks,2,0,0,1.0,0.0,0.0,82,395,4.82,208.75486199997795,10
gen_data_sql_005,tokenmizer_v0.5.2,data/sql,synthetic,mixed,decisions,2,2,0,0.0,0.0,0.0,82,395,4.82,208.75486199997795,10
gen_data_sql_005,tokenmizer_v0.5.2,data/sql,synthetic,mixed,files,6,6,6,1.0,1.0,1.0,82,395,4.82,208.75486199997795,10
gen_data_sql_005,tokenmizer_v0.5.2,data/sql,synthetic,mixed,errors,3,0,0,1.0,0.0,0.0,82,395,4.82,208.75486199997795,10
gen_data_sql_005,graphiti_style,data/sql,synthetic,mixed,completed_tasks,4,4,2,0.5,0.5,0.5,104,395,3.8,1.465109000037046,14
gen_data_sql_005,graphiti_style,data/sql,synthetic,mixed,pending_tasks,2,1,0,0.0,0.0,0.0,104,395,3.8,1.465109000037046,14
gen_data_sql_005,graphiti_style,data/sql,synthetic,mixed,decisions,2,1,0,0.0,0.0,0.0,104,395,3.8,1.465109000037046,14
gen_data_sql_005,graphiti_style,data/sql,synthetic,mixed,files,6,6,6,1.0,1.0,1.0,104,395,3.8,1.465109000037046,14
gen_data_sql_005,graphiti_style,data/sql,synthetic,mixed,errors,3,2,2,1.0,0.6667,0.8,104,395,3.8,1.465109000037046,14
gen_data_sql_005,graphrag_style,data/sql,synthetic,mixed,completed_tasks,4,2,2,1.0,0.5,0.6667,103,395,3.83,0.760747000072115,13
gen_data_sql_005,graphrag_style,data/sql,synthetic,mixed,pending_tasks,2,1,0,0.0,0.0,0.0,103,395,3.83,0.760747000072115,13
gen_data_sql_005,graphrag_style,data/sql,synthetic,mixed,decisions,2,1,0,0.0,0.0,0.0,103,395,3.83,0.760747000072115,13
gen_data_sql_005,graphrag_style,data/sql,synthetic,mixed,files,6,6,6,1.0,1.0,1.0,103,395,3.83,0.760747000072115,13
gen_data_sql_005,graphrag_style,data/sql,synthetic,mixed,errors,3,3,2,0.6667,0.6667,0.6667,103,395,3.83,0.760747000072115,13
gen_data_sql_005,mem0_style,data/sql,synthetic,mixed,completed_tasks,4,4,2,0.5,0.5,0.5,103,395,3.83,1.319287000001168,14
gen_data_sql_005,mem0_style,data/sql,synthetic,mixed,pending_tasks,2,1,0,0.0,0.0,0.0,103,395,3.83,1.319287000001168,14
gen_data_sql_005,mem0_style,data/sql,synthetic,mixed,decisions,2,1,0,0.0,0.0,0.0,103,395,3.83,1.319287000001168,14
gen_data_sql_005,mem0_style,data/sql,synthetic,mixed,files,6,6,6,1.0,1.0,1.0,103,395,3.83,1.319287000001168,14
gen_data_sql_005,mem0_style,data/sql,synthetic,mixed,errors,3,2,2,1.0,0.6667,0.8,103,395,3.83,1.319287000001168,14
gen_data_sql_005,memgpt_style,data/sql,synthetic,mixed,completed_tasks,4,1,0,0.0,0.0,0.0,56,395,7.05,0.5569100000002436,7
gen_data_sql_005,memgpt_style,data/sql,synthetic,mixed,pending_tasks,2,0,0,1.0,0.0,0.0,56,395,7.05,0.5569100000002436,7
gen_data_sql_005,memgpt_style,data/sql,synthetic,mixed,decisions,2,1,0,0.0,0.0,0.0,56,395,7.05,0.5569100000002436,7
gen_data_sql_005,memgpt_style,data/sql,synthetic,mixed,files,6,3,3,1.0,0.5,0.6667,56,395,7.05,0.5569100000002436,7
gen_data_sql_005,memgpt_style,data/sql,synthetic,mixed,errors,3,2,2,1.0,0.6667,0.8,56,395,7.05,0.5569100000002436,7
gen_data_sql_005,sliding_window_10,data/sql,synthetic,mixed,completed_tasks,4,12,1,0.0833,0.25,0.125,150,395,2.63,0.0038700000004610047,12
gen_data_sql_005,sliding_window_10,data/sql,synthetic,mixed,pending_tasks,2,12,1,0.0833,0.5,0.1429,150,395,2.63,0.0038700000004610047,12
gen_data_sql_005,sliding_window_10,data/sql,synthetic,mixed,decisions,2,12,2,0.1667,1.0,0.2857,150,395,2.63,0.0038700000004610047,12
gen_data_sql_005,sliding_window_10,data/sql,synthetic,mixed,files,6,12,1,0.0833,0.1667,0.1111,150,395,2.63,0.0038700000004610047,12
gen_data_sql_005,sliding_window_10,data/sql,synthetic,mixed,errors,3,12,2,0.1667,0.6667,0.2667,150,395,2.63,0.0038700000004610047,12
gen_data_sql_005,naive_truncation,data/sql,synthetic,mixed,completed_tasks,4,25,3,0.12,0.75,0.2069,306,395,1.29,0.0177580000126909,25
gen_data_sql_005,naive_truncation,data/sql,synthetic,mixed,pending_tasks,2,25,1,0.04,0.5,0.0741,306,395,1.29,0.0177580000126909,25
gen_data_sql_005,naive_truncation,data/sql,synthetic,mixed,decisions,2,25,2,0.08,1.0,0.1481,306,395,1.29,0.0177580000126909,25
gen_data_sql_005,naive_truncation,data/sql,synthetic,mixed,files,6,25,5,0.2,0.8333,0.3226,306,395,1.29,0.0177580000126909,25
gen_data_sql_005,naive_truncation,data/sql,synthetic,mixed,errors,3,25,3,0.12,1.0,0.2143,306,395,1.29,0.0177580000126909,25
gen_data_sql_005,naive_summary,data/sql,synthetic,mixed,completed_tasks,4,17,2,0.1176,0.5,0.1905,187,395,2.11,0.051024999947912875,17
gen_data_sql_005,naive_summary,data/sql,synthetic,mixed,pending_tasks,2,17,1,0.0588,0.5,0.1053,187,395,2.11,0.051024999947912875,17
gen_data_sql_005,naive_summary,data/sql,synthetic,mixed,decisions,2,17,0,0.0,0.0,0.0,187,395,2.11,0.051024999947912875,17
gen_data_sql_005,naive_summary,data/sql,synthetic,mixed,files,6,17,3,0.1765,0.5,0.2609,187,395,2.11,0.051024999947912875,17
gen_data_sql_005,naive_summary,data/sql,synthetic,mixed,errors,3,17,1,0.0588,0.3333,0.1,187,395,2.11,0.051024999947912875,17
gen_data_sql_006,tokenmizer_v0.5.2,data/sql,synthetic,mixed,completed_tasks,3,1,1,1.0,0.3333,0.5,105,363,3.46,219.99060400003145,11
gen_data_sql_006,tokenmizer_v0.5.2,data/sql,synthetic,mixed,pending_tasks,4,1,1,1.0,0.25,0.4,105,363,3.46,219.99060400003145,11
gen_data_sql_006,tokenmizer_v0.5.2,data/sql,synthetic,mixed,decisions,4,3,2,0.6667,0.5,0.5714,105,363,3.46,219.99060400003145,11
gen_data_sql_006,tokenmizer_v0.5.2,data/sql,synthetic,mixed,files,5,5,5,1.0,1.0,1.0,105,363,3.46,219.99060400003145,11
gen_data_sql_006,tokenmizer_v0.5.2,data/sql,synthetic,mixed,errors,0,1,0,0.0,1.0,0.0,105,363,3.46,219.99060400003145,11
gen_data_sql_006,graphiti_style,data/sql,synthetic,mixed,completed_tasks,3,1,1,1.0,0.3333,0.5,115,363,3.16,1.1985790000608176,15
gen_data_sql_006,graphiti_style,data/sql,synthetic,mixed,pending_tasks,4,4,1,0.25,0.25,0.25,115,363,3.16,1.1985790000608176,15
gen_data_sql_006,graphiti_style,data/sql,synthetic,mixed,decisions,4,5,4,0.8,1.0,0.8889,115,363,3.16,1.1985790000608176,15
gen_data_sql_006,graphiti_style,data/sql,synthetic,mixed,files,5,5,5,1.0,1.0,1.0,115,363,3.16,1.1985790000608176,15
gen_data_sql_006,graphrag_style,data/sql,synthetic,mixed,completed_tasks,3,0,0,1.0,0.0,0.0,82,363,4.43,0.7287949999863486,11
gen_data_sql_006,graphrag_style,data/sql,synthetic,mixed,pending_tasks,4,2,0,0.0,0.0,0.0,82,363,4.43,0.7287949999863486,11
gen_data_sql_006,graphrag_style,data/sql,synthetic,mixed,decisions,4,4,4,1.0,1.0,1.0,82,363,4.43,0.7287949999863486,11
gen_data_sql_006,graphrag_style,data/sql,synthetic,mixed,files,5,5,5,1.0,1.0,1.0,82,363,4.43,0.7287949999863486,11
gen_data_sql_006,mem0_style,data/sql,synthetic,mixed,completed_tasks,3,1,1,1.0,0.3333,0.5,110,363,3.3,1.2628719999838722,14
gen_data_sql_006,mem0_style,data/sql,synthetic,mixed,pending_tasks,4,3,1,0.3333,0.25,0.2857,110,363,3.3,1.2628719999838722,14
gen_data_sql_006,mem0_style,data/sql,synthetic,mixed,decisions,4,5,4,0.8,1.0,0.8889,110,363,3.3,1.2628719999838722,14
gen_data_sql_006,mem0_style,data/sql,synthetic,mixed,files,5,5,5,1.0,1.0,1.0,110,363,3.3,1.2628719999838722,14
gen_data_sql_006,memgpt_style,data/sql,synthetic,mixed,completed_tasks,3,0,0,1.0,0.0,0.0,49,363,7.41,0.40553999997428036,6
gen_data_sql_006,memgpt_style,data/sql,synthetic,mixed,pending_tasks,4,3,1,0.3333,0.25,0.2857,49,363,7.41,0.40553999997428036,6
gen_data_sql_006,memgpt_style,data/sql,synthetic,mixed,decisions,4,1,1,1.0,0.25,0.4,49,363,7.41,0.40553999997428036,6
gen_data_sql_006,memgpt_style,data/sql,synthetic,mixed,files,5,2,3,1.0,0.6,0.75,49,363,7.41,0.40553999997428036,6
gen_data_sql_006,sliding_window_10,data/sql,synthetic,mixed,completed_tasks,3,10,1,0.1,0.3333,0.1538,116,363,3.13,0.004088999958185013,10
gen_data_sql_006,sliding_window_10,data/sql,synthetic,mixed,pending_tasks,4,10,2,0.2,0.5,0.2857,116,363,3.13,0.004088999958185013,10
gen_data_sql_006,sliding_window_10,data/sql,synthetic,mixed,decisions,4,10,0,0.0,0.0,0.0,116,363,3.13,0.004088999958185013,10
gen_data_sql_006,sliding_window_10,data/sql,synthetic,mixed,files,5,10,3,0.2,0.6,0.3,116,363,3.13,0.004088999958185013,10
gen_data_sql_006,sliding_window_10,data/sql,synthetic,mixed,errors,0,10,0,0.0,1.0,0.0,116,363,3.13,0.004088999958185013,10
gen_data_sql_006,naive_truncation,data/sql,synthetic,mixed,completed_tasks,3,23,1,0.0435,0.3333,0.0769,282,363,1.29,0.020224999957463297,23
gen_data_sql_006,naive_truncation,data/sql,synthetic,mixed,pending_tasks,4,23,4,0.1739,1.0,0.2963,282,363,1.29,0.020224999957463297,23
gen_data_sql_006,naive_truncation,data/sql,synthetic,mixed,decisions,4,23,3,0.1304,0.75,0.2222,282,363,1.29,0.020224999957463297,23
gen_data_sql_006,naive_truncation,data/sql,synthetic,mixed,files,5,23,4,0.1739,0.8,0.2857,282,363,1.29,0.020224999957463297,23
gen_data_sql_006,naive_truncation,data/sql,synthetic,mixed,errors,0,23,0,0.0,1.0,0.0,282,363,1.29,0.020224999957463297,23
gen_data_sql_006,naive_summary,data/sql,synthetic,mixed,completed_tasks,3,15,2,0.1333,0.6667,0.2222,179,363,2.03,0.05539400001453032,15
gen_data_sql_006,naive_summary,data/sql,synthetic,mixed,pending_tasks,4,15,1,0.0667,0.25,0.1053,179,363,2.03,0.05539400001453032,15
gen_data_sql_006,naive_summary,data/sql,synthetic,mixed,decisions,4,15,3,0.2,0.75,0.3158,179,363,2.03,0.05539400001453032,15
gen_data_sql_006,naive_summary,data/sql,synthetic,mixed,files,5,15,3,0.1333,0.6,0.2182,179,363,2.03,0.05539400001453032,15
gen_data_sql_006,naive_summary,data/sql,synthetic,mixed,errors,0,15,0,0.0,1.0,0.0,179,363,2.03,0.05539400001453032,15
gen_data_streaming_001,tokenmizer_v0.5.2,data/streaming,synthetic,implicit,completed_tasks,7,0,0,1.0,0.0,0.0,37,489,13.22,220.8132639999576,4
gen_data_streaming_001,tokenmizer_v0.5.2,data/streaming,synthetic,implicit,pending_tasks,3,0,0,1.0,0.0,0.0,37,489,13.22,220.8132639999576,4
gen_data_streaming_001,tokenmizer_v0.5.2,data/streaming,synthetic,implicit,decisions,3,0,0,1.0,0.0,0.0,37,489,13.22,220.8132639999576,4
gen_data_streaming_001,tokenmizer_v0.5.2,data/streaming,synthetic,implicit,files,3,3,3,1.0,1.0,1.0,37,489,13.22,220.8132639999576,4
gen_data_streaming_001,tokenmizer_v0.5.2,data/streaming,synthetic,implicit,errors,1,1,1,1.0,1.0,1.0,37,489,13.22,220.8132639999576,4
gen_data_streaming_001,graphiti_style,data/streaming,synthetic,implicit,completed_tasks,7,0,0,1.0,0.0,0.0,24,489,20.38,1.5678859999752603,4
gen_data_streaming_001,graphiti_style,data/streaming,synthetic,implicit,pending_tasks,3,1,0,0.0,0.0,0.0,24,489,20.38,1.5678859999752603,4
gen_data_streaming_001,graphiti_style,data/streaming,synthetic,implicit,decisions,3,0,0,1.0,0.0,0.0,24,489,20.38,1.5678859999752603,4
gen_data_streaming_001,graphiti_style,data/streaming,synthetic,implicit,files,3,3,2,0.6667,0.6667,0.6667,24,489,20.38,1.5678859999752603,4
gen_data_streaming_001,graphiti_style,data/streaming,synthetic,implicit,errors,1,0,0,1.0,0.0,0.0,24,489,20.38,1.5678859999752603,4
gen_data_streaming_001,graphrag_style,data/streaming,synthetic,implicit,completed_tasks,7,0,0,1.0,0.0,0.0,24,489,20.38,1.2050469999849156,4
gen_data_streaming_001,graphrag_style,data/streaming,synthetic,implicit,pending_tasks,3,1,0,0.0,0.0,0.0,24,489,20.38,1.2050469999849156,4
gen_data_streaming_001,graphrag_style,data/streaming,synthetic,implicit,decisions,3,0,0,1.0,0.0,0.0,24,489,20.38,1.2050469999849156,4
gen_data_streaming_001,graphrag_style,data/streaming,synthetic,implicit,files,3,3,2,0.6667,0.6667,0.6667,24,489,20.38,1.2050469999849156,4
gen_data_streaming_001,graphrag_style,data/streaming,synthetic,implicit,errors,1,0,0,1.0,0.0,0.0,24,489,20.38,1.2050469999849156,4
gen_data_streaming_001,mem0_style,data/streaming,synthetic,implicit,completed_tasks,7,0,0,1.0,0.0,0.0,23,489,21.26,1.6815469999755805,4
gen_data_streaming_001,mem0_style,data/streaming,synthetic,implicit,pending_tasks,3,1,0,0.0,0.0,0.0,23,489,21.26,1.6815469999755805,4
gen_data_streaming_001,mem0_style,data/streaming,synthetic,implicit,decisions,3,0,0,1.0,0.0,0.0,23,489,21.26,1.6815469999755805,4
gen_data_streaming_001,mem0_style,data/streaming,synthetic,implicit,files,3,3,2,0.6667,0.6667,0.6667,23,489,21.26,1.6815469999755805,4
gen_data_streaming_001,mem0_style,data/streaming,synthetic,implicit,errors,1,0,0,1.0,0.0,0.0,23,489,21.26,1.6815469999755805,4
gen_data_streaming_001,memgpt_style,data/streaming,synthetic,implicit,completed_tasks,7,0,0,1.0,0.0,0.0,13,489,37.62,0.6640910000896838,2
gen_data_streaming_001,memgpt_style,data/streaming,synthetic,implicit,pending_tasks,3,1,0,0.0,0.0,0.0,13,489,37.62,0.6640910000896838,2
gen_data_streaming_001,memgpt_style,data/streaming,synthetic,implicit,decisions,3,0,0,1.0,0.0,0.0,13,489,37.62,0.6640910000896838,2
gen_data_streaming_001,memgpt_style,data/streaming,synthetic,implicit,files,3,1,1,1.0,0.3333,0.5,13,489,37.62,0.6640910000896838,2
gen_data_streaming_001,memgpt_style,data/streaming,synthetic,implicit,errors,1,0,0,1.0,0.0,0.0,13,489,37.62,0.6640910000896838,2
gen_data_streaming_001,sliding_window_10,data/streaming,synthetic,implicit,completed_tasks,7,11,3,0.2727,0.4286,0.3333,173,489,2.83,0.0041609999925640295,11
gen_data_streaming_001,sliding_window_10,data/streaming,synthetic,implicit,pending_tasks,3,11,0,0.0,0.0,0.0,173,489,2.83,0.0041609999925640295,11
gen_data_streaming_001,sliding_window_10,data/streaming,synthetic,implicit,decisions,3,11,2,0.1818,0.6667,0.2857,173,489,2.83,0.0041609999925640295,11
gen_data_streaming_001,sliding_window_10,data/streaming,synthetic,implicit,files,3,11,1,0.0909,0.3333,0.1429,173,489,2.83,0.0041609999925640295,11
gen_data_streaming_001,sliding_window_10,data/streaming,synthetic,implicit,errors,1,11,1,0.0909,1.0,0.1667,173,489,2.83,0.0041609999925640295,11
gen_data_streaming_001,naive_truncation,data/streaming,synthetic,implicit,completed_tasks,7,18,5,0.2778,0.7143,0.4,276,489,1.77,0.01776800002062373,18
gen_data_streaming_001,naive_truncation,data/streaming,synthetic,implicit,pending_tasks,3,18,1,0.0556,0.3333,0.0952,276,489,1.77,0.01776800002062373,18
gen_data_streaming_001,naive_truncation,data/streaming,synthetic,implicit,decisions,3,18,2,0.1111,0.6667,0.1905,276,489,1.77,0.01776800002062373,18
gen_data_streaming_001,naive_truncation,data/streaming,synthetic,implicit,files,3,18,2,0.1111,0.6667,0.1905,276,489,1.77,0.01776800002062373,18
gen_data_streaming_001,naive_truncation,data/streaming,synthetic,implicit,errors,1,18,1,0.0556,1.0,0.1053,276,489,1.77,0.01776800002062373,18
gen_data_streaming_001,naive_summary,data/streaming,synthetic,implicit,completed_tasks,7,11,2,0.1818,0.2857,0.2222,181,489,2.7,0.06971800007704587,11
gen_data_streaming_001,naive_summary,data/streaming,synthetic,implicit,pending_tasks,3,11,1,0.0909,0.3333,0.1429,181,489,2.7,0.06971800007704587,11
gen_data_streaming_001,naive_summary,data/streaming,synthetic,implicit,decisions,3,11,1,0.0909,0.3333,0.1429,181,489,2.7,0.06971800007704587,11
gen_data_streaming_001,naive_summary,data/streaming,synthetic,implicit,files,3,11,1,0.0909,0.3333,0.1429,181,489,2.7,0.06971800007704587,11
gen_data_streaming_001,naive_summary,data/streaming,synthetic,implicit,errors,1,11,0,0.0,0.0,0.0,181,489,2.7,0.06971800007704587,11
gen_data_streaming_002,tokenmizer_v0.5.2,data/streaming,synthetic,implicit,completed_tasks,4,0,0,1.0,0.0,0.0,49,448,9.14,222.58998200004498,4
gen_data_streaming_002,tokenmizer_v0.5.2,data/streaming,synthetic,implicit,pending_tasks,3,0,0,1.0,0.0,0.0,49,448,9.14,222.58998200004498,4
gen_data_streaming_002,tokenmizer_v0.5.2,data/streaming,synthetic,implicit,decisions,4,1,0,0.0,0.0,0.0,49,448,9.14,222.58998200004498,4
gen_data_streaming_002,tokenmizer_v0.5.2,data/streaming,synthetic,implicit,files,2,2,2,1.0,1.0,1.0,49,448,9.14,222.58998200004498,4
gen_data_streaming_002,tokenmizer_v0.5.2,data/streaming,synthetic,implicit,errors,3,1,1,1.0,0.3333,0.5,49,448,9.14,222.58998200004498,4
gen_data_streaming_002,graphiti_style,data/streaming,synthetic,implicit,completed_tasks,4,0,0,1.0,0.0,0.0,26,448,17.23,1.508571000044867,4
gen_data_streaming_002,graphiti_style,data/streaming,synthetic,implicit,pending_tasks,3,1,0,0.0,0.0,0.0,26,448,17.23,1.508571000044867,4
gen_data_streaming_002,graphiti_style,data/streaming,synthetic,implicit,decisions,4,1,0,0.0,0.0,0.0,26,448,17.23,1.508571000044867,4
gen_data_streaming_002,graphiti_style,data/streaming,synthetic,implicit,files,2,2,1,0.5,0.5,0.5,26,448,17.23,1.508571000044867,4
gen_data_streaming_002,graphiti_style,data/streaming,synthetic,implicit,errors,3,0,0,1.0,0.0,0.0,26,448,17.23,1.508571000044867,4
gen_data_streaming_002,graphrag_style,data/streaming,synthetic,implicit,completed_tasks,4,0,0,1.0,0.0,0.0,29,448,15.45,0.783027000011316,4
gen_data_streaming_002,graphrag_style,data/streaming,synthetic,implicit,pending_tasks,3,1,0,0.0,0.0,0.0,29,448,15.45,0.783027000011316,4
gen_data_streaming_002,graphrag_style,data/streaming,synthetic,implicit,decisions,4,0,0,1.0,0.0,0.0,29,448,15.45,0.783027000011316,4
gen_data_streaming_002,graphrag_style,data/streaming,synthetic,implicit,files,2,2,1,0.5,0.5,0.5,29,448,15.45,0.783027000011316,4
gen_data_streaming_002,graphrag_style,data/streaming,synthetic,implicit,errors,3,1,0,0.0,0.0,0.0,29,448,15.45,0.783027000011316,4
gen_data_streaming_002,mem0_style,data/streaming,synthetic,implicit,completed_tasks,4,0,0,1.0,0.0,0.0,25,448,17.92,1.4491050000060568,4
gen_data_streaming_002,mem0_style,data/streaming,synthetic,implicit,pending_tasks,3,1,0,0.0,0.0,0.0,25,448,17.92,1.4491050000060568,4
gen_data_streaming_002,mem0_style,data/streaming,synthetic,implicit,decisions,4,1,0,0.0,0.0,0.0,25,448,17.92,1.4491050000060568,4
gen_data_streaming_002,mem0_style,data/streaming,synthetic,implicit,files,2,2,1,0.5,0.5,0.5,25,448,17.92,1.4491050000060568,4
gen_data_streaming_002,mem0_style,data/streaming,synthetic,implicit,errors,3,0,0,1.0,0.0,0.0,25,448,17.92,1.4491050000060568,4
gen_data_streaming_002,memgpt_style,data/streaming,synthetic,implicit,completed_tasks,4,0,0,1.0,0.0,0.0,11,448,40.73,0.6153909999966345,1
gen_data_streaming_002,memgpt_style,data/streaming,synthetic,implicit,pending_tasks,3,0,0,1.0,0.0,0.0,11,448,40.73,0.6153909999966345,1
gen_data_streaming_002,memgpt_style,data/streaming,synthetic,implicit,decisions,4,0,0,1.0,0.0,0.0,11,448,40.73,0.6153909999966345,1
gen_data_streaming_002,memgpt_style,data/streaming,synthetic,implicit,files,2,1,1,1.0,0.5,0.6667,11,448,40.73,0.6153909999966345,1
gen_data_streaming_002,memgpt_style,data/streaming,synthetic,implicit,errors,3,0,0,1.0,0.0,0.0,11,448,40.73,0.6153909999966345,1
gen_data_streaming_002,sliding_window_10,data/streaming,synthetic,implicit,completed_tasks,4,13,4,0.3077,1.0,0.4706,208,448,2.15,0.0032399999554399983,13
gen_data_streaming_002,sliding_window_10,data/streaming,synthetic,implicit,pending_tasks,3,13,2,0.1538,0.6667,0.25,208,448,2.15,0.0032399999554399983,13
gen_data_streaming_002,sliding_window_10,data/streaming,synthetic,implicit,decisions,4,13,0,0.0,0.0,0.0,208,448,2.15,0.0032399999554399983,13
gen_data_streaming_002,sliding_window_10,data/streaming,synthetic,implicit,files,2,13,1,0.0769,0.5,0.1333,208,448,2.15,0.0032399999554399983,13
gen_data_streaming_002,sliding_window_10,data/streaming,synthetic,implicit,errors,3,13,1,0.0769,0.3333,0.125,208,448,2.15,0.0032399999554399983,13
gen_data_streaming_002,naive_truncation,data/streaming,synthetic,implicit,completed_tasks,4,19,4,0.2105,1.0,0.3478,304,448,1.47,0.014375999967342068,19
gen_data_streaming_002,naive_truncation,data/streaming,synthetic,implicit,pending_tasks,3,19,2,0.1053,0.6667,0.1818,304,448,1.47,0.014375999967342068,19
gen_data_streaming_002,naive_truncation,data/streaming,synthetic,implicit,decisions,4,19,3,0.1579,0.75,0.2609,304,448,1.47,0.014375999967342068,19
gen_data_streaming_002,naive_truncation,data/streaming,synthetic,implicit,files,2,19,1,0.0526,0.5,0.0952,304,448,1.47,0.014375999967342068,19
gen_data_streaming_002,naive_truncation,data/streaming,synthetic,implicit,errors,3,19,1,0.0526,0.3333,0.0909,304,448,1.47,0.014375999967342068,19
gen_data_streaming_002,naive_summary,data/streaming,synthetic,implicit,completed_tasks,4,12,0,0.0,0.0,0.0,174,448,2.57,0.0582000000122207,12
gen_data_streaming_002,naive_summary,data/streaming,synthetic,implicit,pending_tasks,3,12,1,0.0833,0.3333,0.1333,174,448,2.57,0.0582000000122207,12
gen_data_streaming_002,naive_summary,data/streaming,synthetic,implicit,decisions,4,12,1,0.0833,0.25,0.125,174,448,2.57,0.0582000000122207,12
gen_data_streaming_002,naive_summary,data/streaming,synthetic,implicit,files,2,12,1,0.0833,0.5,0.1429,174,448,2.57,0.0582000000122207,12
gen_data_streaming_002,naive_summary,data/streaming,synthetic,implicit,errors,3,12,2,0.1667,0.6667,0.2667,174,448,2.57,0.0582000000122207,12
gen_data_streaming_003,tokenmizer_v0.5.2,data/streaming,synthetic,implicit,completed_tasks,6,0,0,1.0,0.0,0.0,64,605,9.45,223.38854900010574,5
gen_data_streaming_003,tokenmizer_v0.5.2,data/streaming,synthetic,implicit,pending_tasks,4,0,0,1.0,0.0,0.0,64,605,9.45,223.38854900010574,5
gen_data_streaming_003,tokenmizer_v0.5.2,data/streaming,synthetic,implicit,decisions,6,1,0,0.0,0.0,0.0,64,605,9.45,223.38854900010574,5
gen_data_streaming_003,tokenmizer_v0.5.2,data/streaming,synthetic,implicit,files,2,2,2,1.0,1.0,1.0,64,605,9.45,223.38854900010574,5
gen_data_streaming_003,tokenmizer_v0.5.2,data/streaming,synthetic,implicit,errors,3,2,1,0.5,0.3333,0.4,64,605,9.45,223.38854900010574,5
gen_data_streaming_003,graphiti_style,data/streaming,synthetic,implicit,completed_tasks,6,0,0,1.0,0.0,0.0,28,605,21.61,2.250748000051317,5
gen_data_streaming_003,graphiti_style,data/streaming,synthetic,implicit,pending_tasks,4,1,0,0.0,0.0,0.0,28,605,21.61,2.250748000051317,5
gen_data_streaming_003,graphiti_style,data/streaming,synthetic,implicit,decisions,6,2,0,0.0,0.0,0.0,28,605,21.61,2.250748000051317,5
gen_data_streaming_003,graphiti_style,data/streaming,synthetic,implicit,files,2,2,1,0.5,0.5,0.5,28,605,21.61,2.250748000051317,5
gen_data_streaming_003,graphiti_style,data/streaming,synthetic,implicit,errors,3,0,0,1.0,0.0,0.0,28,605,21.61,2.250748000051317,5
gen_data_streaming_003,graphrag_style,data/streaming,synthetic,implicit,completed_tasks,6,0,0,1.0,0.0,0.0,36,605,16.81,1.0516459999507788,5
gen_data_streaming_003,graphrag_style,data/streaming,synthetic,implicit,pending_tasks,4,1,0,0.0,0.0,0.0,36,605,16.81,1.0516459999507788,5
gen_data_streaming_003,graphrag_style,data/streaming,synthetic,implicit,decisions,6,1,0,0.0,0.0,0.0,36,605,16.81,1.0516459999507788,5
gen_data_streaming_003,graphrag_style,data/streaming,synthetic,implicit,files,2,2,1,0.5,0.5,0.5,36,605,16.81,1.0516459999507788,5
gen_data_streaming_003,graphrag_style,data/streaming,synthetic,implicit,errors,3,1,0,0.0,0.0,0.0,36,605,16.81,1.0516459999507788,5
gen_data_streaming_003,mem0_style,data/streaming,synthetic,implicit,completed_tasks,6,0,0,1.0,0.0,0.0,27,605,22.41,2.015992999986338,5
gen_data_streaming_003,mem0_style,data/streaming,synthetic,implicit,pending_tasks,4,1,0,0.0,0.0,0.0,27,605,22.41,2.015992999986338,5
gen_data_streaming_003,mem0_style,data/streaming,synthetic,implicit,decisions,6,2,0,0.0,0.0,0.0,27,605,22.41,2.015992999986338,5
gen_data_streaming_003,mem0_style,data/streaming,synthetic,implicit,files,2,2,1,0.5,0.5,0.5,27,605,22.41,2.015992999986338,5
gen_data_streaming_003,mem0_style,data/streaming,synthetic,implicit,errors,3,0,0,1.0,0.0,0.0,27,605,22.41,2.015992999986338,5
gen_data_streaming_003,memgpt_style,data/streaming,synthetic,implicit,completed_tasks,6,0,0,1.0,0.0,0.0,7,605,86.43,0.8213479999312767,1
gen_data_streaming_003,memgpt_style,data/streaming,synthetic,implicit,pending_tasks,4,1,0,0.0,0.0,0.0,7,605,86.43,0.8213479999312767,1
gen_data_streaming_003,memgpt_style,data/streaming,synthetic,implicit,decisions,6,0,0,1.0,0.0,0.0,7,605,86.43,0.8213479999312767,1
gen_data_streaming_003,memgpt_style,data/streaming,synthetic,implicit,files,2,0,0,1.0,0.0,0.0,7,605,86.43,0.8213479999312767,1
gen_data_streaming_003,memgpt_style,data/streaming,synthetic,implicit,errors,3,0,0,1.0,0.0,0.0,7,605,86.43,0.8213479999312767,1
gen_data_streaming_003,sliding_window_10,data/streaming,synthetic,implicit,completed_tasks,6,10,2,0.2,0.3333,0.25,157,605,3.85,0.004113999921173672,10
gen_data_streaming_003,sliding_window_10,data/streaming,synthetic,implicit,pending_tasks,4,10,0,0.0,0.0,0.0,157,605,3.85,0.004113999921173672,10
gen_data_streaming_003,sliding_window_10,data/streaming,synthetic,implicit,decisions,6,10,2,0.2,0.3333,0.25,157,605,3.85,0.004113999921173672,10
gen_data_streaming_003,sliding_window_10,data/streaming,synthetic,implicit,files,2,10,0,0.0,0.0,0.0,157,605,3.85,0.004113999921173672,10
gen_data_streaming_003,sliding_window_10,data/streaming,synthetic,implicit,errors,3,10,1,0.1,0.3333,0.1538,157,605,3.85,0.004113999921173672,10
gen_data_streaming_003,naive_truncation,data/streaming,synthetic,implicit,completed_tasks,6,20,3,0.15,0.5,0.2308,311,605,1.95,0.019203999954697792,20
gen_data_streaming_003,naive_truncation,data/streaming,synthetic,implicit,pending_tasks,4,20,2,0.1,0.5,0.1667,311,605,1.95,0.019203999954697792,20
gen_data_streaming_003,naive_truncation,data/streaming,synthetic,implicit,decisions,6,20,4,0.2,0.6667,0.3077,311,605,1.95,0.019203999954697792,20
gen_data_streaming_003,naive_truncation,data/streaming,synthetic,implicit,files,2,20,0,0.0,0.0,0.0,311,605,1.95,0.019203999954697792,20
gen_data_streaming_003,naive_truncation,data/streaming,synthetic,implicit,errors,3,20,1,0.05,0.3333,0.087,311,605,1.95,0.019203999954697792,20
gen_data_streaming_003,naive_summary,data/streaming,synthetic,implicit,completed_tasks,6,13,2,0.1538,0.3333,0.2105,168,605,3.6,0.06303700001808465,13
gen_data_streaming_003,naive_summary,data/streaming,synthetic,implicit,pending_tasks,4,13,0,0.0,0.0,0.0,168,605,3.6,0.06303700001808465,13
gen_data_streaming_003,naive_summary,data/streaming,synthetic,implicit,decisions,6,13,0,0.0,0.0,0.0,168,605,3.6,0.06303700001808465,13
gen_data_streaming_003,naive_summary,data/streaming,synthetic,implicit,files,2,13,1,0.0769,0.5,0.1333,168,605,3.6,0.06303700001808465,13
gen_data_streaming_003,naive_summary,data/streaming,synthetic,implicit,errors,3,13,2,0.1538,0.6667,0.25,168,605,3.6,0.06303700001808465,13
gen_data_streaming_004,tokenmizer_v0.5.2,data/streaming,synthetic,implicit,completed_tasks,4,0,0,1.0,0.0,0.0,84,575,6.85,237.1943599999895,9
gen_data_streaming_004,tokenmizer_v0.5.2,data/streaming,synthetic,implicit,pending_tasks,3,0,0,1.0,0.0,0.0,84,575,6.85,237.1943599999895,9
gen_data_streaming_004,tokenmizer_v0.5.2,data/streaming,synthetic,implicit,decisions,5,1,0,0.0,0.0,0.0,84,575,6.85,237.1943599999895,9
gen_data_streaming_004,tokenmizer_v0.5.2,data/streaming,synthetic,implicit,files,5,5,5,1.0,1.0,1.0,84,575,6.85,237.1943599999895,9
gen_data_streaming_004,tokenmizer_v0.5.2,data/streaming,synthetic,implicit,errors,3,3,2,0.6667,0.6667,0.6667,84,575,6.85,237.1943599999895,9
gen_data_streaming_004,graphiti_style,data/streaming,synthetic,implicit,completed_tasks,4,0,0,1.0,0.0,0.0,49,575,11.73,2.223813999989943,8
gen_data_streaming_004,graphiti_style,data/streaming,synthetic,implicit,pending_tasks,3,1,0,0.0,0.0,0.0,49,575,11.73,2.223813999989943,8
gen_data_streaming_004,graphiti_style,data/streaming,synthetic,implicit,decisions,5,2,0,0.0,0.0,0.0,49,575,11.73,2.223813999989943,8
gen_data_streaming_004,graphiti_style,data/streaming,synthetic,implicit,files,5,5,4,0.8,0.8,0.8,49,575,11.73,2.223813999989943,8
gen_data_streaming_004,graphiti_style,data/streaming,synthetic,implicit,errors,3,0,0,1.0,0.0,0.0,49,575,11.73,2.223813999989943,8
gen_data_streaming_004,graphrag_style,data/streaming,synthetic,implicit,completed_tasks,4,0,0,1.0,0.0,0.0,39,575,14.74,1.4831570000524152,6
gen_data_streaming_004,graphrag_style,data/streaming,synthetic,implicit,pending_tasks,3,1,0,0.0,0.0,0.0,39,575,14.74,1.4831570000524152,6
gen_data_streaming_004,graphrag_style,data/streaming,synthetic,implicit,decisions,5,0,0,1.0,0.0,0.0,39,575,14.74,1.4831570000524152,6
gen_data_streaming_004,graphrag_style,data/streaming,synthetic,implicit,files,5,5,4,0.8,0.8,0.8,39,575,14.74,1.4831570000524152,6
gen_data_streaming_004,graphrag_style,data/streaming,synthetic,implicit,errors,3,0,0,1.0,0.0,0.0,39,575,14.74,1.4831570000524152,6
gen_data_streaming_004,mem0_style,data/streaming,synthetic,implicit,completed_tasks,4,0,0,1.0,0.0,0.0,48,575,11.98,2.6022539999530636,8
gen_data_streaming_004,mem0_style,data/streaming,synthetic,implicit,pending_tasks,3,1,0,0.0,0.0,0.0,48,575,11.98,2.6022539999530636,8
gen_data_streaming_004,mem0_style,data/streaming,synthetic,implicit,decisions,5,2,0,0.0,0.0,0.0,48,575,11.98,2.6022539999530636,8
gen_data_streaming_004,mem0_style,data/streaming,synthetic,implicit,files,5,5,4,0.8,0.8,0.8,48,575,11.98,2.6022539999530636,8
gen_data_streaming_004,mem0_style,data/streaming,synthetic,implicit,errors,3,0,0,1.0,0.0,0.0,48,575,11.98,2.6022539999530636,8
gen_data_streaming_004,memgpt_style,data/streaming,synthetic,implicit,completed_tasks,4,0,0,1.0,0.0,0.0,23,575,25.0,1.1850139999296516,3
gen_data_streaming_004,memgpt_style,data/streaming,synthetic,implicit,pending_tasks,3,0,0,1.0,0.0,0.0,23,575,25.0,1.1850139999296516,3
gen_data_streaming_004,memgpt_style,data/streaming,synthetic,implicit,decisions,5,1,0,0.0,0.0,0.0,23,575,25.0,1.1850139999296516,3
gen_data_streaming_004,memgpt_style,data/streaming,synthetic,implicit,files,5,2,1,0.5,0.2,0.2857,23,575,25.0,1.1850139999296516,3
gen_data_streaming_004,memgpt_style,data/streaming,synthetic,implicit,errors,3,0,0,1.0,0.0,0.0,23,575,25.0,1.1850139999296516,3
gen_data_streaming_004,sliding_window_10,data/streaming,synthetic,implicit,completed_tasks,4,11,1,0.0909,0.25,0.1333,175,575,3.29,0.005874999942534487,11
gen_data_streaming_004,sliding_window_10,data/streaming,synthetic,implicit,pending_tasks,3,11,1,0.0909,0.3333,0.1429,175,575,3.29,0.005874999942534487,11
gen_data_streaming_004,sliding_window_10,data/streaming,synthetic,implicit,decisions,5,11,1,0.0909,0.2,0.125,175,575,3.29,0.005874999942534487,11
gen_data_streaming_004,sliding_window_10,data/streaming,synthetic,implicit,files,5,11,2,0.1818,0.4,0.25,175,575,3.29,0.005874999942534487,11
gen_data_streaming_004,sliding_window_10,data/streaming,synthetic,implicit,errors,3,11,1,0.0909,0.3333,0.1429,175,575,3.29,0.005874999942534487,11
gen_data_streaming_004,naive_truncation,data/streaming,synthetic,implicit,completed_tasks,4,19,2,0.1053,0.5,0.1739,306,575,1.88,0.016623000078652694,19
gen_data_streaming_004,naive_truncation,data/streaming,synthetic,implicit,pending_tasks,3,19,2,0.1053,0.6667,0.1818,306,575,1.88,0.016623000078652694,19
gen_data_streaming_004,naive_truncation,data/streaming,synthetic,implicit,decisions,5,19,2,0.1053,0.4,0.1667,306,575,1.88,0.016623000078652694,19
gen_data_streaming_004,naive_truncation,data/streaming,synthetic,implicit,files,5,19,4,0.2105,0.8,0.3333,306,575,1.88,0.016623000078652694,19
gen_data_streaming_004,naive_truncation,data/streaming,synthetic,implicit,errors,3,19,1,0.0526,0.3333,0.0909,306,575,1.88,0.016623000078652694,19
gen_data_streaming_004,naive_summary,data/streaming,synthetic,implicit,completed_tasks,4,11,0,0.0,0.0,0.0,171,575,3.36,0.09101299997382739,11
gen_data_streaming_004,naive_summary,data/streaming,synthetic,implicit,pending_tasks,3,11,1,0.0909,0.3333,0.1429,171,575,3.36,0.09101299997382739,11
gen_data_streaming_004,naive_summary,data/streaming,synthetic,implicit,decisions,5,11,1,0.0909,0.2,0.125,171,575,3.36,0.09101299997382739,11
gen_data_streaming_004,naive_summary,data/streaming,synthetic,implicit,files,5,11,0,0.0,0.0,0.0,171,575,3.36,0.09101299997382739,11
gen_data_streaming_004,naive_summary,data/streaming,synthetic,implicit,errors,3,11,2,0.1818,0.6667,0.2857,171,575,3.36,0.09101299997382739,11
gen_data_streaming_005,tokenmizer_v0.5.2,data/streaming,synthetic,implicit,completed_tasks,4,0,0,1.0,0.0,0.0,16,382,23.88,222.71563899994362,3
gen_data_streaming_005,tokenmizer_v0.5.2,data/streaming,synthetic,implicit,pending_tasks,4,0,0,1.0,0.0,0.0,16,382,23.88,222.71563899994362,3
gen_data_streaming_005,tokenmizer_v0.5.2,data/streaming,synthetic,implicit,decisions,2,0,0,1.0,0.0,0.0,16,382,23.88,222.71563899994362,3
gen_data_streaming_005,tokenmizer_v0.5.2,data/streaming,synthetic,implicit,files,3,3,3,1.0,1.0,1.0,16,382,23.88,222.71563899994362,3
gen_data_streaming_005,graphiti_style,data/streaming,synthetic,implicit,completed_tasks,4,0,0,1.0,0.0,0.0,24,382,15.92,1.3570329999765818,4
gen_data_streaming_005,graphiti_style,data/streaming,synthetic,implicit,pending_tasks,4,0,0,1.0,0.0,0.0,24,382,15.92,1.3570329999765818,4
gen_data_streaming_005,graphiti_style,data/streaming,synthetic,implicit,decisions,2,1,0,0.0,0.0,0.0,24,382,15.92,1.3570329999765818,4
gen_data_streaming_005,graphiti_style,data/streaming,synthetic,implicit,files,3,3,2,0.6667,0.6667,0.6667,24,382,15.92,1.3570329999765818,4
gen_data_streaming_005,graphrag_style,data/streaming,synthetic,implicit,completed_tasks,4,0,0,1.0,0.0,0.0,20,382,19.1,0.7204370000408744,3
gen_data_streaming_005,graphrag_style,data/streaming,synthetic,implicit,pending_tasks,4,0,0,1.0,0.0,0.0,20,382,19.1,0.7204370000408744,3
gen_data_streaming_005,graphrag_style,data/streaming,synthetic,implicit,decisions,2,0,0,1.0,0.0,0.0,20,382,19.1,0.7204370000408744,3
gen_data_streaming_005,graphrag_style,data/streaming,synthetic,implicit,files,3,3,2,0.6667,0.6667,0.6667,20,382,19.1,0.7204370000408744,3
gen_data_streaming_005,mem0_style,data/streaming,synthetic,implicit,completed_tasks,4,0,0,1.0,0.0,0.0,23,382,16.61,1.4249359999212174,4
gen_data_streaming_005,mem0_style,data/streaming,synthetic,implicit,pending_tasks,4,0,0,1.0,0.0,0.0,23,382,16.61,1.4249359999212174,4
gen_data_streaming_005,mem0_style,data/streaming,synthetic,implicit,decisions,2,1,0,0.0,0.0,0.0,23,382,16.61,1.4249359999212174,4
gen_data_streaming_005,mem0_style,data/streaming,synthetic,implicit,files,3,3,2,0.6667,0.6667,0.6667,23,382,16.61,1.4249359999212174,4
gen_data_streaming_005,memgpt_style,data/streaming,synthetic,implicit,completed_tasks,4,0,0,1.0,0.0,0.0,3,382,127.33,0.6230440000081217,0
gen_data_streaming_005,memgpt_style,data/streaming,synthetic,implicit,pending_tasks,4,0,0,1.0,0.0,0.0,3,382,127.33,0.6230440000081217,0
gen_data_streaming_005,memgpt_style,data/streaming,synthetic,implicit,decisions,2,0,0,1.0,0.0,0.0,3,382,127.33,0.6230440000081217,0
gen_data_streaming_005,memgpt_style,data/streaming,synthetic,implicit,files,3,0,0,1.0,0.0,0.0,3,382,127.33,0.6230440000081217,0
gen_data_streaming_005,sliding_window_10,data/streaming,synthetic,implicit,completed_tasks,4,13,2,0.1538,0.5,0.2353,228,382,1.68,0.003974000037487713,13
gen_data_streaming_005,sliding_window_10,data/streaming,synthetic,implicit,pending_tasks,4,13,3,0.2308,0.75,0.3529,228,382,1.68,0.003974000037487713,13
gen_data_streaming_005,sliding_window_10,data/streaming,synthetic,implicit,decisions,2,13,2,0.1538,1.0,0.2667,228,382,1.68,0.003974000037487713,13
gen_data_streaming_005,sliding_window_10,data/streaming,synthetic,implicit,files,3,13,1,0.0769,0.3333,0.125,228,382,1.68,0.003974000037487713,13
gen_data_streaming_005,sliding_window_10,data/streaming,synthetic,implicit,errors,0,13,0,0.0,1.0,0.0,228,382,1.68,0.003974000037487713,13
gen_data_streaming_005,naive_truncation,data/streaming,synthetic,implicit,completed_tasks,4,17,3,0.1765,0.75,0.2857,288,382,1.33,0.016008999978112115,17
gen_data_streaming_005,naive_truncation,data/streaming,synthetic,implicit,pending_tasks,4,17,4,0.2353,1.0,0.381,288,382,1.33,0.016008999978112115,17
gen_data_streaming_005,naive_truncation,data/streaming,synthetic,implicit,decisions,2,17,2,0.1176,1.0,0.2105,288,382,1.33,0.016008999978112115,17
gen_data_streaming_005,naive_truncation,data/streaming,synthetic,implicit,files,3,17,1,0.0588,0.3333,0.1,288,382,1.33,0.016008999978112115,17
gen_data_streaming_005,naive_truncation,data/streaming,synthetic,implicit,errors,0,17,0,0.0,1.0,0.0,288,382,1.33,0.016008999978112115,17
gen_data_streaming_005,naive_summary,data/streaming,synthetic,implicit,completed_tasks,4,13,2,0.1538,0.5,0.2353,177,382,2.16,0.04690499997650477,13
gen_data_streaming_005,naive_summary,data/streaming,synthetic,implicit,pending_tasks,4,13,1,0.0769,0.25,0.1176,177,382,2.16,0.04690499997650477,13
gen_data_streaming_005,naive_summary,data/streaming,synthetic,implicit,decisions,2,13,0,0.0,0.0,0.0,177,382,2.16,0.04690499997650477,13
gen_data_streaming_005,naive_summary,data/streaming,synthetic,implicit,files,3,13,2,0.1538,0.6667,0.25,177,382,2.16,0.04690499997650477,13
gen_data_streaming_005,naive_summary,data/streaming,synthetic,implicit,errors,0,13,0,0.0,1.0,0.0,177,382,2.16,0.04690499997650477,13
gen_debug_production_001,tokenmizer_v0.5.2,debug/production,synthetic,explicit,completed_tasks,6,6,6,1.0,1.0,1.0,174,296,1.7,217.9940290000104,18
gen_debug_production_001,tokenmizer_v0.5.2,debug/production,synthetic,explicit,pending_tasks,2,2,2,1.0,1.0,1.0,174,296,1.7,217.9940290000104,18
gen_debug_production_001,tokenmizer_v0.5.2,debug/production,synthetic,explicit,decisions,4,2,2,1.0,0.5,0.6667,174,296,1.7,217.9940290000104,18
gen_debug_production_001,tokenmizer_v0.5.2,debug/production,synthetic,explicit,files,5,5,5,1.0,1.0,1.0,174,296,1.7,217.9940290000104,18
gen_debug_production_001,tokenmizer_v0.5.2,debug/production,synthetic,explicit,errors,0,3,0,0.0,1.0,0.0,174,296,1.7,217.9940290000104,18
gen_debug_production_001,graphiti_style,debug/production,synthetic,explicit,completed_tasks,6,9,6,0.6667,1.0,0.8,177,296,1.67,1.0433899999497953,23
gen_debug_production_001,graphiti_style,debug/production,synthetic,explicit,pending_tasks,2,3,2,0.6667,1.0,0.8,177,296,1.67,1.0433899999497953,23
gen_debug_production_001,graphiti_style,debug/production,synthetic,explicit,decisions,4,6,4,0.6667,1.0,0.8,177,296,1.67,1.0433899999497953,23
gen_debug_production_001,graphiti_style,debug/production,synthetic,explicit,files,5,5,5,1.0,1.0,1.0,177,296,1.67,1.0433899999497953,23
gen_debug_production_001,graphrag_style,debug/production,synthetic,explicit,completed_tasks,6,3,3,1.0,0.5,0.6667,140,296,2.11,0.6088720000434478,18
gen_debug_production_001,graphrag_style,debug/production,synthetic,explicit,pending_tasks,2,1,0,0.0,0.0,0.0,140,296,2.11,0.6088720000434478,18
gen_debug_production_001,graphrag_style,debug/production,synthetic,explicit,decisions,4,5,4,0.8,1.0,0.8889,140,296,2.11,0.6088720000434478,18
gen_debug_production_001,graphrag_style,debug/production,synthetic,explicit,files,5,5,5,1.0,1.0,1.0,140,296,2.11,0.6088720000434478,18
gen_debug_production_001,graphrag_style,debug/production,synthetic,explicit,errors,0,4,0,0.0,1.0,0.0,140,296,2.11,0.6088720000434478,18
gen_debug_production_001,mem0_style,debug/production,synthetic,explicit,completed_tasks,6,9,6,0.6667,1.0,0.8,176,296,1.68,1.006378999932167,23
gen_debug_production_001,mem0_style,debug/production,synthetic,explicit,pending_tasks,2,3,2,0.6667,1.0,0.8,176,296,1.68,1.006378999932167,23
gen_debug_production_001,mem0_style,debug/production,synthetic,explicit,decisions,4,6,4,0.6667,1.0,0.8,176,296,1.68,1.006378999932167,23
gen_debug_production_001,mem0_style,debug/production,synthetic,explicit,files,5,5,5,1.0,1.0,1.0,176,296,1.68,1.006378999932167,23
gen_debug_production_001,memgpt_style,debug/production,synthetic,explicit,completed_tasks,6,6,4,0.6667,0.6667,0.6667,80,296,3.7,0.3808170000638711,10
gen_debug_production_001,memgpt_style,debug/production,synthetic,explicit,pending_tasks,2,0,0,1.0,0.0,0.0,80,296,3.7,0.3808170000638711,10
gen_debug_production_001,memgpt_style,debug/production,synthetic,explicit,decisions,4,1,0,0.0,0.0,0.0,80,296,3.7,0.3808170000638711,10
gen_debug_production_001,memgpt_style,debug/production,synthetic,explicit,files,5,3,3,1.0,0.6,0.75,80,296,3.7,0.3808170000638711,10
gen_debug_production_001,sliding_window_10,debug/production,synthetic,explicit,completed_tasks,6,12,4,0.3333,0.6667,0.4444,113,296,2.62,0.0032020000162447104,12
gen_debug_production_001,sliding_window_10,debug/production,synthetic,explicit,pending_tasks,2,12,0,0.0,0.0,0.0,113,296,2.62,0.0032020000162447104,12
gen_debug_production_001,sliding_window_10,debug/production,synthetic,explicit,decisions,4,12,0,0.0,0.0,0.0,113,296,2.62,0.0032020000162447104,12
gen_debug_production_001,sliding_window_10,debug/production,synthetic,explicit,files,5,12,3,0.25,0.6,0.3529,113,296,2.62,0.0032020000162447104,12
gen_debug_production_001,sliding_window_10,debug/production,synthetic,explicit,errors,0,12,0,0.0,1.0,0.0,113,296,2.62,0.0032020000162447104,12
gen_debug_production_001,naive_truncation,debug/production,synthetic,explicit,completed_tasks,6,32,6,0.1875,1.0,0.3158,313,296,0.95,0.017169000102512655,32
gen_debug_production_001,naive_truncation,debug/production,synthetic,explicit,pending_tasks,2,32,2,0.0625,1.0,0.1176,313,296,0.95,0.017169000102512655,32
gen_debug_production_001,naive_truncation,debug/production,synthetic,explicit,decisions,4,32,4,0.125,1.0,0.2222,313,296,0.95,0.017169000102512655,32
gen_debug_production_001,naive_truncation,debug/production,synthetic,explicit,files,5,32,5,0.1562,1.0,0.2703,313,296,0.95,0.017169000102512655,32
gen_debug_production_001,naive_truncation,debug/production,synthetic,explicit,errors,0,32,0,0.0,1.0,0.0,313,296,0.95,0.017169000102512655,32
gen_debug_production_001,naive_summary,debug/production,synthetic,explicit,completed_tasks,6,20,2,0.1,0.3333,0.1538,195,296,1.52,0.040366000007452385,20
gen_debug_production_001,naive_summary,debug/production,synthetic,explicit,pending_tasks,2,20,2,0.1,1.0,0.1818,195,296,1.52,0.040366000007452385,20
gen_debug_production_001,naive_summary,debug/production,synthetic,explicit,decisions,4,20,4,0.2,1.0,0.3333,195,296,1.52,0.040366000007452385,20
gen_debug_production_001,naive_summary,debug/production,synthetic,explicit,files,5,20,2,0.1,0.4,0.16,195,296,1.52,0.040366000007452385,20
gen_debug_production_001,naive_summary,debug/production,synthetic,explicit,errors,0,20,0,0.0,1.0,0.0,195,296,1.52,0.040366000007452385,20
gen_debug_production_002,tokenmizer_v0.5.2,debug/production,synthetic,explicit,completed_tasks,4,4,4,1.0,1.0,1.0,144,256,1.78,217.9485989998966,16
gen_debug_production_002,tokenmizer_v0.5.2,debug/production,synthetic,explicit,pending_tasks,4,4,4,1.0,1.0,1.0,144,256,1.78,217.9485989998966,16
gen_debug_production_002,tokenmizer_v0.5.2,debug/production,synthetic,explicit,decisions,3,3,3,1.0,1.0,1.0,144,256,1.78,217.9485989998966,16
gen_debug_production_002,tokenmizer_v0.5.2,debug/production,synthetic,explicit,files,2,2,2,1.0,1.0,1.0,144,256,1.78,217.9485989998966,16
gen_debug_production_002,tokenmizer_v0.5.2,debug/production,synthetic,explicit,errors,1,3,0,0.0,0.0,0.0,144,256,1.78,217.9485989998966,16
gen_debug_production_002,graphiti_style,debug/production,synthetic,explicit,completed_tasks,4,5,4,0.8,1.0,0.8889,161,256,1.59,1.2275760000193259,18
gen_debug_production_002,graphiti_style,debug/production,synthetic,explicit,pending_tasks,4,6,4,0.6667,1.0,0.8,161,256,1.59,1.2275760000193259,18
gen_debug_production_002,graphiti_style,debug/production,synthetic,explicit,decisions,3,3,3,1.0,1.0,1.0,161,256,1.59,1.2275760000193259,18
gen_debug_production_002,graphiti_style,debug/production,synthetic,explicit,files,2,2,2,1.0,1.0,1.0,161,256,1.59,1.2275760000193259,18
gen_debug_production_002,graphiti_style,debug/production,synthetic,explicit,errors,1,2,1,0.5,1.0,0.6667,161,256,1.59,1.2275760000193259,18
gen_debug_production_002,graphrag_style,debug/production,synthetic,explicit,completed_tasks,4,2,2,1.0,0.5,0.6667,127,256,2.02,0.49838099994303775,15
gen_debug_production_002,graphrag_style,debug/production,synthetic,explicit,pending_tasks,4,4,3,0.75,0.75,0.75,127,256,2.02,0.49838099994303775,15
gen_debug_production_002,graphrag_style,debug/production,synthetic,explicit,decisions,3,3,3,1.0,1.0,1.0,127,256,2.02,0.49838099994303775,15
gen_debug_production_002,graphrag_style,debug/production,synthetic,explicit,files,2,2,2,1.0,1.0,1.0,127,256,2.02,0.49838099994303775,15
gen_debug_production_002,graphrag_style,debug/production,synthetic,explicit,errors,1,4,1,0.25,1.0,0.4,127,256,2.02,0.49838099994303775,15
gen_debug_production_002,mem0_style,debug/production,synthetic,explicit,completed_tasks,4,5,4,0.8,1.0,0.8889,160,256,1.6,0.9707899999966685,18
gen_debug_production_002,mem0_style,debug/production,synthetic,explicit,pending_tasks,4,6,4,0.6667,1.0,0.8,160,256,1.6,0.9707899999966685,18
gen_debug_production_002,mem0_style,debug/production,synthetic,explicit,decisions,3,3,3,1.0,1.0,1.0,160,256,1.6,0.9707899999966685,18
gen_debug_production_002,mem0_style,debug/production,synthetic,explicit,files,2,2,2,1.0,1.0,1.0,160,256,1.6,0.9707899999966685,18
gen_debug_production_002,mem0_style,debug/production,synthetic,explicit,errors,1,2,1,0.5,1.0,0.6667,160,256,1.6,0.9707899999966685,18
gen_debug_production_002,memgpt_style,debug/production,synthetic,explicit,completed_tasks,4,2,2,1.0,0.5,0.6667,92,256,2.78,0.37480599996797537,9
gen_debug_production_002,memgpt_style,debug/production,synthetic,explicit,pending_tasks,4,3,2,0.6667,0.5,0.5714,92,256,2.78,0.37480599996797537,9
gen_debug_production_002,memgpt_style,debug/production,synthetic,explicit,decisions,3,1,1,1.0,0.3333,0.5,92,256,2.78,0.37480599996797537,9
gen_debug_production_002,memgpt_style,debug/production,synthetic,explicit,files,2,1,1,1.0,0.5,0.6667,92,256,2.78,0.37480599996797537,9
gen_debug_production_002,memgpt_style,debug/production,synthetic,explicit,errors,1,2,1,0.5,1.0,0.6667,92,256,2.78,0.37480599996797537,9
gen_debug_production_002,sliding_window_10,debug/production,synthetic,explicit,completed_tasks,4,12,2,0.1667,0.5,0.25,126,256,2.03,0.0034390000109851826,12
gen_debug_production_002,sliding_window_10,debug/production,synthetic,explicit,pending_tasks,4,12,2,0.1667,0.5,0.25,126,256,2.03,0.0034390000109851826,12
gen_debug_production_002,sliding_window_10,debug/production,synthetic,explicit,decisions,3,12,1,0.0833,0.3333,0.1333,126,256,2.03,0.0034390000109851826,12
gen_debug_production_002,sliding_window_10,debug/production,synthetic,explicit,files,2,12,1,0.0833,0.5,0.1429,126,256,2.03,0.0034390000109851826,12
gen_debug_production_002,sliding_window_10,debug/production,synthetic,explicit,errors,1,12,1,0.0833,1.0,0.1538,126,256,2.03,0.0034390000109851826,12
gen_debug_production_002,naive_truncation,debug/production,synthetic,explicit,completed_tasks,4,26,4,0.1538,1.0,0.2667,269,256,0.95,0.016643999970256118,26
gen_debug_production_002,naive_truncation,debug/production,synthetic,explicit,pending_tasks,4,26,4,0.1538,1.0,0.2667,269,256,0.95,0.016643999970256118,26
gen_debug_production_002,naive_truncation,debug/production,synthetic,explicit,decisions,3,26,3,0.1154,1.0,0.2069,269,256,0.95,0.016643999970256118,26
gen_debug_production_002,naive_truncation,debug/production,synthetic,explicit,files,2,26,2,0.0769,1.0,0.1429,269,256,0.95,0.016643999970256118,26
gen_debug_production_002,naive_truncation,debug/production,synthetic,explicit,errors,1,26,1,0.0385,1.0,0.0741,269,256,0.95,0.016643999970256118,26
gen_debug_production_002,naive_summary,debug/production,synthetic,explicit,completed_tasks,4,19,3,0.1579,0.75,0.2609,191,256,1.34,0.04114499995466758,19
gen_debug_production_002,naive_summary,debug/production,synthetic,explicit,pending_tasks,4,19,2,0.1053,0.5,0.1739,191,256,1.34,0.04114499995466758,19
gen_debug_production_002,naive_summary,debug/production,synthetic,explicit,decisions,3,19,2,0.1053,0.6667,0.1818,191,256,1.34,0.04114499995466758,19
gen_debug_production_002,naive_summary,debug/production,synthetic,explicit,files,2,19,1,0.0526,0.5,0.0952,191,256,1.34,0.04114499995466758,19
gen_debug_production_002,naive_summary,debug/production,synthetic,explicit,errors,1,19,1,0.0526,1.0,0.1,191,256,1.34,0.04114499995466758,19
gen_debug_production_003,tokenmizer_v0.5.2,debug/production,synthetic,explicit,completed_tasks,6,6,6,1.0,1.0,1.0,167,367,2.2,215.07865599994602,19
gen_debug_production_003,tokenmizer_v0.5.2,debug/production,synthetic,explicit,pending_tasks,3,3,3,1.0,1.0,1.0,167,367,2.2,215.07865599994602,19
gen_debug_production_003,tokenmizer_v0.5.2,debug/production,synthetic,explicit,decisions,4,1,1,1.0,0.25,0.4,167,367,2.2,215.07865599994602,19
gen_debug_production_003,tokenmizer_v0.5.2,debug/production,synthetic,explicit,files,5,5,5,1.0,1.0,1.0,167,367,2.2,215.07865599994602,19
gen_debug_production_003,tokenmizer_v0.5.2,debug/production,synthetic,explicit,errors,2,4,0,0.0,0.0,0.0,167,367,2.2,215.07865599994602,19
gen_debug_production_003,graphiti_style,debug/production,synthetic,explicit,completed_tasks,6,11,6,0.5455,1.0,0.7059,192,367,1.91,1.372789000015473,27
gen_debug_production_003,graphiti_style,debug/production,synthetic,explicit,pending_tasks,3,4,3,0.75,1.0,0.8571,192,367,1.91,1.372789000015473,27
gen_debug_production_003,graphiti_style,debug/production,synthetic,explicit,decisions,4,5,4,0.8,1.0,0.8889,192,367,1.91,1.372789000015473,27
gen_debug_production_003,graphiti_style,debug/production,synthetic,explicit,files,5,5,5,1.0,1.0,1.0,192,367,1.91,1.372789000015473,27
gen_debug_production_003,graphiti_style,debug/production,synthetic,explicit,errors,2,2,2,1.0,1.0,1.0,192,367,1.91,1.372789000015473,27
gen_debug_production_003,graphrag_style,debug/production,synthetic,explicit,completed_tasks,6,2,2,1.0,0.3333,0.5,137,367,2.68,0.7579159999977492,17
gen_debug_production_003,graphrag_style,debug/production,synthetic,explicit,pending_tasks,3,1,0,0.0,0.0,0.0,137,367,2.68,0.7579159999977492,17
gen_debug_production_003,graphrag_style,debug/production,synthetic,explicit,decisions,4,5,4,0.8,1.0,0.8889,137,367,2.68,0.7579159999977492,17
gen_debug_production_003,graphrag_style,debug/production,synthetic,explicit,files,5,5,5,1.0,1.0,1.0,137,367,2.68,0.7579159999977492,17
gen_debug_production_003,graphrag_style,debug/production,synthetic,explicit,errors,2,4,2,0.5,1.0,0.6667,137,367,2.68,0.7579159999977492,17
gen_debug_production_003,mem0_style,debug/production,synthetic,explicit,completed_tasks,6,11,6,0.5455,1.0,0.7059,191,367,1.92,1.2589629999411045,27
gen_debug_production_003,mem0_style,debug/production,synthetic,explicit,pending_tasks,3,4,3,0.75,1.0,0.8571,191,367,1.92,1.2589629999411045,27
gen_debug_production_003,mem0_style,debug/production,synthetic,explicit,decisions,4,5,4,0.8,1.0,0.8889,191,367,1.92,1.2589629999411045,27
gen_debug_production_003,mem0_style,debug/production,synthetic,explicit,files,5,5,5,1.0,1.0,1.0,191,367,1.92,1.2589629999411045,27
gen_debug_production_003,mem0_style,debug/production,synthetic,explicit,errors,2,2,2,1.0,1.0,1.0,191,367,1.92,1.2589629999411045,27
gen_debug_production_003,memgpt_style,debug/production,synthetic,explicit,completed_tasks,6,4,3,0.75,0.5,0.6,86,367,4.27,0.4530009999825779,8
gen_debug_production_003,memgpt_style,debug/production,synthetic,explicit,pending_tasks,3,2,2,1.0,0.6667,0.8,86,367,4.27,0.4530009999825779,8
gen_debug_production_003,memgpt_style,debug/production,synthetic,explicit,decisions,4,0,0,1.0,0.0,0.0,86,367,4.27,0.4530009999825779,8
gen_debug_production_003,memgpt_style,debug/production,synthetic,explicit,files,5,1,1,1.0,0.2,0.3333,86,367,4.27,0.4530009999825779,8
gen_debug_production_003,memgpt_style,debug/production,synthetic,explicit,errors,2,1,1,1.0,0.5,0.6667,86,367,4.27,0.4530009999825779,8
gen_debug_production_003,sliding_window_10,debug/production,synthetic,explicit,completed_tasks,6,10,2,0.2,0.3333,0.25,102,367,3.6,0.0041450000480836025,10
gen_debug_production_003,sliding_window_10,debug/production,synthetic,explicit,pending_tasks,3,10,1,0.1,0.3333,0.1538,102,367,3.6,0.0041450000480836025,10
gen_debug_production_003,sliding_window_10,debug/production,synthetic,explicit,decisions,4,10,0,0.0,0.0,0.0,102,367,3.6,0.0041450000480836025,10
gen_debug_production_003,sliding_window_10,debug/production,synthetic,explicit,files,5,10,1,0.1,0.2,0.1333,102,367,3.6,0.0041450000480836025,10
gen_debug_production_003,sliding_window_10,debug/production,synthetic,explicit,errors,2,10,1,0.1,0.5,0.1667,102,367,3.6,0.0041450000480836025,10
gen_debug_production_003,naive_truncation,debug/production,synthetic,explicit,completed_tasks,6,33,5,0.1515,0.8333,0.2564,313,367,1.17,0.019801999997071107,33
gen_debug_production_003,naive_truncation,debug/production,synthetic,explicit,pending_tasks,3,33,3,0.0909,1.0,0.1667,313,367,1.17,0.019801999997071107,33
gen_debug_production_003,naive_truncation,debug/production,synthetic,explicit,decisions,4,33,4,0.1212,1.0,0.2162,313,367,1.17,0.019801999997071107,33
gen_debug_production_003,naive_truncation,debug/production,synthetic,explicit,files,5,33,5,0.1515,1.0,0.2632,313,367,1.17,0.019801999997071107,33
gen_debug_production_003,naive_truncation,debug/production,synthetic,explicit,errors,2,33,1,0.0303,0.5,0.0571,313,367,1.17,0.019801999997071107,33
gen_debug_production_003,naive_summary,debug/production,synthetic,explicit,completed_tasks,6,21,3,0.1429,0.5,0.2222,202,367,1.82,0.0544389999959094,21
gen_debug_production_003,naive_summary,debug/production,synthetic,explicit,pending_tasks,3,21,1,0.0476,0.3333,0.0833,202,367,1.82,0.0544389999959094,21
gen_debug_production_003,naive_summary,debug/production,synthetic,explicit,decisions,4,21,2,0.0952,0.5,0.16,202,367,1.82,0.0544389999959094,21
gen_debug_production_003,naive_summary,debug/production,synthetic,explicit,files,5,21,4,0.1905,0.8,0.3077,202,367,1.82,0.0544389999959094,21
gen_debug_production_003,naive_summary,debug/production,synthetic,explicit,errors,2,21,1,0.0476,0.5,0.087,202,367,1.82,0.0544389999959094,21
gen_debug_production_004,tokenmizer_v0.5.2,debug/production,synthetic,explicit,completed_tasks,5,5,5,1.0,1.0,1.0,147,334,2.27,233.5981730000185,15
gen_debug_production_004,tokenmizer_v0.5.2,debug/production,synthetic,explicit,pending_tasks,4,2,2,1.0,0.5,0.6667,147,334,2.27,233.5981730000185,15
gen_debug_production_004,tokenmizer_v0.5.2,debug/production,synthetic,explicit,decisions,6,2,2,1.0,0.3333,0.5,147,334,2.27,233.5981730000185,15
gen_debug_production_004,tokenmizer_v0.5.2,debug/production,synthetic,explicit,files,3,3,3,1.0,1.0,1.0,147,334,2.27,233.5981730000185,15
gen_debug_production_004,tokenmizer_v0.5.2,debug/production,synthetic,explicit,errors,2,3,0,0.0,0.0,0.0,147,334,2.27,233.5981730000185,15
gen_debug_production_004,graphiti_style,debug/production,synthetic,explicit,completed_tasks,5,7,5,0.7143,1.0,0.8333,233,334,1.43,1.1751979999417017,26
gen_debug_production_004,graphiti_style,debug/production,synthetic,explicit,pending_tasks,4,4,4,1.0,1.0,1.0,233,334,1.43,1.1751979999417017,26
gen_debug_production_004,graphiti_style,debug/production,synthetic,explicit,decisions,6,8,6,0.75,1.0,0.8571,233,334,1.43,1.1751979999417017,26
gen_debug_production_004,graphiti_style,debug/production,synthetic,explicit,files,3,3,3,1.0,1.0,1.0,233,334,1.43,1.1751979999417017,26
gen_debug_production_004,graphiti_style,debug/production,synthetic,explicit,errors,2,4,2,0.5,1.0,0.6667,233,334,1.43,1.1751979999417017,26
gen_debug_production_004,graphrag_style,debug/production,synthetic,explicit,completed_tasks,5,3,3,1.0,0.6,0.75,194,334,1.72,0.7563200000504366,20
gen_debug_production_004,graphrag_style,debug/production,synthetic,explicit,pending_tasks,4,3,3,1.0,0.75,0.8571,194,334,1.72,0.7563200000504366,20
gen_debug_production_004,graphrag_style,debug/production,synthetic,explicit,decisions,6,7,6,0.8571,1.0,0.9231,194,334,1.72,0.7563200000504366,20
gen_debug_production_004,graphrag_style,debug/production,synthetic,explicit,files,3,3,3,1.0,1.0,1.0,194,334,1.72,0.7563200000504366,20
gen_debug_production_004,graphrag_style,debug/production,synthetic,explicit,errors,2,4,2,0.5,1.0,0.6667,194,334,1.72,0.7563200000504366,20
gen_debug_production_004,mem0_style,debug/production,synthetic,explicit,completed_tasks,5,7,5,0.7143,1.0,0.8333,232,334,1.44,1.3408439999693655,26
gen_debug_production_004,mem0_style,debug/production,synthetic,explicit,pending_tasks,4,4,4,1.0,1.0,1.0,232,334,1.44,1.3408439999693655,26
gen_debug_production_004,mem0_style,debug/production,synthetic,explicit,decisions,6,8,6,0.75,1.0,0.8571,232,334,1.44,1.3408439999693655,26
gen_debug_production_004,mem0_style,debug/production,synthetic,explicit,files,3,3,3,1.0,1.0,1.0,232,334,1.44,1.3408439999693655,26
gen_debug_production_004,mem0_style,debug/production,synthetic,explicit,errors,2,4,2,0.5,1.0,0.6667,232,334,1.44,1.3408439999693655,26
gen_debug_production_004,memgpt_style,debug/production,synthetic,explicit,completed_tasks,5,4,2,0.5,0.4,0.4444,84,334,3.98,0.31505899994499487,11
gen_debug_production_004,memgpt_style,debug/production,synthetic,explicit,pending_tasks,4,0,0,1.0,0.0,0.0,84,334,3.98,0.31505899994499487,11
gen_debug_production_004,memgpt_style,debug/production,synthetic,explicit,decisions,6,3,2,0.6667,0.3333,0.4444,84,334,3.98,0.31505899994499487,11
gen_debug_production_004,memgpt_style,debug/production,synthetic,explicit,files,3,3,3,1.0,1.0,1.0,84,334,3.98,0.31505899994499487,11
gen_debug_production_004,memgpt_style,debug/production,synthetic,explicit,errors,2,1,0,0.0,0.0,0.0,84,334,3.98,0.31505899994499487,11
gen_debug_production_004,sliding_window_10,debug/production,synthetic,explicit,completed_tasks,5,10,1,0.1,0.2,0.1333,86,334,3.88,0.004714000056083023,10
gen_debug_production_004,sliding_window_10,debug/production,synthetic,explicit,pending_tasks,4,10,0,0.0,0.0,0.0,86,334,3.88,0.004714000056083023,10
gen_debug_production_004,sliding_window_10,debug/production,synthetic,explicit,decisions,6,10,2,0.2,0.3333,0.25,86,334,3.88,0.004714000056083023,10
gen_debug_production_004,sliding_window_10,debug/production,synthetic,explicit,files,3,10,2,0.2,0.6667,0.3077,86,334,3.88,0.004714000056083023,10
gen_debug_production_004,sliding_window_10,debug/production,synthetic,explicit,errors,2,10,0,0.0,0.0,0.0,86,334,3.88,0.004714000056083023,10
gen_debug_production_004,naive_truncation,debug/production,synthetic,explicit,completed_tasks,5,32,4,0.125,0.8,0.2162,301,334,1.11,0.019790000010289077,32
gen_debug_production_004,naive_truncation,debug/production,synthetic,explicit,pending_tasks,4,32,3,0.0938,0.75,0.1667,301,334,1.11,0.019790000010289077,32
gen_debug_production_004,naive_truncation,debug/production,synthetic,explicit,decisions,6,32,6,0.1875,1.0,0.3158,301,334,1.11,0.019790000010289077,32
gen_debug_production_004,naive_truncation,debug/production,synthetic,explicit,files,3,32,3,0.0938,1.0,0.1714,301,334,1.11,0.019790000010289077,32
gen_debug_production_004,naive_truncation,debug/production,synthetic,explicit,errors,2,32,2,0.0625,1.0,0.1176,301,334,1.11,0.019790000010289077,32
gen_debug_production_004,naive_summary,debug/production,synthetic,explicit,completed_tasks,5,19,3,0.1579,0.6,0.25,184,334,1.82,0.05720900003325369,19
gen_debug_production_004,naive_summary,debug/production,synthetic,explicit,pending_tasks,4,19,4,0.2105,1.0,0.3478,184,334,1.82,0.05720900003325369,19
gen_debug_production_004,naive_summary,debug/production,synthetic,explicit,decisions,6,19,2,0.1053,0.3333,0.16,184,334,1.82,0.05720900003325369,19
gen_debug_production_004,naive_summary,debug/production,synthetic,explicit,files,3,19,0,0.0,0.0,0.0,184,334,1.82,0.05720900003325369,19
gen_debug_production_004,naive_summary,debug/production,synthetic,explicit,errors,2,19,1,0.0526,0.5,0.0952,184,334,1.82,0.05720900003325369,19
gen_debug_production_005,tokenmizer_v0.5.2,debug/production,synthetic,explicit,completed_tasks,3,3,3,1.0,1.0,1.0,145,288,1.99,248.37582700001803,15
gen_debug_production_005,tokenmizer_v0.5.2,debug/production,synthetic,explicit,pending_tasks,2,2,2,1.0,1.0,1.0,145,288,1.99,248.37582700001803,15
gen_debug_production_005,tokenmizer_v0.5.2,debug/production,synthetic,explicit,decisions,6,4,4,1.0,0.6667,0.8,145,288,1.99,248.37582700001803,15
gen_debug_production_005,tokenmizer_v0.5.2,debug/production,synthetic,explicit,files,4,4,4,1.0,1.0,1.0,145,288,1.99,248.37582700001803,15
gen_debug_production_005,tokenmizer_v0.5.2,debug/production,synthetic,explicit,errors,1,2,1,0.5,1.0,0.6667,145,288,1.99,248.37582700001803,15
gen_debug_production_005,graphiti_style,debug/production,synthetic,explicit,completed_tasks,3,6,3,0.5,1.0,0.6667,195,288,1.48,1.0923120000825293,28
gen_debug_production_005,graphiti_style,debug/production,synthetic,explicit,pending_tasks,2,4,2,0.5,1.0,0.6667,195,288,1.48,1.0923120000825293,28
gen_debug_production_005,graphiti_style,debug/production,synthetic,explicit,decisions,6,11,6,0.5455,1.0,0.7059,195,288,1.48,1.0923120000825293,28
gen_debug_production_005,graphiti_style,debug/production,synthetic,explicit,files,4,4,4,1.0,1.0,1.0,195,288,1.48,1.0923120000825293,28
gen_debug_production_005,graphiti_style,debug/production,synthetic,explicit,errors,1,3,1,0.3333,1.0,0.5,195,288,1.48,1.0923120000825293,28
gen_debug_production_005,graphrag_style,debug/production,synthetic,explicit,completed_tasks,3,1,1,1.0,0.3333,0.5,138,288,2.09,0.5573569999341998,21
gen_debug_production_005,graphrag_style,debug/production,synthetic,explicit,pending_tasks,2,2,1,0.5,0.5,0.5,138,288,2.09,0.5573569999341998,21
gen_debug_production_005,graphrag_style,debug/production,synthetic,explicit,decisions,6,11,6,0.5455,1.0,0.7059,138,288,2.09,0.5573569999341998,21
gen_debug_production_005,graphrag_style,debug/production,synthetic,explicit,files,4,4,4,1.0,1.0,1.0,138,288,2.09,0.5573569999341998,21
gen_debug_production_005,graphrag_style,debug/production,synthetic,explicit,errors,1,3,1,0.3333,1.0,0.5,138,288,2.09,0.5573569999341998,21
gen_debug_production_005,mem0_style,debug/production,synthetic,explicit,completed_tasks,3,6,3,0.5,1.0,0.6667,193,288,1.49,0.9838660000696109,27
gen_debug_production_005,mem0_style,debug/production,synthetic,explicit,pending_tasks,2,4,2,0.5,1.0,0.6667,193,288,1.49,0.9838660000696109,27
gen_debug_production_005,mem0_style,debug/production,synthetic,explicit,decisions,6,10,6,0.6,1.0,0.75,193,288,1.49,0.9838660000696109,27
gen_debug_production_005,mem0_style,debug/production,synthetic,explicit,files,4,4,4,1.0,1.0,1.0,193,288,1.49,0.9838660000696109,27
gen_debug_production_005,mem0_style,debug/production,synthetic,explicit,errors,1,3,1,0.3333,1.0,0.5,193,288,1.49,0.9838660000696109,27
gen_debug_production_005,memgpt_style,debug/production,synthetic,explicit,completed_tasks,3,3,2,0.6667,0.6667,0.6667,110,288,2.62,0.37090399996486667,11
gen_debug_production_005,memgpt_style,debug/production,synthetic,explicit,pending_tasks,2,3,2,0.6667,1.0,0.8,110,288,2.62,0.37090399996486667,11
gen_debug_production_005,memgpt_style,debug/production,synthetic,explicit,decisions,6,2,2,1.0,0.3333,0.5,110,288,2.62,0.37090399996486667,11
gen_debug_production_005,memgpt_style,debug/production,synthetic,explicit,files,4,1,1,1.0,0.25,0.4,110,288,2.62,0.37090399996486667,11
gen_debug_production_005,memgpt_style,debug/production,synthetic,explicit,errors,1,2,0,0.0,0.0,0.0,110,288,2.62,0.37090399996486667,11
gen_debug_production_005,sliding_window_10,debug/production,synthetic,explicit,completed_tasks,3,12,2,0.1667,0.6667,0.2667,115,288,2.5,0.005424999926617602,12
gen_debug_production_005,sliding_window_10,debug/production,synthetic,explicit,pending_tasks,2,12,2,0.1667,1.0,0.2857,115,288,2.5,0.005424999926617602,12
gen_debug_production_005,sliding_window_10,debug/production,synthetic,explicit,decisions,6,12,2,0.1667,0.3333,0.2222,115,288,2.5,0.005424999926617602,12
gen_debug_production_005,sliding_window_10,debug/production,synthetic,explicit,files,4,12,1,0.0833,0.25,0.125,115,288,2.5,0.005424999926617602,12
gen_debug_production_005,sliding_window_10,debug/production,synthetic,explicit,errors,1,12,0,0.0,0.0,0.0,115,288,2.5,0.005424999926617602,12
gen_debug_production_005,naive_truncation,debug/production,synthetic,explicit,completed_tasks,3,30,3,0.1,1.0,0.1818,303,288,0.95,0.017033000062838255,30
gen_debug_production_005,naive_truncation,debug/production,synthetic,explicit,pending_tasks,2,30,2,0.0667,1.0,0.125,303,288,0.95,0.017033000062838255,30
gen_debug_production_005,naive_truncation,debug/production,synthetic,explicit,decisions,6,30,6,0.2,1.0,0.3333,303,288,0.95,0.017033000062838255,30
gen_debug_production_005,naive_truncation,debug/production,synthetic,explicit,files,4,30,4,0.1333,1.0,0.2353,303,288,0.95,0.017033000062838255,30
gen_debug_production_005,naive_truncation,debug/production,synthetic,explicit,errors,1,30,1,0.0333,1.0,0.0645,303,288,0.95,0.017033000062838255,30
gen_debug_production_005,naive_summary,debug/production,synthetic,explicit,completed_tasks,3,19,1,0.0526,0.3333,0.0909,191,288,1.51,0.03401199990094028,19
gen_debug_production_005,naive_summary,debug/production,synthetic,explicit,pending_tasks,2,19,0,0.0,0.0,0.0,191,288,1.51,0.03401199990094028,19
gen_debug_production_005,naive_summary,debug/production,synthetic,explicit,decisions,6,19,4,0.2105,0.6667,0.32,191,288,1.51,0.03401199990094028,19
gen_debug_production_005,naive_summary,debug/production,synthetic,explicit,files,4,19,3,0.1579,0.75,0.2609,191,288,1.51,0.03401199990094028,19
gen_debug_production_005,naive_summary,debug/production,synthetic,explicit,errors,1,19,1,0.0526,1.0,0.1,191,288,1.51,0.03401199990094028,19
gen_devops_ci_001,tokenmizer_v0.5.2,devops/ci,synthetic,semi,completed_tasks,3,0,0,1.0,0.0,0.0,82,276,3.37,232.69017299992356,10
gen_devops_ci_001,tokenmizer_v0.5.2,devops/ci,synthetic,semi,pending_tasks,1,1,1,1.0,1.0,1.0,82,276,3.37,232.69017299992356,10
gen_devops_ci_001,tokenmizer_v0.5.2,devops/ci,synthetic,semi,decisions,4,3,3,1.0,0.75,0.8571,82,276,3.37,232.69017299992356,10
gen_devops_ci_001,tokenmizer_v0.5.2,devops/ci,synthetic,semi,files,5,5,5,1.0,1.0,1.0,82,276,3.37,232.69017299992356,10
gen_devops_ci_001,tokenmizer_v0.5.2,devops/ci,synthetic,semi,errors,1,1,0,0.0,0.0,0.0,82,276,3.37,232.69017299992356,10
gen_devops_ci_001,graphiti_style,devops/ci,synthetic,semi,completed_tasks,3,2,2,1.0,0.6667,0.8,129,276,2.14,0.9131819999765867,12
gen_devops_ci_001,graphiti_style,devops/ci,synthetic,semi,pending_tasks,1,2,1,0.5,1.0,0.6667,129,276,2.14,0.9131819999765867,12
gen_devops_ci_001,graphiti_style,devops/ci,synthetic,semi,decisions,4,3,2,0.6667,0.5,0.5714,129,276,2.14,0.9131819999765867,12
gen_devops_ci_001,graphiti_style,devops/ci,synthetic,semi,files,5,4,4,1.0,0.8,0.8889,129,276,2.14,0.9131819999765867,12
gen_devops_ci_001,graphiti_style,devops/ci,synthetic,semi,errors,1,1,1,1.0,1.0,1.0,129,276,2.14,0.9131819999765867,12
gen_devops_ci_001,graphrag_style,devops/ci,synthetic,semi,completed_tasks,3,0,0,1.0,0.0,0.0,76,276,3.63,0.5415919999904872,9
gen_devops_ci_001,graphrag_style,devops/ci,synthetic,semi,pending_tasks,1,1,0,0.0,0.0,0.0,76,276,3.63,0.5415919999904872,9
gen_devops_ci_001,graphrag_style,devops/ci,synthetic,semi,decisions,4,2,2,1.0,0.5,0.6667,76,276,3.63,0.5415919999904872,9
gen_devops_ci_001,graphrag_style,devops/ci,synthetic,semi,files,5,4,4,1.0,0.8,0.8889,76,276,3.63,0.5415919999904872,9
gen_devops_ci_001,graphrag_style,devops/ci,synthetic,semi,errors,1,2,1,0.5,1.0,0.6667,76,276,3.63,0.5415919999904872,9
gen_devops_ci_001,mem0_style,devops/ci,synthetic,semi,completed_tasks,3,2,2,1.0,0.6667,0.8,128,276,2.16,1.2031239999714671,12
gen_devops_ci_001,mem0_style,devops/ci,synthetic,semi,pending_tasks,1,2,1,0.5,1.0,0.6667,128,276,2.16,1.2031239999714671,12
gen_devops_ci_001,mem0_style,devops/ci,synthetic,semi,decisions,4,3,2,0.6667,0.5,0.5714,128,276,2.16,1.2031239999714671,12
gen_devops_ci_001,mem0_style,devops/ci,synthetic,semi,files,5,4,4,1.0,0.8,0.8889,128,276,2.16,1.2031239999714671,12
gen_devops_ci_001,mem0_style,devops/ci,synthetic,semi,errors,1,1,1,1.0,1.0,1.0,128,276,2.16,1.2031239999714671,12
gen_devops_ci_001,memgpt_style,devops/ci,synthetic,semi,completed_tasks,3,1,1,1.0,0.3333,0.5,80,276,3.45,0.41924499998913234,7
gen_devops_ci_001,memgpt_style,devops/ci,synthetic,semi,pending_tasks,1,0,0,1.0,0.0,0.0,80,276,3.45,0.41924499998913234,7
gen_devops_ci_001,memgpt_style,devops/ci,synthetic,semi,decisions,4,2,2,1.0,0.5,0.6667,80,276,3.45,0.41924499998913234,7
gen_devops_ci_001,memgpt_style,devops/ci,synthetic,semi,files,5,3,3,1.0,0.6,0.75,80,276,3.45,0.41924499998913234,7
gen_devops_ci_001,memgpt_style,devops/ci,synthetic,semi,errors,1,1,1,1.0,1.0,1.0,80,276,3.45,0.41924499998913234,7
gen_devops_ci_001,sliding_window_10,devops/ci,synthetic,semi,completed_tasks,3,13,2,0.1538,0.6667,0.25,141,276,1.96,0.0031959999660102767,13
gen_devops_ci_001,sliding_window_10,devops/ci,synthetic,semi,pending_tasks,1,13,0,0.0,0.0,0.0,141,276,1.96,0.0031959999660102767,13
gen_devops_ci_001,sliding_window_10,devops/ci,synthetic,semi,decisions,4,13,2,0.1538,0.5,0.2353,141,276,1.96,0.0031959999660102767,13
gen_devops_ci_001,sliding_window_10,devops/ci,synthetic,semi,files,5,13,3,0.2308,0.6,0.3333,141,276,1.96,0.0031959999660102767,13
gen_devops_ci_001,sliding_window_10,devops/ci,synthetic,semi,errors,1,13,1,0.0769,1.0,0.1429,141,276,1.96,0.0031959999660102767,13
gen_devops_ci_001,naive_truncation,devops/ci,synthetic,semi,completed_tasks,3,27,3,0.1111,1.0,0.2,291,276,0.95,0.017001000060190563,27
gen_devops_ci_001,naive_truncation,devops/ci,synthetic,semi,pending_tasks,1,27,1,0.037,1.0,0.0714,291,276,0.95,0.017001000060190563,27
gen_devops_ci_001,naive_truncation,devops/ci,synthetic,semi,decisions,4,27,4,0.1481,1.0,0.2581,291,276,0.95,0.017001000060190563,27
gen_devops_ci_001,naive_truncation,devops/ci,synthetic,semi,files,5,27,5,0.1852,1.0,0.3125,291,276,0.95,0.017001000060190563,27
gen_devops_ci_001,naive_truncation,devops/ci,synthetic,semi,errors,1,27,1,0.037,1.0,0.0714,291,276,0.95,0.017001000060190563,27
gen_devops_ci_001,naive_summary,devops/ci,synthetic,semi,completed_tasks,3,18,2,0.1111,0.6667,0.1905,175,276,1.58,0.03522199995131814,18
gen_devops_ci_001,naive_summary,devops/ci,synthetic,semi,pending_tasks,1,18,1,0.0556,1.0,0.1053,175,276,1.58,0.03522199995131814,18
gen_devops_ci_001,naive_summary,devops/ci,synthetic,semi,decisions,4,18,2,0.1111,0.5,0.1818,175,276,1.58,0.03522199995131814,18
gen_devops_ci_001,naive_summary,devops/ci,synthetic,semi,files,5,18,2,0.1111,0.4,0.1739,175,276,1.58,0.03522199995131814,18
gen_devops_ci_001,naive_summary,devops/ci,synthetic,semi,errors,1,18,0,0.0,0.0,0.0,175,276,1.58,0.03522199995131814,18
gen_devops_ci_002,tokenmizer_v0.5.2,devops/ci,synthetic,semi,completed_tasks,3,1,1,1.0,0.3333,0.5,89,339,3.81,218.99270100004742,11
gen_devops_ci_002,tokenmizer_v0.5.2,devops/ci,synthetic,semi,pending_tasks,3,0,0,1.0,0.0,0.0,89,339,3.81,218.99270100004742,11
gen_devops_ci_002,tokenmizer_v0.5.2,devops/ci,synthetic,semi,decisions,5,5,4,0.8,0.8,0.8,89,339,3.81,218.99270100004742,11
gen_devops_ci_002,tokenmizer_v0.5.2,devops/ci,synthetic,semi,files,5,5,5,1.0,1.0,1.0,89,339,3.81,218.99270100004742,11
gen_devops_ci_002,tokenmizer_v0.5.2,devops/ci,synthetic,semi,errors,2,0,0,1.0,0.0,0.0,89,339,3.81,218.99270100004742,11
gen_devops_ci_002,graphiti_style,devops/ci,synthetic,semi,completed_tasks,3,2,2,1.0,0.6667,0.8,138,339,2.46,1.1092949999920165,13
gen_devops_ci_002,graphiti_style,devops/ci,synthetic,semi,pending_tasks,3,1,0,0.0,0.0,0.0,138,339,2.46,1.1092949999920165,13
gen_devops_ci_002,graphiti_style,devops/ci,synthetic,semi,decisions,5,5,5,1.0,1.0,1.0,138,339,2.46,1.1092949999920165,13
gen_devops_ci_002,graphiti_style,devops/ci,synthetic,semi,files,5,3,3,1.0,0.6,0.75,138,339,2.46,1.1092949999920165,13
gen_devops_ci_002,graphiti_style,devops/ci,synthetic,semi,errors,2,2,2,1.0,1.0,1.0,138,339,2.46,1.1092949999920165,13
gen_devops_ci_002,graphrag_style,devops/ci,synthetic,semi,completed_tasks,3,0,0,1.0,0.0,0.0,93,339,3.65,0.6387509999967733,10
gen_devops_ci_002,graphrag_style,devops/ci,synthetic,semi,pending_tasks,3,1,0,0.0,0.0,0.0,93,339,3.65,0.6387509999967733,10
gen_devops_ci_002,graphrag_style,devops/ci,synthetic,semi,decisions,5,5,5,1.0,1.0,1.0,93,339,3.65,0.6387509999967733,10
gen_devops_ci_002,graphrag_style,devops/ci,synthetic,semi,files,5,3,3,1.0,0.6,0.75,93,339,3.65,0.6387509999967733,10
gen_devops_ci_002,graphrag_style,devops/ci,synthetic,semi,errors,2,1,0,0.0,0.0,0.0,93,339,3.65,0.6387509999967733,10
gen_devops_ci_002,mem0_style,devops/ci,synthetic,semi,completed_tasks,3,2,2,1.0,0.6667,0.8,137,339,2.47,1.105435999988913,13
gen_devops_ci_002,mem0_style,devops/ci,synthetic,semi,pending_tasks,3,1,0,0.0,0.0,0.0,137,339,2.47,1.105435999988913,13
gen_devops_ci_002,mem0_style,devops/ci,synthetic,semi,decisions,5,5,5,1.0,1.0,1.0,137,339,2.47,1.105435999988913,13
gen_devops_ci_002,mem0_style,devops/ci,synthetic,semi,files,5,3,3,1.0,0.6,0.75,137,339,2.47,1.105435999988913,13
gen_devops_ci_002,mem0_style,devops/ci,synthetic,semi,errors,2,2,2,1.0,1.0,1.0,137,339,2.47,1.105435999988913,13
gen_devops_ci_002,memgpt_style,devops/ci,synthetic,semi,completed_tasks,3,1,1,1.0,0.3333,0.5,43,339,7.88,0.40198199997121264,3
gen_devops_ci_002,memgpt_style,devops/ci,synthetic,semi,pending_tasks,3,0,0,1.0,0.0,0.0,43,339,7.88,0.40198199997121264,3
gen_devops_ci_002,memgpt_style,devops/ci,synthetic,semi,decisions,5,1,1,1.0,0.2,0.3333,43,339,7.88,0.40198199997121264,3
gen_devops_ci_002,memgpt_style,devops/ci,synthetic,semi,files,5,1,2,1.0,0.4,0.5714,43,339,7.88,0.40198199997121264,3
gen_devops_ci_002,memgpt_style,devops/ci,synthetic,semi,errors,2,0,0,1.0,0.0,0.0,43,339,7.88,0.40198199997121264,3
gen_devops_ci_002,sliding_window_10,devops/ci,synthetic,semi,completed_tasks,3,11,2,0.1818,0.6667,0.2857,123,339,2.76,0.0033569999686733354,11
gen_devops_ci_002,sliding_window_10,devops/ci,synthetic,semi,pending_tasks,3,11,1,0.0909,0.3333,0.1429,123,339,2.76,0.0033569999686733354,11
gen_devops_ci_002,sliding_window_10,devops/ci,synthetic,semi,decisions,5,11,1,0.0909,0.2,0.125,123,339,2.76,0.0033569999686733354,11
gen_devops_ci_002,sliding_window_10,devops/ci,synthetic,semi,files,5,11,3,0.1818,0.6,0.2791,123,339,2.76,0.0033569999686733354,11
gen_devops_ci_002,sliding_window_10,devops/ci,synthetic,semi,errors,2,11,0,0.0,0.0,0.0,123,339,2.76,0.0033569999686733354,11
gen_devops_ci_002,naive_truncation,devops/ci,synthetic,semi,completed_tasks,3,28,3,0.1071,1.0,0.1935,306,339,1.11,0.01758700000209501,28
gen_devops_ci_002,naive_truncation,devops/ci,synthetic,semi,pending_tasks,3,28,3,0.1071,1.0,0.1935,306,339,1.11,0.01758700000209501,28
gen_devops_ci_002,naive_truncation,devops/ci,synthetic,semi,decisions,5,28,5,0.1786,1.0,0.303,306,339,1.11,0.01758700000209501,28
gen_devops_ci_002,naive_truncation,devops/ci,synthetic,semi,files,5,28,4,0.1429,0.8,0.2424,306,339,1.11,0.01758700000209501,28
gen_devops_ci_002,naive_truncation,devops/ci,synthetic,semi,errors,2,28,1,0.0357,0.5,0.0667,306,339,1.11,0.01758700000209501,28
gen_devops_ci_002,naive_summary,devops/ci,synthetic,semi,completed_tasks,3,18,1,0.0556,0.3333,0.0952,186,339,1.82,0.04488300010052626,18
gen_devops_ci_002,naive_summary,devops/ci,synthetic,semi,pending_tasks,3,18,2,0.1111,0.6667,0.1905,186,339,1.82,0.04488300010052626,18
gen_devops_ci_002,naive_summary,devops/ci,synthetic,semi,decisions,5,18,3,0.1667,0.6,0.2609,186,339,1.82,0.04488300010052626,18
gen_devops_ci_002,naive_summary,devops/ci,synthetic,semi,files,5,18,3,0.1111,0.6,0.1875,186,339,1.82,0.04488300010052626,18
gen_devops_ci_002,naive_summary,devops/ci,synthetic,semi,errors,2,18,2,0.1111,1.0,0.2,186,339,1.82,0.04488300010052626,18
gen_devops_ci_003,tokenmizer_v0.5.2,devops/ci,synthetic,semi,completed_tasks,5,2,2,1.0,0.4,0.5714,82,327,3.99,216.16888400001244,10
gen_devops_ci_003,tokenmizer_v0.5.2,devops/ci,synthetic,semi,pending_tasks,2,0,0,1.0,0.0,0.0,82,327,3.99,216.16888400001244,10
gen_devops_ci_003,tokenmizer_v0.5.2,devops/ci,synthetic,semi,decisions,6,5,4,0.8,0.6667,0.7273,82,327,3.99,216.16888400001244,10
gen_devops_ci_003,tokenmizer_v0.5.2,devops/ci,synthetic,semi,files,3,3,3,1.0,1.0,1.0,82,327,3.99,216.16888400001244,10
gen_devops_ci_003,graphiti_style,devops/ci,synthetic,semi,completed_tasks,5,4,4,1.0,0.8,0.8889,107,327,3.06,1.0586050000256364,12
gen_devops_ci_003,graphiti_style,devops/ci,synthetic,semi,pending_tasks,2,2,0,0.0,0.0,0.0,107,327,3.06,1.0586050000256364,12
gen_devops_ci_003,graphiti_style,devops/ci,synthetic,semi,decisions,6,4,3,0.75,0.5,0.6,107,327,3.06,1.0586050000256364,12
gen_devops_ci_003,graphiti_style,devops/ci,synthetic,semi,files,3,2,2,1.0,0.6667,0.8,107,327,3.06,1.0586050000256364,12
gen_devops_ci_003,graphrag_style,devops/ci,synthetic,semi,completed_tasks,5,0,0,1.0,0.0,0.0,66,327,4.95,0.6062480000537107,8
gen_devops_ci_003,graphrag_style,devops/ci,synthetic,semi,pending_tasks,2,1,0,0.0,0.0,0.0,66,327,4.95,0.6062480000537107,8
gen_devops_ci_003,graphrag_style,devops/ci,synthetic,semi,decisions,6,4,3,0.75,0.5,0.6,66,327,4.95,0.6062480000537107,8
gen_devops_ci_003,graphrag_style,devops/ci,synthetic,semi,files,3,2,2,1.0,0.6667,0.8,66,327,4.95,0.6062480000537107,8
gen_devops_ci_003,graphrag_style,devops/ci,synthetic,semi,errors,0,1,0,0.0,1.0,0.0,66,327,4.95,0.6062480000537107,8
gen_devops_ci_003,mem0_style,devops/ci,synthetic,semi,completed_tasks,5,4,4,1.0,0.8,0.8889,103,327,3.17,1.0506380000379067,11
gen_devops_ci_003,mem0_style,devops/ci,synthetic,semi,pending_tasks,2,1,0,0.0,0.0,0.0,103,327,3.17,1.0506380000379067,11
gen_devops_ci_003,mem0_style,devops/ci,synthetic,semi,decisions,6,4,3,0.75,0.5,0.6,103,327,3.17,1.0506380000379067,11
gen_devops_ci_003,mem0_style,devops/ci,synthetic,semi,files,3,2,2,1.0,0.6667,0.8,103,327,3.17,1.0506380000379067,11
gen_devops_ci_003,memgpt_style,devops/ci,synthetic,semi,completed_tasks,5,3,3,1.0,0.6,0.75,45,327,7.27,0.41746399995190586,4
gen_devops_ci_003,memgpt_style,devops/ci,synthetic,semi,pending_tasks,2,0,0,1.0,0.0,0.0,45,327,7.27,0.41746399995190586,4
gen_devops_ci_003,memgpt_style,devops/ci,synthetic,semi,decisions,6,0,0,1.0,0.0,0.0,45,327,7.27,0.41746399995190586,4
gen_devops_ci_003,memgpt_style,devops/ci,synthetic,semi,files,3,1,1,1.0,0.3333,0.5,45,327,7.27,0.41746399995190586,4
gen_devops_ci_003,sliding_window_10,devops/ci,synthetic,semi,completed_tasks,5,11,4,0.3636,0.8,0.5,124,327,2.64,0.004382999918561836,11
gen_devops_ci_003,sliding_window_10,devops/ci,synthetic,semi,pending_tasks,2,11,0,0.0,0.0,0.0,124,327,2.64,0.004382999918561836,11
gen_devops_ci_003,sliding_window_10,devops/ci,synthetic,semi,decisions,6,11,1,0.0909,0.1667,0.1176,124,327,2.64,0.004382999918561836,11
gen_devops_ci_003,sliding_window_10,devops/ci,synthetic,semi,files,3,11,1,0.0909,0.3333,0.1429,124,327,2.64,0.004382999918561836,11
gen_devops_ci_003,sliding_window_10,devops/ci,synthetic,semi,errors,0,11,0,0.0,1.0,0.0,124,327,2.64,0.004382999918561836,11
gen_devops_ci_003,naive_truncation,devops/ci,synthetic,semi,completed_tasks,5,27,5,0.1852,1.0,0.3125,310,327,1.05,0.01714000006813876,27
gen_devops_ci_003,naive_truncation,devops/ci,synthetic,semi,pending_tasks,2,27,2,0.0741,1.0,0.1379,310,327,1.05,0.01714000006813876,27
gen_devops_ci_003,naive_truncation,devops/ci,synthetic,semi,decisions,6,27,6,0.2222,1.0,0.3636,310,327,1.05,0.01714000006813876,27
gen_devops_ci_003,naive_truncation,devops/ci,synthetic,semi,files,3,27,3,0.1111,1.0,0.2,310,327,1.05,0.01714000006813876,27
gen_devops_ci_003,naive_truncation,devops/ci,synthetic,semi,errors,0,27,0,0.0,1.0,0.0,310,327,1.05,0.01714000006813876,27
gen_devops_ci_003,naive_summary,devops/ci,synthetic,semi,completed_tasks,5,17,0,0.0,0.0,0.0,182,327,1.8,0.03484400008346711,17
gen_devops_ci_003,naive_summary,devops/ci,synthetic,semi,pending_tasks,2,17,1,0.0588,0.5,0.1053,182,327,1.8,0.03484400008346711,17
gen_devops_ci_003,naive_summary,devops/ci,synthetic,semi,decisions,6,17,5,0.2941,0.8333,0.4348,182,327,1.8,0.03484400008346711,17
gen_devops_ci_003,naive_summary,devops/ci,synthetic,semi,files,3,17,2,0.1176,0.6667,0.2,182,327,1.8,0.03484400008346711,17
gen_devops_ci_003,naive_summary,devops/ci,synthetic,semi,errors,0,17,0,0.0,1.0,0.0,182,327,1.8,0.03484400008346711,17
gen_devops_ci_004,tokenmizer_v0.5.2,devops/ci,synthetic,semi,completed_tasks,3,2,2,1.0,0.6667,0.8,58,268,4.62,219.24727800001165,7
gen_devops_ci_004,tokenmizer_v0.5.2,devops/ci,synthetic,semi,pending_tasks,2,0,0,1.0,0.0,0.0,58,268,4.62,219.24727800001165,7
gen_devops_ci_004,tokenmizer_v0.5.2,devops/ci,synthetic,semi,decisions,4,2,2,1.0,0.5,0.6667,58,268,4.62,219.24727800001165,7
gen_devops_ci_004,tokenmizer_v0.5.2,devops/ci,synthetic,semi,files,3,3,3,1.0,1.0,1.0,58,268,4.62,219.24727800001165,7
gen_devops_ci_004,tokenmizer_v0.5.2,devops/ci,synthetic,semi,errors,2,0,0,1.0,0.0,0.0,58,268,4.62,219.24727800001165,7
gen_devops_ci_004,graphiti_style,devops/ci,synthetic,semi,completed_tasks,3,2,2,1.0,0.6667,0.8,91,268,2.95,0.8909809999977369,10
gen_devops_ci_004,graphiti_style,devops/ci,synthetic,semi,pending_tasks,2,2,0,0.0,0.0,0.0,91,268,2.95,0.8909809999977369,10
gen_devops_ci_004,graphiti_style,devops/ci,synthetic,semi,decisions,4,3,2,0.6667,0.5,0.5714,91,268,2.95,0.8909809999977369,10
gen_devops_ci_004,graphiti_style,devops/ci,synthetic,semi,files,3,1,1,1.0,0.3333,0.5,91,268,2.95,0.8909809999977369,10
gen_devops_ci_004,graphiti_style,devops/ci,synthetic,semi,errors,2,2,2,1.0,1.0,1.0,91,268,2.95,0.8909809999977369,10
gen_devops_ci_004,graphrag_style,devops/ci,synthetic,semi,completed_tasks,3,0,0,1.0,0.0,0.0,48,268,5.58,0.6459169999288861,7
gen_devops_ci_004,graphrag_style,devops/ci,synthetic,semi,pending_tasks,2,1,0,0.0,0.0,0.0,48,268,5.58,0.6459169999288861,7
gen_devops_ci_004,graphrag_style,devops/ci,synthetic,semi,decisions,4,3,2,0.6667,0.5,0.5714,48,268,5.58,0.6459169999288861,7
gen_devops_ci_004,graphrag_style,devops/ci,synthetic,semi,files,3,1,1,1.0,0.3333,0.5,48,268,5.58,0.6459169999288861,7
gen_devops_ci_004,graphrag_style,devops/ci,synthetic,semi,errors,2,2,0,0.0,0.0,0.0,48,268,5.58,0.6459169999288861,7
gen_devops_ci_004,mem0_style,devops/ci,synthetic,semi,completed_tasks,3,2,2,1.0,0.6667,0.8,87,268,3.08,0.9307380000791454,9
gen_devops_ci_004,mem0_style,devops/ci,synthetic,semi,pending_tasks,2,1,0,0.0,0.0,0.0,87,268,3.08,0.9307380000791454,9
gen_devops_ci_004,mem0_style,devops/ci,synthetic,semi,decisions,4,3,2,0.6667,0.5,0.5714,87,268,3.08,0.9307380000791454,9
gen_devops_ci_004,mem0_style,devops/ci,synthetic,semi,files,3,1,1,1.0,0.3333,0.5,87,268,3.08,0.9307380000791454,9
gen_devops_ci_004,mem0_style,devops/ci,synthetic,semi,errors,2,2,2,1.0,1.0,1.0,87,268,3.08,0.9307380000791454,9
gen_devops_ci_004,memgpt_style,devops/ci,synthetic,semi,completed_tasks,3,1,1,1.0,0.3333,0.5,47,268,5.7,0.3703720000203248,4
gen_devops_ci_004,memgpt_style,devops/ci,synthetic,semi,pending_tasks,2,0,0,1.0,0.0,0.0,47,268,5.7,0.3703720000203248,4
gen_devops_ci_004,memgpt_style,devops/ci,synthetic,semi,decisions,4,1,1,1.0,0.25,0.4,47,268,5.7,0.3703720000203248,4
gen_devops_ci_004,memgpt_style,devops/ci,synthetic,semi,files,3,1,1,1.0,0.3333,0.5,47,268,5.7,0.3703720000203248,4
gen_devops_ci_004,memgpt_style,devops/ci,synthetic,semi,errors,2,1,1,1.0,0.5,0.6667,47,268,5.7,0.3703720000203248,4
gen_devops_ci_004,sliding_window_10,devops/ci,synthetic,semi,completed_tasks,3,11,1,0.0909,0.3333,0.1429,111,268,2.41,0.003246000005674432,11
gen_devops_ci_004,sliding_window_10,devops/ci,synthetic,semi,pending_tasks,2,11,0,0.0,0.0,0.0,111,268,2.41,0.003246000005674432,11
gen_devops_ci_004,sliding_window_10,devops/ci,synthetic,semi,decisions,4,11,2,0.1818,0.5,0.2667,111,268,2.41,0.003246000005674432,11
gen_devops_ci_004,sliding_window_10,devops/ci,synthetic,semi,files,3,11,2,0.1818,0.6667,0.2857,111,268,2.41,0.003246000005674432,11
gen_devops_ci_004,sliding_window_10,devops/ci,synthetic,semi,errors,2,11,1,0.0909,0.5,0.1538,111,268,2.41,0.003246000005674432,11
gen_devops_ci_004,naive_truncation,devops/ci,synthetic,semi,completed_tasks,3,27,3,0.1111,1.0,0.2,283,268,0.95,0.014405000001715962,27
gen_devops_ci_004,naive_truncation,devops/ci,synthetic,semi,pending_tasks,2,27,2,0.0741,1.0,0.1379,283,268,0.95,0.014405000001715962,27
gen_devops_ci_004,naive_truncation,devops/ci,synthetic,semi,decisions,4,27,4,0.1481,1.0,0.2581,283,268,0.95,0.014405000001715962,27
gen_devops_ci_004,naive_truncation,devops/ci,synthetic,semi,files,3,27,3,0.1111,1.0,0.2,283,268,0.95,0.014405000001715962,27
gen_devops_ci_004,naive_truncation,devops/ci,synthetic,semi,errors,2,27,2,0.0741,1.0,0.1379,283,268,0.95,0.014405000001715962,27
gen_devops_ci_004,naive_summary,devops/ci,synthetic,semi,completed_tasks,3,17,2,0.1176,0.6667,0.2,176,268,1.52,0.03793600001245068,17
gen_devops_ci_004,naive_summary,devops/ci,synthetic,semi,pending_tasks,2,17,2,0.1176,1.0,0.2105,176,268,1.52,0.03793600001245068,17
gen_devops_ci_004,naive_summary,devops/ci,synthetic,semi,decisions,4,17,2,0.1176,0.5,0.1905,176,268,1.52,0.03793600001245068,17
gen_devops_ci_004,naive_summary,devops/ci,synthetic,semi,files,3,17,1,0.0588,0.3333,0.1,176,268,1.52,0.03793600001245068,17
gen_devops_ci_004,naive_summary,devops/ci,synthetic,semi,errors,2,17,1,0.0588,0.5,0.1053,176,268,1.52,0.03793600001245068,17
gen_devops_ci_005,tokenmizer_v0.5.2,devops/ci,synthetic,semi,completed_tasks,7,1,1,1.0,0.1429,0.25,68,362,5.32,221.26147400001628,8
gen_devops_ci_005,tokenmizer_v0.5.2,devops/ci,synthetic,semi,pending_tasks,3,1,1,1.0,0.3333,0.5,68,362,5.32,221.26147400001628,8
gen_devops_ci_005,tokenmizer_v0.5.2,devops/ci,synthetic,semi,decisions,2,2,1,0.5,0.5,0.5,68,362,5.32,221.26147400001628,8
gen_devops_ci_005,tokenmizer_v0.5.2,devops/ci,synthetic,semi,files,3,3,3,1.0,1.0,1.0,68,362,5.32,221.26147400001628,8
gen_devops_ci_005,tokenmizer_v0.5.2,devops/ci,synthetic,semi,errors,3,1,0,0.0,0.0,0.0,68,362,5.32,221.26147400001628,8
gen_devops_ci_005,graphiti_style,devops/ci,synthetic,semi,completed_tasks,7,5,5,1.0,0.7143,0.8333,163,362,2.22,1.2045930000113003,16
gen_devops_ci_005,graphiti_style,devops/ci,synthetic,semi,pending_tasks,3,4,1,0.25,0.3333,0.2857,163,362,2.22,1.2045930000113003,16
gen_devops_ci_005,graphiti_style,devops/ci,synthetic,semi,decisions,2,3,2,0.6667,1.0,0.8,163,362,2.22,1.2045930000113003,16
gen_devops_ci_005,graphiti_style,devops/ci,synthetic,semi,files,3,1,1,1.0,0.3333,0.5,163,362,2.22,1.2045930000113003,16
gen_devops_ci_005,graphiti_style,devops/ci,synthetic,semi,errors,3,3,3,1.0,1.0,1.0,163,362,2.22,1.2045930000113003,16
gen_devops_ci_005,graphrag_style,devops/ci,synthetic,semi,completed_tasks,7,0,0,1.0,0.0,0.0,64,362,5.66,0.7128180000108841,8
gen_devops_ci_005,graphrag_style,devops/ci,synthetic,semi,pending_tasks,3,2,0,0.0,0.0,0.0,64,362,5.66,0.7128180000108841,8
gen_devops_ci_005,graphrag_style,devops/ci,synthetic,semi,decisions,2,2,2,1.0,1.0,1.0,64,362,5.66,0.7128180000108841,8
gen_devops_ci_005,graphrag_style,devops/ci,synthetic,semi,files,3,1,1,1.0,0.3333,0.5,64,362,5.66,0.7128180000108841,8
gen_devops_ci_005,graphrag_style,devops/ci,synthetic,semi,errors,3,3,2,0.6667,0.6667,0.6667,64,362,5.66,0.7128180000108841,8
gen_devops_ci_005,mem0_style,devops/ci,synthetic,semi,completed_tasks,7,5,5,1.0,0.7143,0.8333,159,362,2.28,1.2908539999898494,15
gen_devops_ci_005,mem0_style,devops/ci,synthetic,semi,pending_tasks,3,3,1,0.3333,0.3333,0.3333,159,362,2.28,1.2908539999898494,15
gen_devops_ci_005,mem0_style,devops/ci,synthetic,semi,decisions,2,3,2,0.6667,1.0,0.8,159,362,2.28,1.2908539999898494,15
gen_devops_ci_005,mem0_style,devops/ci,synthetic,semi,files,3,1,1,1.0,0.3333,0.5,159,362,2.28,1.2908539999898494,15
gen_devops_ci_005,mem0_style,devops/ci,synthetic,semi,errors,3,3,3,1.0,1.0,1.0,159,362,2.28,1.2908539999898494,15
gen_devops_ci_005,memgpt_style,devops/ci,synthetic,semi,completed_tasks,7,3,3,1.0,0.4286,0.6,71,362,5.1,0.608060999979898,5
gen_devops_ci_005,memgpt_style,devops/ci,synthetic,semi,pending_tasks,3,1,1,1.0,0.3333,0.5,71,362,5.1,0.608060999979898,5
gen_devops_ci_005,memgpt_style,devops/ci,synthetic,semi,decisions,2,0,0,1.0,0.0,0.0,71,362,5.1,0.608060999979898,5
gen_devops_ci_005,memgpt_style,devops/ci,synthetic,semi,files,3,0,0,1.0,0.0,0.0,71,362,5.1,0.608060999979898,5
gen_devops_ci_005,memgpt_style,devops/ci,synthetic,semi,errors,3,1,1,1.0,0.3333,0.5,71,362,5.1,0.608060999979898,5
gen_devops_ci_005,sliding_window_10,devops/ci,synthetic,semi,completed_tasks,7,10,3,0.3,0.4286,0.3529,98,362,3.69,0.005020000003241876,10
gen_devops_ci_005,sliding_window_10,devops/ci,synthetic,semi,pending_tasks,3,10,0,0.0,0.0,0.0,98,362,3.69,0.005020000003241876,10
gen_devops_ci_005,sliding_window_10,devops/ci,synthetic,semi,decisions,2,10,0,0.0,0.0,0.0,98,362,3.69,0.005020000003241876,10
gen_devops_ci_005,sliding_window_10,devops/ci,synthetic,semi,files,3,10,1,0.1,0.3333,0.1538,98,362,3.69,0.005020000003241876,10
gen_devops_ci_005,sliding_window_10,devops/ci,synthetic,semi,errors,3,10,1,0.1,0.3333,0.1538,98,362,3.69,0.005020000003241876,10
gen_devops_ci_005,naive_truncation,devops/ci,synthetic,semi,completed_tasks,7,29,7,0.2414,1.0,0.3889,310,362,1.17,0.020736000010401767,29
gen_devops_ci_005,naive_truncation,devops/ci,synthetic,semi,pending_tasks,3,29,3,0.1034,1.0,0.1875,310,362,1.17,0.020736000010401767,29
gen_devops_ci_005,naive_truncation,devops/ci,synthetic,semi,decisions,2,29,1,0.0345,0.5,0.0645,310,362,1.17,0.020736000010401767,29
gen_devops_ci_005,naive_truncation,devops/ci,synthetic,semi,files,3,29,3,0.1034,1.0,0.1875,310,362,1.17,0.020736000010401767,29
gen_devops_ci_005,naive_truncation,devops/ci,synthetic,semi,errors,3,29,2,0.069,0.6667,0.125,310,362,1.17,0.020736000010401767,29
gen_devops_ci_005,naive_summary,devops/ci,synthetic,semi,completed_tasks,7,15,1,0.0667,0.1429,0.0909,172,362,2.1,0.18453799998496834,15
gen_devops_ci_005,naive_summary,devops/ci,synthetic,semi,pending_tasks,3,15,1,0.0667,0.3333,0.1111,172,362,2.1,0.18453799998496834,15
gen_devops_ci_005,naive_summary,devops/ci,synthetic,semi,decisions,2,15,2,0.1333,1.0,0.2353,172,362,2.1,0.18453799998496834,15
gen_devops_ci_005,naive_summary,devops/ci,synthetic,semi,files,3,15,0,0.0,0.0,0.0,172,362,2.1,0.18453799998496834,15
gen_devops_ci_005,naive_summary,devops/ci,synthetic,semi,errors,3,15,2,0.1333,0.6667,0.2222,172,362,2.1,0.18453799998496834,15
gen_devops_kubernetes_001,tokenmizer_v0.5.2,devops/kubernetes,synthetic,implicit,completed_tasks,7,0,0,1.0,0.0,0.0,55,514,9.35,219.73602000002757,5
gen_devops_kubernetes_001,tokenmizer_v0.5.2,devops/kubernetes,synthetic,implicit,pending_tasks,4,1,0,0.0,0.0,0.0,55,514,9.35,219.73602000002757,5
gen_devops_kubernetes_001,tokenmizer_v0.5.2,devops/kubernetes,synthetic,implicit,decisions,2,1,0,0.0,0.0,0.0,55,514,9.35,219.73602000002757,5
gen_devops_kubernetes_001,tokenmizer_v0.5.2,devops/kubernetes,synthetic,implicit,files,2,2,2,1.0,1.0,1.0,55,514,9.35,219.73602000002757,5
gen_devops_kubernetes_001,tokenmizer_v0.5.2,devops/kubernetes,synthetic,implicit,errors,2,1,0,0.0,0.0,0.0,55,514,9.35,219.73602000002757,5
gen_devops_kubernetes_001,graphiti_style,devops/kubernetes,synthetic,implicit,completed_tasks,7,0,0,1.0,0.0,0.0,20,514,25.7,1.6176770000129181,3
gen_devops_kubernetes_001,graphiti_style,devops/kubernetes,synthetic,implicit,pending_tasks,4,1,0,0.0,0.0,0.0,20,514,25.7,1.6176770000129181,3
gen_devops_kubernetes_001,graphiti_style,devops/kubernetes,synthetic,implicit,decisions,2,0,0,1.0,0.0,0.0,20,514,25.7,1.6176770000129181,3
gen_devops_kubernetes_001,graphiti_style,devops/kubernetes,synthetic,implicit,files,2,2,2,1.0,1.0,1.0,20,514,25.7,1.6176770000129181,3
gen_devops_kubernetes_001,graphiti_style,devops/kubernetes,synthetic,implicit,errors,2,0,0,1.0,0.0,0.0,20,514,25.7,1.6176770000129181,3
gen_devops_kubernetes_001,graphrag_style,devops/kubernetes,synthetic,implicit,completed_tasks,7,0,0,1.0,0.0,0.0,47,514,10.94,1.0135050000599222,5
gen_devops_kubernetes_001,graphrag_style,devops/kubernetes,synthetic,implicit,pending_tasks,4,1,0,0.0,0.0,0.0,47,514,10.94,1.0135050000599222,5
gen_devops_kubernetes_001,graphrag_style,devops/kubernetes,synthetic,implicit,decisions,2,0,0,1.0,0.0,0.0,47,514,10.94,1.0135050000599222,5
gen_devops_kubernetes_001,graphrag_style,devops/kubernetes,synthetic,implicit,files,2,2,2,1.0,1.0,1.0,47,514,10.94,1.0135050000599222,5
gen_devops_kubernetes_001,graphrag_style,devops/kubernetes,synthetic,implicit,errors,2,2,0,0.0,0.0,0.0,47,514,10.94,1.0135050000599222,5
gen_devops_kubernetes_001,mem0_style,devops/kubernetes,synthetic,implicit,completed_tasks,7,0,0,1.0,0.0,0.0,19,514,27.05,1.6027489999714817,3
gen_devops_kubernetes_001,mem0_style,devops/kubernetes,synthetic,implicit,pending_tasks,4,1,0,0.0,0.0,0.0,19,514,27.05,1.6027489999714817,3
gen_devops_kubernetes_001,mem0_style,devops/kubernetes,synthetic,implicit,decisions,2,0,0,1.0,0.0,0.0,19,514,27.05,1.6027489999714817,3
gen_devops_kubernetes_001,mem0_style,devops/kubernetes,synthetic,implicit,files,2,2,2,1.0,1.0,1.0,19,514,27.05,1.6027489999714817,3
gen_devops_kubernetes_001,mem0_style,devops/kubernetes,synthetic,implicit,errors,2,0,0,1.0,0.0,0.0,19,514,27.05,1.6027489999714817,3
gen_devops_kubernetes_001,memgpt_style,devops/kubernetes,synthetic,implicit,completed_tasks,7,0,0,1.0,0.0,0.0,14,514,36.71,0.712630999942121,2
gen_devops_kubernetes_001,memgpt_style,devops/kubernetes,synthetic,implicit,pending_tasks,4,1,0,0.0,0.0,0.0,14,514,36.71,0.712630999942121,2
gen_devops_kubernetes_001,memgpt_style,devops/kubernetes,synthetic,implicit,decisions,2,0,0,1.0,0.0,0.0,14,514,36.71,0.712630999942121,2
gen_devops_kubernetes_001,memgpt_style,devops/kubernetes,synthetic,implicit,files,2,1,1,1.0,0.5,0.6667,14,514,36.71,0.712630999942121,2
gen_devops_kubernetes_001,memgpt_style,devops/kubernetes,synthetic,implicit,errors,2,0,0,1.0,0.0,0.0,14,514,36.71,0.712630999942121,2
gen_devops_kubernetes_001,sliding_window_10,devops/kubernetes,synthetic,implicit,completed_tasks,7,12,2,0.1667,0.2857,0.2105,199,514,2.58,0.004945999990013661,12
gen_devops_kubernetes_001,sliding_window_10,devops/kubernetes,synthetic,implicit,pending_tasks,4,12,3,0.25,0.75,0.375,199,514,2.58,0.004945999990013661,12
gen_devops_kubernetes_001,sliding_window_10,devops/kubernetes,synthetic,implicit,decisions,2,12,0,0.0,0.0,0.0,199,514,2.58,0.004945999990013661,12
gen_devops_kubernetes_001,sliding_window_10,devops/kubernetes,synthetic,implicit,files,2,12,1,0.0833,0.5,0.1429,199,514,2.58,0.004945999990013661,12
gen_devops_kubernetes_001,sliding_window_10,devops/kubernetes,synthetic,implicit,errors,2,12,1,0.0833,0.5,0.1429,199,514,2.58,0.004945999990013661,12
gen_devops_kubernetes_001,naive_truncation,devops/kubernetes,synthetic,implicit,completed_tasks,7,17,2,0.1176,0.2857,0.1667,285,514,1.8,0.017430000070817186,17
gen_devops_kubernetes_001,naive_truncation,devops/kubernetes,synthetic,implicit,pending_tasks,4,17,4,0.2353,1.0,0.381,285,514,1.8,0.017430000070817186,17
gen_devops_kubernetes_001,naive_truncation,devops/kubernetes,synthetic,implicit,decisions,2,17,1,0.0588,0.5,0.1053,285,514,1.8,0.017430000070817186,17
gen_devops_kubernetes_001,naive_truncation,devops/kubernetes,synthetic,implicit,files,2,17,2,0.1176,1.0,0.2105,285,514,1.8,0.017430000070817186,17
gen_devops_kubernetes_001,naive_truncation,devops/kubernetes,synthetic,implicit,errors,2,17,1,0.0588,0.5,0.1053,285,514,1.8,0.017430000070817186,17
gen_devops_kubernetes_001,naive_summary,devops/kubernetes,synthetic,implicit,completed_tasks,7,11,3,0.2727,0.4286,0.3333,178,514,2.89,0.06016600002567429,11
gen_devops_kubernetes_001,naive_summary,devops/kubernetes,synthetic,implicit,pending_tasks,4,11,0,0.0,0.0,0.0,178,514,2.89,0.06016600002567429,11
gen_devops_kubernetes_001,naive_summary,devops/kubernetes,synthetic,implicit,decisions,2,11,0,0.0,0.0,0.0,178,514,2.89,0.06016600002567429,11
gen_devops_kubernetes_001,naive_summary,devops/kubernetes,synthetic,implicit,files,2,11,0,0.0,0.0,0.0,178,514,2.89,0.06016600002567429,11
gen_devops_kubernetes_001,naive_summary,devops/kubernetes,synthetic,implicit,errors,2,11,1,0.0909,0.5,0.1538,178,514,2.89,0.06016600002567429,11
gen_devops_kubernetes_002,tokenmizer_v0.5.2,devops/kubernetes,synthetic,implicit,completed_tasks,6,0,0,1.0,0.0,0.0,42,435,10.36,218.07955000008405,5
gen_devops_kubernetes_002,tokenmizer_v0.5.2,devops/kubernetes,synthetic,implicit,pending_tasks,1,0,0,1.0,0.0,0.0,42,435,10.36,218.07955000008405,5
gen_devops_kubernetes_002,tokenmizer_v0.5.2,devops/kubernetes,synthetic,implicit,decisions,3,1,0,0.0,0.0,0.0,42,435,10.36,218.07955000008405,5
gen_devops_kubernetes_002,tokenmizer_v0.5.2,devops/kubernetes,synthetic,implicit,files,3,3,3,1.0,1.0,1.0,42,435,10.36,218.07955000008405,5
gen_devops_kubernetes_002,tokenmizer_v0.5.2,devops/kubernetes,synthetic,implicit,errors,3,1,0,0.0,0.0,0.0,42,435,10.36,218.07955000008405,5
gen_devops_kubernetes_002,graphiti_style,devops/kubernetes,synthetic,implicit,completed_tasks,6,0,0,1.0,0.0,0.0,32,435,13.59,1.530838999997286,6
gen_devops_kubernetes_002,graphiti_style,devops/kubernetes,synthetic,implicit,pending_tasks,1,2,0,0.0,0.0,0.0,32,435,13.59,1.530838999997286,6
gen_devops_kubernetes_002,graphiti_style,devops/kubernetes,synthetic,implicit,decisions,3,1,0,0.0,0.0,0.0,32,435,13.59,1.530838999997286,6
gen_devops_kubernetes_002,graphiti_style,devops/kubernetes,synthetic,implicit,files,3,3,3,1.0,1.0,1.0,32,435,13.59,1.530838999997286,6
gen_devops_kubernetes_002,graphiti_style,devops/kubernetes,synthetic,implicit,errors,3,0,0,1.0,0.0,0.0,32,435,13.59,1.530838999997286,6
gen_devops_kubernetes_002,graphrag_style,devops/kubernetes,synthetic,implicit,completed_tasks,6,0,0,1.0,0.0,0.0,41,435,10.61,0.7870640000646745,6
gen_devops_kubernetes_002,graphrag_style,devops/kubernetes,synthetic,implicit,pending_tasks,1,2,0,0.0,0.0,0.0,41,435,10.61,0.7870640000646745,6
gen_devops_kubernetes_002,graphrag_style,devops/kubernetes,synthetic,implicit,decisions,3,0,0,1.0,0.0,0.0,41,435,10.61,0.7870640000646745,6
gen_devops_kubernetes_002,graphrag_style,devops/kubernetes,synthetic,implicit,files,3,3,3,1.0,1.0,1.0,41,435,10.61,0.7870640000646745,6
gen_devops_kubernetes_002,graphrag_style,devops/kubernetes,synthetic,implicit,errors,3,1,0,0.0,0.0,0.0,41,435,10.61,0.7870640000646745,6
gen_devops_kubernetes_002,mem0_style,devops/kubernetes,synthetic,implicit,completed_tasks,6,0,0,1.0,0.0,0.0,31,435,14.03,1.3988100000688064,6
gen_devops_kubernetes_002,mem0_style,devops/kubernetes,synthetic,implicit,pending_tasks,1,2,0,0.0,0.0,0.0,31,435,14.03,1.3988100000688064,6
gen_devops_kubernetes_002,mem0_style,devops/kubernetes,synthetic,implicit,decisions,3,1,0,0.0,0.0,0.0,31,435,14.03,1.3988100000688064,6
gen_devops_kubernetes_002,mem0_style,devops/kubernetes,synthetic,implicit,files,3,3,3,1.0,1.0,1.0,31,435,14.03,1.3988100000688064,6
gen_devops_kubernetes_002,mem0_style,devops/kubernetes,synthetic,implicit,errors,3,0,0,1.0,0.0,0.0,31,435,14.03,1.3988100000688064,6
gen_devops_kubernetes_002,memgpt_style,devops/kubernetes,synthetic,implicit,completed_tasks,6,0,0,1.0,0.0,0.0,19,435,22.89,0.6448809999710647,3
gen_devops_kubernetes_002,memgpt_style,devops/kubernetes,synthetic,implicit,pending_tasks,1,1,0,0.0,0.0,0.0,19,435,22.89,0.6448809999710647,3
gen_devops_kubernetes_002,memgpt_style,devops/kubernetes,synthetic,implicit,decisions,3,1,0,0.0,0.0,0.0,19,435,22.89,0.6448809999710647,3
gen_devops_kubernetes_002,memgpt_style,devops/kubernetes,synthetic,implicit,files,3,1,1,1.0,0.3333,0.5,19,435,22.89,0.6448809999710647,3
gen_devops_kubernetes_002,memgpt_style,devops/kubernetes,synthetic,implicit,errors,3,0,0,1.0,0.0,0.0,19,435,22.89,0.6448809999710647,3
gen_devops_kubernetes_002,sliding_window_10,devops/kubernetes,synthetic,implicit,completed_tasks,6,12,2,0.1667,0.3333,0.2222,192,435,2.27,0.004392000050756906,12
gen_devops_kubernetes_002,sliding_window_10,devops/kubernetes,synthetic,implicit,pending_tasks,1,12,0,0.0,0.0,0.0,192,435,2.27,0.004392000050756906,12
gen_devops_kubernetes_002,sliding_window_10,devops/kubernetes,synthetic,implicit,decisions,3,12,3,0.25,1.0,0.4,192,435,2.27,0.004392000050756906,12
gen_devops_kubernetes_002,sliding_window_10,devops/kubernetes,synthetic,implicit,files,3,12,1,0.0833,0.3333,0.1333,192,435,2.27,0.004392000050756906,12
gen_devops_kubernetes_002,sliding_window_10,devops/kubernetes,synthetic,implicit,errors,3,12,1,0.0833,0.3333,0.1333,192,435,2.27,0.004392000050756906,12
gen_devops_kubernetes_002,naive_truncation,devops/kubernetes,synthetic,implicit,completed_tasks,6,19,5,0.2632,0.8333,0.4,304,435,1.43,0.0142489999461759,19
gen_devops_kubernetes_002,naive_truncation,devops/kubernetes,synthetic,implicit,pending_tasks,1,19,0,0.0,0.0,0.0,304,435,1.43,0.0142489999461759,19
gen_devops_kubernetes_002,naive_truncation,devops/kubernetes,synthetic,implicit,decisions,3,19,3,0.1579,1.0,0.2727,304,435,1.43,0.0142489999461759,19
gen_devops_kubernetes_002,naive_truncation,devops/kubernetes,synthetic,implicit,files,3,19,1,0.0526,0.3333,0.0909,304,435,1.43,0.0142489999461759,19
gen_devops_kubernetes_002,naive_truncation,devops/kubernetes,synthetic,implicit,errors,3,19,2,0.1053,0.6667,0.1818,304,435,1.43,0.0142489999461759,19
gen_devops_kubernetes_002,naive_summary,devops/kubernetes,synthetic,implicit,completed_tasks,6,13,2,0.1538,0.3333,0.2105,178,435,2.44,0.05680899994331412,13
gen_devops_kubernetes_002,naive_summary,devops/kubernetes,synthetic,implicit,pending_tasks,1,13,1,0.0769,1.0,0.1429,178,435,2.44,0.05680899994331412,13
gen_devops_kubernetes_002,naive_summary,devops/kubernetes,synthetic,implicit,decisions,3,13,0,0.0,0.0,0.0,178,435,2.44,0.05680899994331412,13
gen_devops_kubernetes_002,naive_summary,devops/kubernetes,synthetic,implicit,files,3,13,2,0.1538,0.6667,0.25,178,435,2.44,0.05680899994331412,13
gen_devops_kubernetes_002,naive_summary,devops/kubernetes,synthetic,implicit,errors,3,13,1,0.0769,0.3333,0.125,178,435,2.44,0.05680899994331412,13
gen_devops_kubernetes_003,tokenmizer_v0.5.2,devops/kubernetes,synthetic,implicit,completed_tasks,3,0,0,1.0,0.0,0.0,16,312,19.5,204.66157099997417,2
gen_devops_kubernetes_003,tokenmizer_v0.5.2,devops/kubernetes,synthetic,implicit,pending_tasks,1,0,0,1.0,0.0,0.0,16,312,19.5,204.66157099997417,2
gen_devops_kubernetes_003,tokenmizer_v0.5.2,devops/kubernetes,synthetic,implicit,decisions,4,0,0,1.0,0.0,0.0,16,312,19.5,204.66157099997417,2
gen_devops_kubernetes_003,tokenmizer_v0.5.2,devops/kubernetes,synthetic,implicit,files,2,2,2,1.0,1.0,1.0,16,312,19.5,204.66157099997417,2
gen_devops_kubernetes_003,tokenmizer_v0.5.2,devops/kubernetes,synthetic,implicit,errors,1,0,0,1.0,0.0,0.0,16,312,19.5,204.66157099997417,2
gen_devops_kubernetes_003,graphiti_style,devops/kubernetes,synthetic,implicit,completed_tasks,3,0,0,1.0,0.0,0.0,24,312,13.0,1.0915330000216272,3
gen_devops_kubernetes_003,graphiti_style,devops/kubernetes,synthetic,implicit,pending_tasks,1,0,0,1.0,0.0,0.0,24,312,13.0,1.0915330000216272,3
gen_devops_kubernetes_003,graphiti_style,devops/kubernetes,synthetic,implicit,decisions,4,1,0,0.0,0.0,0.0,24,312,13.0,1.0915330000216272,3
gen_devops_kubernetes_003,graphiti_style,devops/kubernetes,synthetic,implicit,files,2,2,2,1.0,1.0,1.0,24,312,13.0,1.0915330000216272,3
gen_devops_kubernetes_003,graphiti_style,devops/kubernetes,synthetic,implicit,errors,1,0,0,1.0,0.0,0.0,24,312,13.0,1.0915330000216272,3
gen_devops_kubernetes_003,graphrag_style,devops/kubernetes,synthetic,implicit,completed_tasks,3,0,0,1.0,0.0,0.0,38,312,8.21,0.5336969999234498,4
gen_devops_kubernetes_003,graphrag_style,devops/kubernetes,synthetic,implicit,pending_tasks,1,0,0,1.0,0.0,0.0,38,312,8.21,0.5336969999234498,4
gen_devops_kubernetes_003,graphrag_style,devops/kubernetes,synthetic,implicit,decisions,4,1,0,0.0,0.0,0.0,38,312,8.21,0.5336969999234498,4
gen_devops_kubernetes_003,graphrag_style,devops/kubernetes,synthetic,implicit,files,2,2,2,1.0,1.0,1.0,38,312,8.21,0.5336969999234498,4
gen_devops_kubernetes_003,graphrag_style,devops/kubernetes,synthetic,implicit,errors,1,1,0,0.0,0.0,0.0,38,312,8.21,0.5336969999234498,4
gen_devops_kubernetes_003,mem0_style,devops/kubernetes,synthetic,implicit,completed_tasks,3,0,0,1.0,0.0,0.0,23,312,13.57,1.0317410000197924,3
gen_devops_kubernetes_003,mem0_style,devops/kubernetes,synthetic,implicit,pending_tasks,1,0,0,1.0,0.0,0.0,23,312,13.57,1.0317410000197924,3
gen_devops_kubernetes_003,mem0_style,devops/kubernetes,synthetic,implicit,decisions,4,1,0,0.0,0.0,0.0,23,312,13.57,1.0317410000197924,3
gen_devops_kubernetes_003,mem0_style,devops/kubernetes,synthetic,implicit,files,2,2,2,1.0,1.0,1.0,23,312,13.57,1.0317410000197924,3
gen_devops_kubernetes_003,mem0_style,devops/kubernetes,synthetic,implicit,errors,1,0,0,1.0,0.0,0.0,23,312,13.57,1.0317410000197924,3
gen_devops_kubernetes_003,memgpt_style,devops/kubernetes,synthetic,implicit,completed_tasks,3,0,0,1.0,0.0,0.0,7,312,44.57,0.409138999998504,1
gen_devops_kubernetes_003,memgpt_style,devops/kubernetes,synthetic,implicit,pending_tasks,1,0,0,1.0,0.0,0.0,7,312,44.57,0.409138999998504,1
gen_devops_kubernetes_003,memgpt_style,devops/kubernetes,synthetic,implicit,decisions,4,1,0,0.0,0.0,0.0,7,312,44.57,0.409138999998504,1
gen_devops_kubernetes_003,memgpt_style,devops/kubernetes,synthetic,implicit,files,2,0,0,1.0,0.0,0.0,7,312,44.57,0.409138999998504,1
gen_devops_kubernetes_003,memgpt_style,devops/kubernetes,synthetic,implicit,errors,1,0,0,1.0,0.0,0.0,7,312,44.57,0.409138999998504,1
gen_devops_kubernetes_003,sliding_window_10,devops/kubernetes,synthetic,implicit,completed_tasks,3,11,2,0.1818,0.6667,0.2857,167,312,1.87,0.0040900000612964504,11
gen_devops_kubernetes_003,sliding_window_10,devops/kubernetes,synthetic,implicit,pending_tasks,1,11,0,0.0,0.0,0.0,167,312,1.87,0.0040900000612964504,11
gen_devops_kubernetes_003,sliding_window_10,devops/kubernetes,synthetic,implicit,decisions,4,11,3,0.2727,0.75,0.4,167,312,1.87,0.0040900000612964504,11
gen_devops_kubernetes_003,sliding_window_10,devops/kubernetes,synthetic,implicit,files,2,11,1,0.0909,0.5,0.1538,167,312,1.87,0.0040900000612964504,11
gen_devops_kubernetes_003,sliding_window_10,devops/kubernetes,synthetic,implicit,errors,1,11,0,0.0,0.0,0.0,167,312,1.87,0.0040900000612964504,11
gen_devops_kubernetes_003,naive_truncation,devops/kubernetes,synthetic,implicit,completed_tasks,3,19,3,0.1579,1.0,0.2727,301,312,1.04,0.015834999999242427,19
gen_devops_kubernetes_003,naive_truncation,devops/kubernetes,synthetic,implicit,pending_tasks,1,19,1,0.0526,1.0,0.1,301,312,1.04,0.015834999999242427,19
gen_devops_kubernetes_003,naive_truncation,devops/kubernetes,synthetic,implicit,decisions,4,19,4,0.2105,1.0,0.3478,301,312,1.04,0.015834999999242427,19
gen_devops_kubernetes_003,naive_truncation,devops/kubernetes,synthetic,implicit,files,2,19,2,0.1053,1.0,0.1905,301,312,1.04,0.015834999999242427,19
gen_devops_kubernetes_003,naive_truncation,devops/kubernetes,synthetic,implicit,errors,1,19,1,0.0526,1.0,0.1,301,312,1.04,0.015834999999242427,19
gen_devops_kubernetes_003,naive_summary,devops/kubernetes,synthetic,implicit,completed_tasks,3,12,2,0.1667,0.6667,0.2667,182,312,1.71,0.043215999994572485,12
gen_devops_kubernetes_003,naive_summary,devops/kubernetes,synthetic,implicit,pending_tasks,1,12,1,0.0833,1.0,0.1538,182,312,1.71,0.043215999994572485,12
gen_devops_kubernetes_003,naive_summary,devops/kubernetes,synthetic,implicit,decisions,4,12,1,0.0833,0.25,0.125,182,312,1.71,0.043215999994572485,12
gen_devops_kubernetes_003,naive_summary,devops/kubernetes,synthetic,implicit,files,2,12,2,0.0833,1.0,0.1538,182,312,1.71,0.043215999994572485,12
gen_devops_kubernetes_003,naive_summary,devops/kubernetes,synthetic,implicit,errors,1,12,1,0.0833,1.0,0.1538,182,312,1.71,0.043215999994572485,12
gen_devops_kubernetes_004,tokenmizer_v0.5.2,devops/kubernetes,synthetic,implicit,completed_tasks,7,0,0,1.0,0.0,0.0,51,590,11.57,219.20253100006448,8
gen_devops_kubernetes_004,tokenmizer_v0.5.2,devops/kubernetes,synthetic,implicit,pending_tasks,4,1,0,0.0,0.0,0.0,51,590,11.57,219.20253100006448,8
gen_devops_kubernetes_004,tokenmizer_v0.5.2,devops/kubernetes,synthetic,implicit,decisions,3,0,0,1.0,0.0,0.0,51,590,11.57,219.20253100006448,8
gen_devops_kubernetes_004,tokenmizer_v0.5.2,devops/kubernetes,synthetic,implicit,files,6,6,6,1.0,1.0,1.0,51,590,11.57,219.20253100006448,8
gen_devops_kubernetes_004,tokenmizer_v0.5.2,devops/kubernetes,synthetic,implicit,errors,2,1,0,0.0,0.0,0.0,51,590,11.57,219.20253100006448,8
gen_devops_kubernetes_004,graphiti_style,devops/kubernetes,synthetic,implicit,completed_tasks,7,0,0,1.0,0.0,0.0,41,590,14.39,1.8637260000105016,8
gen_devops_kubernetes_004,graphiti_style,devops/kubernetes,synthetic,implicit,pending_tasks,4,2,0,0.0,0.0,0.0,41,590,14.39,1.8637260000105016,8
gen_devops_kubernetes_004,graphiti_style,devops/kubernetes,synthetic,implicit,decisions,3,1,0,0.0,0.0,0.0,41,590,14.39,1.8637260000105016,8
gen_devops_kubernetes_004,graphiti_style,devops/kubernetes,synthetic,implicit,files,6,5,5,1.0,0.8333,0.9091,41,590,14.39,1.8637260000105016,8
gen_devops_kubernetes_004,graphiti_style,devops/kubernetes,synthetic,implicit,errors,2,0,0,1.0,0.0,0.0,41,590,14.39,1.8637260000105016,8
gen_devops_kubernetes_004,graphrag_style,devops/kubernetes,synthetic,implicit,completed_tasks,7,0,0,1.0,0.0,0.0,55,590,10.73,1.1168429999770524,9
gen_devops_kubernetes_004,graphrag_style,devops/kubernetes,synthetic,implicit,pending_tasks,4,2,0,0.0,0.0,0.0,55,590,10.73,1.1168429999770524,9
gen_devops_kubernetes_004,graphrag_style,devops/kubernetes,synthetic,implicit,decisions,3,1,0,0.0,0.0,0.0,55,590,10.73,1.1168429999770524,9
gen_devops_kubernetes_004,graphrag_style,devops/kubernetes,synthetic,implicit,files,6,5,5,1.0,0.8333,0.9091,55,590,10.73,1.1168429999770524,9
gen_devops_kubernetes_004,graphrag_style,devops/kubernetes,synthetic,implicit,errors,2,1,0,0.0,0.0,0.0,55,590,10.73,1.1168429999770524,9
gen_devops_kubernetes_004,mem0_style,devops/kubernetes,synthetic,implicit,completed_tasks,7,0,0,1.0,0.0,0.0,40,590,14.75,1.8388649999678819,8
gen_devops_kubernetes_004,mem0_style,devops/kubernetes,synthetic,implicit,pending_tasks,4,2,0,0.0,0.0,0.0,40,590,14.75,1.8388649999678819,8
gen_devops_kubernetes_004,mem0_style,devops/kubernetes,synthetic,implicit,decisions,3,1,0,0.0,0.0,0.0,40,590,14.75,1.8388649999678819,8
gen_devops_kubernetes_004,mem0_style,devops/kubernetes,synthetic,implicit,files,6,5,5,1.0,0.8333,0.9091,40,590,14.75,1.8388649999678819,8
gen_devops_kubernetes_004,mem0_style,devops/kubernetes,synthetic,implicit,errors,2,0,0,1.0,0.0,0.0,40,590,14.75,1.8388649999678819,8
gen_devops_kubernetes_004,memgpt_style,devops/kubernetes,synthetic,implicit,completed_tasks,7,0,0,1.0,0.0,0.0,23,590,25.65,0.8468680000532913,4
gen_devops_kubernetes_004,memgpt_style,devops/kubernetes,synthetic,implicit,pending_tasks,4,0,0,1.0,0.0,0.0,23,590,25.65,0.8468680000532913,4
gen_devops_kubernetes_004,memgpt_style,devops/kubernetes,synthetic,implicit,decisions,3,0,0,1.0,0.0,0.0,23,590,25.65,0.8468680000532913,4
gen_devops_kubernetes_004,memgpt_style,devops/kubernetes,synthetic,implicit,files,6,4,4,1.0,0.6667,0.8,23,590,25.65,0.8468680000532913,4
gen_devops_kubernetes_004,memgpt_style,devops/kubernetes,synthetic,implicit,errors,2,0,0,1.0,0.0,0.0,23,590,25.65,0.8468680000532913,4
gen_devops_kubernetes_004,sliding_window_10,devops/kubernetes,synthetic,implicit,completed_tasks,7,13,1,0.0769,0.1429,0.1,207,590,2.85,0.00418299998727889,13
gen_devops_kubernetes_004,sliding_window_10,devops/kubernetes,synthetic,implicit,pending_tasks,4,13,1,0.0769,0.25,0.1176,207,590,2.85,0.00418299998727889,13
gen_devops_kubernetes_004,sliding_window_10,devops/kubernetes,synthetic,implicit,decisions,3,13,1,0.0769,0.3333,0.125,207,590,2.85,0.00418299998727889,13
gen_devops_kubernetes_004,sliding_window_10,devops/kubernetes,synthetic,implicit,files,6,13,3,0.2308,0.5,0.3158,207,590,2.85,0.00418299998727889,13
gen_devops_kubernetes_004,sliding_window_10,devops/kubernetes,synthetic,implicit,errors,2,13,2,0.1538,1.0,0.2667,207,590,2.85,0.00418299998727889,13
gen_devops_kubernetes_004,naive_truncation,devops/kubernetes,synthetic,implicit,completed_tasks,7,19,2,0.1053,0.2857,0.1538,296,590,1.99,0.01563600005738408,19
gen_devops_kubernetes_004,naive_truncation,devops/kubernetes,synthetic,implicit,pending_tasks,4,19,2,0.1053,0.5,0.1739,296,590,1.99,0.01563600005738408,19
gen_devops_kubernetes_004,naive_truncation,devops/kubernetes,synthetic,implicit,decisions,3,19,1,0.0526,0.3333,0.0909,296,590,1.99,0.01563600005738408,19
gen_devops_kubernetes_004,naive_truncation,devops/kubernetes,synthetic,implicit,files,6,19,4,0.2105,0.6667,0.32,296,590,1.99,0.01563600005738408,19
gen_devops_kubernetes_004,naive_truncation,devops/kubernetes,synthetic,implicit,errors,2,19,2,0.1053,1.0,0.1905,296,590,1.99,0.01563600005738408,19
gen_devops_kubernetes_004,naive_summary,devops/kubernetes,synthetic,implicit,completed_tasks,7,13,2,0.1538,0.2857,0.2,182,590,3.24,0.07006800001363445,13
gen_devops_kubernetes_004,naive_summary,devops/kubernetes,synthetic,implicit,pending_tasks,4,13,2,0.1538,0.5,0.2353,182,590,3.24,0.07006800001363445,13
gen_devops_kubernetes_004,naive_summary,devops/kubernetes,synthetic,implicit,decisions,3,13,1,0.0769,0.3333,0.125,182,590,3.24,0.07006800001363445,13
gen_devops_kubernetes_004,naive_summary,devops/kubernetes,synthetic,implicit,files,6,13,1,0.0769,0.1667,0.1053,182,590,3.24,0.07006800001363445,13
gen_devops_kubernetes_004,naive_summary,devops/kubernetes,synthetic,implicit,errors,2,13,0,0.0,0.0,0.0,182,590,3.24,0.07006800001363445,13
gen_devops_kubernetes_005,tokenmizer_v0.5.2,devops/kubernetes,synthetic,implicit,completed_tasks,7,0,0,1.0,0.0,0.0,38,480,12.63,214.5007980000173,6
gen_devops_kubernetes_005,tokenmizer_v0.5.2,devops/kubernetes,synthetic,implicit,pending_tasks,1,0,0,1.0,0.0,0.0,38,480,12.63,214.5007980000173,6
gen_devops_kubernetes_005,tokenmizer_v0.5.2,devops/kubernetes,synthetic,implicit,decisions,4,0,0,1.0,0.0,0.0,38,480,12.63,214.5007980000173,6
gen_devops_kubernetes_005,tokenmizer_v0.5.2,devops/kubernetes,synthetic,implicit,files,5,5,5,1.0,1.0,1.0,38,480,12.63,214.5007980000173,6
gen_devops_kubernetes_005,tokenmizer_v0.5.2,devops/kubernetes,synthetic,implicit,errors,1,1,0,0.0,0.0,0.0,38,480,12.63,214.5007980000173,6
gen_devops_kubernetes_005,graphiti_style,devops/kubernetes,synthetic,implicit,completed_tasks,7,0,0,1.0,0.0,0.0,42,480,11.43,1.6084399999272136,8
gen_devops_kubernetes_005,graphiti_style,devops/kubernetes,synthetic,implicit,pending_tasks,1,2,0,0.0,0.0,0.0,42,480,11.43,1.6084399999272136,8
gen_devops_kubernetes_005,graphiti_style,devops/kubernetes,synthetic,implicit,decisions,4,1,0,0.0,0.0,0.0,42,480,11.43,1.6084399999272136,8
gen_devops_kubernetes_005,graphiti_style,devops/kubernetes,synthetic,implicit,files,5,5,5,1.0,1.0,1.0,42,480,11.43,1.6084399999272136,8
gen_devops_kubernetes_005,graphiti_style,devops/kubernetes,synthetic,implicit,errors,1,0,0,1.0,0.0,0.0,42,480,11.43,1.6084399999272136,8
gen_devops_kubernetes_005,graphrag_style,devops/kubernetes,synthetic,implicit,completed_tasks,7,0,0,1.0,0.0,0.0,38,480,12.63,0.8584770000652497,7
gen_devops_kubernetes_005,graphrag_style,devops/kubernetes,synthetic,implicit,pending_tasks,1,2,0,0.0,0.0,0.0,38,480,12.63,0.8584770000652497,7
gen_devops_kubernetes_005,graphrag_style,devops/kubernetes,synthetic,implicit,decisions,4,0,0,1.0,0.0,0.0,38,480,12.63,0.8584770000652497,7
gen_devops_kubernetes_005,graphrag_style,devops/kubernetes,synthetic,implicit,files,5,5,5,1.0,1.0,1.0,38,480,12.63,0.8584770000652497,7
gen_devops_kubernetes_005,graphrag_style,devops/kubernetes,synthetic,implicit,errors,1,0,0,1.0,0.0,0.0,38,480,12.63,0.8584770000652497,7
gen_devops_kubernetes_005,mem0_style,devops/kubernetes,synthetic,implicit,completed_tasks,7,0,0,1.0,0.0,0.0,41,480,11.71,1.5977629999497367,8
gen_devops_kubernetes_005,mem0_style,devops/kubernetes,synthetic,implicit,pending_tasks,1,2,0,0.0,0.0,0.0,41,480,11.71,1.5977629999497367,8
gen_devops_kubernetes_005,mem0_style,devops/kubernetes,synthetic,implicit,decisions,4,1,0,0.0,0.0,0.0,41,480,11.71,1.5977629999497367,8
gen_devops_kubernetes_005,mem0_style,devops/kubernetes,synthetic,implicit,files,5,5,5,1.0,1.0,1.0,41,480,11.71,1.5977629999497367,8
gen_devops_kubernetes_005,mem0_style,devops/kubernetes,synthetic,implicit,errors,1,0,0,1.0,0.0,0.0,41,480,11.71,1.5977629999497367,8
gen_devops_kubernetes_005,memgpt_style,devops/kubernetes,synthetic,implicit,completed_tasks,7,0,0,1.0,0.0,0.0,24,480,20.0,0.6935999999768683,4
gen_devops_kubernetes_005,memgpt_style,devops/kubernetes,synthetic,implicit,pending_tasks,1,1,0,0.0,0.0,0.0,24,480,20.0,0.6935999999768683,4
gen_devops_kubernetes_005,memgpt_style,devops/kubernetes,synthetic,implicit,decisions,4,0,0,1.0,0.0,0.0,24,480,20.0,0.6935999999768683,4
gen_devops_kubernetes_005,memgpt_style,devops/kubernetes,synthetic,implicit,files,5,3,3,1.0,0.6,0.75,24,480,20.0,0.6935999999768683,4
gen_devops_kubernetes_005,memgpt_style,devops/kubernetes,synthetic,implicit,errors,1,0,0,1.0,0.0,0.0,24,480,20.0,0.6935999999768683,4
gen_devops_kubernetes_005,sliding_window_10,devops/kubernetes,synthetic,implicit,completed_tasks,7,12,3,0.25,0.4286,0.3158,179,480,2.68,0.004029000024274865,12
gen_devops_kubernetes_005,sliding_window_10,devops/kubernetes,synthetic,implicit,pending_tasks,1,12,0,0.0,0.0,0.0,179,480,2.68,0.004029000024274865,12
gen_devops_kubernetes_005,sliding_window_10,devops/kubernetes,synthetic,implicit,decisions,4,12,0,0.0,0.0,0.0,179,480,2.68,0.004029000024274865,12
gen_devops_kubernetes_005,sliding_window_10,devops/kubernetes,synthetic,implicit,files,5,12,3,0.25,0.6,0.3529,179,480,2.68,0.004029000024274865,12
gen_devops_kubernetes_005,sliding_window_10,devops/kubernetes,synthetic,implicit,errors,1,12,1,0.0833,1.0,0.1538,179,480,2.68,0.004029000024274865,12
gen_devops_kubernetes_005,naive_truncation,devops/kubernetes,synthetic,implicit,completed_tasks,7,20,4,0.2,0.5714,0.2963,286,480,1.68,0.015669000049456372,20
gen_devops_kubernetes_005,naive_truncation,devops/kubernetes,synthetic,implicit,pending_tasks,1,20,0,0.0,0.0,0.0,286,480,1.68,0.015669000049456372,20
gen_devops_kubernetes_005,naive_truncation,devops/kubernetes,synthetic,implicit,decisions,4,20,1,0.05,0.25,0.0833,286,480,1.68,0.015669000049456372,20
gen_devops_kubernetes_005,naive_truncation,devops/kubernetes,synthetic,implicit,files,5,20,5,0.25,1.0,0.4,286,480,1.68,0.015669000049456372,20
gen_devops_kubernetes_005,naive_truncation,devops/kubernetes,synthetic,implicit,errors,1,20,1,0.05,1.0,0.0952,286,480,1.68,0.015669000049456372,20
gen_devops_kubernetes_005,naive_summary,devops/kubernetes,synthetic,implicit,completed_tasks,7,12,2,0.1667,0.2857,0.2105,176,480,2.73,0.06571799997345806,12
gen_devops_kubernetes_005,naive_summary,devops/kubernetes,synthetic,implicit,pending_tasks,1,12,1,0.0833,1.0,0.1538,176,480,2.73,0.06571799997345806,12
gen_devops_kubernetes_005,naive_summary,devops/kubernetes,synthetic,implicit,decisions,4,12,3,0.25,0.75,0.375,176,480,2.73,0.06571799997345806,12
gen_devops_kubernetes_005,naive_summary,devops/kubernetes,synthetic,implicit,files,5,12,0,0.0,0.0,0.0,176,480,2.73,0.06571799997345806,12
gen_devops_kubernetes_005,naive_summary,devops/kubernetes,synthetic,implicit,errors,1,12,0,0.0,0.0,0.0,176,480,2.73,0.06571799997345806,12
gen_devops_kubernetes_006,tokenmizer_v0.5.2,devops/kubernetes,synthetic,implicit,completed_tasks,7,0,0,1.0,0.0,0.0,27,519,19.22,215.91576799994527,5
gen_devops_kubernetes_006,tokenmizer_v0.5.2,devops/kubernetes,synthetic,implicit,pending_tasks,3,0,0,1.0,0.0,0.0,27,519,19.22,215.91576799994527,5
gen_devops_kubernetes_006,tokenmizer_v0.5.2,devops/kubernetes,synthetic,implicit,decisions,3,0,0,1.0,0.0,0.0,27,519,19.22,215.91576799994527,5
gen_devops_kubernetes_006,tokenmizer_v0.5.2,devops/kubernetes,synthetic,implicit,files,5,5,5,1.0,1.0,1.0,27,519,19.22,215.91576799994527,5
gen_devops_kubernetes_006,tokenmizer_v0.5.2,devops/kubernetes,synthetic,implicit,errors,1,0,0,1.0,0.0,0.0,27,519,19.22,215.91576799994527,5
gen_devops_kubernetes_006,graphiti_style,devops/kubernetes,synthetic,implicit,completed_tasks,7,0,0,1.0,0.0,0.0,34,519,15.26,1.9270300000471252,6
gen_devops_kubernetes_006,graphiti_style,devops/kubernetes,synthetic,implicit,pending_tasks,3,2,0,0.0,0.0,0.0,34,519,15.26,1.9270300000471252,6
gen_devops_kubernetes_006,graphiti_style,devops/kubernetes,synthetic,implicit,decisions,3,0,0,1.0,0.0,0.0,34,519,15.26,1.9270300000471252,6
gen_devops_kubernetes_006,graphiti_style,devops/kubernetes,synthetic,implicit,files,5,4,4,1.0,0.8,0.8889,34,519,15.26,1.9270300000471252,6
gen_devops_kubernetes_006,graphiti_style,devops/kubernetes,synthetic,implicit,errors,1,0,0,1.0,0.0,0.0,34,519,15.26,1.9270300000471252,6
gen_devops_kubernetes_006,graphrag_style,devops/kubernetes,synthetic,implicit,completed_tasks,7,0,0,1.0,0.0,0.0,49,519,10.59,1.2447789999896486,7
gen_devops_kubernetes_006,graphrag_style,devops/kubernetes,synthetic,implicit,pending_tasks,3,2,0,0.0,0.0,0.0,49,519,10.59,1.2447789999896486,7
gen_devops_kubernetes_006,graphrag_style,devops/kubernetes,synthetic,implicit,decisions,3,0,0,1.0,0.0,0.0,49,519,10.59,1.2447789999896486,7
gen_devops_kubernetes_006,graphrag_style,devops/kubernetes,synthetic,implicit,files,5,4,4,1.0,0.8,0.8889,49,519,10.59,1.2447789999896486,7
gen_devops_kubernetes_006,graphrag_style,devops/kubernetes,synthetic,implicit,errors,1,1,0,0.0,0.0,0.0,49,519,10.59,1.2447789999896486,7
gen_devops_kubernetes_006,mem0_style,devops/kubernetes,synthetic,implicit,completed_tasks,7,0,0,1.0,0.0,0.0,33,519,15.73,1.9219790000306602,6
gen_devops_kubernetes_006,mem0_style,devops/kubernetes,synthetic,implicit,pending_tasks,3,2,0,0.0,0.0,0.0,33,519,15.73,1.9219790000306602,6
gen_devops_kubernetes_006,mem0_style,devops/kubernetes,synthetic,implicit,decisions,3,0,0,1.0,0.0,0.0,33,519,15.73,1.9219790000306602,6
gen_devops_kubernetes_006,mem0_style,devops/kubernetes,synthetic,implicit,files,5,4,4,1.0,0.8,0.8889,33,519,15.73,1.9219790000306602,6
gen_devops_kubernetes_006,mem0_style,devops/kubernetes,synthetic,implicit,errors,1,0,0,1.0,0.0,0.0,33,519,15.73,1.9219790000306602,6
gen_devops_kubernetes_006,memgpt_style,devops/kubernetes,synthetic,implicit,completed_tasks,7,0,0,1.0,0.0,0.0,17,519,30.53,0.8671740000636419,2
gen_devops_kubernetes_006,memgpt_style,devops/kubernetes,synthetic,implicit,pending_tasks,3,0,0,1.0,0.0,0.0,17,519,30.53,0.8671740000636419,2
gen_devops_kubernetes_006,memgpt_style,devops/kubernetes,synthetic,implicit,decisions,3,0,0,1.0,0.0,0.0,17,519,30.53,0.8671740000636419,2
gen_devops_kubernetes_006,memgpt_style,devops/kubernetes,synthetic,implicit,files,5,2,2,1.0,0.4,0.5714,17,519,30.53,0.8671740000636419,2
gen_devops_kubernetes_006,memgpt_style,devops/kubernetes,synthetic,implicit,errors,1,0,0,1.0,0.0,0.0,17,519,30.53,0.8671740000636419,2
gen_devops_kubernetes_006,sliding_window_10,devops/kubernetes,synthetic,implicit,completed_tasks,7,12,2,0.1667,0.2857,0.2105,184,519,2.82,0.0051449999318720074,12
gen_devops_kubernetes_006,sliding_window_10,devops/kubernetes,synthetic,implicit,pending_tasks,3,12,1,0.0833,0.3333,0.1333,184,519,2.82,0.0051449999318720074,12
gen_devops_kubernetes_006,sliding_window_10,devops/kubernetes,synthetic,implicit,decisions,3,12,1,0.0833,0.3333,0.1333,184,519,2.82,0.0051449999318720074,12
gen_devops_kubernetes_006,sliding_window_10,devops/kubernetes,synthetic,implicit,files,5,12,3,0.25,0.6,0.3529,184,519,2.82,0.0051449999318720074,12
gen_devops_kubernetes_006,sliding_window_10,devops/kubernetes,synthetic,implicit,errors,1,12,0,0.0,0.0,0.0,184,519,2.82,0.0051449999318720074,12
gen_devops_kubernetes_006,naive_truncation,devops/kubernetes,synthetic,implicit,completed_tasks,7,19,5,0.2632,0.7143,0.3846,299,519,1.74,0.016852000044309534,19
gen_devops_kubernetes_006,naive_truncation,devops/kubernetes,synthetic,implicit,pending_tasks,3,19,2,0.1053,0.6667,0.1818,299,519,1.74,0.016852000044309534,19
gen_devops_kubernetes_006,naive_truncation,devops/kubernetes,synthetic,implicit,decisions,3,19,1,0.0526,0.3333,0.0909,299,519,1.74,0.016852000044309534,19
gen_devops_kubernetes_006,naive_truncation,devops/kubernetes,synthetic,implicit,files,5,19,3,0.1579,0.6,0.25,299,519,1.74,0.016852000044309534,19
gen_devops_kubernetes_006,naive_truncation,devops/kubernetes,synthetic,implicit,errors,1,19,0,0.0,0.0,0.0,299,519,1.74,0.016852000044309534,19
gen_devops_kubernetes_006,naive_summary,devops/kubernetes,synthetic,implicit,completed_tasks,7,13,1,0.0769,0.1429,0.1,171,519,3.04,0.06379899991770799,13
gen_devops_kubernetes_006,naive_summary,devops/kubernetes,synthetic,implicit,pending_tasks,3,13,1,0.0769,0.3333,0.125,171,519,3.04,0.06379899991770799,13
gen_devops_kubernetes_006,naive_summary,devops/kubernetes,synthetic,implicit,decisions,3,13,2,0.1538,0.6667,0.25,171,519,3.04,0.06379899991770799,13
gen_devops_kubernetes_006,naive_summary,devops/kubernetes,synthetic,implicit,files,5,13,1,0.0769,0.2,0.1111,171,519,3.04,0.06379899991770799,13
gen_devops_kubernetes_006,naive_summary,devops/kubernetes,synthetic,implicit,errors,1,13,1,0.0769,1.0,0.1429,171,519,3.04,0.06379899991770799,13
gen_frontend_react_001,tokenmizer_v0.5.2,frontend/react,synthetic,semi,completed_tasks,5,3,3,1.0,0.6,0.75,197,380,1.93,222.42556000003333,15
gen_frontend_react_001,tokenmizer_v0.5.2,frontend/react,synthetic,semi,pending_tasks,4,0,0,1.0,0.0,0.0,197,380,1.93,222.42556000003333,15
gen_frontend_react_001,tokenmizer_v0.5.2,frontend/react,synthetic,semi,decisions,5,7,3,0.4286,0.6,0.5,197,380,1.93,222.42556000003333,15
gen_frontend_react_001,tokenmizer_v0.5.2,frontend/react,synthetic,semi,files,4,4,3,0.75,0.75,0.75,197,380,1.93,222.42556000003333,15
gen_frontend_react_001,tokenmizer_v0.5.2,frontend/react,synthetic,semi,errors,2,1,1,1.0,0.5,0.6667,197,380,1.93,222.42556000003333,15
gen_frontend_react_001,graphiti_style,frontend/react,synthetic,semi,completed_tasks,5,4,4,1.0,0.8,0.8889,174,380,2.18,1.27437900005134,21
gen_frontend_react_001,graphiti_style,frontend/react,synthetic,semi,pending_tasks,4,4,1,0.25,0.25,0.25,174,380,2.18,1.27437900005134,21
gen_frontend_react_001,graphiti_style,frontend/react,synthetic,semi,decisions,5,6,4,0.6667,0.8,0.7273,174,380,2.18,1.27437900005134,21
gen_frontend_react_001,graphiti_style,frontend/react,synthetic,semi,files,4,4,4,1.0,1.0,1.0,174,380,2.18,1.27437900005134,21
gen_frontend_react_001,graphiti_style,frontend/react,synthetic,semi,errors,2,3,2,0.6667,1.0,0.8,174,380,2.18,1.27437900005134,21
gen_frontend_react_001,graphrag_style,frontend/react,synthetic,semi,completed_tasks,5,0,0,1.0,0.0,0.0,77,380,4.94,0.8604589999094969,12
gen_frontend_react_001,graphrag_style,frontend/react,synthetic,semi,pending_tasks,4,2,0,0.0,0.0,0.0,77,380,4.94,0.8604589999094969,12
gen_frontend_react_001,graphrag_style,frontend/react,synthetic,semi,decisions,5,5,4,0.8,0.8,0.8,77,380,4.94,0.8604589999094969,12
gen_frontend_react_001,graphrag_style,frontend/react,synthetic,semi,files,4,4,4,1.0,1.0,1.0,77,380,4.94,0.8604589999094969,12
gen_frontend_react_001,graphrag_style,frontend/react,synthetic,semi,errors,2,1,0,0.0,0.0,0.0,77,380,4.94,0.8604589999094969,12
gen_frontend_react_001,mem0_style,frontend/react,synthetic,semi,completed_tasks,5,4,4,1.0,0.8,0.8889,169,380,2.25,1.375752000058128,20
gen_frontend_react_001,mem0_style,frontend/react,synthetic,semi,pending_tasks,4,3,1,0.3333,0.25,0.2857,169,380,2.25,1.375752000058128,20
gen_frontend_react_001,mem0_style,frontend/react,synthetic,semi,decisions,5,6,4,0.6667,0.8,0.7273,169,380,2.25,1.375752000058128,20
gen_frontend_react_001,mem0_style,frontend/react,synthetic,semi,files,4,4,4,1.0,1.0,1.0,169,380,2.25,1.375752000058128,20
gen_frontend_react_001,mem0_style,frontend/react,synthetic,semi,errors,2,3,2,0.6667,1.0,0.8,169,380,2.25,1.375752000058128,20
gen_frontend_react_001,memgpt_style,frontend/react,synthetic,semi,completed_tasks,5,2,2,1.0,0.4,0.5714,76,380,5.0,0.5078579999917565,9
gen_frontend_react_001,memgpt_style,frontend/react,synthetic,semi,pending_tasks,4,2,0,0.0,0.0,0.0,76,380,5.0,0.5078579999917565,9
gen_frontend_react_001,memgpt_style,frontend/react,synthetic,semi,decisions,5,1,0,0.0,0.0,0.0,76,380,5.0,0.5078579999917565,9
gen_frontend_react_001,memgpt_style,frontend/react,synthetic,semi,files,4,2,2,1.0,0.5,0.6667,76,380,5.0,0.5078579999917565,9
gen_frontend_react_001,memgpt_style,frontend/react,synthetic,semi,errors,2,2,2,1.0,1.0,1.0,76,380,5.0,0.5078579999917565,9
gen_frontend_react_001,sliding_window_10,frontend/react,synthetic,semi,completed_tasks,5,11,1,0.0909,0.2,0.125,119,380,3.19,0.004117000003134308,11
gen_frontend_react_001,sliding_window_10,frontend/react,synthetic,semi,pending_tasks,4,11,1,0.0909,0.25,0.1333,119,380,3.19,0.004117000003134308,11
gen_frontend_react_001,sliding_window_10,frontend/react,synthetic,semi,decisions,5,11,1,0.0909,0.2,0.125,119,380,3.19,0.004117000003134308,11
gen_frontend_react_001,sliding_window_10,frontend/react,synthetic,semi,files,4,11,2,0.1818,0.5,0.2667,119,380,3.19,0.004117000003134308,11
gen_frontend_react_001,sliding_window_10,frontend/react,synthetic,semi,errors,2,11,1,0.0909,0.5,0.1538,119,380,3.19,0.004117000003134308,11
gen_frontend_react_001,naive_truncation,frontend/react,synthetic,semi,completed_tasks,5,30,4,0.1333,0.8,0.2286,310,380,1.23,0.017385999967700627,30
gen_frontend_react_001,naive_truncation,frontend/react,synthetic,semi,pending_tasks,4,30,3,0.1,0.75,0.1765,310,380,1.23,0.017385999967700627,30
gen_frontend_react_001,naive_truncation,frontend/react,synthetic,semi,decisions,5,30,5,0.1667,1.0,0.2857,310,380,1.23,0.017385999967700627,30
gen_frontend_react_001,naive_truncation,frontend/react,synthetic,semi,files,4,30,3,0.1,0.75,0.1765,310,380,1.23,0.017385999967700627,30
gen_frontend_react_001,naive_truncation,frontend/react,synthetic,semi,errors,2,30,2,0.0667,1.0,0.125,310,380,1.23,0.017385999967700627,30
gen_frontend_react_001,naive_summary,frontend/react,synthetic,semi,completed_tasks,5,18,2,0.1111,0.4,0.1739,180,380,2.11,0.05037599999013764,18
gen_frontend_react_001,naive_summary,frontend/react,synthetic,semi,pending_tasks,4,18,2,0.1111,0.5,0.1818,180,380,2.11,0.05037599999013764,18
gen_frontend_react_001,naive_summary,frontend/react,synthetic,semi,decisions,5,18,2,0.1111,0.4,0.1739,180,380,2.11,0.05037599999013764,18
gen_frontend_react_001,naive_summary,frontend/react,synthetic,semi,files,4,18,2,0.1111,0.5,0.1818,180,380,2.11,0.05037599999013764,18
gen_frontend_react_001,naive_summary,frontend/react,synthetic,semi,errors,2,18,0,0.0,0.0,0.0,180,380,2.11,0.05037599999013764,18
gen_frontend_react_002,tokenmizer_v0.5.2,frontend/react,synthetic,semi,completed_tasks,6,2,2,1.0,0.3333,0.5,112,430,3.84,228.9378159999842,13
gen_frontend_react_002,tokenmizer_v0.5.2,frontend/react,synthetic,semi,pending_tasks,3,0,0,1.0,0.0,0.0,112,430,3.84,228.9378159999842,13
gen_frontend_react_002,tokenmizer_v0.5.2,frontend/react,synthetic,semi,decisions,4,2,2,1.0,0.5,0.6667,112,430,3.84,228.9378159999842,13
gen_frontend_react_002,tokenmizer_v0.5.2,frontend/react,synthetic,semi,files,6,7,6,0.8571,1.0,0.9231,112,430,3.84,228.9378159999842,13
gen_frontend_react_002,tokenmizer_v0.5.2,frontend/react,synthetic,semi,errors,3,2,2,1.0,0.6667,0.8,112,430,3.84,228.9378159999842,13
gen_frontend_react_002,graphiti_style,frontend/react,synthetic,semi,completed_tasks,6,5,5,1.0,0.8333,0.9091,212,430,2.03,1.4838549999467432,21
gen_frontend_react_002,graphiti_style,frontend/react,synthetic,semi,pending_tasks,3,2,1,0.5,0.3333,0.4,212,430,2.03,1.4838549999467432,21
gen_frontend_react_002,graphiti_style,frontend/react,synthetic,semi,decisions,4,4,4,1.0,1.0,1.0,212,430,2.03,1.4838549999467432,21
gen_frontend_react_002,graphiti_style,frontend/react,synthetic,semi,files,6,6,4,0.6667,0.6667,0.6667,212,430,2.03,1.4838549999467432,21
gen_frontend_react_002,graphiti_style,frontend/react,synthetic,semi,errors,3,4,3,0.75,1.0,0.8571,212,430,2.03,1.4838549999467432,21
gen_frontend_react_002,graphrag_style,frontend/react,synthetic,semi,completed_tasks,6,0,0,1.0,0.0,0.0,121,430,3.55,0.7764859999497276,14
gen_frontend_react_002,graphrag_style,frontend/react,synthetic,semi,pending_tasks,3,1,0,0.0,0.0,0.0,121,430,3.55,0.7764859999497276,14
gen_frontend_react_002,graphrag_style,frontend/react,synthetic,semi,decisions,4,4,4,1.0,1.0,1.0,121,430,3.55,0.7764859999497276,14
gen_frontend_react_002,graphrag_style,frontend/react,synthetic,semi,files,6,6,4,0.6667,0.6667,0.6667,121,430,3.55,0.7764859999497276,14
gen_frontend_react_002,graphrag_style,frontend/react,synthetic,semi,errors,3,3,2,0.6667,0.6667,0.6667,121,430,3.55,0.7764859999497276,14
gen_frontend_react_002,mem0_style,frontend/react,synthetic,semi,completed_tasks,6,5,5,1.0,0.8333,0.9091,211,430,2.04,1.4335580000306436,21
gen_frontend_react_002,mem0_style,frontend/react,synthetic,semi,pending_tasks,3,2,1,0.5,0.3333,0.4,211,430,2.04,1.4335580000306436,21
gen_frontend_react_002,mem0_style,frontend/react,synthetic,semi,decisions,4,4,4,1.0,1.0,1.0,211,430,2.04,1.4335580000306436,21
gen_frontend_react_002,mem0_style,frontend/react,synthetic,semi,files,6,6,4,0.6667,0.6667,0.6667,211,430,2.04,1.4335580000306436,21
gen_frontend_react_002,mem0_style,frontend/react,synthetic,semi,errors,3,4,3,0.75,1.0,0.8571,211,430,2.04,1.4335580000306436,21
gen_frontend_react_002,memgpt_style,frontend/react,synthetic,semi,completed_tasks,6,3,3,1.0,0.5,0.6667,97,430,4.43,0.5380669999794918,9
gen_frontend_react_002,memgpt_style,frontend/react,synthetic,semi,pending_tasks,3,0,0,1.0,0.0,0.0,97,430,4.43,0.5380669999794918,9
gen_frontend_react_002,memgpt_style,frontend/react,synthetic,semi,decisions,4,1,1,1.0,0.25,0.4,97,430,4.43,0.5380669999794918,9
gen_frontend_react_002,memgpt_style,frontend/react,synthetic,semi,files,6,3,2,0.6667,0.3333,0.4444,97,430,4.43,0.5380669999794918,9
gen_frontend_react_002,memgpt_style,frontend/react,synthetic,semi,errors,3,2,2,1.0,0.6667,0.8,97,430,4.43,0.5380669999794918,9
gen_frontend_react_002,sliding_window_10,frontend/react,synthetic,semi,completed_tasks,6,12,1,0.0833,0.1667,0.1111,123,430,3.5,0.003831999947578879,12
gen_frontend_react_002,sliding_window_10,frontend/react,synthetic,semi,pending_tasks,3,12,1,0.0833,0.3333,0.1333,123,430,3.5,0.003831999947578879,12
gen_frontend_react_002,sliding_window_10,frontend/react,synthetic,semi,decisions,4,12,1,0.0833,0.25,0.125,123,430,3.5,0.003831999947578879,12
gen_frontend_react_002,sliding_window_10,frontend/react,synthetic,semi,files,6,12,3,0.25,0.5,0.3333,123,430,3.5,0.003831999947578879,12
gen_frontend_react_002,sliding_window_10,frontend/react,synthetic,semi,errors,3,12,1,0.0833,0.3333,0.1333,123,430,3.5,0.003831999947578879,12
gen_frontend_react_002,naive_truncation,frontend/react,synthetic,semi,completed_tasks,6,29,5,0.1724,0.8333,0.2857,307,430,1.4,0.01792800003386219,29
gen_frontend_react_002,naive_truncation,frontend/react,synthetic,semi,pending_tasks,3,29,2,0.069,0.6667,0.125,307,430,1.4,0.01792800003386219,29
gen_frontend_react_002,naive_truncation,frontend/react,synthetic,semi,decisions,4,29,3,0.1034,0.75,0.1818,307,430,1.4,0.01792800003386219,29
gen_frontend_react_002,naive_truncation,frontend/react,synthetic,semi,files,6,29,4,0.1379,0.6667,0.2286,307,430,1.4,0.01792800003386219,29
gen_frontend_react_002,naive_truncation,frontend/react,synthetic,semi,errors,3,29,2,0.069,0.6667,0.125,307,430,1.4,0.01792800003386219,29
gen_frontend_react_002,naive_summary,frontend/react,synthetic,semi,completed_tasks,6,17,1,0.0588,0.1667,0.087,178,430,2.42,0.04632299999229872,17
gen_frontend_react_002,naive_summary,frontend/react,synthetic,semi,pending_tasks,3,17,1,0.0588,0.3333,0.1,178,430,2.42,0.04632299999229872,17
gen_frontend_react_002,naive_summary,frontend/react,synthetic,semi,decisions,4,17,1,0.0588,0.25,0.0952,178,430,2.42,0.04632299999229872,17
gen_frontend_react_002,naive_summary,frontend/react,synthetic,semi,files,6,17,3,0.1765,0.5,0.2609,178,430,2.42,0.04632299999229872,17
gen_frontend_react_002,naive_summary,frontend/react,synthetic,semi,errors,3,17,1,0.0588,0.3333,0.1,178,430,2.42,0.04632299999229872,17
gen_frontend_react_003,tokenmizer_v0.5.2,frontend/react,synthetic,semi,completed_tasks,4,2,2,1.0,0.5,0.6667,43,206,4.79,210.5548040000258,6
gen_frontend_react_003,tokenmizer_v0.5.2,frontend/react,synthetic,semi,pending_tasks,2,0,0,1.0,0.0,0.0,43,206,4.79,210.5548040000258,6
gen_frontend_react_003,tokenmizer_v0.5.2,frontend/react,synthetic,semi,decisions,2,1,1,1.0,0.5,0.6667,43,206,4.79,210.5548040000258,6
gen_frontend_react_003,tokenmizer_v0.5.2,frontend/react,synthetic,semi,files,3,3,1,0.3333,0.3333,0.3333,43,206,4.79,210.5548040000258,6
gen_frontend_react_003,graphiti_style,frontend/react,synthetic,semi,completed_tasks,4,4,4,1.0,1.0,1.0,94,206,2.19,0.8668630000556732,11
gen_frontend_react_003,graphiti_style,frontend/react,synthetic,semi,pending_tasks,2,3,0,0.0,0.0,0.0,94,206,2.19,0.8668630000556732,11
gen_frontend_react_003,graphiti_style,frontend/react,synthetic,semi,decisions,2,0,0,1.0,0.0,0.0,94,206,2.19,0.8668630000556732,11
gen_frontend_react_003,graphiti_style,frontend/react,synthetic,semi,files,3,3,2,0.6667,0.6667,0.6667,94,206,2.19,0.8668630000556732,11
gen_frontend_react_003,graphiti_style,frontend/react,synthetic,semi,errors,0,1,0,0.0,1.0,0.0,94,206,2.19,0.8668630000556732,11
gen_frontend_react_003,graphrag_style,frontend/react,synthetic,semi,completed_tasks,4,0,0,1.0,0.0,0.0,39,206,5.28,0.37743699999737146,6
gen_frontend_react_003,graphrag_style,frontend/react,synthetic,semi,pending_tasks,2,2,0,0.0,0.0,0.0,39,206,5.28,0.37743699999737146,6
gen_frontend_react_003,graphrag_style,frontend/react,synthetic,semi,decisions,2,0,0,1.0,0.0,0.0,39,206,5.28,0.37743699999737146,6
gen_frontend_react_003,graphrag_style,frontend/react,synthetic,semi,files,3,3,2,0.6667,0.6667,0.6667,39,206,5.28,0.37743699999737146,6
gen_frontend_react_003,graphrag_style,frontend/react,synthetic,semi,errors,0,1,0,0.0,1.0,0.0,39,206,5.28,0.37743699999737146,6
gen_frontend_react_003,mem0_style,frontend/react,synthetic,semi,completed_tasks,4,4,4,1.0,1.0,1.0,90,206,2.29,0.7716469999650144,10
gen_frontend_react_003,mem0_style,frontend/react,synthetic,semi,pending_tasks,2,2,0,0.0,0.0,0.0,90,206,2.29,0.7716469999650144,10
gen_frontend_react_003,mem0_style,frontend/react,synthetic,semi,decisions,2,0,0,1.0,0.0,0.0,90,206,2.29,0.7716469999650144,10
gen_frontend_react_003,mem0_style,frontend/react,synthetic,semi,files,3,3,2,0.6667,0.6667,0.6667,90,206,2.29,0.7716469999650144,10
gen_frontend_react_003,mem0_style,frontend/react,synthetic,semi,errors,0,1,0,0.0,1.0,0.0,90,206,2.29,0.7716469999650144,10
gen_frontend_react_003,memgpt_style,frontend/react,synthetic,semi,completed_tasks,4,2,2,1.0,0.5,0.6667,65,206,3.17,0.3151530000877756,8
gen_frontend_react_003,memgpt_style,frontend/react,synthetic,semi,pending_tasks,2,2,0,0.0,0.0,0.0,65,206,3.17,0.3151530000877756,8
gen_frontend_react_003,memgpt_style,frontend/react,synthetic,semi,decisions,2,0,0,1.0,0.0,0.0,65,206,3.17,0.3151530000877756,8
gen_frontend_react_003,memgpt_style,frontend/react,synthetic,semi,files,3,3,2,0.6667,0.6667,0.6667,65,206,3.17,0.3151530000877756,8
gen_frontend_react_003,memgpt_style,frontend/react,synthetic,semi,errors,0,1,0,0.0,1.0,0.0,65,206,3.17,0.3151530000877756,8
gen_frontend_react_003,sliding_window_10,frontend/react,synthetic,semi,completed_tasks,4,12,3,0.25,0.75,0.375,114,206,1.81,0.004282999952920363,12
gen_frontend_react_003,sliding_window_10,frontend/react,synthetic,semi,pending_tasks,2,12,1,0.0833,0.5,0.1429,114,206,1.81,0.004282999952920363,12
gen_frontend_react_003,sliding_window_10,frontend/react,synthetic,semi,decisions,2,12,0,0.0,0.0,0.0,114,206,1.81,0.004282999952920363,12
gen_frontend_react_003,sliding_window_10,frontend/react,synthetic,semi,files,3,12,3,0.25,1.0,0.4,114,206,1.81,0.004282999952920363,12
gen_frontend_react_003,sliding_window_10,frontend/react,synthetic,semi,errors,0,12,0,0.0,1.0,0.0,114,206,1.81,0.004282999952920363,12
gen_frontend_react_003,naive_truncation,frontend/react,synthetic,semi,completed_tasks,4,21,4,0.1905,1.0,0.32,217,206,0.95,0.014910999993844598,21
gen_frontend_react_003,naive_truncation,frontend/react,synthetic,semi,pending_tasks,2,21,2,0.0952,1.0,0.1739,217,206,0.95,0.014910999993844598,21
gen_frontend_react_003,naive_truncation,frontend/react,synthetic,semi,decisions,2,21,2,0.0952,1.0,0.1739,217,206,0.95,0.014910999993844598,21
gen_frontend_react_003,naive_truncation,frontend/react,synthetic,semi,files,3,21,3,0.1429,1.0,0.25,217,206,0.95,0.014910999993844598,21
gen_frontend_react_003,naive_truncation,frontend/react,synthetic,semi,errors,0,21,0,0.0,1.0,0.0,217,206,0.95,0.014910999993844598,21
gen_frontend_react_003,naive_summary,frontend/react,synthetic,semi,completed_tasks,4,17,3,0.1765,0.75,0.2857,172,206,1.2,0.033390999988114345,17
gen_frontend_react_003,naive_summary,frontend/react,synthetic,semi,pending_tasks,2,17,2,0.1176,1.0,0.2105,172,206,1.2,0.033390999988114345,17
gen_frontend_react_003,naive_summary,frontend/react,synthetic,semi,decisions,2,17,2,0.1176,1.0,0.2105,172,206,1.2,0.033390999988114345,17
gen_frontend_react_003,naive_summary,frontend/react,synthetic,semi,files,3,17,1,0.0588,0.3333,0.1,172,206,1.2,0.033390999988114345,17
gen_frontend_react_003,naive_summary,frontend/react,synthetic,semi,errors,0,17,0,0.0,1.0,0.0,172,206,1.2,0.033390999988114345,17
gen_frontend_react_004,tokenmizer_v0.5.2,frontend/react,synthetic,semi,completed_tasks,6,3,3,1.0,0.5,0.6667,126,322,2.56,214.7164689999954,13
gen_frontend_react_004,tokenmizer_v0.5.2,frontend/react,synthetic,semi,pending_tasks,1,0,0,1.0,0.0,0.0,126,322,2.56,214.7164689999954,13
gen_frontend_react_004,tokenmizer_v0.5.2,frontend/react,synthetic,semi,decisions,5,4,2,0.5,0.4,0.4444,126,322,2.56,214.7164689999954,13
gen_frontend_react_004,tokenmizer_v0.5.2,frontend/react,synthetic,semi,files,6,6,4,0.6667,0.6667,0.6667,126,322,2.56,214.7164689999954,13
gen_frontend_react_004,graphiti_style,frontend/react,synthetic,semi,completed_tasks,6,6,6,1.0,1.0,1.0,155,322,2.08,1.048588000003292,19
gen_frontend_react_004,graphiti_style,frontend/react,synthetic,semi,pending_tasks,1,3,0,0.0,0.0,0.0,155,322,2.08,1.048588000003292,19
gen_frontend_react_004,graphiti_style,frontend/react,synthetic,semi,decisions,5,4,3,0.75,0.6,0.6667,155,322,2.08,1.048588000003292,19
gen_frontend_react_004,graphiti_style,frontend/react,synthetic,semi,files,6,6,5,0.8333,0.8333,0.8333,155,322,2.08,1.048588000003292,19
gen_frontend_react_004,graphrag_style,frontend/react,synthetic,semi,completed_tasks,6,0,0,1.0,0.0,0.0,73,322,4.41,0.6079510000063237,12
gen_frontend_react_004,graphrag_style,frontend/react,synthetic,semi,pending_tasks,1,2,0,0.0,0.0,0.0,73,322,4.41,0.6079510000063237,12
gen_frontend_react_004,graphrag_style,frontend/react,synthetic,semi,decisions,5,4,3,0.75,0.6,0.6667,73,322,4.41,0.6079510000063237,12
gen_frontend_react_004,graphrag_style,frontend/react,synthetic,semi,files,6,6,5,0.8333,0.8333,0.8333,73,322,4.41,0.6079510000063237,12
gen_frontend_react_004,mem0_style,frontend/react,synthetic,semi,completed_tasks,6,6,6,1.0,1.0,1.0,151,322,2.13,1.1420990000488018,18
gen_frontend_react_004,mem0_style,frontend/react,synthetic,semi,pending_tasks,1,2,0,0.0,0.0,0.0,151,322,2.13,1.1420990000488018,18
gen_frontend_react_004,mem0_style,frontend/react,synthetic,semi,decisions,5,4,3,0.75,0.6,0.6667,151,322,2.13,1.1420990000488018,18
gen_frontend_react_004,mem0_style,frontend/react,synthetic,semi,files,6,6,5,0.8333,0.8333,0.8333,151,322,2.13,1.1420990000488018,18
gen_frontend_react_004,memgpt_style,frontend/react,synthetic,semi,completed_tasks,6,3,3,1.0,0.5,0.6667,86,322,3.74,0.4284750000351778,9
gen_frontend_react_004,memgpt_style,frontend/react,synthetic,semi,pending_tasks,1,2,0,0.0,0.0,0.0,86,322,3.74,0.4284750000351778,9
gen_frontend_react_004,memgpt_style,frontend/react,synthetic,semi,decisions,5,3,3,1.0,0.6,0.75,86,322,3.74,0.4284750000351778,9
gen_frontend_react_004,memgpt_style,frontend/react,synthetic,semi,files,6,1,1,1.0,0.1667,0.2857,86,322,3.74,0.4284750000351778,9
gen_frontend_react_004,sliding_window_10,frontend/react,synthetic,semi,completed_tasks,6,10,2,0.2,0.3333,0.25,101,322,3.19,0.004461000003175286,10
gen_frontend_react_004,sliding_window_10,frontend/react,synthetic,semi,pending_tasks,1,10,1,0.1,1.0,0.1818,101,322,3.19,0.004461000003175286,10
gen_frontend_react_004,sliding_window_10,frontend/react,synthetic,semi,decisions,5,10,2,0.2,0.4,0.2667,101,322,3.19,0.004461000003175286,10
gen_frontend_react_004,sliding_window_10,frontend/react,synthetic,semi,files,6,10,0,0.0,0.0,0.0,101,322,3.19,0.004461000003175286,10
gen_frontend_react_004,sliding_window_10,frontend/react,synthetic,semi,errors,0,10,0,0.0,1.0,0.0,101,322,3.19,0.004461000003175286,10
gen_frontend_react_004,naive_truncation,frontend/react,synthetic,semi,completed_tasks,6,33,6,0.1818,1.0,0.3077,319,322,1.01,0.02065399996808992,33
gen_frontend_react_004,naive_truncation,frontend/react,synthetic,semi,pending_tasks,1,33,1,0.0303,1.0,0.0588,319,322,1.01,0.02065399996808992,33
gen_frontend_react_004,naive_truncation,frontend/react,synthetic,semi,decisions,5,33,5,0.1515,1.0,0.2632,319,322,1.01,0.02065399996808992,33
gen_frontend_react_004,naive_truncation,frontend/react,synthetic,semi,files,6,33,6,0.1818,1.0,0.3077,319,322,1.01,0.02065399996808992,33
gen_frontend_react_004,naive_truncation,frontend/react,synthetic,semi,errors,0,33,0,0.0,1.0,0.0,319,322,1.01,0.02065399996808992,33
gen_frontend_react_004,naive_summary,frontend/react,synthetic,semi,completed_tasks,6,20,3,0.15,0.5,0.2308,181,322,1.78,0.04361000003427762,20
gen_frontend_react_004,naive_summary,frontend/react,synthetic,semi,pending_tasks,1,20,0,0.0,0.0,0.0,181,322,1.78,0.04361000003427762,20
gen_frontend_react_004,naive_summary,frontend/react,synthetic,semi,decisions,5,20,2,0.1,0.4,0.16,181,322,1.78,0.04361000003427762,20
gen_frontend_react_004,naive_summary,frontend/react,synthetic,semi,files,6,20,4,0.2,0.6667,0.3077,181,322,1.78,0.04361000003427762,20
gen_frontend_react_004,naive_summary,frontend/react,synthetic,semi,errors,0,20,0,0.0,1.0,0.0,181,322,1.78,0.04361000003427762,20
gen_frontend_react_005,tokenmizer_v0.5.2,frontend/react,synthetic,semi,completed_tasks,6,3,3,1.0,0.5,0.6667,106,275,2.59,214.72021900001437,11
gen_frontend_react_005,tokenmizer_v0.5.2,frontend/react,synthetic,semi,pending_tasks,3,3,3,1.0,1.0,1.0,106,275,2.59,214.72021900001437,11
gen_frontend_react_005,tokenmizer_v0.5.2,frontend/react,synthetic,semi,decisions,2,3,2,0.6667,1.0,0.8,106,275,2.59,214.72021900001437,11
gen_frontend_react_005,tokenmizer_v0.5.2,frontend/react,synthetic,semi,files,2,2,2,1.0,1.0,1.0,106,275,2.59,214.72021900001437,11
gen_frontend_react_005,tokenmizer_v0.5.2,frontend/react,synthetic,semi,errors,1,0,0,1.0,0.0,0.0,106,275,2.59,214.72021900001437,11
gen_frontend_react_005,graphiti_style,frontend/react,synthetic,semi,completed_tasks,6,4,4,1.0,0.6667,0.8,158,275,1.74,0.9371019999662167,14
gen_frontend_react_005,graphiti_style,frontend/react,synthetic,semi,pending_tasks,3,3,3,1.0,1.0,1.0,158,275,1.74,0.9371019999662167,14
gen_frontend_react_005,graphiti_style,frontend/react,synthetic,semi,decisions,2,3,2,0.6667,1.0,0.8,158,275,1.74,0.9371019999662167,14
gen_frontend_react_005,graphiti_style,frontend/react,synthetic,semi,files,2,2,0,0.0,0.0,0.0,158,275,1.74,0.9371019999662167,14
gen_frontend_react_005,graphiti_style,frontend/react,synthetic,semi,errors,1,2,1,0.5,1.0,0.6667,158,275,1.74,0.9371019999662167,14
gen_frontend_react_005,graphrag_style,frontend/react,synthetic,semi,completed_tasks,6,0,0,1.0,0.0,0.0,63,275,4.37,0.5196439999508584,7
gen_frontend_react_005,graphrag_style,frontend/react,synthetic,semi,pending_tasks,3,0,0,1.0,0.0,0.0,63,275,4.37,0.5196439999508584,7
gen_frontend_react_005,graphrag_style,frontend/react,synthetic,semi,decisions,2,3,2,0.6667,1.0,0.8,63,275,4.37,0.5196439999508584,7
gen_frontend_react_005,graphrag_style,frontend/react,synthetic,semi,files,2,2,0,0.0,0.0,0.0,63,275,4.37,0.5196439999508584,7
gen_frontend_react_005,graphrag_style,frontend/react,synthetic,semi,errors,1,2,1,0.5,1.0,0.6667,63,275,4.37,0.5196439999508584,7
gen_frontend_react_005,mem0_style,frontend/react,synthetic,semi,completed_tasks,6,4,4,1.0,0.6667,0.8,157,275,1.75,0.9446440000147049,14
gen_frontend_react_005,mem0_style,frontend/react,synthetic,semi,pending_tasks,3,3,3,1.0,1.0,1.0,157,275,1.75,0.9446440000147049,14
gen_frontend_react_005,mem0_style,frontend/react,synthetic,semi,decisions,2,3,2,0.6667,1.0,0.8,157,275,1.75,0.9446440000147049,14
gen_frontend_react_005,mem0_style,frontend/react,synthetic,semi,files,2,2,0,0.0,0.0,0.0,157,275,1.75,0.9446440000147049,14
gen_frontend_react_005,mem0_style,frontend/react,synthetic,semi,errors,1,2,1,0.5,1.0,0.6667,157,275,1.75,0.9446440000147049,14
gen_frontend_react_005,memgpt_style,frontend/react,synthetic,semi,completed_tasks,6,2,2,1.0,0.3333,0.5,80,275,3.44,0.3647599999112572,7
gen_frontend_react_005,memgpt_style,frontend/react,synthetic,semi,pending_tasks,3,1,1,1.0,0.3333,0.5,80,275,3.44,0.3647599999112572,7
gen_frontend_react_005,memgpt_style,frontend/react,synthetic,semi,decisions,2,1,1,1.0,0.5,0.6667,80,275,3.44,0.3647599999112572,7
gen_frontend_react_005,memgpt_style,frontend/react,synthetic,semi,files,2,2,0,0.0,0.0,0.0,80,275,3.44,0.3647599999112572,7
gen_frontend_react_005,memgpt_style,frontend/react,synthetic,semi,errors,1,1,1,1.0,1.0,1.0,80,275,3.44,0.3647599999112572,7
gen_frontend_react_005,sliding_window_10,frontend/react,synthetic,semi,completed_tasks,6,12,2,0.1667,0.3333,0.2222,126,275,2.18,0.0037400000110210385,12
gen_frontend_react_005,sliding_window_10,frontend/react,synthetic,semi,pending_tasks,3,12,1,0.0833,0.3333,0.1333,126,275,2.18,0.0037400000110210385,12
gen_frontend_react_005,sliding_window_10,frontend/react,synthetic,semi,decisions,2,12,1,0.0833,0.5,0.1429,126,275,2.18,0.0037400000110210385,12
gen_frontend_react_005,sliding_window_10,frontend/react,synthetic,semi,files,2,12,2,0.1667,1.0,0.2857,126,275,2.18,0.0037400000110210385,12
gen_frontend_react_005,sliding_window_10,frontend/react,synthetic,semi,errors,1,12,1,0.0833,1.0,0.1538,126,275,2.18,0.0037400000110210385,12
gen_frontend_react_005,naive_truncation,frontend/react,synthetic,semi,completed_tasks,6,26,6,0.2308,1.0,0.375,287,275,0.96,0.018322000073567324,26
gen_frontend_react_005,naive_truncation,frontend/react,synthetic,semi,pending_tasks,3,26,3,0.1154,1.0,0.2069,287,275,0.96,0.018322000073567324,26
gen_frontend_react_005,naive_truncation,frontend/react,synthetic,semi,decisions,2,26,2,0.0769,1.0,0.1429,287,275,0.96,0.018322000073567324,26
gen_frontend_react_005,naive_truncation,frontend/react,synthetic,semi,files,2,26,2,0.0769,1.0,0.1429,287,275,0.96,0.018322000073567324,26
gen_frontend_react_005,naive_truncation,frontend/react,synthetic,semi,errors,1,26,1,0.0385,1.0,0.0741,287,275,0.96,0.018322000073567324,26
gen_frontend_react_005,naive_summary,frontend/react,synthetic,semi,completed_tasks,6,16,4,0.25,0.6667,0.3636,175,275,1.57,0.04051799999160721,16
gen_frontend_react_005,naive_summary,frontend/react,synthetic,semi,pending_tasks,3,16,2,0.125,0.6667,0.2105,175,275,1.57,0.04051799999160721,16
gen_frontend_react_005,naive_summary,frontend/react,synthetic,semi,decisions,2,16,1,0.0625,0.5,0.1111,175,275,1.57,0.04051799999160721,16
gen_frontend_react_005,naive_summary,frontend/react,synthetic,semi,files,2,16,0,0.0,0.0,0.0,175,275,1.57,0.04051799999160721,16
gen_frontend_react_005,naive_summary,frontend/react,synthetic,semi,errors,1,16,0,0.0,0.0,0.0,175,275,1.57,0.04051799999160721,16
gen_frontend_react_006,tokenmizer_v0.5.2,frontend/react,synthetic,semi,completed_tasks,3,0,0,1.0,0.0,0.0,102,277,2.72,228.09037000001808,10
gen_frontend_react_006,tokenmizer_v0.5.2,frontend/react,synthetic,semi,pending_tasks,3,1,1,1.0,0.3333,0.5,102,277,2.72,228.09037000001808,10
gen_frontend_react_006,tokenmizer_v0.5.2,frontend/react,synthetic,semi,decisions,3,3,0,0.0,0.0,0.0,102,277,2.72,228.09037000001808,10
gen_frontend_react_006,tokenmizer_v0.5.2,frontend/react,synthetic,semi,files,4,5,4,0.8,1.0,0.8889,102,277,2.72,228.09037000001808,10
gen_frontend_react_006,tokenmizer_v0.5.2,frontend/react,synthetic,semi,errors,2,1,1,1.0,0.5,0.6667,102,277,2.72,228.09037000001808,10
gen_frontend_react_006,graphiti_style,frontend/react,synthetic,semi,completed_tasks,3,3,3,1.0,1.0,1.0,145,277,1.91,1.1689860000387853,17
gen_frontend_react_006,graphiti_style,frontend/react,synthetic,semi,pending_tasks,3,3,1,0.3333,0.3333,0.3333,145,277,1.91,1.1689860000387853,17
gen_frontend_react_006,graphiti_style,frontend/react,synthetic,semi,decisions,3,5,3,0.6,1.0,0.75,145,277,1.91,1.1689860000387853,17
gen_frontend_react_006,graphiti_style,frontend/react,synthetic,semi,files,4,4,3,0.75,0.75,0.75,145,277,1.91,1.1689860000387853,17
gen_frontend_react_006,graphiti_style,frontend/react,synthetic,semi,errors,2,2,2,1.0,1.0,1.0,145,277,1.91,1.1689860000387853,17
gen_frontend_react_006,graphrag_style,frontend/react,synthetic,semi,completed_tasks,3,0,0,1.0,0.0,0.0,78,277,3.55,0.4975189999640861,10
gen_frontend_react_006,graphrag_style,frontend/react,synthetic,semi,pending_tasks,3,1,0,0.0,0.0,0.0,78,277,3.55,0.4975189999640861,10
gen_frontend_react_006,graphrag_style,frontend/react,synthetic,semi,decisions,3,4,3,0.75,1.0,0.8571,78,277,3.55,0.4975189999640861,10
gen_frontend_react_006,graphrag_style,frontend/react,synthetic,semi,files,4,4,3,0.75,0.75,0.75,78,277,3.55,0.4975189999640861,10
gen_frontend_react_006,graphrag_style,frontend/react,synthetic,semi,errors,2,1,1,1.0,0.5,0.6667,78,277,3.55,0.4975189999640861,10
gen_frontend_react_006,mem0_style,frontend/react,synthetic,semi,completed_tasks,3,3,3,1.0,1.0,1.0,141,277,1.96,0.9520869999732895,16
gen_frontend_react_006,mem0_style,frontend/react,synthetic,semi,pending_tasks,3,2,1,0.5,0.3333,0.4,141,277,1.96,0.9520869999732895,16
gen_frontend_react_006,mem0_style,frontend/react,synthetic,semi,decisions,3,5,3,0.6,1.0,0.75,141,277,1.96,0.9520869999732895,16
gen_frontend_react_006,mem0_style,frontend/react,synthetic,semi,files,4,4,3,0.75,0.75,0.75,141,277,1.96,0.9520869999732895,16
gen_frontend_react_006,mem0_style,frontend/react,synthetic,semi,errors,2,2,2,1.0,1.0,1.0,141,277,1.96,0.9520869999732895,16
gen_frontend_react_006,memgpt_style,frontend/react,synthetic,semi,completed_tasks,3,2,2,1.0,0.6667,0.8,71,277,3.9,0.34472200002255704,9
gen_frontend_react_006,memgpt_style,frontend/react,synthetic,semi,pending_tasks,3,2,0,0.0,0.0,0.0,71,277,3.9,0.34472200002255704,9
gen_frontend_react_006,memgpt_style,frontend/react,synthetic,semi,decisions,3,3,2,0.6667,0.6667,0.6667,71,277,3.9,0.34472200002255704,9
gen_frontend_react_006,memgpt_style,frontend/react,synthetic,semi,files,4,2,1,0.5,0.25,0.3333,71,277,3.9,0.34472200002255704,9
gen_frontend_react_006,memgpt_style,frontend/react,synthetic,semi,errors,2,0,0,1.0,0.0,0.0,71,277,3.9,0.34472200002255704,9
gen_frontend_react_006,sliding_window_10,frontend/react,synthetic,semi,completed_tasks,3,12,2,0.1667,0.6667,0.2667,121,277,2.29,0.003967999987253279,12
gen_frontend_react_006,sliding_window_10,frontend/react,synthetic,semi,pending_tasks,3,12,1,0.0833,0.3333,0.1333,121,277,2.29,0.003967999987253279,12
gen_frontend_react_006,sliding_window_10,frontend/react,synthetic,semi,decisions,3,12,2,0.1667,0.6667,0.2667,121,277,2.29,0.003967999987253279,12
gen_frontend_react_006,sliding_window_10,frontend/react,synthetic,semi,files,4,12,2,0.1667,0.5,0.25,121,277,2.29,0.003967999987253279,12
gen_frontend_react_006,sliding_window_10,frontend/react,synthetic,semi,errors,2,12,0,0.0,0.0,0.0,121,277,2.29,0.003967999987253279,12
gen_frontend_react_006,naive_truncation,frontend/react,synthetic,semi,completed_tasks,3,28,3,0.1071,1.0,0.1935,293,277,0.95,0.018006000004788802,28
gen_frontend_react_006,naive_truncation,frontend/react,synthetic,semi,pending_tasks,3,28,3,0.1071,1.0,0.1935,293,277,0.95,0.018006000004788802,28
gen_frontend_react_006,naive_truncation,frontend/react,synthetic,semi,decisions,3,28,3,0.1071,1.0,0.1935,293,277,0.95,0.018006000004788802,28
gen_frontend_react_006,naive_truncation,frontend/react,synthetic,semi,files,4,28,4,0.1429,1.0,0.25,293,277,0.95,0.018006000004788802,28
gen_frontend_react_006,naive_truncation,frontend/react,synthetic,semi,errors,2,28,2,0.0714,1.0,0.1333,293,277,0.95,0.018006000004788802,28
gen_frontend_react_006,naive_summary,frontend/react,synthetic,semi,completed_tasks,3,17,1,0.0588,0.3333,0.1,172,277,1.61,0.052880999987792165,17
gen_frontend_react_006,naive_summary,frontend/react,synthetic,semi,pending_tasks,3,17,2,0.1176,0.6667,0.2,172,277,1.61,0.052880999987792165,17
gen_frontend_react_006,naive_summary,frontend/react,synthetic,semi,decisions,3,17,1,0.0588,0.3333,0.1,172,277,1.61,0.052880999987792165,17
gen_frontend_react_006,naive_summary,frontend/react,synthetic,semi,files,4,17,2,0.1176,0.5,0.1905,172,277,1.61,0.052880999987792165,17
gen_frontend_react_006,naive_summary,frontend/react,synthetic,semi,errors,2,17,2,0.1176,1.0,0.2105,172,277,1.61,0.052880999987792165,17
gen_infra_terraform_001,tokenmizer_v0.5.2,infra/terraform,synthetic,implicit,completed_tasks,4,0,0,1.0,0.0,0.0,53,480,9.06,224.6049939999466,6
gen_infra_terraform_001,tokenmizer_v0.5.2,infra/terraform,synthetic,implicit,pending_tasks,3,0,0,1.0,0.0,0.0,53,480,9.06,224.6049939999466,6
gen_infra_terraform_001,tokenmizer_v0.5.2,infra/terraform,synthetic,implicit,decisions,5,1,0,0.0,0.0,0.0,53,480,9.06,224.6049939999466,6
gen_infra_terraform_001,tokenmizer_v0.5.2,infra/terraform,synthetic,implicit,files,5,5,5,1.0,1.0,1.0,53,480,9.06,224.6049939999466,6
gen_infra_terraform_001,tokenmizer_v0.5.2,infra/terraform,synthetic,implicit,errors,1,0,0,1.0,0.0,0.0,53,480,9.06,224.6049939999466,6
gen_infra_terraform_001,graphiti_style,infra/terraform,synthetic,implicit,completed_tasks,4,0,0,1.0,0.0,0.0,56,480,8.57,1.6838359999837849,9
gen_infra_terraform_001,graphiti_style,infra/terraform,synthetic,implicit,pending_tasks,3,2,0,0.0,0.0,0.0,56,480,8.57,1.6838359999837849,9
gen_infra_terraform_001,graphiti_style,infra/terraform,synthetic,implicit,decisions,5,1,0,0.0,0.0,0.0,56,480,8.57,1.6838359999837849,9
gen_infra_terraform_001,graphiti_style,infra/terraform,synthetic,implicit,files,5,5,5,1.0,1.0,1.0,56,480,8.57,1.6838359999837849,9
gen_infra_terraform_001,graphiti_style,infra/terraform,synthetic,implicit,errors,1,1,0,0.0,0.0,0.0,56,480,8.57,1.6838359999837849,9
gen_infra_terraform_001,graphrag_style,infra/terraform,synthetic,implicit,completed_tasks,4,0,0,1.0,0.0,0.0,70,480,6.86,0.8381549999967319,10
gen_infra_terraform_001,graphrag_style,infra/terraform,synthetic,implicit,pending_tasks,3,2,0,0.0,0.0,0.0,70,480,6.86,0.8381549999967319,10
gen_infra_terraform_001,graphrag_style,infra/terraform,synthetic,implicit,decisions,5,1,0,0.0,0.0,0.0,70,480,6.86,0.8381549999967319,10
gen_infra_terraform_001,graphrag_style,infra/terraform,synthetic,implicit,files,5,5,5,1.0,1.0,1.0,70,480,6.86,0.8381549999967319,10
gen_infra_terraform_001,graphrag_style,infra/terraform,synthetic,implicit,errors,1,2,1,0.5,1.0,0.6667,70,480,6.86,0.8381549999967319,10
gen_infra_terraform_001,mem0_style,infra/terraform,synthetic,implicit,completed_tasks,4,0,0,1.0,0.0,0.0,55,480,8.73,1.6542910000225675,9
gen_infra_terraform_001,mem0_style,infra/terraform,synthetic,implicit,pending_tasks,3,2,0,0.0,0.0,0.0,55,480,8.73,1.6542910000225675,9
gen_infra_terraform_001,mem0_style,infra/terraform,synthetic,implicit,decisions,5,1,0,0.0,0.0,0.0,55,480,8.73,1.6542910000225675,9
gen_infra_terraform_001,mem0_style,infra/terraform,synthetic,implicit,files,5,5,5,1.0,1.0,1.0,55,480,8.73,1.6542910000225675,9
gen_infra_terraform_001,mem0_style,infra/terraform,synthetic,implicit,errors,1,1,0,0.0,0.0,0.0,55,480,8.73,1.6542910000225675,9
gen_infra_terraform_001,memgpt_style,infra/terraform,synthetic,implicit,completed_tasks,4,0,0,1.0,0.0,0.0,38,480,12.63,0.690336999923602,6
gen_infra_terraform_001,memgpt_style,infra/terraform,synthetic,implicit,pending_tasks,3,1,0,0.0,0.0,0.0,38,480,12.63,0.690336999923602,6
gen_infra_terraform_001,memgpt_style,infra/terraform,synthetic,implicit,decisions,5,1,0,0.0,0.0,0.0,38,480,12.63,0.690336999923602,6
gen_infra_terraform_001,memgpt_style,infra/terraform,synthetic,implicit,files,5,4,4,1.0,0.8,0.8889,38,480,12.63,0.690336999923602,6
gen_infra_terraform_001,memgpt_style,infra/terraform,synthetic,implicit,errors,1,0,0,1.0,0.0,0.0,38,480,12.63,0.690336999923602,6
gen_infra_terraform_001,sliding_window_10,infra/terraform,synthetic,implicit,completed_tasks,4,12,1,0.0833,0.25,0.125,187,480,2.57,0.005024999950364872,12
gen_infra_terraform_001,sliding_window_10,infra/terraform,synthetic,implicit,pending_tasks,3,12,0,0.0,0.0,0.0,187,480,2.57,0.005024999950364872,12
gen_infra_terraform_001,sliding_window_10,infra/terraform,synthetic,implicit,decisions,5,12,1,0.0833,0.2,0.1176,187,480,2.57,0.005024999950364872,12
gen_infra_terraform_001,sliding_window_10,infra/terraform,synthetic,implicit,files,5,12,4,0.3333,0.8,0.4706,187,480,2.57,0.005024999950364872,12
gen_infra_terraform_001,sliding_window_10,infra/terraform,synthetic,implicit,errors,1,12,1,0.0833,1.0,0.1538,187,480,2.57,0.005024999950364872,12
gen_infra_terraform_001,naive_truncation,infra/terraform,synthetic,implicit,completed_tasks,4,19,2,0.1053,0.5,0.1739,308,480,1.56,0.01697300001524127,19
gen_infra_terraform_001,naive_truncation,infra/terraform,synthetic,implicit,pending_tasks,3,19,2,0.1053,0.6667,0.1818,308,480,1.56,0.01697300001524127,19
gen_infra_terraform_001,naive_truncation,infra/terraform,synthetic,implicit,decisions,5,19,2,0.1053,0.4,0.1667,308,480,1.56,0.01697300001524127,19
gen_infra_terraform_001,naive_truncation,infra/terraform,synthetic,implicit,files,5,19,5,0.2632,1.0,0.4167,308,480,1.56,0.01697300001524127,19
gen_infra_terraform_001,naive_truncation,infra/terraform,synthetic,implicit,errors,1,19,1,0.0526,1.0,0.1,308,480,1.56,0.01697300001524127,19
gen_infra_terraform_001,naive_summary,infra/terraform,synthetic,implicit,completed_tasks,4,10,2,0.2,0.5,0.2857,172,480,2.79,0.06704600002649386,10
gen_infra_terraform_001,naive_summary,infra/terraform,synthetic,implicit,pending_tasks,3,10,1,0.1,0.3333,0.1538,172,480,2.79,0.06704600002649386,10
gen_infra_terraform_001,naive_summary,infra/terraform,synthetic,implicit,decisions,5,10,3,0.3,0.6,0.4,172,480,2.79,0.06704600002649386,10
gen_infra_terraform_001,naive_summary,infra/terraform,synthetic,implicit,files,5,10,0,0.0,0.0,0.0,172,480,2.79,0.06704600002649386,10
gen_infra_terraform_001,naive_summary,infra/terraform,synthetic,implicit,errors,1,10,0,0.0,0.0,0.0,172,480,2.79,0.06704600002649386,10
gen_infra_terraform_002,tokenmizer_v0.5.2,infra/terraform,synthetic,implicit,completed_tasks,4,0,0,1.0,0.0,0.0,23,387,16.83,214.54807999998593,4
gen_infra_terraform_002,tokenmizer_v0.5.2,infra/terraform,synthetic,implicit,pending_tasks,4,0,0,1.0,0.0,0.0,23,387,16.83,214.54807999998593,4
gen_infra_terraform_002,tokenmizer_v0.5.2,infra/terraform,synthetic,implicit,decisions,2,1,0,0.0,0.0,0.0,23,387,16.83,214.54807999998593,4
gen_infra_terraform_002,tokenmizer_v0.5.2,infra/terraform,synthetic,implicit,files,3,3,3,1.0,1.0,1.0,23,387,16.83,214.54807999998593,4
gen_infra_terraform_002,tokenmizer_v0.5.2,infra/terraform,synthetic,implicit,errors,1,0,0,1.0,0.0,0.0,23,387,16.83,214.54807999998593,4
gen_infra_terraform_002,graphiti_style,infra/terraform,synthetic,implicit,completed_tasks,4,0,0,1.0,0.0,0.0,41,387,9.44,1.4109879999750774,7
gen_infra_terraform_002,graphiti_style,infra/terraform,synthetic,implicit,pending_tasks,4,2,0,0.0,0.0,0.0,41,387,9.44,1.4109879999750774,7
gen_infra_terraform_002,graphiti_style,infra/terraform,synthetic,implicit,decisions,2,1,0,0.0,0.0,0.0,41,387,9.44,1.4109879999750774,7
gen_infra_terraform_002,graphiti_style,infra/terraform,synthetic,implicit,files,3,3,3,1.0,1.0,1.0,41,387,9.44,1.4109879999750774,7
gen_infra_terraform_002,graphiti_style,infra/terraform,synthetic,implicit,errors,1,1,0,0.0,0.0,0.0,41,387,9.44,1.4109879999750774,7
gen_infra_terraform_002,graphrag_style,infra/terraform,synthetic,implicit,completed_tasks,4,0,0,1.0,0.0,0.0,36,387,10.75,0.7552870000608891,6
gen_infra_terraform_002,graphrag_style,infra/terraform,synthetic,implicit,pending_tasks,4,2,0,0.0,0.0,0.0,36,387,10.75,0.7552870000608891,6
gen_infra_terraform_002,graphrag_style,infra/terraform,synthetic,implicit,decisions,2,0,0,1.0,0.0,0.0,36,387,10.75,0.7552870000608891,6
gen_infra_terraform_002,graphrag_style,infra/terraform,synthetic,implicit,files,3,3,3,1.0,1.0,1.0,36,387,10.75,0.7552870000608891,6
gen_infra_terraform_002,graphrag_style,infra/terraform,synthetic,implicit,errors,1,1,0,0.0,0.0,0.0,36,387,10.75,0.7552870000608891,6
gen_infra_terraform_002,mem0_style,infra/terraform,synthetic,implicit,completed_tasks,4,0,0,1.0,0.0,0.0,40,387,9.68,1.57646399998157,7
gen_infra_terraform_002,mem0_style,infra/terraform,synthetic,implicit,pending_tasks,4,2,0,0.0,0.0,0.0,40,387,9.68,1.57646399998157,7
gen_infra_terraform_002,mem0_style,infra/terraform,synthetic,implicit,decisions,2,1,0,0.0,0.0,0.0,40,387,9.68,1.57646399998157,7
gen_infra_terraform_002,mem0_style,infra/terraform,synthetic,implicit,files,3,3,3,1.0,1.0,1.0,40,387,9.68,1.57646399998157,7
gen_infra_terraform_002,mem0_style,infra/terraform,synthetic,implicit,errors,1,1,0,0.0,0.0,0.0,40,387,9.68,1.57646399998157,7
gen_infra_terraform_002,memgpt_style,infra/terraform,synthetic,implicit,completed_tasks,4,0,0,1.0,0.0,0.0,23,387,16.83,1.0183310000684287,3
gen_infra_terraform_002,memgpt_style,infra/terraform,synthetic,implicit,pending_tasks,4,1,0,0.0,0.0,0.0,23,387,16.83,1.0183310000684287,3
gen_infra_terraform_002,memgpt_style,infra/terraform,synthetic,implicit,decisions,2,0,0,1.0,0.0,0.0,23,387,16.83,1.0183310000684287,3
gen_infra_terraform_002,memgpt_style,infra/terraform,synthetic,implicit,files,3,1,1,1.0,0.3333,0.5,23,387,16.83,1.0183310000684287,3
gen_infra_terraform_002,memgpt_style,infra/terraform,synthetic,implicit,errors,1,1,0,0.0,0.0,0.0,23,387,16.83,1.0183310000684287,3
gen_infra_terraform_002,sliding_window_10,infra/terraform,synthetic,implicit,completed_tasks,4,12,3,0.25,0.75,0.375,186,387,2.08,0.006732999963787734,12
gen_infra_terraform_002,sliding_window_10,infra/terraform,synthetic,implicit,pending_tasks,4,12,3,0.25,0.75,0.375,186,387,2.08,0.006732999963787734,12
gen_infra_terraform_002,sliding_window_10,infra/terraform,synthetic,implicit,decisions,2,12,0,0.0,0.0,0.0,186,387,2.08,0.006732999963787734,12
gen_infra_terraform_002,sliding_window_10,infra/terraform,synthetic,implicit,files,3,12,1,0.0833,0.3333,0.1333,186,387,2.08,0.006732999963787734,12
gen_infra_terraform_002,sliding_window_10,infra/terraform,synthetic,implicit,errors,1,12,0,0.0,0.0,0.0,186,387,2.08,0.006732999963787734,12
gen_infra_terraform_002,naive_truncation,infra/terraform,synthetic,implicit,completed_tasks,4,19,4,0.2105,1.0,0.3478,291,387,1.33,0.016297000001941342,19
gen_infra_terraform_002,naive_truncation,infra/terraform,synthetic,implicit,pending_tasks,4,19,3,0.1579,0.75,0.2609,291,387,1.33,0.016297000001941342,19
gen_infra_terraform_002,naive_truncation,infra/terraform,synthetic,implicit,decisions,2,19,1,0.0526,0.5,0.0952,291,387,1.33,0.016297000001941342,19
gen_infra_terraform_002,naive_truncation,infra/terraform,synthetic,implicit,files,3,19,3,0.1579,1.0,0.2727,291,387,1.33,0.016297000001941342,19
gen_infra_terraform_002,naive_truncation,infra/terraform,synthetic,implicit,errors,1,19,0,0.0,0.0,0.0,291,387,1.33,0.016297000001941342,19
gen_infra_terraform_002,naive_summary,infra/terraform,synthetic,implicit,completed_tasks,4,13,0,0.0,0.0,0.0,190,387,2.04,0.05553100004362932,13
gen_infra_terraform_002,naive_summary,infra/terraform,synthetic,implicit,pending_tasks,4,13,1,0.0769,0.25,0.1176,190,387,2.04,0.05553100004362932,13
gen_infra_terraform_002,naive_summary,infra/terraform,synthetic,implicit,decisions,2,13,2,0.1538,1.0,0.2667,190,387,2.04,0.05553100004362932,13
gen_infra_terraform_002,naive_summary,infra/terraform,synthetic,implicit,files,3,13,2,0.1538,0.6667,0.25,190,387,2.04,0.05553100004362932,13
gen_infra_terraform_002,naive_summary,infra/terraform,synthetic,implicit,errors,1,13,1,0.0769,1.0,0.1429,190,387,2.04,0.05553100004362932,13
gen_infra_terraform_003,tokenmizer_v0.5.2,infra/terraform,synthetic,implicit,completed_tasks,4,0,0,1.0,0.0,0.0,35,404,11.54,219.38523699998314,6
gen_infra_terraform_003,tokenmizer_v0.5.2,infra/terraform,synthetic,implicit,pending_tasks,2,0,0,1.0,0.0,0.0,35,404,11.54,219.38523699998314,6
gen_infra_terraform_003,tokenmizer_v0.5.2,infra/terraform,synthetic,implicit,decisions,2,0,0,1.0,0.0,0.0,35,404,11.54,219.38523699998314,6
gen_infra_terraform_003,tokenmizer_v0.5.2,infra/terraform,synthetic,implicit,files,6,6,6,1.0,1.0,1.0,35,404,11.54,219.38523699998314,6
gen_infra_terraform_003,tokenmizer_v0.5.2,infra/terraform,synthetic,implicit,errors,1,0,0,1.0,0.0,0.0,35,404,11.54,219.38523699998314,6
gen_infra_terraform_003,graphiti_style,infra/terraform,synthetic,implicit,completed_tasks,4,0,0,1.0,0.0,0.0,47,404,8.6,1.9028540000363137,8
gen_infra_terraform_003,graphiti_style,infra/terraform,synthetic,implicit,pending_tasks,2,1,0,0.0,0.0,0.0,47,404,8.6,1.9028540000363137,8
gen_infra_terraform_003,graphiti_style,infra/terraform,synthetic,implicit,decisions,2,1,0,0.0,0.0,0.0,47,404,8.6,1.9028540000363137,8
gen_infra_terraform_003,graphiti_style,infra/terraform,synthetic,implicit,files,6,6,6,1.0,1.0,1.0,47,404,8.6,1.9028540000363137,8
gen_infra_terraform_003,graphiti_style,infra/terraform,synthetic,implicit,errors,1,0,0,1.0,0.0,0.0,47,404,8.6,1.9028540000363137,8
gen_infra_terraform_003,graphrag_style,infra/terraform,synthetic,implicit,completed_tasks,4,0,0,1.0,0.0,0.0,47,404,8.6,0.7785490000742357,8
gen_infra_terraform_003,graphrag_style,infra/terraform,synthetic,implicit,pending_tasks,2,1,0,0.0,0.0,0.0,47,404,8.6,0.7785490000742357,8
gen_infra_terraform_003,graphrag_style,infra/terraform,synthetic,implicit,decisions,2,1,0,0.0,0.0,0.0,47,404,8.6,0.7785490000742357,8
gen_infra_terraform_003,graphrag_style,infra/terraform,synthetic,implicit,files,6,6,6,1.0,1.0,1.0,47,404,8.6,0.7785490000742357,8
gen_infra_terraform_003,graphrag_style,infra/terraform,synthetic,implicit,errors,1,0,0,1.0,0.0,0.0,47,404,8.6,0.7785490000742357,8
gen_infra_terraform_003,mem0_style,infra/terraform,synthetic,implicit,completed_tasks,4,0,0,1.0,0.0,0.0,46,404,8.78,1.3384779999796592,8
gen_infra_terraform_003,mem0_style,infra/terraform,synthetic,implicit,pending_tasks,2,1,0,0.0,0.0,0.0,46,404,8.78,1.3384779999796592,8
gen_infra_terraform_003,mem0_style,infra/terraform,synthetic,implicit,decisions,2,1,0,0.0,0.0,0.0,46,404,8.78,1.3384779999796592,8
gen_infra_terraform_003,mem0_style,infra/terraform,synthetic,implicit,files,6,6,6,1.0,1.0,1.0,46,404,8.78,1.3384779999796592,8
gen_infra_terraform_003,mem0_style,infra/terraform,synthetic,implicit,errors,1,0,0,1.0,0.0,0.0,46,404,8.78,1.3384779999796592,8
gen_infra_terraform_003,memgpt_style,infra/terraform,synthetic,implicit,completed_tasks,4,0,0,1.0,0.0,0.0,32,404,12.62,0.5654180000647102,5
gen_infra_terraform_003,memgpt_style,infra/terraform,synthetic,implicit,pending_tasks,2,0,0,1.0,0.0,0.0,32,404,12.62,0.5654180000647102,5
gen_infra_terraform_003,memgpt_style,infra/terraform,synthetic,implicit,decisions,2,1,0,0.0,0.0,0.0,32,404,12.62,0.5654180000647102,5
gen_infra_terraform_003,memgpt_style,infra/terraform,synthetic,implicit,files,6,4,4,1.0,0.6667,0.8,32,404,12.62,0.5654180000647102,5
gen_infra_terraform_003,memgpt_style,infra/terraform,synthetic,implicit,errors,1,0,0,1.0,0.0,0.0,32,404,12.62,0.5654180000647102,5
gen_infra_terraform_003,sliding_window_10,infra/terraform,synthetic,implicit,completed_tasks,4,12,2,0.1667,0.5,0.25,177,404,2.28,0.003323999976601044,12
gen_infra_terraform_003,sliding_window_10,infra/terraform,synthetic,implicit,pending_tasks,2,12,0,0.0,0.0,0.0,177,404,2.28,0.003323999976601044,12
gen_infra_terraform_003,sliding_window_10,infra/terraform,synthetic,implicit,decisions,2,12,1,0.0833,0.5,0.1429,177,404,2.28,0.003323999976601044,12
gen_infra_terraform_003,sliding_window_10,infra/terraform,synthetic,implicit,files,6,12,4,0.3333,0.6667,0.4444,177,404,2.28,0.003323999976601044,12
gen_infra_terraform_003,sliding_window_10,infra/terraform,synthetic,implicit,errors,1,12,0,0.0,0.0,0.0,177,404,2.28,0.003323999976601044,12
gen_infra_terraform_003,naive_truncation,infra/terraform,synthetic,implicit,completed_tasks,4,20,3,0.15,0.75,0.25,282,404,1.43,0.022459999968305056,20
gen_infra_terraform_003,naive_truncation,infra/terraform,synthetic,implicit,pending_tasks,2,20,0,0.0,0.0,0.0,282,404,1.43,0.022459999968305056,20
gen_infra_terraform_003,naive_truncation,infra/terraform,synthetic,implicit,decisions,2,20,1,0.05,0.5,0.0909,282,404,1.43,0.022459999968305056,20
gen_infra_terraform_003,naive_truncation,infra/terraform,synthetic,implicit,files,6,20,6,0.3,1.0,0.4615,282,404,1.43,0.022459999968305056,20
gen_infra_terraform_003,naive_truncation,infra/terraform,synthetic,implicit,errors,1,20,1,0.05,1.0,0.0952,282,404,1.43,0.022459999968305056,20
gen_infra_terraform_003,naive_summary,infra/terraform,synthetic,implicit,completed_tasks,4,13,1,0.0769,0.25,0.1176,171,404,2.36,0.08367300006284495,13
gen_infra_terraform_003,naive_summary,infra/terraform,synthetic,implicit,pending_tasks,2,13,2,0.1538,1.0,0.2667,171,404,2.36,0.08367300006284495,13
gen_infra_terraform_003,naive_summary,infra/terraform,synthetic,implicit,decisions,2,13,1,0.0769,0.5,0.1333,171,404,2.36,0.08367300006284495,13
gen_infra_terraform_003,naive_summary,infra/terraform,synthetic,implicit,files,6,13,0,0.0,0.0,0.0,171,404,2.36,0.08367300006284495,13
gen_infra_terraform_003,naive_summary,infra/terraform,synthetic,implicit,errors,1,13,1,0.0769,1.0,0.1429,171,404,2.36,0.08367300006284495,13
gen_infra_terraform_004,tokenmizer_v0.5.2,infra/terraform,synthetic,implicit,completed_tasks,7,1,0,0.0,0.0,0.0,44,576,13.09,230.04001499998594,6
gen_infra_terraform_004,tokenmizer_v0.5.2,infra/terraform,synthetic,implicit,pending_tasks,4,0,0,1.0,0.0,0.0,44,576,13.09,230.04001499998594,6
gen_infra_terraform_004,tokenmizer_v0.5.2,infra/terraform,synthetic,implicit,decisions,4,0,0,1.0,0.0,0.0,44,576,13.09,230.04001499998594,6
gen_infra_terraform_004,tokenmizer_v0.5.2,infra/terraform,synthetic,implicit,files,5,5,5,1.0,1.0,1.0,44,576,13.09,230.04001499998594,6
gen_infra_terraform_004,tokenmizer_v0.5.2,infra/terraform,synthetic,implicit,errors,1,0,0,1.0,0.0,0.0,44,576,13.09,230.04001499998594,6
gen_infra_terraform_004,graphiti_style,infra/terraform,synthetic,implicit,completed_tasks,7,1,0,0.0,0.0,0.0,54,576,10.67,1.9003099999963524,8
gen_infra_terraform_004,graphiti_style,infra/terraform,synthetic,implicit,pending_tasks,4,2,0,0.0,0.0,0.0,54,576,10.67,1.9003099999963524,8
gen_infra_terraform_004,graphiti_style,infra/terraform,synthetic,implicit,decisions,4,0,0,1.0,0.0,0.0,54,576,10.67,1.9003099999963524,8
gen_infra_terraform_004,graphiti_style,infra/terraform,synthetic,implicit,files,5,5,5,1.0,1.0,1.0,54,576,10.67,1.9003099999963524,8
gen_infra_terraform_004,graphiti_style,infra/terraform,synthetic,implicit,errors,1,0,0,1.0,0.0,0.0,54,576,10.67,1.9003099999963524,8
gen_infra_terraform_004,graphrag_style,infra/terraform,synthetic,implicit,completed_tasks,7,0,0,1.0,0.0,0.0,43,576,13.4,0.9686640000836633,7
gen_infra_terraform_004,graphrag_style,infra/terraform,synthetic,implicit,pending_tasks,4,2,0,0.0,0.0,0.0,43,576,13.4,0.9686640000836633,7
gen_infra_terraform_004,graphrag_style,infra/terraform,synthetic,implicit,decisions,4,0,0,1.0,0.0,0.0,43,576,13.4,0.9686640000836633,7
gen_infra_terraform_004,graphrag_style,infra/terraform,synthetic,implicit,files,5,5,5,1.0,1.0,1.0,43,576,13.4,0.9686640000836633,7
gen_infra_terraform_004,graphrag_style,infra/terraform,synthetic,implicit,errors,1,0,0,1.0,0.0,0.0,43,576,13.4,0.9686640000836633,7
gen_infra_terraform_004,mem0_style,infra/terraform,synthetic,implicit,completed_tasks,7,1,0,0.0,0.0,0.0,53,576,10.87,1.8886620000557741,8
gen_infra_terraform_004,mem0_style,infra/terraform,synthetic,implicit,pending_tasks,4,2,0,0.0,0.0,0.0,53,576,10.87,1.8886620000557741,8
gen_infra_terraform_004,mem0_style,infra/terraform,synthetic,implicit,decisions,4,0,0,1.0,0.0,0.0,53,576,10.87,1.8886620000557741,8
gen_infra_terraform_004,mem0_style,infra/terraform,synthetic,implicit,files,5,5,5,1.0,1.0,1.0,53,576,10.87,1.8886620000557741,8
gen_infra_terraform_004,mem0_style,infra/terraform,synthetic,implicit,errors,1,0,0,1.0,0.0,0.0,53,576,10.87,1.8886620000557741,8
gen_infra_terraform_004,memgpt_style,infra/terraform,synthetic,implicit,completed_tasks,7,0,0,1.0,0.0,0.0,27,576,21.33,0.7895779999671504,4
gen_infra_terraform_004,memgpt_style,infra/terraform,synthetic,implicit,pending_tasks,4,1,0,0.0,0.0,0.0,27,576,21.33,0.7895779999671504,4
gen_infra_terraform_004,memgpt_style,infra/terraform,synthetic,implicit,decisions,4,0,0,1.0,0.0,0.0,27,576,21.33,0.7895779999671504,4
gen_infra_terraform_004,memgpt_style,infra/terraform,synthetic,implicit,files,5,3,3,1.0,0.6,0.75,27,576,21.33,0.7895779999671504,4
gen_infra_terraform_004,memgpt_style,infra/terraform,synthetic,implicit,errors,1,0,0,1.0,0.0,0.0,27,576,21.33,0.7895779999671504,4
gen_infra_terraform_004,sliding_window_10,infra/terraform,synthetic,implicit,completed_tasks,7,12,4,0.3333,0.5714,0.4211,181,576,3.18,0.004498000066632812,12
gen_infra_terraform_004,sliding_window_10,infra/terraform,synthetic,implicit,pending_tasks,4,12,1,0.0833,0.25,0.125,181,576,3.18,0.004498000066632812,12
gen_infra_terraform_004,sliding_window_10,infra/terraform,synthetic,implicit,decisions,4,12,0,0.0,0.0,0.0,181,576,3.18,0.004498000066632812,12
gen_infra_terraform_004,sliding_window_10,infra/terraform,synthetic,implicit,files,5,12,2,0.1667,0.4,0.2353,181,576,3.18,0.004498000066632812,12
gen_infra_terraform_004,sliding_window_10,infra/terraform,synthetic,implicit,errors,1,12,0,0.0,0.0,0.0,181,576,3.18,0.004498000066632812,12
gen_infra_terraform_004,naive_truncation,infra/terraform,synthetic,implicit,completed_tasks,7,18,4,0.2222,0.5714,0.32,264,576,2.18,0.01758600001267041,18
gen_infra_terraform_004,naive_truncation,infra/terraform,synthetic,implicit,pending_tasks,4,18,1,0.0556,0.25,0.0909,264,576,2.18,0.01758600001267041,18
gen_infra_terraform_004,naive_truncation,infra/terraform,synthetic,implicit,decisions,4,18,1,0.0556,0.25,0.0909,264,576,2.18,0.01758600001267041,18
gen_infra_terraform_004,naive_truncation,infra/terraform,synthetic,implicit,files,5,18,3,0.1667,0.6,0.2609,264,576,2.18,0.01758600001267041,18
gen_infra_terraform_004,naive_truncation,infra/terraform,synthetic,implicit,errors,1,18,1,0.0556,1.0,0.1053,264,576,2.18,0.01758600001267041,18
gen_infra_terraform_004,naive_summary,infra/terraform,synthetic,implicit,completed_tasks,7,12,2,0.1667,0.2857,0.2105,170,576,3.39,0.0726979999399191,12
gen_infra_terraform_004,naive_summary,infra/terraform,synthetic,implicit,pending_tasks,4,12,1,0.0833,0.25,0.125,170,576,3.39,0.0726979999399191,12
gen_infra_terraform_004,naive_summary,infra/terraform,synthetic,implicit,decisions,4,12,1,0.0833,0.25,0.125,170,576,3.39,0.0726979999399191,12
gen_infra_terraform_004,naive_summary,infra/terraform,synthetic,implicit,files,5,12,1,0.0833,0.2,0.1176,170,576,3.39,0.0726979999399191,12
gen_infra_terraform_004,naive_summary,infra/terraform,synthetic,implicit,errors,1,12,0,0.0,0.0,0.0,170,576,3.39,0.0726979999399191,12
gen_infra_terraform_005,tokenmizer_v0.5.2,infra/terraform,synthetic,implicit,completed_tasks,3,1,0,0.0,0.0,0.0,22,408,18.55,224.30588500003523,3
gen_infra_terraform_005,tokenmizer_v0.5.2,infra/terraform,synthetic,implicit,pending_tasks,4,0,0,1.0,0.0,0.0,22,408,18.55,224.30588500003523,3
gen_infra_terraform_005,tokenmizer_v0.5.2,infra/terraform,synthetic,implicit,decisions,6,0,0,1.0,0.0,0.0,22,408,18.55,224.30588500003523,3
gen_infra_terraform_005,tokenmizer_v0.5.2,infra/terraform,synthetic,implicit,files,2,2,2,1.0,1.0,1.0,22,408,18.55,224.30588500003523,3
gen_infra_terraform_005,graphiti_style,infra/terraform,synthetic,implicit,completed_tasks,3,1,0,0.0,0.0,0.0,37,408,11.03,1.3348749999977372,6
gen_infra_terraform_005,graphiti_style,infra/terraform,synthetic,implicit,pending_tasks,4,1,0,0.0,0.0,0.0,37,408,11.03,1.3348749999977372,6
gen_infra_terraform_005,graphiti_style,infra/terraform,synthetic,implicit,decisions,6,2,0,0.0,0.0,0.0,37,408,11.03,1.3348749999977372,6
gen_infra_terraform_005,graphiti_style,infra/terraform,synthetic,implicit,files,2,2,2,1.0,1.0,1.0,37,408,11.03,1.3348749999977372,6
gen_infra_terraform_005,graphrag_style,infra/terraform,synthetic,implicit,completed_tasks,3,0,0,1.0,0.0,0.0,23,408,17.74,0.8539510000673545,4
gen_infra_terraform_005,graphrag_style,infra/terraform,synthetic,implicit,pending_tasks,4,1,0,0.0,0.0,0.0,23,408,17.74,0.8539510000673545,4
gen_infra_terraform_005,graphrag_style,infra/terraform,synthetic,implicit,decisions,6,1,0,0.0,0.0,0.0,23,408,17.74,0.8539510000673545,4
gen_infra_terraform_005,graphrag_style,infra/terraform,synthetic,implicit,files,2,2,2,1.0,1.0,1.0,23,408,17.74,0.8539510000673545,4
gen_infra_terraform_005,mem0_style,infra/terraform,synthetic,implicit,completed_tasks,3,1,0,0.0,0.0,0.0,36,408,11.33,1.334356000029402,6
gen_infra_terraform_005,mem0_style,infra/terraform,synthetic,implicit,pending_tasks,4,1,0,0.0,0.0,0.0,36,408,11.33,1.334356000029402,6
gen_infra_terraform_005,mem0_style,infra/terraform,synthetic,implicit,decisions,6,2,0,0.0,0.0,0.0,36,408,11.33,1.334356000029402,6
gen_infra_terraform_005,mem0_style,infra/terraform,synthetic,implicit,files,2,2,2,1.0,1.0,1.0,36,408,11.33,1.334356000029402,6
gen_infra_terraform_005,memgpt_style,infra/terraform,synthetic,implicit,completed_tasks,3,0,0,1.0,0.0,0.0,13,408,31.38,0.48659899994163425,2
gen_infra_terraform_005,memgpt_style,infra/terraform,synthetic,implicit,pending_tasks,4,0,0,1.0,0.0,0.0,13,408,31.38,0.48659899994163425,2
gen_infra_terraform_005,memgpt_style,infra/terraform,synthetic,implicit,decisions,6,1,0,0.0,0.0,0.0,13,408,31.38,0.48659899994163425,2
gen_infra_terraform_005,memgpt_style,infra/terraform,synthetic,implicit,files,2,1,1,1.0,0.5,0.6667,13,408,31.38,0.48659899994163425,2
gen_infra_terraform_005,sliding_window_10,infra/terraform,synthetic,implicit,completed_tasks,3,13,0,0.0,0.0,0.0,206,408,1.98,0.004991999958292581,13
gen_infra_terraform_005,sliding_window_10,infra/terraform,synthetic,implicit,pending_tasks,4,13,3,0.2308,0.75,0.3529,206,408,1.98,0.004991999958292581,13
gen_infra_terraform_005,sliding_window_10,infra/terraform,synthetic,implicit,decisions,6,13,3,0.2308,0.5,0.3158,206,408,1.98,0.004991999958292581,13
gen_infra_terraform_005,sliding_window_10,infra/terraform,synthetic,implicit,files,2,13,2,0.1538,1.0,0.2667,206,408,1.98,0.004991999958292581,13
gen_infra_terraform_005,sliding_window_10,infra/terraform,synthetic,implicit,errors,0,13,0,0.0,1.0,0.0,206,408,1.98,0.004991999958292581,13
gen_infra_terraform_005,naive_truncation,infra/terraform,synthetic,implicit,completed_tasks,3,18,2,0.1111,0.6667,0.1905,290,408,1.41,0.016406999975515646,18
gen_infra_terraform_005,naive_truncation,infra/terraform,synthetic,implicit,pending_tasks,4,18,4,0.2222,1.0,0.3636,290,408,1.41,0.016406999975515646,18
gen_infra_terraform_005,naive_truncation,infra/terraform,synthetic,implicit,decisions,6,18,3,0.1667,0.5,0.25,290,408,1.41,0.016406999975515646,18
gen_infra_terraform_005,naive_truncation,infra/terraform,synthetic,implicit,files,2,18,2,0.1111,1.0,0.2,290,408,1.41,0.016406999975515646,18
gen_infra_terraform_005,naive_truncation,infra/terraform,synthetic,implicit,errors,0,18,0,0.0,1.0,0.0,290,408,1.41,0.016406999975515646,18
gen_infra_terraform_005,naive_summary,infra/terraform,synthetic,implicit,completed_tasks,3,13,2,0.1538,0.6667,0.25,174,408,2.34,0.06250299998100672,13
gen_infra_terraform_005,naive_summary,infra/terraform,synthetic,implicit,pending_tasks,4,13,0,0.0,0.0,0.0,174,408,2.34,0.06250299998100672,13
gen_infra_terraform_005,naive_summary,infra/terraform,synthetic,implicit,decisions,6,13,3,0.2308,0.5,0.3158,174,408,2.34,0.06250299998100672,13
gen_infra_terraform_005,naive_summary,infra/terraform,synthetic,implicit,files,2,13,0,0.0,0.0,0.0,174,408,2.34,0.06250299998100672,13
gen_infra_terraform_005,naive_summary,infra/terraform,synthetic,implicit,errors,0,13,0,0.0,1.0,0.0,174,408,2.34,0.06250299998100672,13
gen_ml_python_001,tokenmizer_v0.5.2,ml/python,synthetic,explicit,completed_tasks,6,6,6,1.0,1.0,1.0,127,375,2.95,281.64533599999686,14
gen_ml_python_001,tokenmizer_v0.5.2,ml/python,synthetic,explicit,pending_tasks,2,1,1,1.0,0.5,0.6667,127,375,2.95,281.64533599999686,14
gen_ml_python_001,tokenmizer_v0.5.2,ml/python,synthetic,explicit,decisions,6,1,1,1.0,0.1667,0.2857,127,375,2.95,281.64533599999686,14
gen_ml_python_001,tokenmizer_v0.5.2,ml/python,synthetic,explicit,files,5,5,5,1.0,1.0,1.0,127,375,2.95,281.64533599999686,14
gen_ml_python_001,tokenmizer_v0.5.2,ml/python,synthetic,explicit,errors,3,1,0,0.0,0.0,0.0,127,375,2.95,281.64533599999686,14
gen_ml_python_001,graphiti_style,ml/python,synthetic,explicit,completed_tasks,6,8,4,0.5,0.6667,0.5714,224,375,1.67,1.4034609999953318,26
gen_ml_python_001,graphiti_style,ml/python,synthetic,explicit,pending_tasks,2,3,2,0.6667,1.0,0.8,224,375,1.67,1.4034609999953318,26
gen_ml_python_001,graphiti_style,ml/python,synthetic,explicit,decisions,6,8,6,0.75,1.0,0.8571,224,375,1.67,1.4034609999953318,26
gen_ml_python_001,graphiti_style,ml/python,synthetic,explicit,files,5,4,4,1.0,0.8,0.8889,224,375,1.67,1.4034609999953318,26
gen_ml_python_001,graphiti_style,ml/python,synthetic,explicit,errors,3,3,3,1.0,1.0,1.0,224,375,1.67,1.4034609999953318,26
gen_ml_python_001,graphrag_style,ml/python,synthetic,explicit,completed_tasks,6,2,2,1.0,0.3333,0.5,164,375,2.29,0.7104260000687646,18
gen_ml_python_001,graphrag_style,ml/python,synthetic,explicit,pending_tasks,2,2,1,0.5,0.5,0.5,164,375,2.29,0.7104260000687646,18
gen_ml_python_001,graphrag_style,ml/python,synthetic,explicit,decisions,6,7,6,0.8571,1.0,0.9231,164,375,2.29,0.7104260000687646,18
gen_ml_python_001,graphrag_style,ml/python,synthetic,explicit,files,5,4,4,1.0,0.8,0.8889,164,375,2.29,0.7104260000687646,18
gen_ml_python_001,graphrag_style,ml/python,synthetic,explicit,errors,3,3,3,1.0,1.0,1.0,164,375,2.29,0.7104260000687646,18
gen_ml_python_001,mem0_style,ml/python,synthetic,explicit,completed_tasks,6,8,4,0.5,0.6667,0.5714,223,375,1.68,1.3951470000392874,26
gen_ml_python_001,mem0_style,ml/python,synthetic,explicit,pending_tasks,2,3,2,0.6667,1.0,0.8,223,375,1.68,1.3951470000392874,26
gen_ml_python_001,mem0_style,ml/python,synthetic,explicit,decisions,6,8,6,0.75,1.0,0.8571,223,375,1.68,1.3951470000392874,26
gen_ml_python_001,mem0_style,ml/python,synthetic,explicit,files,5,4,4,1.0,0.8,0.8889,223,375,1.68,1.3951470000392874,26
gen_ml_python_001,mem0_style,ml/python,synthetic,explicit,errors,3,3,3,1.0,1.0,1.0,223,375,1.68,1.3951470000392874,26
gen_ml_python_001,memgpt_style,ml/python,synthetic,explicit,completed_tasks,6,2,1,0.5,0.1667,0.25,90,375,4.17,0.45336599998790916,11
gen_ml_python_001,memgpt_style,ml/python,synthetic,explicit,pending_tasks,2,1,1,1.0,0.5,0.6667,90,375,4.17,0.45336599998790916,11
gen_ml_python_001,memgpt_style,ml/python,synthetic,explicit,decisions,6,5,3,0.6,0.5,0.5455,90,375,4.17,0.45336599998790916,11
gen_ml_python_001,memgpt_style,ml/python,synthetic,explicit,files,5,2,2,1.0,0.4,0.5714,90,375,4.17,0.45336599998790916,11
gen_ml_python_001,memgpt_style,ml/python,synthetic,explicit,errors,3,1,1,1.0,0.3333,0.5,90,375,4.17,0.45336599998790916,11
gen_ml_python_001,sliding_window_10,ml/python,synthetic,explicit,completed_tasks,6,11,0,0.0,0.0,0.0,103,375,3.64,0.00784399992426188,11
gen_ml_python_001,sliding_window_10,ml/python,synthetic,explicit,pending_tasks,2,11,1,0.0909,0.5,0.1538,103,375,3.64,0.00784399992426188,11
gen_ml_python_001,sliding_window_10,ml/python,synthetic,explicit,decisions,6,11,3,0.2727,0.5,0.3529,103,375,3.64,0.00784399992426188,11
gen_ml_python_001,sliding_window_10,ml/python,synthetic,explicit,files,5,11,1,0.0909,0.2,0.125,103,375,3.64,0.00784399992426188,11
gen_ml_python_001,sliding_window_10,ml/python,synthetic,explicit,errors,3,11,1,0.0909,0.3333,0.1429,103,375,3.64,0.00784399992426188,11
gen_ml_python_001,naive_truncation,ml/python,synthetic,explicit,completed_tasks,6,33,4,0.1212,0.6667,0.2051,303,375,1.24,0.022334000050250324,33
gen_ml_python_001,naive_truncation,ml/python,synthetic,explicit,pending_tasks,2,33,2,0.0606,1.0,0.1143,303,375,1.24,0.022334000050250324,33
gen_ml_python_001,naive_truncation,ml/python,synthetic,explicit,decisions,6,33,6,0.1818,1.0,0.3077,303,375,1.24,0.022334000050250324,33
gen_ml_python_001,naive_truncation,ml/python,synthetic,explicit,files,5,33,5,0.1515,1.0,0.2632,303,375,1.24,0.022334000050250324,33
gen_ml_python_001,naive_truncation,ml/python,synthetic,explicit,errors,3,33,1,0.0303,0.3333,0.0556,303,375,1.24,0.022334000050250324,33
gen_ml_python_001,naive_summary,ml/python,synthetic,explicit,completed_tasks,6,20,2,0.1,0.3333,0.1538,195,375,1.92,0.08445399998890935,20
gen_ml_python_001,naive_summary,ml/python,synthetic,explicit,pending_tasks,2,20,1,0.05,0.5,0.0909,195,375,1.92,0.08445399998890935,20
gen_ml_python_001,naive_summary,ml/python,synthetic,explicit,decisions,6,20,3,0.15,0.5,0.2308,195,375,1.92,0.08445399998890935,20
gen_ml_python_001,naive_summary,ml/python,synthetic,explicit,files,5,20,2,0.1,0.4,0.16,195,375,1.92,0.08445399998890935,20
gen_ml_python_001,naive_summary,ml/python,synthetic,explicit,errors,3,20,2,0.1,0.6667,0.1739,195,375,1.92,0.08445399998890935,20
gen_ml_python_002,tokenmizer_v0.5.2,ml/python,synthetic,explicit,completed_tasks,7,7,7,1.0,1.0,1.0,135,271,2.01,231.10505700003614,17
gen_ml_python_002,tokenmizer_v0.5.2,ml/python,synthetic,explicit,pending_tasks,1,0,0,1.0,0.0,0.0,135,271,2.01,231.10505700003614,17
gen_ml_python_002,tokenmizer_v0.5.2,ml/python,synthetic,explicit,decisions,3,3,2,0.6667,0.6667,0.6667,135,271,2.01,231.10505700003614,17
gen_ml_python_002,tokenmizer_v0.5.2,ml/python,synthetic,explicit,files,6,6,6,1.0,1.0,1.0,135,271,2.01,231.10505700003614,17
gen_ml_python_002,tokenmizer_v0.5.2,ml/python,synthetic,explicit,errors,0,1,0,0.0,1.0,0.0,135,271,2.01,231.10505700003614,17
gen_ml_python_002,graphiti_style,ml/python,synthetic,explicit,completed_tasks,7,10,5,0.5,0.7143,0.5882,137,271,1.98,0.999949999936689,20
gen_ml_python_002,graphiti_style,ml/python,synthetic,explicit,pending_tasks,1,2,1,0.5,1.0,0.6667,137,271,1.98,0.999949999936689,20
gen_ml_python_002,graphiti_style,ml/python,synthetic,explicit,decisions,3,4,3,0.75,1.0,0.8571,137,271,1.98,0.999949999936689,20
gen_ml_python_002,graphiti_style,ml/python,synthetic,explicit,files,6,4,3,0.75,0.5,0.6,137,271,1.98,0.999949999936689,20
gen_ml_python_002,graphrag_style,ml/python,synthetic,explicit,completed_tasks,7,4,2,0.5,0.2857,0.3636,98,271,2.77,0.5717159999676369,13
gen_ml_python_002,graphrag_style,ml/python,synthetic,explicit,pending_tasks,1,1,0,0.0,0.0,0.0,98,271,2.77,0.5717159999676369,13
gen_ml_python_002,graphrag_style,ml/python,synthetic,explicit,decisions,3,4,3,0.75,1.0,0.8571,98,271,2.77,0.5717159999676369,13
gen_ml_python_002,graphrag_style,ml/python,synthetic,explicit,files,6,4,3,0.75,0.5,0.6,98,271,2.77,0.5717159999676369,13
gen_ml_python_002,mem0_style,ml/python,synthetic,explicit,completed_tasks,7,10,5,0.5,0.7143,0.5882,136,271,1.99,0.9879629999431927,20
gen_ml_python_002,mem0_style,ml/python,synthetic,explicit,pending_tasks,1,2,1,0.5,1.0,0.6667,136,271,1.99,0.9879629999431927,20
gen_ml_python_002,mem0_style,ml/python,synthetic,explicit,decisions,3,4,3,0.75,1.0,0.8571,136,271,1.99,0.9879629999431927,20
gen_ml_python_002,mem0_style,ml/python,synthetic,explicit,files,6,4,3,0.75,0.5,0.6,136,271,1.99,0.9879629999431927,20
gen_ml_python_002,memgpt_style,ml/python,synthetic,explicit,completed_tasks,7,2,1,0.5,0.1429,0.2222,47,271,5.77,0.3025640000942076,7
gen_ml_python_002,memgpt_style,ml/python,synthetic,explicit,pending_tasks,1,0,0,1.0,0.0,0.0,47,271,5.77,0.3025640000942076,7
gen_ml_python_002,memgpt_style,ml/python,synthetic,explicit,decisions,3,2,1,0.5,0.3333,0.4,47,271,5.77,0.3025640000942076,7
gen_ml_python_002,memgpt_style,ml/python,synthetic,explicit,files,6,3,2,0.6667,0.3333,0.4444,47,271,5.77,0.3025640000942076,7
gen_ml_python_002,sliding_window_10,ml/python,synthetic,explicit,completed_tasks,7,10,1,0.1,0.1429,0.1176,70,271,3.87,0.004910999905405333,10
gen_ml_python_002,sliding_window_10,ml/python,synthetic,explicit,pending_tasks,1,10,0,0.0,0.0,0.0,70,271,3.87,0.004910999905405333,10
gen_ml_python_002,sliding_window_10,ml/python,synthetic,explicit,decisions,3,10,1,0.2,0.3333,0.25,70,271,3.87,0.004910999905405333,10
gen_ml_python_002,sliding_window_10,ml/python,synthetic,explicit,files,6,10,3,0.3,0.5,0.375,70,271,3.87,0.004910999905405333,10
gen_ml_python_002,sliding_window_10,ml/python,synthetic,explicit,errors,0,10,0,0.0,1.0,0.0,70,271,3.87,0.004910999905405333,10
gen_ml_python_002,naive_truncation,ml/python,synthetic,explicit,completed_tasks,7,34,7,0.2059,1.0,0.3415,289,271,0.94,0.016554000012547476,34
gen_ml_python_002,naive_truncation,ml/python,synthetic,explicit,pending_tasks,1,34,1,0.0294,1.0,0.0571,289,271,0.94,0.016554000012547476,34
gen_ml_python_002,naive_truncation,ml/python,synthetic,explicit,decisions,3,34,3,0.1176,1.0,0.2105,289,271,0.94,0.016554000012547476,34
gen_ml_python_002,naive_truncation,ml/python,synthetic,explicit,files,6,34,6,0.1765,1.0,0.3,289,271,0.94,0.016554000012547476,34
gen_ml_python_002,naive_truncation,ml/python,synthetic,explicit,errors,0,34,0,0.0,1.0,0.0,289,271,0.94,0.016554000012547476,34
gen_ml_python_002,naive_summary,ml/python,synthetic,explicit,completed_tasks,7,23,5,0.2174,0.7143,0.3333,205,271,1.32,0.059992000046804606,23
gen_ml_python_002,naive_summary,ml/python,synthetic,explicit,pending_tasks,1,23,1,0.0435,1.0,0.0833,205,271,1.32,0.059992000046804606,23
gen_ml_python_002,naive_summary,ml/python,synthetic,explicit,decisions,3,23,2,0.087,0.6667,0.1538,205,271,1.32,0.059992000046804606,23
gen_ml_python_002,naive_summary,ml/python,synthetic,explicit,files,6,23,3,0.1304,0.5,0.2069,205,271,1.32,0.059992000046804606,23
gen_ml_python_002,naive_summary,ml/python,synthetic,explicit,errors,0,23,0,0.0,1.0,0.0,205,271,1.32,0.059992000046804606,23
gen_ml_python_003,tokenmizer_v0.5.2,ml/python,synthetic,explicit,completed_tasks,7,7,7,1.0,1.0,1.0,120,270,2.25,220.92861200007974,14
gen_ml_python_003,tokenmizer_v0.5.2,ml/python,synthetic,explicit,pending_tasks,1,1,1,1.0,1.0,1.0,120,270,2.25,220.92861200007974,14
gen_ml_python_003,tokenmizer_v0.5.2,ml/python,synthetic,explicit,decisions,3,2,2,1.0,0.6667,0.8,120,270,2.25,220.92861200007974,14
gen_ml_python_003,tokenmizer_v0.5.2,ml/python,synthetic,explicit,files,4,4,4,1.0,1.0,1.0,120,270,2.25,220.92861200007974,14
gen_ml_python_003,tokenmizer_v0.5.2,ml/python,synthetic,explicit,errors,1,0,0,1.0,0.0,0.0,120,270,2.25,220.92861200007974,14
gen_ml_python_003,graphiti_style,ml/python,synthetic,explicit,completed_tasks,7,10,7,0.7,1.0,0.8235,148,270,1.82,0.901967999993758,19
gen_ml_python_003,graphiti_style,ml/python,synthetic,explicit,pending_tasks,1,1,1,1.0,1.0,1.0,148,270,1.82,0.901967999993758,19
gen_ml_python_003,graphiti_style,ml/python,synthetic,explicit,decisions,3,4,3,0.75,1.0,0.8571,148,270,1.82,0.901967999993758,19
gen_ml_python_003,graphiti_style,ml/python,synthetic,explicit,files,4,3,2,0.6667,0.5,0.5714,148,270,1.82,0.901967999993758,19
gen_ml_python_003,graphiti_style,ml/python,synthetic,explicit,errors,1,1,1,1.0,1.0,1.0,148,270,1.82,0.901967999993758,19
gen_ml_python_003,graphrag_style,ml/python,synthetic,explicit,completed_tasks,7,5,5,1.0,0.7143,0.8333,116,270,2.33,0.6069469999374633,13
gen_ml_python_003,graphrag_style,ml/python,synthetic,explicit,pending_tasks,1,0,0,1.0,0.0,0.0,116,270,2.33,0.6069469999374633,13
gen_ml_python_003,graphrag_style,ml/python,synthetic,explicit,decisions,3,4,3,0.75,1.0,0.8571,116,270,2.33,0.6069469999374633,13
gen_ml_python_003,graphrag_style,ml/python,synthetic,explicit,files,4,3,2,0.6667,0.5,0.5714,116,270,2.33,0.6069469999374633,13
gen_ml_python_003,graphrag_style,ml/python,synthetic,explicit,errors,1,1,1,1.0,1.0,1.0,116,270,2.33,0.6069469999374633,13
gen_ml_python_003,mem0_style,ml/python,synthetic,explicit,completed_tasks,7,10,7,0.7,1.0,0.8235,147,270,1.84,1.0221649999948568,19
gen_ml_python_003,mem0_style,ml/python,synthetic,explicit,pending_tasks,1,1,1,1.0,1.0,1.0,147,270,1.84,1.0221649999948568,19
gen_ml_python_003,mem0_style,ml/python,synthetic,explicit,decisions,3,4,3,0.75,1.0,0.8571,147,270,1.84,1.0221649999948568,19
gen_ml_python_003,mem0_style,ml/python,synthetic,explicit,files,4,3,2,0.6667,0.5,0.5714,147,270,1.84,1.0221649999948568,19
gen_ml_python_003,mem0_style,ml/python,synthetic,explicit,errors,1,1,1,1.0,1.0,1.0,147,270,1.84,1.0221649999948568,19
gen_ml_python_003,memgpt_style,ml/python,synthetic,explicit,completed_tasks,7,5,4,0.8,0.5714,0.6667,87,270,3.1,0.37165800006278005,9
gen_ml_python_003,memgpt_style,ml/python,synthetic,explicit,pending_tasks,1,1,1,1.0,1.0,1.0,87,270,3.1,0.37165800006278005,9
gen_ml_python_003,memgpt_style,ml/python,synthetic,explicit,decisions,3,1,1,1.0,0.3333,0.5,87,270,3.1,0.37165800006278005,9
gen_ml_python_003,memgpt_style,ml/python,synthetic,explicit,files,4,2,2,1.0,0.5,0.6667,87,270,3.1,0.37165800006278005,9
gen_ml_python_003,memgpt_style,ml/python,synthetic,explicit,errors,1,0,0,1.0,0.0,0.0,87,270,3.1,0.37165800006278005,9
gen_ml_python_003,sliding_window_10,ml/python,synthetic,explicit,completed_tasks,7,13,4,0.3077,0.5714,0.4,129,270,2.09,0.004437000029611227,13
gen_ml_python_003,sliding_window_10,ml/python,synthetic,explicit,pending_tasks,1,13,1,0.0769,1.0,0.1429,129,270,2.09,0.004437000029611227,13
gen_ml_python_003,sliding_window_10,ml/python,synthetic,explicit,decisions,3,13,1,0.0769,0.3333,0.125,129,270,2.09,0.004437000029611227,13
gen_ml_python_003,sliding_window_10,ml/python,synthetic,explicit,files,4,13,2,0.1538,0.5,0.2353,129,270,2.09,0.004437000029611227,13
gen_ml_python_003,sliding_window_10,ml/python,synthetic,explicit,errors,1,13,0,0.0,0.0,0.0,129,270,2.09,0.004437000029611227,13
gen_ml_python_003,naive_truncation,ml/python,synthetic,explicit,completed_tasks,7,29,7,0.2414,1.0,0.3889,283,270,0.95,0.014984000017648214,29
gen_ml_python_003,naive_truncation,ml/python,synthetic,explicit,pending_tasks,1,29,1,0.0345,1.0,0.0667,283,270,0.95,0.014984000017648214,29
gen_ml_python_003,naive_truncation,ml/python,synthetic,explicit,decisions,3,29,3,0.1379,1.0,0.2424,283,270,0.95,0.014984000017648214,29
gen_ml_python_003,naive_truncation,ml/python,synthetic,explicit,files,4,29,4,0.1379,1.0,0.2424,283,270,0.95,0.014984000017648214,29
gen_ml_python_003,naive_truncation,ml/python,synthetic,explicit,errors,1,29,1,0.0345,1.0,0.0667,283,270,0.95,0.014984000017648214,29
gen_ml_python_003,naive_summary,ml/python,synthetic,explicit,completed_tasks,7,22,5,0.2273,0.7143,0.3448,206,270,1.31,0.034329999948568,22
gen_ml_python_003,naive_summary,ml/python,synthetic,explicit,pending_tasks,1,22,0,0.0,0.0,0.0,206,270,1.31,0.034329999948568,22
gen_ml_python_003,naive_summary,ml/python,synthetic,explicit,decisions,3,22,2,0.1364,0.6667,0.2264,206,270,1.31,0.034329999948568,22
gen_ml_python_003,naive_summary,ml/python,synthetic,explicit,files,4,22,3,0.1364,0.75,0.2308,206,270,1.31,0.034329999948568,22
gen_ml_python_003,naive_summary,ml/python,synthetic,explicit,errors,1,22,1,0.0455,1.0,0.087,206,270,1.31,0.034329999948568,22
gen_ml_python_004,tokenmizer_v0.5.2,ml/python,synthetic,explicit,completed_tasks,4,4,4,1.0,1.0,1.0,157,312,1.99,221.33966800004146,17
gen_ml_python_004,tokenmizer_v0.5.2,ml/python,synthetic,explicit,pending_tasks,2,2,2,1.0,1.0,1.0,157,312,1.99,221.33966800004146,17
gen_ml_python_004,tokenmizer_v0.5.2,ml/python,synthetic,explicit,decisions,6,6,5,0.8333,0.8333,0.8333,157,312,1.99,221.33966800004146,17
gen_ml_python_004,tokenmizer_v0.5.2,ml/python,synthetic,explicit,files,5,5,5,1.0,1.0,1.0,157,312,1.99,221.33966800004146,17
gen_ml_python_004,tokenmizer_v0.5.2,ml/python,synthetic,explicit,errors,2,0,0,1.0,0.0,0.0,157,312,1.99,221.33966800004146,17
gen_ml_python_004,graphiti_style,ml/python,synthetic,explicit,completed_tasks,4,9,3,0.3333,0.75,0.4615,196,312,1.59,1.8147250000311033,26
gen_ml_python_004,graphiti_style,ml/python,synthetic,explicit,pending_tasks,2,3,2,0.6667,1.0,0.8,196,312,1.59,1.8147250000311033,26
gen_ml_python_004,graphiti_style,ml/python,synthetic,explicit,decisions,6,7,6,0.8571,1.0,0.9231,196,312,1.59,1.8147250000311033,26
gen_ml_python_004,graphiti_style,ml/python,synthetic,explicit,files,5,5,4,0.8,0.8,0.8,196,312,1.59,1.8147250000311033,26
gen_ml_python_004,graphiti_style,ml/python,synthetic,explicit,errors,2,2,2,1.0,1.0,1.0,196,312,1.59,1.8147250000311033,26
gen_ml_python_004,graphrag_style,ml/python,synthetic,explicit,completed_tasks,4,4,3,0.75,0.75,0.75,172,312,1.81,1.2106650000305308,19
gen_ml_python_004,graphrag_style,ml/python,synthetic,explicit,pending_tasks,2,2,1,0.5,0.5,0.5,172,312,1.81,1.2106650000305308,19
gen_ml_python_004,graphrag_style,ml/python,synthetic,explicit,decisions,6,6,6,1.0,1.0,1.0,172,312,1.81,1.2106650000305308,19
gen_ml_python_004,graphrag_style,ml/python,synthetic,explicit,files,5,5,4,0.8,0.8,0.8,172,312,1.81,1.2106650000305308,19
gen_ml_python_004,graphrag_style,ml/python,synthetic,explicit,errors,2,2,2,1.0,1.0,1.0,172,312,1.81,1.2106650000305308,19
gen_ml_python_004,mem0_style,ml/python,synthetic,explicit,completed_tasks,4,9,3,0.3333,0.75,0.4615,195,312,1.6,2.0582230000627533,26
gen_ml_python_004,mem0_style,ml/python,synthetic,explicit,pending_tasks,2,3,2,0.6667,1.0,0.8,195,312,1.6,2.0582230000627533,26
gen_ml_python_004,mem0_style,ml/python,synthetic,explicit,decisions,6,7,6,0.8571,1.0,0.9231,195,312,1.6,2.0582230000627533,26
gen_ml_python_004,mem0_style,ml/python,synthetic,explicit,files,5,5,4,0.8,0.8,0.8,195,312,1.6,2.0582230000627533,26
gen_ml_python_004,mem0_style,ml/python,synthetic,explicit,errors,2,2,2,1.0,1.0,1.0,195,312,1.6,2.0582230000627533,26
gen_ml_python_004,memgpt_style,ml/python,synthetic,explicit,completed_tasks,4,4,1,0.25,0.25,0.25,92,312,3.39,0.7155759999477596,11
gen_ml_python_004,memgpt_style,ml/python,synthetic,explicit,pending_tasks,2,1,1,1.0,0.5,0.6667,92,312,3.39,0.7155759999477596,11
gen_ml_python_004,memgpt_style,ml/python,synthetic,explicit,decisions,6,3,2,0.6667,0.3333,0.4444,92,312,3.39,0.7155759999477596,11
gen_ml_python_004,memgpt_style,ml/python,synthetic,explicit,files,5,2,2,1.0,0.4,0.5714,92,312,3.39,0.7155759999477596,11
gen_ml_python_004,memgpt_style,ml/python,synthetic,explicit,errors,2,1,1,1.0,0.5,0.6667,92,312,3.39,0.7155759999477596,11
gen_ml_python_004,sliding_window_10,ml/python,synthetic,explicit,completed_tasks,4,12,2,0.1667,0.5,0.25,111,312,2.81,0.012997999988328957,12
gen_ml_python_004,sliding_window_10,ml/python,synthetic,explicit,pending_tasks,2,12,1,0.0833,0.5,0.1429,111,312,2.81,0.012997999988328957,12
gen_ml_python_004,sliding_window_10,ml/python,synthetic,explicit,decisions,6,12,2,0.1667,0.3333,0.2222,111,312,2.81,0.012997999988328957,12
gen_ml_python_004,sliding_window_10,ml/python,synthetic,explicit,files,5,12,1,0.0833,0.2,0.1176,111,312,2.81,0.012997999988328957,12
gen_ml_python_004,sliding_window_10,ml/python,synthetic,explicit,errors,2,12,1,0.0833,0.5,0.1429,111,312,2.81,0.012997999988328957,12
gen_ml_python_004,naive_truncation,ml/python,synthetic,explicit,completed_tasks,4,33,4,0.1212,1.0,0.2162,307,312,1.02,0.02316299992344284,33
gen_ml_python_004,naive_truncation,ml/python,synthetic,explicit,pending_tasks,2,33,2,0.0606,1.0,0.1143,307,312,1.02,0.02316299992344284,33
gen_ml_python_004,naive_truncation,ml/python,synthetic,explicit,decisions,6,33,6,0.1818,1.0,0.3077,307,312,1.02,0.02316299992344284,33
gen_ml_python_004,naive_truncation,ml/python,synthetic,explicit,files,5,33,5,0.1515,1.0,0.2632,307,312,1.02,0.02316299992344284,33
gen_ml_python_004,naive_truncation,ml/python,synthetic,explicit,errors,2,33,2,0.0606,1.0,0.1143,307,312,1.02,0.02316299992344284,33
gen_ml_python_004,naive_summary,ml/python,synthetic,explicit,completed_tasks,4,20,2,0.1,0.5,0.1667,194,312,1.61,0.07343000004311762,20
gen_ml_python_004,naive_summary,ml/python,synthetic,explicit,pending_tasks,2,20,1,0.05,0.5,0.0909,194,312,1.61,0.07343000004311762,20
gen_ml_python_004,naive_summary,ml/python,synthetic,explicit,decisions,6,20,4,0.2,0.6667,0.3077,194,312,1.61,0.07343000004311762,20
gen_ml_python_004,naive_summary,ml/python,synthetic,explicit,files,5,20,2,0.1,0.4,0.16,194,312,1.61,0.07343000004311762,20
gen_ml_python_004,naive_summary,ml/python,synthetic,explicit,errors,2,20,1,0.05,0.5,0.0909,194,312,1.61,0.07343000004311762,20
gen_ml_python_005,tokenmizer_v0.5.2,ml/python,synthetic,explicit,completed_tasks,7,7,7,1.0,1.0,1.0,148,303,2.05,225.57974000005743,16
gen_ml_python_005,tokenmizer_v0.5.2,ml/python,synthetic,explicit,pending_tasks,2,2,2,1.0,1.0,1.0,148,303,2.05,225.57974000005743,16
gen_ml_python_005,tokenmizer_v0.5.2,ml/python,synthetic,explicit,decisions,4,3,2,0.6667,0.5,0.5714,148,303,2.05,225.57974000005743,16
gen_ml_python_005,tokenmizer_v0.5.2,ml/python,synthetic,explicit,files,4,4,4,1.0,1.0,1.0,148,303,2.05,225.57974000005743,16
gen_ml_python_005,graphiti_style,ml/python,synthetic,explicit,completed_tasks,7,9,7,0.7778,1.0,0.875,169,303,1.79,1.1572100000876162,19
gen_ml_python_005,graphiti_style,ml/python,synthetic,explicit,pending_tasks,2,2,2,1.0,1.0,1.0,169,303,1.79,1.1572100000876162,19
gen_ml_python_005,graphiti_style,ml/python,synthetic,explicit,decisions,4,4,4,1.0,1.0,1.0,169,303,1.79,1.1572100000876162,19
gen_ml_python_005,graphiti_style,ml/python,synthetic,explicit,files,4,4,3,0.75,0.75,0.75,169,303,1.79,1.1572100000876162,19
gen_ml_python_005,graphrag_style,ml/python,synthetic,explicit,completed_tasks,7,4,4,1.0,0.5714,0.7273,110,303,2.75,0.6784229999539093,12
gen_ml_python_005,graphrag_style,ml/python,synthetic,explicit,pending_tasks,2,0,0,1.0,0.0,0.0,110,303,2.75,0.6784229999539093,12
gen_ml_python_005,graphrag_style,ml/python,synthetic,explicit,decisions,4,4,4,1.0,1.0,1.0,110,303,2.75,0.6784229999539093,12
gen_ml_python_005,graphrag_style,ml/python,synthetic,explicit,files,4,4,3,0.75,0.75,0.75,110,303,2.75,0.6784229999539093,12
gen_ml_python_005,mem0_style,ml/python,synthetic,explicit,completed_tasks,7,9,7,0.7778,1.0,0.875,168,303,1.8,1.2188620000870287,19
gen_ml_python_005,mem0_style,ml/python,synthetic,explicit,pending_tasks,2,2,2,1.0,1.0,1.0,168,303,1.8,1.2188620000870287,19
gen_ml_python_005,mem0_style,ml/python,synthetic,explicit,decisions,4,4,4,1.0,1.0,1.0,168,303,1.8,1.2188620000870287,19
gen_ml_python_005,mem0_style,ml/python,synthetic,explicit,files,4,4,3,0.75,0.75,0.75,168,303,1.8,1.2188620000870287,19
gen_ml_python_005,memgpt_style,ml/python,synthetic,explicit,completed_tasks,7,5,4,0.8,0.5714,0.6667,77,303,3.94,0.37909799993940396,9
gen_ml_python_005,memgpt_style,ml/python,synthetic,explicit,pending_tasks,2,0,0,1.0,0.0,0.0,77,303,3.94,0.37909799993940396,9
gen_ml_python_005,memgpt_style,ml/python,synthetic,explicit,decisions,4,1,1,1.0,0.25,0.4,77,303,3.94,0.37909799993940396,9
gen_ml_python_005,memgpt_style,ml/python,synthetic,explicit,files,4,3,2,0.6667,0.5,0.5714,77,303,3.94,0.37909799993940396,9
gen_ml_python_005,sliding_window_10,ml/python,synthetic,explicit,completed_tasks,7,11,4,0.3636,0.5714,0.4444,115,303,2.63,0.004911000019092171,11
gen_ml_python_005,sliding_window_10,ml/python,synthetic,explicit,pending_tasks,2,11,0,0.0,0.0,0.0,115,303,2.63,0.004911000019092171,11
gen_ml_python_005,sliding_window_10,ml/python,synthetic,explicit,decisions,4,11,1,0.0909,0.25,0.1333,115,303,2.63,0.004911000019092171,11
gen_ml_python_005,sliding_window_10,ml/python,synthetic,explicit,files,4,11,1,0.0909,0.25,0.1333,115,303,2.63,0.004911000019092171,11
gen_ml_python_005,sliding_window_10,ml/python,synthetic,explicit,errors,0,11,0,0.0,1.0,0.0,115,303,2.63,0.004911000019092171,11
gen_ml_python_005,naive_truncation,ml/python,synthetic,explicit,completed_tasks,7,31,7,0.2258,1.0,0.3684,308,303,0.98,0.030936000030123978,31
gen_ml_python_005,naive_truncation,ml/python,synthetic,explicit,pending_tasks,2,31,2,0.0645,1.0,0.1212,308,303,0.98,0.030936000030123978,31
gen_ml_python_005,naive_truncation,ml/python,synthetic,explicit,decisions,4,31,4,0.129,1.0,0.2286,308,303,0.98,0.030936000030123978,31
gen_ml_python_005,naive_truncation,ml/python,synthetic,explicit,files,4,31,4,0.129,1.0,0.2286,308,303,0.98,0.030936000030123978,31
gen_ml_python_005,naive_truncation,ml/python,synthetic,explicit,errors,0,31,0,0.0,1.0,0.0,308,303,0.98,0.030936000030123978,31
gen_ml_python_005,naive_summary,ml/python,synthetic,explicit,completed_tasks,7,20,3,0.15,0.4286,0.2222,192,303,1.58,0.05216900001414615,20
gen_ml_python_005,naive_summary,ml/python,synthetic,explicit,pending_tasks,2,20,2,0.1,1.0,0.1818,192,303,1.58,0.05216900001414615,20
gen_ml_python_005,naive_summary,ml/python,synthetic,explicit,decisions,4,20,3,0.15,0.75,0.25,192,303,1.58,0.05216900001414615,20
gen_ml_python_005,naive_summary,ml/python,synthetic,explicit,files,4,20,1,0.05,0.25,0.0833,192,303,1.58,0.05216900001414615,20
gen_ml_python_005,naive_summary,ml/python,synthetic,explicit,errors,0,20,0,0.0,1.0,0.0,192,303,1.58,0.05216900001414615,20
gen_ml_python_006,tokenmizer_v0.5.2,ml/python,synthetic,explicit,completed_tasks,7,7,7,1.0,1.0,1.0,116,282,2.43,230.93882700004542,15
gen_ml_python_006,tokenmizer_v0.5.2,ml/python,synthetic,explicit,pending_tasks,1,1,1,1.0,1.0,1.0,116,282,2.43,230.93882700004542,15
gen_ml_python_006,tokenmizer_v0.5.2,ml/python,synthetic,explicit,decisions,2,2,2,1.0,1.0,1.0,116,282,2.43,230.93882700004542,15
gen_ml_python_006,tokenmizer_v0.5.2,ml/python,synthetic,explicit,files,5,5,5,1.0,1.0,1.0,116,282,2.43,230.93882700004542,15
gen_ml_python_006,tokenmizer_v0.5.2,ml/python,synthetic,explicit,errors,3,0,0,1.0,0.0,0.0,116,282,2.43,230.93882700004542,15
gen_ml_python_006,graphiti_style,ml/python,synthetic,explicit,completed_tasks,7,11,6,0.5455,0.8571,0.6667,165,282,1.71,0.9453390000544459,21
gen_ml_python_006,graphiti_style,ml/python,synthetic,explicit,pending_tasks,1,1,1,1.0,1.0,1.0,165,282,1.71,0.9453390000544459,21
gen_ml_python_006,graphiti_style,ml/python,synthetic,explicit,decisions,2,2,2,1.0,1.0,1.0,165,282,1.71,0.9453390000544459,21
gen_ml_python_006,graphiti_style,ml/python,synthetic,explicit,files,5,4,4,1.0,0.8,0.8889,165,282,1.71,0.9453390000544459,21
gen_ml_python_006,graphiti_style,ml/python,synthetic,explicit,errors,3,3,3,1.0,1.0,1.0,165,282,1.71,0.9453390000544459,21
gen_ml_python_006,graphrag_style,ml/python,synthetic,explicit,completed_tasks,7,2,1,0.5,0.1429,0.2222,108,282,2.61,0.6209559999206249,12
gen_ml_python_006,graphrag_style,ml/python,synthetic,explicit,pending_tasks,1,1,1,1.0,1.0,1.0,108,282,2.61,0.6209559999206249,12
gen_ml_python_006,graphrag_style,ml/python,synthetic,explicit,decisions,2,2,2,1.0,1.0,1.0,108,282,2.61,0.6209559999206249,12
gen_ml_python_006,graphrag_style,ml/python,synthetic,explicit,files,5,4,4,1.0,0.8,0.8889,108,282,2.61,0.6209559999206249,12
gen_ml_python_006,graphrag_style,ml/python,synthetic,explicit,errors,3,3,3,1.0,1.0,1.0,108,282,2.61,0.6209559999206249,12
gen_ml_python_006,mem0_style,ml/python,synthetic,explicit,completed_tasks,7,11,6,0.5455,0.8571,0.6667,164,282,1.72,1.110801999971045,21
gen_ml_python_006,mem0_style,ml/python,synthetic,explicit,pending_tasks,1,1,1,1.0,1.0,1.0,164,282,1.72,1.110801999971045,21
gen_ml_python_006,mem0_style,ml/python,synthetic,explicit,decisions,2,2,2,1.0,1.0,1.0,164,282,1.72,1.110801999971045,21
gen_ml_python_006,mem0_style,ml/python,synthetic,explicit,files,5,4,4,1.0,0.8,0.8889,164,282,1.72,1.110801999971045,21
gen_ml_python_006,mem0_style,ml/python,synthetic,explicit,errors,3,3,3,1.0,1.0,1.0,164,282,1.72,1.110801999971045,21
gen_ml_python_006,memgpt_style,ml/python,synthetic,explicit,completed_tasks,7,5,2,0.4,0.2857,0.3333,80,282,3.52,0.35022199995182746,10
gen_ml_python_006,memgpt_style,ml/python,synthetic,explicit,pending_tasks,1,0,0,1.0,0.0,0.0,80,282,3.52,0.35022199995182746,10
gen_ml_python_006,memgpt_style,ml/python,synthetic,explicit,decisions,2,1,1,1.0,0.5,0.6667,80,282,3.52,0.35022199995182746,10
gen_ml_python_006,memgpt_style,ml/python,synthetic,explicit,files,5,3,3,1.0,0.6,0.75,80,282,3.52,0.35022199995182746,10
gen_ml_python_006,memgpt_style,ml/python,synthetic,explicit,errors,3,1,1,1.0,0.3333,0.5,80,282,3.52,0.35022199995182746,10
gen_ml_python_006,sliding_window_10,ml/python,synthetic,explicit,completed_tasks,7,12,3,0.25,0.4286,0.3158,108,282,2.61,0.004162999971413228,12
gen_ml_python_006,sliding_window_10,ml/python,synthetic,explicit,pending_tasks,1,12,0,0.0,0.0,0.0,108,282,2.61,0.004162999971413228,12
gen_ml_python_006,sliding_window_10,ml/python,synthetic,explicit,decisions,2,12,2,0.1667,1.0,0.2857,108,282,2.61,0.004162999971413228,12
gen_ml_python_006,sliding_window_10,ml/python,synthetic,explicit,files,5,12,2,0.1667,0.4,0.2353,108,282,2.61,0.004162999971413228,12
gen_ml_python_006,sliding_window_10,ml/python,synthetic,explicit,errors,3,12,1,0.0833,0.3333,0.1333,108,282,2.61,0.004162999971413228,12
gen_ml_python_006,naive_truncation,ml/python,synthetic,explicit,completed_tasks,7,34,7,0.2059,1.0,0.3415,300,282,0.94,0.042929000073854695,34
gen_ml_python_006,naive_truncation,ml/python,synthetic,explicit,pending_tasks,1,34,1,0.0294,1.0,0.0571,300,282,0.94,0.042929000073854695,34
gen_ml_python_006,naive_truncation,ml/python,synthetic,explicit,decisions,2,34,2,0.0882,1.0,0.1622,300,282,0.94,0.042929000073854695,34
gen_ml_python_006,naive_truncation,ml/python,synthetic,explicit,files,5,34,5,0.1471,1.0,0.2564,300,282,0.94,0.042929000073854695,34
gen_ml_python_006,naive_truncation,ml/python,synthetic,explicit,errors,3,34,3,0.0882,1.0,0.1622,300,282,0.94,0.042929000073854695,34
gen_ml_python_006,naive_summary,ml/python,synthetic,explicit,completed_tasks,7,24,4,0.1667,0.5714,0.2581,210,282,1.34,0.05476400008319615,24
gen_ml_python_006,naive_summary,ml/python,synthetic,explicit,pending_tasks,1,24,1,0.0417,1.0,0.08,210,282,1.34,0.05476400008319615,24
gen_ml_python_006,naive_summary,ml/python,synthetic,explicit,decisions,2,24,1,0.0833,0.5,0.1429,210,282,1.34,0.05476400008319615,24
gen_ml_python_006,naive_summary,ml/python,synthetic,explicit,files,5,24,3,0.125,0.6,0.2069,210,282,1.34,0.05476400008319615,24
gen_ml_python_006,naive_summary,ml/python,synthetic,explicit,errors,3,24,2,0.0833,0.6667,0.1481,210,282,1.34,0.05476400008319615,24
gen_mobile_ios_001,tokenmizer_v0.5.2,mobile/ios,synthetic,explicit,completed_tasks,6,6,6,1.0,1.0,1.0,146,299,2.05,206.9128109999383,17
gen_mobile_ios_001,tokenmizer_v0.5.2,mobile/ios,synthetic,explicit,pending_tasks,2,3,2,0.6667,1.0,0.8,146,299,2.05,206.9128109999383,17
gen_mobile_ios_001,tokenmizer_v0.5.2,mobile/ios,synthetic,explicit,decisions,3,3,2,0.6667,0.6667,0.6667,146,299,2.05,206.9128109999383,17
gen_mobile_ios_001,tokenmizer_v0.5.2,mobile/ios,synthetic,explicit,files,3,3,3,1.0,1.0,1.0,146,299,2.05,206.9128109999383,17
gen_mobile_ios_001,tokenmizer_v0.5.2,mobile/ios,synthetic,explicit,errors,3,2,0,0.0,0.0,0.0,146,299,2.05,206.9128109999383,17
gen_mobile_ios_001,graphiti_style,mobile/ios,synthetic,explicit,completed_tasks,6,8,6,0.75,1.0,0.8571,190,299,1.57,1.005294000037793,21
gen_mobile_ios_001,graphiti_style,mobile/ios,synthetic,explicit,pending_tasks,2,3,2,0.6667,1.0,0.8,190,299,1.57,1.005294000037793,21
gen_mobile_ios_001,graphiti_style,mobile/ios,synthetic,explicit,decisions,3,4,3,0.75,1.0,0.8571,190,299,1.57,1.005294000037793,21
gen_mobile_ios_001,graphiti_style,mobile/ios,synthetic,explicit,files,3,3,3,1.0,1.0,1.0,190,299,1.57,1.005294000037793,21
gen_mobile_ios_001,graphiti_style,mobile/ios,synthetic,explicit,errors,3,3,3,1.0,1.0,1.0,190,299,1.57,1.005294000037793,21
gen_mobile_ios_001,graphrag_style,mobile/ios,synthetic,explicit,completed_tasks,6,3,3,1.0,0.5,0.6667,145,299,2.06,0.5636800000274889,16
gen_mobile_ios_001,graphrag_style,mobile/ios,synthetic,explicit,pending_tasks,2,2,1,0.5,0.5,0.5,145,299,2.06,0.5636800000274889,16
gen_mobile_ios_001,graphrag_style,mobile/ios,synthetic,explicit,decisions,3,4,3,0.75,1.0,0.8571,145,299,2.06,0.5636800000274889,16
gen_mobile_ios_001,graphrag_style,mobile/ios,synthetic,explicit,files,3,3,3,1.0,1.0,1.0,145,299,2.06,0.5636800000274889,16
gen_mobile_ios_001,graphrag_style,mobile/ios,synthetic,explicit,errors,3,4,3,0.75,1.0,0.8571,145,299,2.06,0.5636800000274889,16
gen_mobile_ios_001,mem0_style,mobile/ios,synthetic,explicit,completed_tasks,6,8,6,0.75,1.0,0.8571,189,299,1.58,1.0075610000512825,21
gen_mobile_ios_001,mem0_style,mobile/ios,synthetic,explicit,pending_tasks,2,3,2,0.6667,1.0,0.8,189,299,1.58,1.0075610000512825,21
gen_mobile_ios_001,mem0_style,mobile/ios,synthetic,explicit,decisions,3,4,3,0.75,1.0,0.8571,189,299,1.58,1.0075610000512825,21
gen_mobile_ios_001,mem0_style,mobile/ios,synthetic,explicit,files,3,3,3,1.0,1.0,1.0,189,299,1.58,1.0075610000512825,21
gen_mobile_ios_001,mem0_style,mobile/ios,synthetic,explicit,errors,3,3,3,1.0,1.0,1.0,189,299,1.58,1.0075610000512825,21
gen_mobile_ios_001,memgpt_style,mobile/ios,synthetic,explicit,completed_tasks,6,4,4,1.0,0.6667,0.8,85,299,3.52,0.6429879999814148,8
gen_mobile_ios_001,memgpt_style,mobile/ios,synthetic,explicit,pending_tasks,2,1,1,1.0,0.5,0.6667,85,299,3.52,0.6429879999814148,8
gen_mobile_ios_001,memgpt_style,mobile/ios,synthetic,explicit,decisions,3,1,1,1.0,0.3333,0.5,85,299,3.52,0.6429879999814148,8
gen_mobile_ios_001,memgpt_style,mobile/ios,synthetic,explicit,files,3,1,1,1.0,0.3333,0.5,85,299,3.52,0.6429879999814148,8
gen_mobile_ios_001,memgpt_style,mobile/ios,synthetic,explicit,errors,3,1,1,1.0,0.3333,0.5,85,299,3.52,0.6429879999814148,8
gen_mobile_ios_001,sliding_window_10,mobile/ios,synthetic,explicit,completed_tasks,6,13,4,0.3077,0.6667,0.4211,138,299,2.17,0.007101000051079609,13
gen_mobile_ios_001,sliding_window_10,mobile/ios,synthetic,explicit,pending_tasks,2,13,1,0.0769,0.5,0.1333,138,299,2.17,0.007101000051079609,13
gen_mobile_ios_001,sliding_window_10,mobile/ios,synthetic,explicit,decisions,3,13,1,0.0769,0.3333,0.125,138,299,2.17,0.007101000051079609,13
gen_mobile_ios_001,sliding_window_10,mobile/ios,synthetic,explicit,files,3,13,1,0.0769,0.3333,0.125,138,299,2.17,0.007101000051079609,13
gen_mobile_ios_001,sliding_window_10,mobile/ios,synthetic,explicit,errors,3,13,1,0.0769,0.3333,0.125,138,299,2.17,0.007101000051079609,13
gen_mobile_ios_001,naive_truncation,mobile/ios,synthetic,explicit,completed_tasks,6,30,6,0.2,1.0,0.3333,315,299,0.95,0.017455000033805845,30
gen_mobile_ios_001,naive_truncation,mobile/ios,synthetic,explicit,pending_tasks,2,30,2,0.0667,1.0,0.125,315,299,0.95,0.017455000033805845,30
gen_mobile_ios_001,naive_truncation,mobile/ios,synthetic,explicit,decisions,3,30,3,0.1,1.0,0.1818,315,299,0.95,0.017455000033805845,30
gen_mobile_ios_001,naive_truncation,mobile/ios,synthetic,explicit,files,3,30,3,0.1,1.0,0.1818,315,299,0.95,0.017455000033805845,30
gen_mobile_ios_001,naive_truncation,mobile/ios,synthetic,explicit,errors,3,30,3,0.1,1.0,0.1818,315,299,0.95,0.017455000033805845,30
gen_mobile_ios_001,naive_summary,mobile/ios,synthetic,explicit,completed_tasks,6,20,2,0.1,0.3333,0.1538,204,299,1.47,0.08001700007298496,20
gen_mobile_ios_001,naive_summary,mobile/ios,synthetic,explicit,pending_tasks,2,20,1,0.05,0.5,0.0909,204,299,1.47,0.08001700007298496,20
gen_mobile_ios_001,naive_summary,mobile/ios,synthetic,explicit,decisions,3,20,2,0.1,0.6667,0.1739,204,299,1.47,0.08001700007298496,20
gen_mobile_ios_001,naive_summary,mobile/ios,synthetic,explicit,files,3,20,2,0.1,0.6667,0.1739,204,299,1.47,0.08001700007298496,20
gen_mobile_ios_001,naive_summary,mobile/ios,synthetic,explicit,errors,3,20,3,0.15,1.0,0.2609,204,299,1.47,0.08001700007298496,20
gen_mobile_ios_002,tokenmizer_v0.5.2,mobile/ios,synthetic,explicit,completed_tasks,7,7,7,1.0,1.0,1.0,182,357,1.96,208.40847800002393,19
gen_mobile_ios_002,tokenmizer_v0.5.2,mobile/ios,synthetic,explicit,pending_tasks,2,1,1,1.0,0.5,0.6667,182,357,1.96,208.40847800002393,19
gen_mobile_ios_002,tokenmizer_v0.5.2,mobile/ios,synthetic,explicit,decisions,6,7,5,0.7143,0.8333,0.7692,182,357,1.96,208.40847800002393,19
gen_mobile_ios_002,tokenmizer_v0.5.2,mobile/ios,synthetic,explicit,files,3,2,2,1.0,0.6667,0.8,182,357,1.96,208.40847800002393,19
gen_mobile_ios_002,tokenmizer_v0.5.2,mobile/ios,synthetic,explicit,errors,3,2,0,0.0,0.0,0.0,182,357,1.96,208.40847800002393,19
gen_mobile_ios_002,graphiti_style,mobile/ios,synthetic,explicit,completed_tasks,7,10,7,0.7,1.0,0.8235,203,357,1.76,1.1921330000177477,23
gen_mobile_ios_002,graphiti_style,mobile/ios,synthetic,explicit,pending_tasks,2,2,2,1.0,1.0,1.0,203,357,1.76,1.1921330000177477,23
gen_mobile_ios_002,graphiti_style,mobile/ios,synthetic,explicit,decisions,6,6,6,1.0,1.0,1.0,203,357,1.76,1.1921330000177477,23
gen_mobile_ios_002,graphiti_style,mobile/ios,synthetic,explicit,files,3,2,2,1.0,0.6667,0.8,203,357,1.76,1.1921330000177477,23
gen_mobile_ios_002,graphiti_style,mobile/ios,synthetic,explicit,errors,3,3,3,1.0,1.0,1.0,203,357,1.76,1.1921330000177477,23
gen_mobile_ios_002,graphrag_style,mobile/ios,synthetic,explicit,completed_tasks,7,2,2,1.0,0.2857,0.4444,140,357,2.55,0.7831479999822477,14
gen_mobile_ios_002,graphrag_style,mobile/ios,synthetic,explicit,pending_tasks,2,0,0,1.0,0.0,0.0,140,357,2.55,0.7831479999822477,14
gen_mobile_ios_002,graphrag_style,mobile/ios,synthetic,explicit,decisions,6,6,6,1.0,1.0,1.0,140,357,2.55,0.7831479999822477,14
gen_mobile_ios_002,graphrag_style,mobile/ios,synthetic,explicit,files,3,2,2,1.0,0.6667,0.8,140,357,2.55,0.7831479999822477,14
gen_mobile_ios_002,graphrag_style,mobile/ios,synthetic,explicit,errors,3,4,3,0.75,1.0,0.8571,140,357,2.55,0.7831479999822477,14
gen_mobile_ios_002,mem0_style,mobile/ios,synthetic,explicit,completed_tasks,7,10,7,0.7,1.0,0.8235,202,357,1.77,1.2591939999992974,23
gen_mobile_ios_002,mem0_style,mobile/ios,synthetic,explicit,pending_tasks,2,2,2,1.0,1.0,1.0,202,357,1.77,1.2591939999992974,23
gen_mobile_ios_002,mem0_style,mobile/ios,synthetic,explicit,decisions,6,6,6,1.0,1.0,1.0,202,357,1.77,1.2591939999992974,23
gen_mobile_ios_002,mem0_style,mobile/ios,synthetic,explicit,files,3,2,2,1.0,0.6667,0.8,202,357,1.77,1.2591939999992974,23
gen_mobile_ios_002,mem0_style,mobile/ios,synthetic,explicit,errors,3,3,3,1.0,1.0,1.0,202,357,1.77,1.2591939999992974,23
gen_mobile_ios_002,memgpt_style,mobile/ios,synthetic,explicit,completed_tasks,7,5,4,0.8,0.5714,0.6667,99,357,3.61,0.4597700000203986,10
gen_mobile_ios_002,memgpt_style,mobile/ios,synthetic,explicit,pending_tasks,2,0,0,1.0,0.0,0.0,99,357,3.61,0.4597700000203986,10
gen_mobile_ios_002,memgpt_style,mobile/ios,synthetic,explicit,decisions,6,4,4,1.0,0.6667,0.8,99,357,3.61,0.4597700000203986,10
gen_mobile_ios_002,memgpt_style,mobile/ios,synthetic,explicit,files,3,0,0,1.0,0.0,0.0,99,357,3.61,0.4597700000203986,10
gen_mobile_ios_002,memgpt_style,mobile/ios,synthetic,explicit,errors,3,1,1,1.0,0.3333,0.5,99,357,3.61,0.4597700000203986,10
gen_mobile_ios_002,sliding_window_10,mobile/ios,synthetic,explicit,completed_tasks,7,12,4,0.3333,0.5714,0.4211,114,357,3.13,0.004826999997931125,12
gen_mobile_ios_002,sliding_window_10,mobile/ios,synthetic,explicit,pending_tasks,2,12,0,0.0,0.0,0.0,114,357,3.13,0.004826999997931125,12
gen_mobile_ios_002,sliding_window_10,mobile/ios,synthetic,explicit,decisions,6,12,2,0.1667,0.3333,0.2222,114,357,3.13,0.004826999997931125,12
gen_mobile_ios_002,sliding_window_10,mobile/ios,synthetic,explicit,files,3,12,0,0.0,0.0,0.0,114,357,3.13,0.004826999997931125,12
gen_mobile_ios_002,sliding_window_10,mobile/ios,synthetic,explicit,errors,3,12,1,0.0833,0.3333,0.1333,114,357,3.13,0.004826999997931125,12
gen_mobile_ios_002,naive_truncation,mobile/ios,synthetic,explicit,completed_tasks,7,34,7,0.2059,1.0,0.3415,314,357,1.14,0.027441999918664806,34
gen_mobile_ios_002,naive_truncation,mobile/ios,synthetic,explicit,pending_tasks,2,34,1,0.0294,0.5,0.0556,314,357,1.14,0.027441999918664806,34
gen_mobile_ios_002,naive_truncation,mobile/ios,synthetic,explicit,decisions,6,34,5,0.1471,0.8333,0.25,314,357,1.14,0.027441999918664806,34
gen_mobile_ios_002,naive_truncation,mobile/ios,synthetic,explicit,files,3,34,3,0.0882,1.0,0.1622,314,357,1.14,0.027441999918664806,34
gen_mobile_ios_002,naive_truncation,mobile/ios,synthetic,explicit,errors,3,34,3,0.0882,1.0,0.1622,314,357,1.14,0.027441999918664806,34
gen_mobile_ios_002,naive_summary,mobile/ios,synthetic,explicit,completed_tasks,7,22,2,0.0909,0.2857,0.1379,206,357,1.73,0.045688000000154716,22
gen_mobile_ios_002,naive_summary,mobile/ios,synthetic,explicit,pending_tasks,2,22,2,0.0909,1.0,0.1667,206,357,1.73,0.045688000000154716,22
gen_mobile_ios_002,naive_summary,mobile/ios,synthetic,explicit,decisions,6,22,2,0.0909,0.3333,0.1429,206,357,1.73,0.045688000000154716,22
gen_mobile_ios_002,naive_summary,mobile/ios,synthetic,explicit,files,3,22,2,0.0909,0.6667,0.16,206,357,1.73,0.045688000000154716,22
gen_mobile_ios_002,naive_summary,mobile/ios,synthetic,explicit,errors,3,22,2,0.0909,0.6667,0.16,206,357,1.73,0.045688000000154716,22
gen_mobile_ios_003,tokenmizer_v0.5.2,mobile/ios,synthetic,explicit,completed_tasks,6,6,6,1.0,1.0,1.0,154,381,2.47,219.30995699995037,18
gen_mobile_ios_003,tokenmizer_v0.5.2,mobile/ios,synthetic,explicit,pending_tasks,3,0,0,1.0,0.0,0.0,154,381,2.47,219.30995699995037,18
gen_mobile_ios_003,tokenmizer_v0.5.2,mobile/ios,synthetic,explicit,decisions,6,7,4,0.5714,0.6667,0.6154,154,381,2.47,219.30995699995037,18
gen_mobile_ios_003,tokenmizer_v0.5.2,mobile/ios,synthetic,explicit,files,6,5,5,1.0,0.8333,0.9091,154,381,2.47,219.30995699995037,18
gen_mobile_ios_003,tokenmizer_v0.5.2,mobile/ios,synthetic,explicit,errors,2,0,0,1.0,0.0,0.0,154,381,2.47,219.30995699995037,18
gen_mobile_ios_003,graphiti_style,mobile/ios,synthetic,explicit,completed_tasks,6,10,6,0.6,1.0,0.75,224,381,1.7,1.2384269999756725,27
gen_mobile_ios_003,graphiti_style,mobile/ios,synthetic,explicit,pending_tasks,3,4,3,0.75,1.0,0.8571,224,381,1.7,1.2384269999756725,27
gen_mobile_ios_003,graphiti_style,mobile/ios,synthetic,explicit,decisions,6,7,6,0.8571,1.0,0.9231,224,381,1.7,1.2384269999756725,27
gen_mobile_ios_003,graphiti_style,mobile/ios,synthetic,explicit,files,6,4,4,1.0,0.6667,0.8,224,381,1.7,1.2384269999756725,27
gen_mobile_ios_003,graphiti_style,mobile/ios,synthetic,explicit,errors,2,2,2,1.0,1.0,1.0,224,381,1.7,1.2384269999756725,27
gen_mobile_ios_003,graphrag_style,mobile/ios,synthetic,explicit,completed_tasks,6,2,2,1.0,0.3333,0.5,182,381,2.09,0.8805549999806317,20
gen_mobile_ios_003,graphrag_style,mobile/ios,synthetic,explicit,pending_tasks,3,4,3,0.75,1.0,0.8571,182,381,2.09,0.8805549999806317,20
gen_mobile_ios_003,graphrag_style,mobile/ios,synthetic,explicit,decisions,6,7,6,0.8571,1.0,0.9231,182,381,2.09,0.8805549999806317,20
gen_mobile_ios_003,graphrag_style,mobile/ios,synthetic,explicit,files,6,4,4,1.0,0.6667,0.8,182,381,2.09,0.8805549999806317,20
gen_mobile_ios_003,graphrag_style,mobile/ios,synthetic,explicit,errors,2,3,2,0.6667,1.0,0.8,182,381,2.09,0.8805549999806317,20
gen_mobile_ios_003,mem0_style,mobile/ios,synthetic,explicit,completed_tasks,6,10,6,0.6,1.0,0.75,223,381,1.71,1.311275000034584,27
gen_mobile_ios_003,mem0_style,mobile/ios,synthetic,explicit,pending_tasks,3,4,3,0.75,1.0,0.8571,223,381,1.71,1.311275000034584,27
gen_mobile_ios_003,mem0_style,mobile/ios,synthetic,explicit,decisions,6,7,6,0.8571,1.0,0.9231,223,381,1.71,1.311275000034584,27
gen_mobile_ios_003,mem0_style,mobile/ios,synthetic,explicit,files,6,4,4,1.0,0.6667,0.8,223,381,1.71,1.311275000034584,27
gen_mobile_ios_003,mem0_style,mobile/ios,synthetic,explicit,errors,2,2,2,1.0,1.0,1.0,223,381,1.71,1.311275000034584,27
gen_mobile_ios_003,memgpt_style,mobile/ios,synthetic,explicit,completed_tasks,6,6,4,0.6667,0.6667,0.6667,96,381,3.97,0.5219879999458499,11
gen_mobile_ios_003,memgpt_style,mobile/ios,synthetic,explicit,pending_tasks,3,0,0,1.0,0.0,0.0,96,381,3.97,0.5219879999458499,11
gen_mobile_ios_003,memgpt_style,mobile/ios,synthetic,explicit,decisions,6,2,2,1.0,0.3333,0.5,96,381,3.97,0.5219879999458499,11
gen_mobile_ios_003,memgpt_style,mobile/ios,synthetic,explicit,files,6,3,3,1.0,0.5,0.6667,96,381,3.97,0.5219879999458499,11
gen_mobile_ios_003,memgpt_style,mobile/ios,synthetic,explicit,errors,2,0,0,1.0,0.0,0.0,96,381,3.97,0.5219879999458499,11
gen_mobile_ios_003,sliding_window_10,mobile/ios,synthetic,explicit,completed_tasks,6,10,3,0.3,0.5,0.375,81,381,4.7,0.004074999992553785,10
gen_mobile_ios_003,sliding_window_10,mobile/ios,synthetic,explicit,pending_tasks,3,10,0,0.0,0.0,0.0,81,381,4.7,0.004074999992553785,10
gen_mobile_ios_003,sliding_window_10,mobile/ios,synthetic,explicit,decisions,6,10,0,0.0,0.0,0.0,81,381,4.7,0.004074999992553785,10
gen_mobile_ios_003,sliding_window_10,mobile/ios,synthetic,explicit,files,6,10,2,0.2,0.3333,0.25,81,381,4.7,0.004074999992553785,10
gen_mobile_ios_003,sliding_window_10,mobile/ios,synthetic,explicit,errors,2,10,0,0.0,0.0,0.0,81,381,4.7,0.004074999992553785,10
gen_mobile_ios_003,naive_truncation,mobile/ios,synthetic,explicit,completed_tasks,6,38,5,0.1579,0.8333,0.2655,324,381,1.18,0.02214699998148717,38
gen_mobile_ios_003,naive_truncation,mobile/ios,synthetic,explicit,pending_tasks,3,38,3,0.0789,1.0,0.1463,324,381,1.18,0.02214699998148717,38
gen_mobile_ios_003,naive_truncation,mobile/ios,synthetic,explicit,decisions,6,38,4,0.1053,0.6667,0.1818,324,381,1.18,0.02214699998148717,38
gen_mobile_ios_003,naive_truncation,mobile/ios,synthetic,explicit,files,6,38,6,0.1579,1.0,0.2727,324,381,1.18,0.02214699998148717,38
gen_mobile_ios_003,naive_truncation,mobile/ios,synthetic,explicit,errors,2,38,2,0.0526,1.0,0.1,324,381,1.18,0.02214699998148717,38
gen_mobile_ios_003,naive_summary,mobile/ios,synthetic,explicit,completed_tasks,6,22,1,0.0455,0.1667,0.0714,201,381,1.9,0.048798000079841586,22
gen_mobile_ios_003,naive_summary,mobile/ios,synthetic,explicit,pending_tasks,3,22,3,0.1364,1.0,0.24,201,381,1.9,0.048798000079841586,22
gen_mobile_ios_003,naive_summary,mobile/ios,synthetic,explicit,decisions,6,22,4,0.1818,0.6667,0.2857,201,381,1.9,0.048798000079841586,22
gen_mobile_ios_003,naive_summary,mobile/ios,synthetic,explicit,files,6,22,2,0.0909,0.3333,0.1429,201,381,1.9,0.048798000079841586,22
gen_mobile_ios_003,naive_summary,mobile/ios,synthetic,explicit,errors,2,22,0,0.0,0.0,0.0,201,381,1.9,0.048798000079841586,22
gen_mobile_ios_004,tokenmizer_v0.5.2,mobile/ios,synthetic,explicit,completed_tasks,5,5,5,1.0,1.0,1.0,107,273,2.55,209.33754400005,14
gen_mobile_ios_004,tokenmizer_v0.5.2,mobile/ios,synthetic,explicit,pending_tasks,1,1,1,1.0,1.0,1.0,107,273,2.55,209.33754400005,14
gen_mobile_ios_004,tokenmizer_v0.5.2,mobile/ios,synthetic,explicit,decisions,2,2,1,0.5,0.5,0.5,107,273,2.55,209.33754400005,14
gen_mobile_ios_004,tokenmizer_v0.5.2,mobile/ios,synthetic,explicit,files,6,6,6,1.0,1.0,1.0,107,273,2.55,209.33754400005,14
gen_mobile_ios_004,tokenmizer_v0.5.2,mobile/ios,synthetic,explicit,errors,3,0,0,1.0,0.0,0.0,107,273,2.55,209.33754400005,14
gen_mobile_ios_004,graphiti_style,mobile/ios,synthetic,explicit,completed_tasks,5,8,5,0.625,1.0,0.7692,164,273,1.66,0.9970180000209439,21
gen_mobile_ios_004,graphiti_style,mobile/ios,synthetic,explicit,pending_tasks,1,2,1,0.5,1.0,0.6667,164,273,1.66,0.9970180000209439,21
gen_mobile_ios_004,graphiti_style,mobile/ios,synthetic,explicit,decisions,2,3,2,0.6667,1.0,0.8,164,273,1.66,0.9970180000209439,21
gen_mobile_ios_004,graphiti_style,mobile/ios,synthetic,explicit,files,6,5,5,1.0,0.8333,0.9091,164,273,1.66,0.9970180000209439,21
gen_mobile_ios_004,graphiti_style,mobile/ios,synthetic,explicit,errors,3,3,3,1.0,1.0,1.0,164,273,1.66,0.9970180000209439,21
gen_mobile_ios_004,graphrag_style,mobile/ios,synthetic,explicit,completed_tasks,5,1,1,1.0,0.2,0.3333,106,273,2.58,0.5177699999876495,13
gen_mobile_ios_004,graphrag_style,mobile/ios,synthetic,explicit,pending_tasks,1,1,0,0.0,0.0,0.0,106,273,2.58,0.5177699999876495,13
gen_mobile_ios_004,graphrag_style,mobile/ios,synthetic,explicit,decisions,2,3,2,0.6667,1.0,0.8,106,273,2.58,0.5177699999876495,13
gen_mobile_ios_004,graphrag_style,mobile/ios,synthetic,explicit,files,6,5,5,1.0,0.8333,0.9091,106,273,2.58,0.5177699999876495,13
gen_mobile_ios_004,graphrag_style,mobile/ios,synthetic,explicit,errors,3,3,3,1.0,1.0,1.0,106,273,2.58,0.5177699999876495,13
gen_mobile_ios_004,mem0_style,mobile/ios,synthetic,explicit,completed_tasks,5,8,5,0.625,1.0,0.7692,163,273,1.67,0.9769619999815404,21
gen_mobile_ios_004,mem0_style,mobile/ios,synthetic,explicit,pending_tasks,1,2,1,0.5,1.0,0.6667,163,273,1.67,0.9769619999815404,21
gen_mobile_ios_004,mem0_style,mobile/ios,synthetic,explicit,decisions,2,3,2,0.6667,1.0,0.8,163,273,1.67,0.9769619999815404,21
gen_mobile_ios_004,mem0_style,mobile/ios,synthetic,explicit,files,6,5,5,1.0,0.8333,0.9091,163,273,1.67,0.9769619999815404,21
gen_mobile_ios_004,mem0_style,mobile/ios,synthetic,explicit,errors,3,3,3,1.0,1.0,1.0,163,273,1.67,0.9769619999815404,21
gen_mobile_ios_004,memgpt_style,mobile/ios,synthetic,explicit,completed_tasks,5,4,2,0.5,0.4,0.4444,86,273,3.17,0.3668609999749606,10
gen_mobile_ios_004,memgpt_style,mobile/ios,synthetic,explicit,pending_tasks,1,0,0,1.0,0.0,0.0,86,273,3.17,0.3668609999749606,10
gen_mobile_ios_004,memgpt_style,mobile/ios,synthetic,explicit,decisions,2,0,0,1.0,0.0,0.0,86,273,3.17,0.3668609999749606,10
gen_mobile_ios_004,memgpt_style,mobile/ios,synthetic,explicit,files,6,4,4,1.0,0.6667,0.8,86,273,3.17,0.3668609999749606,10
gen_mobile_ios_004,memgpt_style,mobile/ios,synthetic,explicit,errors,3,2,2,1.0,0.6667,0.8,86,273,3.17,0.3668609999749606,10
gen_mobile_ios_004,sliding_window_10,mobile/ios,synthetic,explicit,completed_tasks,5,11,2,0.1818,0.4,0.25,110,273,2.48,0.005591000103777333,11
gen_mobile_ios_004,sliding_window_10,mobile/ios,synthetic,explicit,pending_tasks,1,11,0,0.0,0.0,0.0,110,273,2.48,0.005591000103777333,11
gen_mobile_ios_004,sliding_window_10,mobile/ios,synthetic,explicit,decisions,2,11,0,0.0,0.0,0.0,110,273,2.48,0.005591000103777333,11
gen_mobile_ios_004,sliding_window_10,mobile/ios,synthetic,explicit,files,6,11,3,0.2727,0.5,0.3529,110,273,2.48,0.005591000103777333,11
gen_mobile_ios_004,sliding_window_10,mobile/ios,synthetic,explicit,errors,3,11,1,0.0909,0.3333,0.1429,110,273,2.48,0.005591000103777333,11
gen_mobile_ios_004,naive_truncation,mobile/ios,synthetic,explicit,completed_tasks,5,32,5,0.1562,1.0,0.2703,288,273,0.95,0.018205000060333987,32
gen_mobile_ios_004,naive_truncation,mobile/ios,synthetic,explicit,pending_tasks,1,32,1,0.0312,1.0,0.0606,288,273,0.95,0.018205000060333987,32
gen_mobile_ios_004,naive_truncation,mobile/ios,synthetic,explicit,decisions,2,32,2,0.0625,1.0,0.1176,288,273,0.95,0.018205000060333987,32
gen_mobile_ios_004,naive_truncation,mobile/ios,synthetic,explicit,files,6,32,6,0.2188,1.0,0.359,288,273,0.95,0.018205000060333987,32
gen_mobile_ios_004,naive_truncation,mobile/ios,synthetic,explicit,errors,3,32,3,0.0938,1.0,0.1714,288,273,0.95,0.018205000060333987,32
gen_mobile_ios_004,naive_summary,mobile/ios,synthetic,explicit,completed_tasks,5,23,4,0.1739,0.8,0.2857,199,273,1.37,0.03307899999072106,23
gen_mobile_ios_004,naive_summary,mobile/ios,synthetic,explicit,pending_tasks,1,23,1,0.0435,1.0,0.0833,199,273,1.37,0.03307899999072106,23
gen_mobile_ios_004,naive_summary,mobile/ios,synthetic,explicit,decisions,2,23,2,0.087,1.0,0.16,199,273,1.37,0.03307899999072106,23
gen_mobile_ios_004,naive_summary,mobile/ios,synthetic,explicit,files,6,23,3,0.1739,0.5,0.2581,199,273,1.37,0.03307899999072106,23
gen_mobile_ios_004,naive_summary,mobile/ios,synthetic,explicit,errors,3,23,2,0.087,0.6667,0.1538,199,273,1.37,0.03307899999072106,23
gen_mobile_ios_005,tokenmizer_v0.5.2,mobile/ios,synthetic,explicit,completed_tasks,5,5,5,1.0,1.0,1.0,125,270,2.16,204.83880000006138,14
gen_mobile_ios_005,tokenmizer_v0.5.2,mobile/ios,synthetic,explicit,pending_tasks,2,2,2,1.0,1.0,1.0,125,270,2.16,204.83880000006138,14
gen_mobile_ios_005,tokenmizer_v0.5.2,mobile/ios,synthetic,explicit,decisions,3,2,2,1.0,0.6667,0.8,125,270,2.16,204.83880000006138,14
gen_mobile_ios_005,tokenmizer_v0.5.2,mobile/ios,synthetic,explicit,files,6,5,5,1.0,0.8333,0.9091,125,270,2.16,204.83880000006138,14
gen_mobile_ios_005,graphiti_style,mobile/ios,synthetic,explicit,completed_tasks,5,8,5,0.625,1.0,0.7692,150,270,1.8,1.761959999953433,19
gen_mobile_ios_005,graphiti_style,mobile/ios,synthetic,explicit,pending_tasks,2,2,2,1.0,1.0,1.0,150,270,1.8,1.761959999953433,19
gen_mobile_ios_005,graphiti_style,mobile/ios,synthetic,explicit,decisions,3,4,3,0.75,1.0,0.8571,150,270,1.8,1.761959999953433,19
gen_mobile_ios_005,graphiti_style,mobile/ios,synthetic,explicit,files,6,5,5,1.0,0.8333,0.9091,150,270,1.8,1.761959999953433,19
gen_mobile_ios_005,graphrag_style,mobile/ios,synthetic,explicit,completed_tasks,5,2,2,1.0,0.4,0.5714,91,270,2.97,1.05175099997723,11
gen_mobile_ios_005,graphrag_style,mobile/ios,synthetic,explicit,pending_tasks,2,0,0,1.0,0.0,0.0,91,270,2.97,1.05175099997723,11
gen_mobile_ios_005,graphrag_style,mobile/ios,synthetic,explicit,decisions,3,4,3,0.75,1.0,0.8571,91,270,2.97,1.05175099997723,11
gen_mobile_ios_005,graphrag_style,mobile/ios,synthetic,explicit,files,6,5,5,1.0,0.8333,0.9091,91,270,2.97,1.05175099997723,11
gen_mobile_ios_005,mem0_style,mobile/ios,synthetic,explicit,completed_tasks,5,8,5,0.625,1.0,0.7692,149,270,1.81,1.7190370000434996,19
gen_mobile_ios_005,mem0_style,mobile/ios,synthetic,explicit,pending_tasks,2,2,2,1.0,1.0,1.0,149,270,1.81,1.7190370000434996,19
gen_mobile_ios_005,mem0_style,mobile/ios,synthetic,explicit,decisions,3,4,3,0.75,1.0,0.8571,149,270,1.81,1.7190370000434996,19
gen_mobile_ios_005,mem0_style,mobile/ios,synthetic,explicit,files,6,5,5,1.0,0.8333,0.9091,149,270,1.81,1.7190370000434996,19
gen_mobile_ios_005,memgpt_style,mobile/ios,synthetic,explicit,completed_tasks,5,4,2,0.5,0.4,0.4444,75,270,3.6,0.5551510000714188,9
gen_mobile_ios_005,memgpt_style,mobile/ios,synthetic,explicit,pending_tasks,2,1,1,1.0,0.5,0.6667,75,270,3.6,0.5551510000714188,9
gen_mobile_ios_005,memgpt_style,mobile/ios,synthetic,explicit,decisions,3,2,2,1.0,0.6667,0.8,75,270,3.6,0.5551510000714188,9
gen_mobile_ios_005,memgpt_style,mobile/ios,synthetic,explicit,files,6,2,2,1.0,0.3333,0.5,75,270,3.6,0.5551510000714188,9
gen_mobile_ios_005,sliding_window_10,mobile/ios,synthetic,explicit,completed_tasks,5,11,1,0.0909,0.2,0.125,93,270,2.9,0.006910000024618057,11
gen_mobile_ios_005,sliding_window_10,mobile/ios,synthetic,explicit,pending_tasks,2,11,1,0.0909,0.5,0.1538,93,270,2.9,0.006910000024618057,11
gen_mobile_ios_005,sliding_window_10,mobile/ios,synthetic,explicit,decisions,3,11,2,0.1818,0.6667,0.2857,93,270,2.9,0.006910000024618057,11
gen_mobile_ios_005,sliding_window_10,mobile/ios,synthetic,explicit,files,6,11,2,0.1818,0.3333,0.2353,93,270,2.9,0.006910000024618057,11
gen_mobile_ios_005,sliding_window_10,mobile/ios,synthetic,explicit,errors,0,11,0,0.0,1.0,0.0,93,270,2.9,0.006910000024618057,11
gen_mobile_ios_005,naive_truncation,mobile/ios,synthetic,explicit,completed_tasks,5,31,5,0.1613,1.0,0.2778,289,270,0.93,0.025276000087615103,31
gen_mobile_ios_005,naive_truncation,mobile/ios,synthetic,explicit,pending_tasks,2,31,2,0.0645,1.0,0.1212,289,270,0.93,0.025276000087615103,31
gen_mobile_ios_005,naive_truncation,mobile/ios,synthetic,explicit,decisions,3,31,3,0.0968,1.0,0.1765,289,270,0.93,0.025276000087615103,31
gen_mobile_ios_005,naive_truncation,mobile/ios,synthetic,explicit,files,6,31,6,0.1935,1.0,0.3243,289,270,0.93,0.025276000087615103,31
gen_mobile_ios_005,naive_truncation,mobile/ios,synthetic,explicit,errors,0,31,0,0.0,1.0,0.0,289,270,0.93,0.025276000087615103,31
gen_mobile_ios_005,naive_summary,mobile/ios,synthetic,explicit,completed_tasks,5,21,4,0.1905,0.8,0.3077,207,270,1.3,0.052675000006274786,21
gen_mobile_ios_005,naive_summary,mobile/ios,synthetic,explicit,pending_tasks,2,21,1,0.0476,0.5,0.087,207,270,1.3,0.052675000006274786,21
gen_mobile_ios_005,naive_summary,mobile/ios,synthetic,explicit,decisions,3,21,1,0.0476,0.3333,0.0833,207,270,1.3,0.052675000006274786,21
gen_mobile_ios_005,naive_summary,mobile/ios,synthetic,explicit,files,6,21,4,0.1905,0.6667,0.2963,207,270,1.3,0.052675000006274786,21
gen_mobile_ios_005,naive_summary,mobile/ios,synthetic,explicit,errors,0,21,0,0.0,1.0,0.0,207,270,1.3,0.052675000006274786,21
gen_platform_api_001,tokenmizer_v0.5.2,platform/api,synthetic,semi,completed_tasks,3,2,2,1.0,0.6667,0.8,95,316,3.33,204.24420799997733,11
gen_platform_api_001,tokenmizer_v0.5.2,platform/api,synthetic,semi,pending_tasks,4,3,3,1.0,0.75,0.8571,95,316,3.33,204.24420799997733,11
gen_platform_api_001,tokenmizer_v0.5.2,platform/api,synthetic,semi,decisions,2,1,1,1.0,0.5,0.6667,95,316,3.33,204.24420799997733,11
gen_platform_api_001,tokenmizer_v0.5.2,platform/api,synthetic,semi,files,5,5,5,1.0,1.0,1.0,95,316,3.33,204.24420799997733,11
gen_platform_api_001,tokenmizer_v0.5.2,platform/api,synthetic,semi,errors,1,0,0,1.0,0.0,0.0,95,316,3.33,204.24420799997733,11
gen_platform_api_001,graphiti_style,platform/api,synthetic,semi,completed_tasks,3,3,3,1.0,1.0,1.0,156,316,2.03,2.0229110000400397,18
gen_platform_api_001,graphiti_style,platform/api,synthetic,semi,pending_tasks,4,6,3,0.5,0.75,0.6,156,316,2.03,2.0229110000400397,18
gen_platform_api_001,graphiti_style,platform/api,synthetic,semi,decisions,2,2,1,0.5,0.5,0.5,156,316,2.03,2.0229110000400397,18
gen_platform_api_001,graphiti_style,platform/api,synthetic,semi,files,5,5,5,1.0,1.0,1.0,156,316,2.03,2.0229110000400397,18
gen_platform_api_001,graphiti_style,platform/api,synthetic,semi,errors,1,2,1,0.5,1.0,0.6667,156,316,2.03,2.0229110000400397,18
gen_platform_api_001,graphrag_style,platform/api,synthetic,semi,completed_tasks,3,0,0,1.0,0.0,0.0,59,316,5.36,1.0614799999757452,9
gen_platform_api_001,graphrag_style,platform/api,synthetic,semi,pending_tasks,4,2,0,0.0,0.0,0.0,59,316,5.36,1.0614799999757452,9
gen_platform_api_001,graphrag_style,platform/api,synthetic,semi,decisions,2,1,1,1.0,0.5,0.6667,59,316,5.36,1.0614799999757452,9
gen_platform_api_001,graphrag_style,platform/api,synthetic,semi,files,5,5,5,1.0,1.0,1.0,59,316,5.36,1.0614799999757452,9
gen_platform_api_001,graphrag_style,platform/api,synthetic,semi,errors,1,1,0,0.0,0.0,0.0,59,316,5.36,1.0614799999757452,9
gen_platform_api_001,mem0_style,platform/api,synthetic,semi,completed_tasks,3,3,3,1.0,1.0,1.0,155,316,2.04,2.007737999974779,17
gen_platform_api_001,mem0_style,platform/api,synthetic,semi,pending_tasks,4,5,3,0.6,0.75,0.6667,155,316,2.04,2.007737999974779,17
gen_platform_api_001,mem0_style,platform/api,synthetic,semi,decisions,2,2,1,0.5,0.5,0.5,155,316,2.04,2.007737999974779,17
gen_platform_api_001,mem0_style,platform/api,synthetic,semi,files,5,5,5,1.0,1.0,1.0,155,316,2.04,2.007737999974779,17
gen_platform_api_001,mem0_style,platform/api,synthetic,semi,errors,1,2,1,0.5,1.0,0.6667,155,316,2.04,2.007737999974779,17
gen_platform_api_001,memgpt_style,platform/api,synthetic,semi,completed_tasks,3,2,2,1.0,0.6667,0.8,87,316,3.63,0.7309710000527048,9
gen_platform_api_001,memgpt_style,platform/api,synthetic,semi,pending_tasks,4,1,1,1.0,0.25,0.4,87,316,3.63,0.7309710000527048,9
gen_platform_api_001,memgpt_style,platform/api,synthetic,semi,decisions,2,2,1,0.5,0.5,0.5,87,316,3.63,0.7309710000527048,9
gen_platform_api_001,memgpt_style,platform/api,synthetic,semi,files,5,3,3,1.0,0.6,0.75,87,316,3.63,0.7309710000527048,9
gen_platform_api_001,memgpt_style,platform/api,synthetic,semi,errors,1,1,0,0.0,0.0,0.0,87,316,3.63,0.7309710000527048,9
gen_platform_api_001,sliding_window_10,platform/api,synthetic,semi,completed_tasks,3,11,1,0.0909,0.3333,0.1429,112,316,2.82,0.00614499992934725,11
gen_platform_api_001,sliding_window_10,platform/api,synthetic,semi,pending_tasks,4,11,1,0.0909,0.25,0.1333,112,316,2.82,0.00614499992934725,11
gen_platform_api_001,sliding_window_10,platform/api,synthetic,semi,decisions,2,11,1,0.0909,0.5,0.1538,112,316,2.82,0.00614499992934725,11
gen_platform_api_001,sliding_window_10,platform/api,synthetic,semi,files,5,11,3,0.2727,0.6,0.375,112,316,2.82,0.00614499992934725,11
gen_platform_api_001,sliding_window_10,platform/api,synthetic,semi,errors,1,11,0,0.0,0.0,0.0,112,316,2.82,0.00614499992934725,11
gen_platform_api_001,naive_truncation,platform/api,synthetic,semi,completed_tasks,3,28,3,0.1071,1.0,0.1935,307,316,1.03,0.026050999963445065,28
gen_platform_api_001,naive_truncation,platform/api,synthetic,semi,pending_tasks,4,28,4,0.1429,1.0,0.25,307,316,1.03,0.026050999963445065,28
gen_platform_api_001,naive_truncation,platform/api,synthetic,semi,decisions,2,28,2,0.0714,1.0,0.1333,307,316,1.03,0.026050999963445065,28
gen_platform_api_001,naive_truncation,platform/api,synthetic,semi,files,5,28,5,0.1786,1.0,0.303,307,316,1.03,0.026050999963445065,28
gen_platform_api_001,naive_truncation,platform/api,synthetic,semi,errors,1,28,1,0.0357,1.0,0.069,307,316,1.03,0.026050999963445065,28
gen_platform_api_001,naive_summary,platform/api,synthetic,semi,completed_tasks,3,15,1,0.0667,0.3333,0.1111,174,316,1.82,0.06015799999659066,15
gen_platform_api_001,naive_summary,platform/api,synthetic,semi,pending_tasks,4,15,3,0.2,0.75,0.3158,174,316,1.82,0.06015799999659066,15
gen_platform_api_001,naive_summary,platform/api,synthetic,semi,decisions,2,15,0,0.0,0.0,0.0,174,316,1.82,0.06015799999659066,15
gen_platform_api_001,naive_summary,platform/api,synthetic,semi,files,5,15,2,0.1333,0.4,0.2,174,316,1.82,0.06015799999659066,15
gen_platform_api_001,naive_summary,platform/api,synthetic,semi,errors,1,15,1,0.0667,1.0,0.125,174,316,1.82,0.06015799999659066,15
gen_platform_api_002,tokenmizer_v0.5.2,platform/api,synthetic,semi,completed_tasks,6,4,4,1.0,0.6667,0.8,101,309,3.06,215.10851699997602,9
gen_platform_api_002,tokenmizer_v0.5.2,platform/api,synthetic,semi,pending_tasks,3,1,1,1.0,0.3333,0.5,101,309,3.06,215.10851699997602,9
gen_platform_api_002,tokenmizer_v0.5.2,platform/api,synthetic,semi,decisions,3,2,2,1.0,0.6667,0.8,101,309,3.06,215.10851699997602,9
gen_platform_api_002,tokenmizer_v0.5.2,platform/api,synthetic,semi,files,2,2,2,1.0,1.0,1.0,101,309,3.06,215.10851699997602,9
gen_platform_api_002,tokenmizer_v0.5.2,platform/api,synthetic,semi,errors,1,0,0,1.0,0.0,0.0,101,309,3.06,215.10851699997602,9
gen_platform_api_002,graphiti_style,platform/api,synthetic,semi,completed_tasks,6,4,4,1.0,0.6667,0.8,157,309,1.97,1.1482940000178132,16
gen_platform_api_002,graphiti_style,platform/api,synthetic,semi,pending_tasks,3,4,1,0.25,0.3333,0.2857,157,309,1.97,1.1482940000178132,16
gen_platform_api_002,graphiti_style,platform/api,synthetic,semi,decisions,3,4,3,0.75,1.0,0.8571,157,309,1.97,1.1482940000178132,16
gen_platform_api_002,graphiti_style,platform/api,synthetic,semi,files,2,2,2,1.0,1.0,1.0,157,309,1.97,1.1482940000178132,16
gen_platform_api_002,graphiti_style,platform/api,synthetic,semi,errors,1,2,1,0.5,1.0,0.6667,157,309,1.97,1.1482940000178132,16
gen_platform_api_002,graphrag_style,platform/api,synthetic,semi,completed_tasks,6,0,0,1.0,0.0,0.0,75,309,4.12,0.6524090000539218,8
gen_platform_api_002,graphrag_style,platform/api,synthetic,semi,pending_tasks,3,2,0,0.0,0.0,0.0,75,309,4.12,0.6524090000539218,8
gen_platform_api_002,graphrag_style,platform/api,synthetic,semi,decisions,3,3,3,1.0,1.0,1.0,75,309,4.12,0.6524090000539218,8
gen_platform_api_002,graphrag_style,platform/api,synthetic,semi,files,2,2,2,1.0,1.0,1.0,75,309,4.12,0.6524090000539218,8
gen_platform_api_002,graphrag_style,platform/api,synthetic,semi,errors,1,1,0,0.0,0.0,0.0,75,309,4.12,0.6524090000539218,8
gen_platform_api_002,mem0_style,platform/api,synthetic,semi,completed_tasks,6,4,4,1.0,0.6667,0.8,153,309,2.02,1.0921819999794025,15
gen_platform_api_002,mem0_style,platform/api,synthetic,semi,pending_tasks,3,3,1,0.3333,0.3333,0.3333,153,309,2.02,1.0921819999794025,15
gen_platform_api_002,mem0_style,platform/api,synthetic,semi,decisions,3,4,3,0.75,1.0,0.8571,153,309,2.02,1.0921819999794025,15
gen_platform_api_002,mem0_style,platform/api,synthetic,semi,files,2,2,2,1.0,1.0,1.0,153,309,2.02,1.0921819999794025,15
gen_platform_api_002,mem0_style,platform/api,synthetic,semi,errors,1,2,1,0.5,1.0,0.6667,153,309,2.02,1.0921819999794025,15
gen_platform_api_002,memgpt_style,platform/api,synthetic,semi,completed_tasks,6,2,2,1.0,0.3333,0.5,71,309,4.35,0.35939999997935956,5
gen_platform_api_002,memgpt_style,platform/api,synthetic,semi,pending_tasks,3,0,0,1.0,0.0,0.0,71,309,4.35,0.35939999997935956,5
gen_platform_api_002,memgpt_style,platform/api,synthetic,semi,decisions,3,0,0,1.0,0.0,0.0,71,309,4.35,0.35939999997935956,5
gen_platform_api_002,memgpt_style,platform/api,synthetic,semi,files,2,1,1,1.0,0.5,0.6667,71,309,4.35,0.35939999997935956,5
gen_platform_api_002,memgpt_style,platform/api,synthetic,semi,errors,1,2,1,0.5,1.0,0.6667,71,309,4.35,0.35939999997935956,5
gen_platform_api_002,sliding_window_10,platform/api,synthetic,semi,completed_tasks,6,10,3,0.3,0.5,0.375,106,309,2.92,0.0033100000109698158,10
gen_platform_api_002,sliding_window_10,platform/api,synthetic,semi,pending_tasks,3,10,0,0.0,0.0,0.0,106,309,2.92,0.0033100000109698158,10
gen_platform_api_002,sliding_window_10,platform/api,synthetic,semi,decisions,3,10,0,0.0,0.0,0.0,106,309,2.92,0.0033100000109698158,10
gen_platform_api_002,sliding_window_10,platform/api,synthetic,semi,files,2,10,1,0.1,0.5,0.1667,106,309,2.92,0.0033100000109698158,10
gen_platform_api_002,sliding_window_10,platform/api,synthetic,semi,errors,1,10,1,0.1,1.0,0.1818,106,309,2.92,0.0033100000109698158,10
gen_platform_api_002,naive_truncation,platform/api,synthetic,semi,completed_tasks,6,28,6,0.2143,1.0,0.3529,314,309,0.98,0.015326000038839993,28
gen_platform_api_002,naive_truncation,platform/api,synthetic,semi,pending_tasks,3,28,3,0.1071,1.0,0.1935,314,309,0.98,0.015326000038839993,28
gen_platform_api_002,naive_truncation,platform/api,synthetic,semi,decisions,3,28,3,0.1071,1.0,0.1935,314,309,0.98,0.015326000038839993,28
gen_platform_api_002,naive_truncation,platform/api,synthetic,semi,files,2,28,2,0.0714,1.0,0.1333,314,309,0.98,0.015326000038839993,28
gen_platform_api_002,naive_truncation,platform/api,synthetic,semi,errors,1,28,1,0.0357,1.0,0.069,314,309,0.98,0.015326000038839993,28
gen_platform_api_002,naive_summary,platform/api,synthetic,semi,completed_tasks,6,16,3,0.1875,0.5,0.2727,175,309,1.77,0.03693999997267383,16
gen_platform_api_002,naive_summary,platform/api,synthetic,semi,pending_tasks,3,16,2,0.125,0.6667,0.2105,175,309,1.77,0.03693999997267383,16
gen_platform_api_002,naive_summary,platform/api,synthetic,semi,decisions,3,16,1,0.0625,0.3333,0.1053,175,309,1.77,0.03693999997267383,16
gen_platform_api_002,naive_summary,platform/api,synthetic,semi,files,2,16,1,0.0625,0.5,0.1111,175,309,1.77,0.03693999997267383,16
gen_platform_api_002,naive_summary,platform/api,synthetic,semi,errors,1,16,0,0.0,0.0,0.0,175,309,1.77,0.03693999997267383,16
gen_platform_api_003,tokenmizer_v0.5.2,platform/api,synthetic,semi,completed_tasks,7,5,5,1.0,0.7143,0.8333,159,476,2.99,214.75482900007137,14
gen_platform_api_003,tokenmizer_v0.5.2,platform/api,synthetic,semi,pending_tasks,4,1,1,1.0,0.25,0.4,159,476,2.99,214.75482900007137,14
gen_platform_api_003,tokenmizer_v0.5.2,platform/api,synthetic,semi,decisions,6,5,5,1.0,0.8333,0.9091,159,476,2.99,214.75482900007137,14
gen_platform_api_003,tokenmizer_v0.5.2,platform/api,synthetic,semi,files,3,3,3,1.0,1.0,1.0,159,476,2.99,214.75482900007137,14
gen_platform_api_003,tokenmizer_v0.5.2,platform/api,synthetic,semi,errors,3,0,0,1.0,0.0,0.0,159,476,2.99,214.75482900007137,14
gen_platform_api_003,graphiti_style,platform/api,synthetic,semi,completed_tasks,7,5,5,1.0,0.7143,0.8333,203,476,2.34,1.6227529999923718,21
gen_platform_api_003,graphiti_style,platform/api,synthetic,semi,pending_tasks,4,4,1,0.25,0.25,0.25,203,476,2.34,1.6227529999923718,21
gen_platform_api_003,graphiti_style,platform/api,synthetic,semi,decisions,6,5,3,0.6,0.5,0.5455,203,476,2.34,1.6227529999923718,21
gen_platform_api_003,graphiti_style,platform/api,synthetic,semi,files,3,3,3,1.0,1.0,1.0,203,476,2.34,1.6227529999923718,21
gen_platform_api_003,graphiti_style,platform/api,synthetic,semi,errors,3,4,3,0.75,1.0,0.8571,203,476,2.34,1.6227529999923718,21
gen_platform_api_003,graphrag_style,platform/api,synthetic,semi,completed_tasks,7,0,0,1.0,0.0,0.0,113,476,4.21,0.9830879999981335,13
gen_platform_api_003,graphrag_style,platform/api,synthetic,semi,pending_tasks,4,2,0,0.0,0.0,0.0,113,476,4.21,0.9830879999981335,13
gen_platform_api_003,graphrag_style,platform/api,synthetic,semi,decisions,6,5,4,0.8,0.6667,0.7273,113,476,4.21,0.9830879999981335,13
gen_platform_api_003,graphrag_style,platform/api,synthetic,semi,files,3,3,3,1.0,1.0,1.0,113,476,4.21,0.9830879999981335,13
gen_platform_api_003,graphrag_style,platform/api,synthetic,semi,errors,3,3,2,0.6667,0.6667,0.6667,113,476,4.21,0.9830879999981335,13
gen_platform_api_003,mem0_style,platform/api,synthetic,semi,completed_tasks,7,5,5,1.0,0.7143,0.8333,198,476,2.4,1.634639000030802,20
gen_platform_api_003,mem0_style,platform/api,synthetic,semi,pending_tasks,4,3,1,0.3333,0.25,0.2857,198,476,2.4,1.634639000030802,20
gen_platform_api_003,mem0_style,platform/api,synthetic,semi,decisions,6,5,3,0.6,0.5,0.5455,198,476,2.4,1.634639000030802,20
gen_platform_api_003,mem0_style,platform/api,synthetic,semi,files,3,3,3,1.0,1.0,1.0,198,476,2.4,1.634639000030802,20
gen_platform_api_003,mem0_style,platform/api,synthetic,semi,errors,3,4,3,0.75,1.0,0.8571,198,476,2.4,1.634639000030802,20
gen_platform_api_003,memgpt_style,platform/api,synthetic,semi,completed_tasks,7,2,2,1.0,0.2857,0.4444,115,476,4.14,0.7131679999474727,9
gen_platform_api_003,memgpt_style,platform/api,synthetic,semi,pending_tasks,4,3,1,0.3333,0.25,0.2857,115,476,4.14,0.7131679999474727,9
gen_platform_api_003,memgpt_style,platform/api,synthetic,semi,decisions,6,0,0,1.0,0.0,0.0,115,476,4.14,0.7131679999474727,9
gen_platform_api_003,memgpt_style,platform/api,synthetic,semi,files,3,0,0,1.0,0.0,0.0,115,476,4.14,0.7131679999474727,9
gen_platform_api_003,memgpt_style,platform/api,synthetic,semi,errors,3,4,3,0.75,1.0,0.8571,115,476,4.14,0.7131679999474727,9
gen_platform_api_003,sliding_window_10,platform/api,synthetic,semi,completed_tasks,7,13,2,0.1538,0.2857,0.2,155,476,3.07,0.004267000008439936,13
gen_platform_api_003,sliding_window_10,platform/api,synthetic,semi,pending_tasks,4,13,3,0.2308,0.75,0.3529,155,476,3.07,0.004267000008439936,13
gen_platform_api_003,sliding_window_10,platform/api,synthetic,semi,decisions,6,13,1,0.0769,0.1667,0.1053,155,476,3.07,0.004267000008439936,13
gen_platform_api_003,sliding_window_10,platform/api,synthetic,semi,files,3,13,0,0.0,0.0,0.0,155,476,3.07,0.004267000008439936,13
gen_platform_api_003,sliding_window_10,platform/api,synthetic,semi,errors,3,13,2,0.1538,0.6667,0.25,155,476,3.07,0.004267000008439936,13
gen_platform_api_003,naive_truncation,platform/api,synthetic,semi,completed_tasks,7,23,6,0.2609,0.8571,0.4,296,476,1.61,0.016724000033718767,23
gen_platform_api_003,naive_truncation,platform/api,synthetic,semi,pending_tasks,4,23,3,0.1304,0.75,0.2222,296,476,1.61,0.016724000033718767,23
gen_platform_api_003,naive_truncation,platform/api,synthetic,semi,decisions,6,23,2,0.087,0.3333,0.1379,296,476,1.61,0.016724000033718767,23
gen_platform_api_003,naive_truncation,platform/api,synthetic,semi,files,3,23,0,0.0,0.0,0.0,296,476,1.61,0.016724000033718767,23
gen_platform_api_003,naive_truncation,platform/api,synthetic,semi,errors,3,23,3,0.1304,1.0,0.2308,296,476,1.61,0.016724000033718767,23
gen_platform_api_003,naive_summary,platform/api,synthetic,semi,completed_tasks,7,17,1,0.0588,0.1429,0.0833,176,476,2.7,0.11061300006076635,17
gen_platform_api_003,naive_summary,platform/api,synthetic,semi,pending_tasks,4,17,1,0.0588,0.25,0.0952,176,476,2.7,0.11061300006076635,17
gen_platform_api_003,naive_summary,platform/api,synthetic,semi,decisions,6,17,3,0.1765,0.5,0.2609,176,476,2.7,0.11061300006076635,17
gen_platform_api_003,naive_summary,platform/api,synthetic,semi,files,3,17,2,0.1176,0.6667,0.2,176,476,2.7,0.11061300006076635,17
gen_platform_api_003,naive_summary,platform/api,synthetic,semi,errors,3,17,0,0.0,0.0,0.0,176,476,2.7,0.11061300006076635,17
gen_platform_api_004,tokenmizer_v0.5.2,platform/api,synthetic,semi,completed_tasks,6,3,2,0.6667,0.3333,0.4444,101,404,4.0,226.54076399999212,12
gen_platform_api_004,tokenmizer_v0.5.2,platform/api,synthetic,semi,pending_tasks,2,0,0,1.0,0.0,0.0,101,404,4.0,226.54076399999212,12
gen_platform_api_004,tokenmizer_v0.5.2,platform/api,synthetic,semi,decisions,5,4,3,0.75,0.6,0.6667,101,404,4.0,226.54076399999212,12
gen_platform_api_004,tokenmizer_v0.5.2,platform/api,synthetic,semi,files,5,5,5,1.0,1.0,1.0,101,404,4.0,226.54076399999212,12
gen_platform_api_004,tokenmizer_v0.5.2,platform/api,synthetic,semi,errors,3,0,0,1.0,0.0,0.0,101,404,4.0,226.54076399999212,12
gen_platform_api_004,graphiti_style,platform/api,synthetic,semi,completed_tasks,6,5,4,0.8,0.6667,0.7273,162,404,2.49,1.3779490000160877,19
gen_platform_api_004,graphiti_style,platform/api,synthetic,semi,pending_tasks,2,3,0,0.0,0.0,0.0,162,404,2.49,1.3779490000160877,19
gen_platform_api_004,graphiti_style,platform/api,synthetic,semi,decisions,5,3,2,0.6667,0.4,0.5,162,404,2.49,1.3779490000160877,19
gen_platform_api_004,graphiti_style,platform/api,synthetic,semi,files,5,5,5,1.0,1.0,1.0,162,404,2.49,1.3779490000160877,19
gen_platform_api_004,graphiti_style,platform/api,synthetic,semi,errors,3,3,3,1.0,1.0,1.0,162,404,2.49,1.3779490000160877,19
gen_platform_api_004,graphrag_style,platform/api,synthetic,semi,completed_tasks,6,0,0,1.0,0.0,0.0,69,404,5.86,1.0122050000518357,11
gen_platform_api_004,graphrag_style,platform/api,synthetic,semi,pending_tasks,2,2,0,0.0,0.0,0.0,69,404,5.86,1.0122050000518357,11
gen_platform_api_004,graphrag_style,platform/api,synthetic,semi,decisions,5,3,2,0.6667,0.4,0.5,69,404,5.86,1.0122050000518357,11
gen_platform_api_004,graphrag_style,platform/api,synthetic,semi,files,5,5,5,1.0,1.0,1.0,69,404,5.86,1.0122050000518357,11
gen_platform_api_004,graphrag_style,platform/api,synthetic,semi,errors,3,1,1,1.0,0.3333,0.5,69,404,5.86,1.0122050000518357,11
gen_platform_api_004,mem0_style,platform/api,synthetic,semi,completed_tasks,6,5,4,0.8,0.6667,0.7273,158,404,2.56,1.3888700000279641,18
gen_platform_api_004,mem0_style,platform/api,synthetic,semi,pending_tasks,2,2,0,0.0,0.0,0.0,158,404,2.56,1.3888700000279641,18
gen_platform_api_004,mem0_style,platform/api,synthetic,semi,decisions,5,3,2,0.6667,0.4,0.5,158,404,2.56,1.3888700000279641,18
gen_platform_api_004,mem0_style,platform/api,synthetic,semi,files,5,5,5,1.0,1.0,1.0,158,404,2.56,1.3888700000279641,18
gen_platform_api_004,mem0_style,platform/api,synthetic,semi,errors,3,3,3,1.0,1.0,1.0,158,404,2.56,1.3888700000279641,18
gen_platform_api_004,memgpt_style,platform/api,synthetic,semi,completed_tasks,6,3,2,0.6667,0.3333,0.4444,77,404,5.25,0.5845229999295043,7
gen_platform_api_004,memgpt_style,platform/api,synthetic,semi,pending_tasks,2,0,0,1.0,0.0,0.0,77,404,5.25,0.5845229999295043,7
gen_platform_api_004,memgpt_style,platform/api,synthetic,semi,decisions,5,2,1,0.5,0.2,0.2857,77,404,5.25,0.5845229999295043,7
gen_platform_api_004,memgpt_style,platform/api,synthetic,semi,files,5,1,1,1.0,0.2,0.3333,77,404,5.25,0.5845229999295043,7
gen_platform_api_004,memgpt_style,platform/api,synthetic,semi,errors,3,1,1,1.0,0.3333,0.5,77,404,5.25,0.5845229999295043,7
gen_platform_api_004,sliding_window_10,platform/api,synthetic,semi,completed_tasks,6,12,3,0.25,0.5,0.3333,145,404,2.79,0.005395999892243708,12
gen_platform_api_004,sliding_window_10,platform/api,synthetic,semi,pending_tasks,2,12,0,0.0,0.0,0.0,145,404,2.79,0.005395999892243708,12
gen_platform_api_004,sliding_window_10,platform/api,synthetic,semi,decisions,5,12,3,0.25,0.6,0.3529,145,404,2.79,0.005395999892243708,12
gen_platform_api_004,sliding_window_10,platform/api,synthetic,semi,files,5,12,0,0.0,0.0,0.0,145,404,2.79,0.005395999892243708,12
gen_platform_api_004,sliding_window_10,platform/api,synthetic,semi,errors,3,12,1,0.0833,0.3333,0.1333,145,404,2.79,0.005395999892243708,12
gen_platform_api_004,naive_truncation,platform/api,synthetic,semi,completed_tasks,6,27,6,0.2222,1.0,0.3636,313,404,1.29,0.022263999994720507,27
gen_platform_api_004,naive_truncation,platform/api,synthetic,semi,pending_tasks,2,27,1,0.037,0.5,0.069,313,404,1.29,0.022263999994720507,27
gen_platform_api_004,naive_truncation,platform/api,synthetic,semi,decisions,5,27,4,0.1481,0.8,0.25,313,404,1.29,0.022263999994720507,27
gen_platform_api_004,naive_truncation,platform/api,synthetic,semi,files,5,27,3,0.1111,0.6,0.1875,313,404,1.29,0.022263999994720507,27
gen_platform_api_004,naive_truncation,platform/api,synthetic,semi,errors,3,27,2,0.0741,0.6667,0.1333,313,404,1.29,0.022263999994720507,27
gen_platform_api_004,naive_summary,platform/api,synthetic,semi,completed_tasks,6,18,1,0.0556,0.1667,0.0833,178,404,2.27,0.05312400003276707,18
gen_platform_api_004,naive_summary,platform/api,synthetic,semi,pending_tasks,2,18,2,0.1111,1.0,0.2,178,404,2.27,0.05312400003276707,18
gen_platform_api_004,naive_summary,platform/api,synthetic,semi,decisions,5,18,1,0.0556,0.2,0.087,178,404,2.27,0.05312400003276707,18
gen_platform_api_004,naive_summary,platform/api,synthetic,semi,files,5,18,3,0.1667,0.6,0.2609,178,404,2.27,0.05312400003276707,18
gen_platform_api_004,naive_summary,platform/api,synthetic,semi,errors,3,18,2,0.1111,0.6667,0.1905,178,404,2.27,0.05312400003276707,18
gen_platform_api_005,tokenmizer_v0.5.2,platform/api,synthetic,semi,completed_tasks,7,2,2,1.0,0.2857,0.4444,82,386,4.71,217.51994600003854,9
gen_platform_api_005,tokenmizer_v0.5.2,platform/api,synthetic,semi,pending_tasks,4,1,1,1.0,0.25,0.4,82,386,4.71,217.51994600003854,9
gen_platform_api_005,tokenmizer_v0.5.2,platform/api,synthetic,semi,decisions,2,1,1,1.0,0.5,0.6667,82,386,4.71,217.51994600003854,9
gen_platform_api_005,tokenmizer_v0.5.2,platform/api,synthetic,semi,files,5,5,5,1.0,1.0,1.0,82,386,4.71,217.51994600003854,9
gen_platform_api_005,graphiti_style,platform/api,synthetic,semi,completed_tasks,7,3,3,1.0,0.4286,0.6,132,386,2.92,1.4813139999887426,13
gen_platform_api_005,graphiti_style,platform/api,synthetic,semi,pending_tasks,4,1,1,1.0,0.25,0.4,132,386,2.92,1.4813139999887426,13
gen_platform_api_005,graphiti_style,platform/api,synthetic,semi,decisions,2,3,2,0.6667,1.0,0.8,132,386,2.92,1.4813139999887426,13
gen_platform_api_005,graphiti_style,platform/api,synthetic,semi,files,5,5,5,1.0,1.0,1.0,132,386,2.92,1.4813139999887426,13
gen_platform_api_005,graphiti_style,platform/api,synthetic,semi,errors,0,1,0,0.0,1.0,0.0,132,386,2.92,1.4813139999887426,13
gen_platform_api_005,graphrag_style,platform/api,synthetic,semi,completed_tasks,7,0,0,1.0,0.0,0.0,70,386,5.51,0.7132250000267959,8
gen_platform_api_005,graphrag_style,platform/api,synthetic,semi,pending_tasks,4,0,0,1.0,0.0,0.0,70,386,5.51,0.7132250000267959,8
gen_platform_api_005,graphrag_style,platform/api,synthetic,semi,decisions,2,2,2,1.0,1.0,1.0,70,386,5.51,0.7132250000267959,8
gen_platform_api_005,graphrag_style,platform/api,synthetic,semi,files,5,5,5,1.0,1.0,1.0,70,386,5.51,0.7132250000267959,8
gen_platform_api_005,graphrag_style,platform/api,synthetic,semi,errors,0,1,0,0.0,1.0,0.0,70,386,5.51,0.7132250000267959,8
gen_platform_api_005,mem0_style,platform/api,synthetic,semi,completed_tasks,7,3,3,1.0,0.4286,0.6,131,386,2.95,1.262340999915068,13
gen_platform_api_005,mem0_style,platform/api,synthetic,semi,pending_tasks,4,1,1,1.0,0.25,0.4,131,386,2.95,1.262340999915068,13
gen_platform_api_005,mem0_style,platform/api,synthetic,semi,decisions,2,3,2,0.6667,1.0,0.8,131,386,2.95,1.262340999915068,13
gen_platform_api_005,mem0_style,platform/api,synthetic,semi,files,5,5,5,1.0,1.0,1.0,131,386,2.95,1.262340999915068,13
gen_platform_api_005,mem0_style,platform/api,synthetic,semi,errors,0,1,0,0.0,1.0,0.0,131,386,2.95,1.262340999915068,13
gen_platform_api_005,memgpt_style,platform/api,synthetic,semi,completed_tasks,7,1,1,1.0,0.1429,0.25,45,386,8.58,0.4088939999746799,5
gen_platform_api_005,memgpt_style,platform/api,synthetic,semi,pending_tasks,4,0,0,1.0,0.0,0.0,45,386,8.58,0.4088939999746799,5
gen_platform_api_005,memgpt_style,platform/api,synthetic,semi,decisions,2,1,1,1.0,0.5,0.6667,45,386,8.58,0.4088939999746799,5
gen_platform_api_005,memgpt_style,platform/api,synthetic,semi,files,5,3,3,1.0,0.6,0.75,45,386,8.58,0.4088939999746799,5
gen_platform_api_005,sliding_window_10,platform/api,synthetic,semi,completed_tasks,7,11,1,0.0909,0.1429,0.1111,110,386,3.51,0.004598000032274285,11
gen_platform_api_005,sliding_window_10,platform/api,synthetic,semi,pending_tasks,4,11,1,0.0909,0.25,0.1333,110,386,3.51,0.004598000032274285,11
gen_platform_api_005,sliding_window_10,platform/api,synthetic,semi,decisions,2,11,1,0.0909,0.5,0.1538,110,386,3.51,0.004598000032274285,11
gen_platform_api_005,sliding_window_10,platform/api,synthetic,semi,files,5,11,3,0.2727,0.6,0.375,110,386,3.51,0.004598000032274285,11
gen_platform_api_005,sliding_window_10,platform/api,synthetic,semi,errors,0,11,0,0.0,1.0,0.0,110,386,3.51,0.004598000032274285,11
gen_platform_api_005,naive_truncation,platform/api,synthetic,semi,completed_tasks,7,27,5,0.1852,0.7143,0.2941,307,386,1.26,0.01887400003397488,27
gen_platform_api_005,naive_truncation,platform/api,synthetic,semi,pending_tasks,4,27,3,0.1111,0.75,0.1935,307,386,1.26,0.01887400003397488,27
gen_platform_api_005,naive_truncation,platform/api,synthetic,semi,decisions,2,27,2,0.0741,1.0,0.1379,307,386,1.26,0.01887400003397488,27
gen_platform_api_005,naive_truncation,platform/api,synthetic,semi,files,5,27,5,0.1852,1.0,0.3125,307,386,1.26,0.01887400003397488,27
gen_platform_api_005,naive_truncation,platform/api,synthetic,semi,errors,0,27,0,0.0,1.0,0.0,307,386,1.26,0.01887400003397488,27
gen_platform_api_005,naive_summary,platform/api,synthetic,semi,completed_tasks,7,16,3,0.1875,0.4286,0.2609,192,386,2.01,0.049129000103675935,16
gen_platform_api_005,naive_summary,platform/api,synthetic,semi,pending_tasks,4,16,3,0.1875,0.75,0.3,192,386,2.01,0.049129000103675935,16
gen_platform_api_005,naive_summary,platform/api,synthetic,semi,decisions,2,16,0,0.0,0.0,0.0,192,386,2.01,0.049129000103675935,16
gen_platform_api_005,naive_summary,platform/api,synthetic,semi,files,5,16,1,0.0625,0.2,0.0952,192,386,2.01,0.049129000103675935,16
gen_platform_api_005,naive_summary,platform/api,synthetic,semi,errors,0,16,0,0.0,1.0,0.0,192,386,2.01,0.049129000103675935,16
gen_product_analytics_001,tokenmizer_v0.5.2,product/analytics,synthetic,mixed,completed_tasks,5,1,1,1.0,0.2,0.3333,72,408,5.67,206.4758129999973,6
gen_product_analytics_001,tokenmizer_v0.5.2,product/analytics,synthetic,mixed,pending_tasks,3,0,0,1.0,0.0,0.0,72,408,5.67,206.4758129999973,6
gen_product_analytics_001,tokenmizer_v0.5.2,product/analytics,synthetic,mixed,decisions,4,3,2,0.6667,0.5,0.5714,72,408,5.67,206.4758129999973,6
gen_product_analytics_001,tokenmizer_v0.5.2,product/analytics,synthetic,mixed,files,2,2,2,1.0,1.0,1.0,72,408,5.67,206.4758129999973,6
gen_product_analytics_001,tokenmizer_v0.5.2,product/analytics,synthetic,mixed,errors,2,0,0,1.0,0.0,0.0,72,408,5.67,206.4758129999973,6
gen_product_analytics_001,graphiti_style,product/analytics,synthetic,mixed,completed_tasks,5,2,2,1.0,0.4,0.5714,91,408,4.48,2.5588519999928394,9
gen_product_analytics_001,graphiti_style,product/analytics,synthetic,mixed,pending_tasks,3,0,0,1.0,0.0,0.0,91,408,4.48,2.5588519999928394,9
gen_product_analytics_001,graphiti_style,product/analytics,synthetic,mixed,decisions,4,4,2,0.5,0.5,0.5,91,408,4.48,2.5588519999928394,9
gen_product_analytics_001,graphiti_style,product/analytics,synthetic,mixed,files,2,2,1,0.5,0.5,0.5,91,408,4.48,2.5588519999928394,9
gen_product_analytics_001,graphiti_style,product/analytics,synthetic,mixed,errors,2,1,1,1.0,0.5,0.6667,91,408,4.48,2.5588519999928394,9
gen_product_analytics_001,graphrag_style,product/analytics,synthetic,mixed,completed_tasks,5,1,1,1.0,0.2,0.3333,71,408,5.75,1.3807279999582533,7
gen_product_analytics_001,graphrag_style,product/analytics,synthetic,mixed,pending_tasks,3,0,0,1.0,0.0,0.0,71,408,5.75,1.3807279999582533,7
gen_product_analytics_001,graphrag_style,product/analytics,synthetic,mixed,decisions,4,3,2,0.6667,0.5,0.5714,71,408,5.75,1.3807279999582533,7
gen_product_analytics_001,graphrag_style,product/analytics,synthetic,mixed,files,2,2,1,0.5,0.5,0.5,71,408,5.75,1.3807279999582533,7
gen_product_analytics_001,graphrag_style,product/analytics,synthetic,mixed,errors,2,1,1,1.0,0.5,0.6667,71,408,5.75,1.3807279999582533,7
gen_product_analytics_001,mem0_style,product/analytics,synthetic,mixed,completed_tasks,5,2,2,1.0,0.4,0.5714,90,408,4.53,2.47003999993467,9
gen_product_analytics_001,mem0_style,product/analytics,synthetic,mixed,pending_tasks,3,0,0,1.0,0.0,0.0,90,408,4.53,2.47003999993467,9
gen_product_analytics_001,mem0_style,product/analytics,synthetic,mixed,decisions,4,4,2,0.5,0.5,0.5,90,408,4.53,2.47003999993467,9
gen_product_analytics_001,mem0_style,product/analytics,synthetic,mixed,files,2,2,1,0.5,0.5,0.5,90,408,4.53,2.47003999993467,9
gen_product_analytics_001,mem0_style,product/analytics,synthetic,mixed,errors,2,1,1,1.0,0.5,0.6667,90,408,4.53,2.47003999993467,9
gen_product_analytics_001,memgpt_style,product/analytics,synthetic,mixed,completed_tasks,5,0,0,1.0,0.0,0.0,25,408,16.32,1.1967379999759942,2
gen_product_analytics_001,memgpt_style,product/analytics,synthetic,mixed,pending_tasks,3,0,0,1.0,0.0,0.0,25,408,16.32,1.1967379999759942,2
gen_product_analytics_001,memgpt_style,product/analytics,synthetic,mixed,decisions,4,0,0,1.0,0.0,0.0,25,408,16.32,1.1967379999759942,2
gen_product_analytics_001,memgpt_style,product/analytics,synthetic,mixed,files,2,1,1,1.0,0.5,0.6667,25,408,16.32,1.1967379999759942,2
gen_product_analytics_001,memgpt_style,product/analytics,synthetic,mixed,errors,2,1,1,1.0,0.5,0.6667,25,408,16.32,1.1967379999759942,2
gen_product_analytics_001,sliding_window_10,product/analytics,synthetic,mixed,completed_tasks,5,13,1,0.0769,0.2,0.1111,207,408,1.97,0.005531999931918108,13
gen_product_analytics_001,sliding_window_10,product/analytics,synthetic,mixed,pending_tasks,3,13,3,0.2308,1.0,0.375,207,408,1.97,0.005531999931918108,13
gen_product_analytics_001,sliding_window_10,product/analytics,synthetic,mixed,decisions,4,13,1,0.0769,0.25,0.1176,207,408,1.97,0.005531999931918108,13
gen_product_analytics_001,sliding_window_10,product/analytics,synthetic,mixed,files,2,13,1,0.0769,0.5,0.1333,207,408,1.97,0.005531999931918108,13
gen_product_analytics_001,sliding_window_10,product/analytics,synthetic,mixed,errors,2,13,2,0.1538,1.0,0.2667,207,408,1.97,0.005531999931918108,13
gen_product_analytics_001,naive_truncation,product/analytics,synthetic,mixed,completed_tasks,5,21,2,0.0952,0.4,0.1538,310,408,1.32,0.020707999965452473,21
gen_product_analytics_001,naive_truncation,product/analytics,synthetic,mixed,pending_tasks,3,21,3,0.1429,1.0,0.25,310,408,1.32,0.020707999965452473,21
gen_product_analytics_001,naive_truncation,product/analytics,synthetic,mixed,decisions,4,21,3,0.1429,0.75,0.24,310,408,1.32,0.020707999965452473,21
gen_product_analytics_001,naive_truncation,product/analytics,synthetic,mixed,files,2,21,2,0.0952,1.0,0.1739,310,408,1.32,0.020707999965452473,21
gen_product_analytics_001,naive_truncation,product/analytics,synthetic,mixed,errors,2,21,2,0.0952,1.0,0.1739,310,408,1.32,0.020707999965452473,21
gen_product_analytics_001,naive_summary,product/analytics,synthetic,mixed,completed_tasks,5,16,3,0.1875,0.6,0.2857,190,408,2.15,0.060427999983403424,16
gen_product_analytics_001,naive_summary,product/analytics,synthetic,mixed,pending_tasks,3,16,0,0.0,0.0,0.0,190,408,2.15,0.060427999983403424,16
gen_product_analytics_001,naive_summary,product/analytics,synthetic,mixed,decisions,4,16,3,0.1875,0.75,0.3,190,408,2.15,0.060427999983403424,16
gen_product_analytics_001,naive_summary,product/analytics,synthetic,mixed,files,2,16,1,0.0625,0.5,0.1111,190,408,2.15,0.060427999983403424,16
gen_product_analytics_001,naive_summary,product/analytics,synthetic,mixed,errors,2,16,0,0.0,0.0,0.0,190,408,2.15,0.060427999983403424,16
gen_product_analytics_002,tokenmizer_v0.5.2,product/analytics,synthetic,mixed,completed_tasks,4,1,1,1.0,0.25,0.4,62,406,6.55,211.58599300008518,6
gen_product_analytics_002,tokenmizer_v0.5.2,product/analytics,synthetic,mixed,pending_tasks,1,0,0,1.0,0.0,0.0,62,406,6.55,211.58599300008518,6
gen_product_analytics_002,tokenmizer_v0.5.2,product/analytics,synthetic,mixed,decisions,4,1,0,0.0,0.0,0.0,62,406,6.55,211.58599300008518,6
gen_product_analytics_002,tokenmizer_v0.5.2,product/analytics,synthetic,mixed,files,4,4,4,1.0,1.0,1.0,62,406,6.55,211.58599300008518,6
gen_product_analytics_002,tokenmizer_v0.5.2,product/analytics,synthetic,mixed,errors,3,0,0,1.0,0.0,0.0,62,406,6.55,211.58599300008518,6
gen_product_analytics_002,graphiti_style,product/analytics,synthetic,mixed,completed_tasks,4,3,1,0.3333,0.25,0.2857,85,406,4.78,2.4436480000531446,10
gen_product_analytics_002,graphiti_style,product/analytics,synthetic,mixed,pending_tasks,1,1,0,0.0,0.0,0.0,85,406,4.78,2.4436480000531446,10
gen_product_analytics_002,graphiti_style,product/analytics,synthetic,mixed,decisions,4,1,0,0.0,0.0,0.0,85,406,4.78,2.4436480000531446,10
gen_product_analytics_002,graphiti_style,product/analytics,synthetic,mixed,files,4,3,2,0.6667,0.5,0.5714,85,406,4.78,2.4436480000531446,10
gen_product_analytics_002,graphiti_style,product/analytics,synthetic,mixed,errors,3,2,2,1.0,0.6667,0.8,85,406,4.78,2.4436480000531446,10
gen_product_analytics_002,graphrag_style,product/analytics,synthetic,mixed,completed_tasks,4,1,1,1.0,0.25,0.4,60,406,6.77,1.4227179999579675,7
gen_product_analytics_002,graphrag_style,product/analytics,synthetic,mixed,pending_tasks,1,1,0,0.0,0.0,0.0,60,406,6.77,1.4227179999579675,7
gen_product_analytics_002,graphrag_style,product/analytics,synthetic,mixed,decisions,4,1,0,0.0,0.0,0.0,60,406,6.77,1.4227179999579675,7
gen_product_analytics_002,graphrag_style,product/analytics,synthetic,mixed,files,4,3,2,0.6667,0.5,0.5714,60,406,6.77,1.4227179999579675,7
gen_product_analytics_002,graphrag_style,product/analytics,synthetic,mixed,errors,3,1,1,1.0,0.3333,0.5,60,406,6.77,1.4227179999579675,7
gen_product_analytics_002,mem0_style,product/analytics,synthetic,mixed,completed_tasks,4,3,1,0.3333,0.25,0.2857,84,406,4.83,2.5145109999584747,10
gen_product_analytics_002,mem0_style,product/analytics,synthetic,mixed,pending_tasks,1,1,0,0.0,0.0,0.0,84,406,4.83,2.5145109999584747,10
gen_product_analytics_002,mem0_style,product/analytics,synthetic,mixed,decisions,4,1,0,0.0,0.0,0.0,84,406,4.83,2.5145109999584747,10
gen_product_analytics_002,mem0_style,product/analytics,synthetic,mixed,files,4,3,2,0.6667,0.5,0.5714,84,406,4.83,2.5145109999584747,10
gen_product_analytics_002,mem0_style,product/analytics,synthetic,mixed,errors,3,2,2,1.0,0.6667,0.8,84,406,4.83,2.5145109999584747,10
gen_product_analytics_002,memgpt_style,product/analytics,synthetic,mixed,completed_tasks,4,1,1,1.0,0.25,0.4,43,406,9.44,1.072238999995534,4
gen_product_analytics_002,memgpt_style,product/analytics,synthetic,mixed,pending_tasks,1,0,0,1.0,0.0,0.0,43,406,9.44,1.072238999995534,4
gen_product_analytics_002,memgpt_style,product/analytics,synthetic,mixed,decisions,4,1,0,0.0,0.0,0.0,43,406,9.44,1.072238999995534,4
gen_product_analytics_002,memgpt_style,product/analytics,synthetic,mixed,files,4,1,0,0.0,0.0,0.0,43,406,9.44,1.072238999995534,4
gen_product_analytics_002,memgpt_style,product/analytics,synthetic,mixed,errors,3,1,1,1.0,0.3333,0.5,43,406,9.44,1.072238999995534,4
gen_product_analytics_002,sliding_window_10,product/analytics,synthetic,mixed,completed_tasks,4,12,2,0.1667,0.5,0.25,176,406,2.31,0.006224000003385299,12
gen_product_analytics_002,sliding_window_10,product/analytics,synthetic,mixed,pending_tasks,1,12,1,0.0833,1.0,0.1538,176,406,2.31,0.006224000003385299,12
gen_product_analytics_002,sliding_window_10,product/analytics,synthetic,mixed,decisions,4,12,1,0.0833,0.25,0.125,176,406,2.31,0.006224000003385299,12
gen_product_analytics_002,sliding_window_10,product/analytics,synthetic,mixed,files,4,12,1,0.0833,0.25,0.125,176,406,2.31,0.006224000003385299,12
gen_product_analytics_002,sliding_window_10,product/analytics,synthetic,mixed,errors,3,12,2,0.1667,0.6667,0.2667,176,406,2.31,0.006224000003385299,12
gen_product_analytics_002,naive_truncation,product/analytics,synthetic,mixed,completed_tasks,4,21,3,0.1429,0.75,0.24,308,406,1.32,0.027837000061481376,21
gen_product_analytics_002,naive_truncation,product/analytics,synthetic,mixed,pending_tasks,1,21,1,0.0476,1.0,0.0909,308,406,1.32,0.027837000061481376,21
gen_product_analytics_002,naive_truncation,product/analytics,synthetic,mixed,decisions,4,21,3,0.1429,0.75,0.24,308,406,1.32,0.027837000061481376,21
gen_product_analytics_002,naive_truncation,product/analytics,synthetic,mixed,files,4,21,3,0.1429,0.75,0.24,308,406,1.32,0.027837000061481376,21
gen_product_analytics_002,naive_truncation,product/analytics,synthetic,mixed,errors,3,21,3,0.1429,1.0,0.25,308,406,1.32,0.027837000061481376,21
gen_product_analytics_002,naive_summary,product/analytics,synthetic,mixed,completed_tasks,4,14,1,0.0714,0.25,0.1111,198,406,2.05,0.06407200010016822,14
gen_product_analytics_002,naive_summary,product/analytics,synthetic,mixed,pending_tasks,1,14,0,0.0,0.0,0.0,198,406,2.05,0.06407200010016822,14
gen_product_analytics_002,naive_summary,product/analytics,synthetic,mixed,decisions,4,14,3,0.2143,0.75,0.3333,198,406,2.05,0.06407200010016822,14
gen_product_analytics_002,naive_summary,product/analytics,synthetic,mixed,files,4,14,3,0.2143,0.75,0.3333,198,406,2.05,0.06407200010016822,14
gen_product_analytics_002,naive_summary,product/analytics,synthetic,mixed,errors,3,14,0,0.0,0.0,0.0,198,406,2.05,0.06407200010016822,14
gen_product_analytics_003,tokenmizer_v0.5.2,product/analytics,synthetic,mixed,completed_tasks,4,1,1,1.0,0.25,0.4,81,300,3.7,209.10544399998798,8
gen_product_analytics_003,tokenmizer_v0.5.2,product/analytics,synthetic,mixed,pending_tasks,2,1,1,1.0,0.5,0.6667,81,300,3.7,209.10544399998798,8
gen_product_analytics_003,tokenmizer_v0.5.2,product/analytics,synthetic,mixed,decisions,2,2,2,1.0,1.0,1.0,81,300,3.7,209.10544399998798,8
gen_product_analytics_003,tokenmizer_v0.5.2,product/analytics,synthetic,mixed,files,4,4,4,1.0,1.0,1.0,81,300,3.7,209.10544399998798,8
gen_product_analytics_003,tokenmizer_v0.5.2,product/analytics,synthetic,mixed,errors,2,0,0,1.0,0.0,0.0,81,300,3.7,209.10544399998798,8
gen_product_analytics_003,graphiti_style,product/analytics,synthetic,mixed,completed_tasks,4,2,1,0.5,0.25,0.3333,118,300,2.54,1.0861619999786853,12
gen_product_analytics_003,graphiti_style,product/analytics,synthetic,mixed,pending_tasks,2,2,1,0.5,0.5,0.5,118,300,2.54,1.0861619999786853,12
gen_product_analytics_003,graphiti_style,product/analytics,synthetic,mixed,decisions,2,2,2,1.0,1.0,1.0,118,300,2.54,1.0861619999786853,12
gen_product_analytics_003,graphiti_style,product/analytics,synthetic,mixed,files,4,4,3,0.75,0.75,0.75,118,300,2.54,1.0861619999786853,12
gen_product_analytics_003,graphiti_style,product/analytics,synthetic,mixed,errors,2,2,2,1.0,1.0,1.0,118,300,2.54,1.0861619999786853,12
gen_product_analytics_003,graphrag_style,product/analytics,synthetic,mixed,completed_tasks,4,0,0,1.0,0.0,0.0,99,300,3.03,0.5820439999979499,10
gen_product_analytics_003,graphrag_style,product/analytics,synthetic,mixed,pending_tasks,2,2,1,0.5,0.5,0.5,99,300,3.03,0.5820439999979499,10
gen_product_analytics_003,graphrag_style,product/analytics,synthetic,mixed,decisions,2,2,2,1.0,1.0,1.0,99,300,3.03,0.5820439999979499,10
gen_product_analytics_003,graphrag_style,product/analytics,synthetic,mixed,files,4,4,3,0.75,0.75,0.75,99,300,3.03,0.5820439999979499,10
gen_product_analytics_003,graphrag_style,product/analytics,synthetic,mixed,errors,2,2,2,1.0,1.0,1.0,99,300,3.03,0.5820439999979499,10
gen_product_analytics_003,mem0_style,product/analytics,synthetic,mixed,completed_tasks,4,2,1,0.5,0.25,0.3333,117,300,2.56,1.098177000017131,12
gen_product_analytics_003,mem0_style,product/analytics,synthetic,mixed,pending_tasks,2,2,1,0.5,0.5,0.5,117,300,2.56,1.098177000017131,12
gen_product_analytics_003,mem0_style,product/analytics,synthetic,mixed,decisions,2,2,2,1.0,1.0,1.0,117,300,2.56,1.098177000017131,12
gen_product_analytics_003,mem0_style,product/analytics,synthetic,mixed,files,4,4,3,0.75,0.75,0.75,117,300,2.56,1.098177000017131,12
gen_product_analytics_003,mem0_style,product/analytics,synthetic,mixed,errors,2,2,2,1.0,1.0,1.0,117,300,2.56,1.098177000017131,12
gen_product_analytics_003,memgpt_style,product/analytics,synthetic,mixed,completed_tasks,4,1,1,1.0,0.25,0.4,70,300,4.29,0.5446310000252197,5
gen_product_analytics_003,memgpt_style,product/analytics,synthetic,mixed,pending_tasks,2,1,1,1.0,0.5,0.6667,70,300,4.29,0.5446310000252197,5
gen_product_analytics_003,memgpt_style,product/analytics,synthetic,mixed,decisions,2,1,1,1.0,0.5,0.6667,70,300,4.29,0.5446310000252197,5
gen_product_analytics_003,memgpt_style,product/analytics,synthetic,mixed,files,4,1,1,1.0,0.25,0.4,70,300,4.29,0.5446310000252197,5
gen_product_analytics_003,memgpt_style,product/analytics,synthetic,mixed,errors,2,1,1,1.0,0.5,0.6667,70,300,4.29,0.5446310000252197,5
gen_product_analytics_003,sliding_window_10,product/analytics,synthetic,mixed,completed_tasks,4,12,2,0.1667,0.5,0.25,151,300,1.99,0.004503000013755809,12
gen_product_analytics_003,sliding_window_10,product/analytics,synthetic,mixed,pending_tasks,2,12,2,0.1667,1.0,0.2857,151,300,1.99,0.004503000013755809,12
gen_product_analytics_003,sliding_window_10,product/analytics,synthetic,mixed,decisions,2,12,1,0.0833,0.5,0.1429,151,300,1.99,0.004503000013755809,12
gen_product_analytics_003,sliding_window_10,product/analytics,synthetic,mixed,files,4,12,1,0.0833,0.25,0.125,151,300,1.99,0.004503000013755809,12
gen_product_analytics_003,sliding_window_10,product/analytics,synthetic,mixed,errors,2,12,1,0.0833,0.5,0.1429,151,300,1.99,0.004503000013755809,12
gen_product_analytics_003,naive_truncation,product/analytics,synthetic,mixed,completed_tasks,4,27,4,0.1481,1.0,0.2581,313,300,0.96,0.01774500003648427,27
gen_product_analytics_003,naive_truncation,product/analytics,synthetic,mixed,pending_tasks,2,27,2,0.0741,1.0,0.1379,313,300,0.96,0.01774500003648427,27
gen_product_analytics_003,naive_truncation,product/analytics,synthetic,mixed,decisions,2,27,2,0.0741,1.0,0.1379,313,300,0.96,0.01774500003648427,27
gen_product_analytics_003,naive_truncation,product/analytics,synthetic,mixed,files,4,27,4,0.1481,1.0,0.2581,313,300,0.96,0.01774500003648427,27
gen_product_analytics_003,naive_truncation,product/analytics,synthetic,mixed,errors,2,27,2,0.0741,1.0,0.1379,313,300,0.96,0.01774500003648427,27
gen_product_analytics_003,naive_summary,product/analytics,synthetic,mixed,completed_tasks,4,18,3,0.1667,0.75,0.2727,198,300,1.52,0.04385600004752632,18
gen_product_analytics_003,naive_summary,product/analytics,synthetic,mixed,pending_tasks,2,18,0,0.0,0.0,0.0,198,300,1.52,0.04385600004752632,18
gen_product_analytics_003,naive_summary,product/analytics,synthetic,mixed,decisions,2,18,1,0.0556,0.5,0.1,198,300,1.52,0.04385600004752632,18
gen_product_analytics_003,naive_summary,product/analytics,synthetic,mixed,files,4,18,3,0.1667,0.75,0.2727,198,300,1.52,0.04385600004752632,18
gen_product_analytics_003,naive_summary,product/analytics,synthetic,mixed,errors,2,18,1,0.0556,0.5,0.1,198,300,1.52,0.04385600004752632,18
gen_product_analytics_004,tokenmizer_v0.5.2,product/analytics,synthetic,mixed,completed_tasks,5,3,3,1.0,0.6,0.75,127,438,3.45,221.42060400005903,12
gen_product_analytics_004,tokenmizer_v0.5.2,product/analytics,synthetic,mixed,pending_tasks,3,2,2,1.0,0.6667,0.8,127,438,3.45,221.42060400005903,12
gen_product_analytics_004,tokenmizer_v0.5.2,product/analytics,synthetic,mixed,decisions,4,3,3,1.0,0.75,0.8571,127,438,3.45,221.42060400005903,12
gen_product_analytics_004,tokenmizer_v0.5.2,product/analytics,synthetic,mixed,files,4,4,4,1.0,1.0,1.0,127,438,3.45,221.42060400005903,12
gen_product_analytics_004,tokenmizer_v0.5.2,product/analytics,synthetic,mixed,errors,2,0,0,1.0,0.0,0.0,127,438,3.45,221.42060400005903,12
gen_product_analytics_004,graphiti_style,product/analytics,synthetic,mixed,completed_tasks,5,4,4,1.0,0.8,0.8889,163,438,2.69,1.4528389999668434,14
gen_product_analytics_004,graphiti_style,product/analytics,synthetic,mixed,pending_tasks,3,2,2,1.0,0.6667,0.8,163,438,2.69,1.4528389999668434,14
gen_product_analytics_004,graphiti_style,product/analytics,synthetic,mixed,decisions,4,3,3,1.0,0.75,0.8571,163,438,2.69,1.4528389999668434,14
gen_product_analytics_004,graphiti_style,product/analytics,synthetic,mixed,files,4,4,4,1.0,1.0,1.0,163,438,2.69,1.4528389999668434,14
gen_product_analytics_004,graphiti_style,product/analytics,synthetic,mixed,errors,2,1,1,1.0,0.5,0.6667,163,438,2.69,1.4528389999668434,14
gen_product_analytics_004,graphrag_style,product/analytics,synthetic,mixed,completed_tasks,5,1,1,1.0,0.2,0.3333,101,438,4.34,0.81575999990946,10
gen_product_analytics_004,graphrag_style,product/analytics,synthetic,mixed,pending_tasks,3,2,2,1.0,0.6667,0.8,101,438,4.34,0.81575999990946,10
gen_product_analytics_004,graphrag_style,product/analytics,synthetic,mixed,decisions,4,3,3,1.0,0.75,0.8571,101,438,4.34,0.81575999990946,10
gen_product_analytics_004,graphrag_style,product/analytics,synthetic,mixed,files,4,4,4,1.0,1.0,1.0,101,438,4.34,0.81575999990946,10
gen_product_analytics_004,graphrag_style,product/analytics,synthetic,mixed,errors,2,0,0,1.0,0.0,0.0,101,438,4.34,0.81575999990946,10
gen_product_analytics_004,mem0_style,product/analytics,synthetic,mixed,completed_tasks,5,4,4,1.0,0.8,0.8889,162,438,2.7,1.4630100000658786,14
gen_product_analytics_004,mem0_style,product/analytics,synthetic,mixed,pending_tasks,3,2,2,1.0,0.6667,0.8,162,438,2.7,1.4630100000658786,14
gen_product_analytics_004,mem0_style,product/analytics,synthetic,mixed,decisions,4,3,3,1.0,0.75,0.8571,162,438,2.7,1.4630100000658786,14
gen_product_analytics_004,mem0_style,product/analytics,synthetic,mixed,files,4,4,4,1.0,1.0,1.0,162,438,2.7,1.4630100000658786,14
gen_product_analytics_004,mem0_style,product/analytics,synthetic,mixed,errors,2,1,1,1.0,0.5,0.6667,162,438,2.7,1.4630100000658786,14
gen_product_analytics_004,memgpt_style,product/analytics,synthetic,mixed,completed_tasks,5,2,2,1.0,0.4,0.5714,78,438,5.62,0.5897129999539175,6
gen_product_analytics_004,memgpt_style,product/analytics,synthetic,mixed,pending_tasks,3,0,0,1.0,0.0,0.0,78,438,5.62,0.5897129999539175,6
gen_product_analytics_004,memgpt_style,product/analytics,synthetic,mixed,decisions,4,2,2,1.0,0.5,0.6667,78,438,5.62,0.5897129999539175,6
gen_product_analytics_004,memgpt_style,product/analytics,synthetic,mixed,files,4,2,2,1.0,0.5,0.6667,78,438,5.62,0.5897129999539175,6
gen_product_analytics_004,memgpt_style,product/analytics,synthetic,mixed,errors,2,0,0,1.0,0.0,0.0,78,438,5.62,0.5897129999539175,6
gen_product_analytics_004,sliding_window_10,product/analytics,synthetic,mixed,completed_tasks,5,13,3,0.2308,0.6,0.3333,191,438,2.29,0.004361000037533813,13
gen_product_analytics_004,sliding_window_10,product/analytics,synthetic,mixed,pending_tasks,3,13,1,0.0769,0.3333,0.125,191,438,2.29,0.004361000037533813,13
gen_product_analytics_004,sliding_window_10,product/analytics,synthetic,mixed,decisions,4,13,2,0.1538,0.5,0.2353,191,438,2.29,0.004361000037533813,13
gen_product_analytics_004,sliding_window_10,product/analytics,synthetic,mixed,files,4,13,2,0.1538,0.5,0.2353,191,438,2.29,0.004361000037533813,13
gen_product_analytics_004,sliding_window_10,product/analytics,synthetic,mixed,errors,2,13,0,0.0,0.0,0.0,191,438,2.29,0.004361000037533813,13
gen_product_analytics_004,naive_truncation,product/analytics,synthetic,mixed,completed_tasks,5,22,4,0.1818,0.8,0.2963,313,438,1.4,0.015836999978091626,22
gen_product_analytics_004,naive_truncation,product/analytics,synthetic,mixed,pending_tasks,3,22,2,0.0909,0.6667,0.16,313,438,1.4,0.015836999978091626,22
gen_product_analytics_004,naive_truncation,product/analytics,synthetic,mixed,decisions,4,22,2,0.0909,0.5,0.1538,313,438,1.4,0.015836999978091626,22
gen_product_analytics_004,naive_truncation,product/analytics,synthetic,mixed,files,4,22,4,0.1818,1.0,0.3077,313,438,1.4,0.015836999978091626,22
gen_product_analytics_004,naive_truncation,product/analytics,synthetic,mixed,errors,2,22,1,0.0455,0.5,0.0833,313,438,1.4,0.015836999978091626,22
gen_product_analytics_004,naive_summary,product/analytics,synthetic,mixed,completed_tasks,5,13,1,0.0769,0.2,0.1111,188,438,2.33,0.054167000030247436,13
gen_product_analytics_004,naive_summary,product/analytics,synthetic,mixed,pending_tasks,3,13,1,0.0769,0.3333,0.125,188,438,2.33,0.054167000030247436,13
gen_product_analytics_004,naive_summary,product/analytics,synthetic,mixed,decisions,4,13,2,0.1538,0.5,0.2353,188,438,2.33,0.054167000030247436,13
gen_product_analytics_004,naive_summary,product/analytics,synthetic,mixed,files,4,13,0,0.0,0.0,0.0,188,438,2.33,0.054167000030247436,13
gen_product_analytics_004,naive_summary,product/analytics,synthetic,mixed,errors,2,13,2,0.1538,1.0,0.2667,188,438,2.33,0.054167000030247436,13
gen_product_analytics_005,tokenmizer_v0.5.2,product/analytics,synthetic,mixed,completed_tasks,6,3,3,1.0,0.5,0.6667,116,427,3.68,223.97388900003534,12
gen_product_analytics_005,tokenmizer_v0.5.2,product/analytics,synthetic,mixed,pending_tasks,3,1,1,1.0,0.3333,0.5,116,427,3.68,223.97388900003534,12
gen_product_analytics_005,tokenmizer_v0.5.2,product/analytics,synthetic,mixed,decisions,6,3,3,1.0,0.5,0.6667,116,427,3.68,223.97388900003534,12
gen_product_analytics_005,tokenmizer_v0.5.2,product/analytics,synthetic,mixed,files,5,5,5,1.0,1.0,1.0,116,427,3.68,223.97388900003534,12
gen_product_analytics_005,graphiti_style,product/analytics,synthetic,mixed,completed_tasks,6,4,3,0.75,0.5,0.6,128,427,3.34,1.482712999973046,15
gen_product_analytics_005,graphiti_style,product/analytics,synthetic,mixed,pending_tasks,3,2,1,0.5,0.3333,0.4,128,427,3.34,1.482712999973046,15
gen_product_analytics_005,graphiti_style,product/analytics,synthetic,mixed,decisions,6,5,4,0.8,0.6667,0.7273,128,427,3.34,1.482712999973046,15
gen_product_analytics_005,graphiti_style,product/analytics,synthetic,mixed,files,5,4,4,1.0,0.8,0.8889,128,427,3.34,1.482712999973046,15
gen_product_analytics_005,graphrag_style,product/analytics,synthetic,mixed,completed_tasks,6,1,1,1.0,0.1667,0.2857,98,427,4.36,0.8347969999249472,11
gen_product_analytics_005,graphrag_style,product/analytics,synthetic,mixed,pending_tasks,3,2,1,0.5,0.3333,0.4,98,427,4.36,0.8347969999249472,11
gen_product_analytics_005,graphrag_style,product/analytics,synthetic,mixed,decisions,6,4,4,1.0,0.6667,0.8,98,427,4.36,0.8347969999249472,11
gen_product_analytics_005,graphrag_style,product/analytics,synthetic,mixed,files,5,4,4,1.0,0.8,0.8889,98,427,4.36,0.8347969999249472,11
gen_product_analytics_005,mem0_style,product/analytics,synthetic,mixed,completed_tasks,6,4,3,0.75,0.5,0.6,127,427,3.36,1.4882660000239412,15
gen_product_analytics_005,mem0_style,product/analytics,synthetic,mixed,pending_tasks,3,2,1,0.5,0.3333,0.4,127,427,3.36,1.4882660000239412,15
gen_product_analytics_005,mem0_style,product/analytics,synthetic,mixed,decisions,6,5,4,0.8,0.6667,0.7273,127,427,3.36,1.4882660000239412,15
gen_product_analytics_005,mem0_style,product/analytics,synthetic,mixed,files,5,4,4,1.0,0.8,0.8889,127,427,3.36,1.4882660000239412,15
gen_product_analytics_005,memgpt_style,product/analytics,synthetic,mixed,completed_tasks,6,2,2,1.0,0.3333,0.5,76,427,5.62,0.6438599999682992,7
gen_product_analytics_005,memgpt_style,product/analytics,synthetic,mixed,pending_tasks,3,1,1,1.0,0.3333,0.5,76,427,5.62,0.6438599999682992,7
gen_product_analytics_005,memgpt_style,product/analytics,synthetic,mixed,decisions,6,4,3,0.75,0.5,0.6,76,427,5.62,0.6438599999682992,7
gen_product_analytics_005,memgpt_style,product/analytics,synthetic,mixed,files,5,0,0,1.0,0.0,0.0,76,427,5.62,0.6438599999682992,7
gen_product_analytics_005,sliding_window_10,product/analytics,synthetic,mixed,completed_tasks,6,13,4,0.3077,0.6667,0.4211,178,427,2.4,0.004826000008506526,13
gen_product_analytics_005,sliding_window_10,product/analytics,synthetic,mixed,pending_tasks,3,13,1,0.0769,0.3333,0.125,178,427,2.4,0.004826000008506526,13
gen_product_analytics_005,sliding_window_10,product/analytics,synthetic,mixed,decisions,6,13,3,0.2308,0.5,0.3158,178,427,2.4,0.004826000008506526,13
gen_product_analytics_005,sliding_window_10,product/analytics,synthetic,mixed,files,5,13,0,0.0,0.0,0.0,178,427,2.4,0.004826000008506526,13
gen_product_analytics_005,sliding_window_10,product/analytics,synthetic,mixed,errors,0,13,0,0.0,1.0,0.0,178,427,2.4,0.004826000008506526,13
gen_product_analytics_005,naive_truncation,product/analytics,synthetic,mixed,completed_tasks,6,22,4,0.1818,0.6667,0.2857,309,427,1.38,0.01589099997545418,22
gen_product_analytics_005,naive_truncation,product/analytics,synthetic,mixed,pending_tasks,3,22,3,0.1364,1.0,0.24,309,427,1.38,0.01589099997545418,22
gen_product_analytics_005,naive_truncation,product/analytics,synthetic,mixed,decisions,6,22,5,0.2273,0.8333,0.3571,309,427,1.38,0.01589099997545418,22
gen_product_analytics_005,naive_truncation,product/analytics,synthetic,mixed,files,5,22,2,0.0909,0.4,0.1481,309,427,1.38,0.01589099997545418,22
gen_product_analytics_005,naive_truncation,product/analytics,synthetic,mixed,errors,0,22,0,0.0,1.0,0.0,309,427,1.38,0.01589099997545418,22
gen_product_analytics_005,naive_summary,product/analytics,synthetic,mixed,completed_tasks,6,19,2,0.1053,0.3333,0.16,202,427,2.11,0.06676700002117286,19
gen_product_analytics_005,naive_summary,product/analytics,synthetic,mixed,pending_tasks,3,19,2,0.1053,0.6667,0.1818,202,427,2.11,0.06676700002117286,19
gen_product_analytics_005,naive_summary,product/analytics,synthetic,mixed,decisions,6,19,1,0.0526,0.1667,0.08,202,427,2.11,0.06676700002117286,19
gen_product_analytics_005,naive_summary,product/analytics,synthetic,mixed,files,5,19,4,0.2105,0.8,0.3333,202,427,2.11,0.06676700002117286,19
gen_product_analytics_005,naive_summary,product/analytics,synthetic,mixed,errors,0,19,0,0.0,1.0,0.0,202,427,2.11,0.06676700002117286,19
gen_research_writing_001,tokenmizer_v0.5.2,research/writing,synthetic,mixed,completed_tasks,4,2,2,1.0,0.5,0.6667,96,295,3.07,219.5570779999798,11
gen_research_writing_001,tokenmizer_v0.5.2,research/writing,synthetic,mixed,pending_tasks,2,1,1,1.0,0.5,0.6667,96,295,3.07,219.5570779999798,11
gen_research_writing_001,tokenmizer_v0.5.2,research/writing,synthetic,mixed,decisions,3,3,3,1.0,1.0,1.0,96,295,3.07,219.5570779999798,11
gen_research_writing_001,tokenmizer_v0.5.2,research/writing,synthetic,mixed,files,5,5,5,1.0,1.0,1.0,96,295,3.07,219.5570779999798,11
gen_research_writing_001,graphiti_style,research/writing,synthetic,mixed,completed_tasks,4,4,2,0.5,0.5,0.5,109,295,2.71,0.99426399992808,14
gen_research_writing_001,graphiti_style,research/writing,synthetic,mixed,pending_tasks,2,3,1,0.3333,0.5,0.4,109,295,2.71,0.99426399992808,14
gen_research_writing_001,graphiti_style,research/writing,synthetic,mixed,decisions,3,3,3,1.0,1.0,1.0,109,295,2.71,0.99426399992808,14
gen_research_writing_001,graphiti_style,research/writing,synthetic,mixed,files,5,4,4,1.0,0.8,0.8889,109,295,2.71,0.99426399992808,14
gen_research_writing_001,graphrag_style,research/writing,synthetic,mixed,completed_tasks,4,2,2,1.0,0.5,0.6667,92,295,3.21,0.6437050000158706,11
gen_research_writing_001,graphrag_style,research/writing,synthetic,mixed,pending_tasks,2,2,0,0.0,0.0,0.0,92,295,3.21,0.6437050000158706,11
gen_research_writing_001,graphrag_style,research/writing,synthetic,mixed,decisions,3,3,3,1.0,1.0,1.0,92,295,3.21,0.6437050000158706,11
gen_research_writing_001,graphrag_style,research/writing,synthetic,mixed,files,5,4,4,1.0,0.8,0.8889,92,295,3.21,0.6437050000158706,11
gen_research_writing_001,mem0_style,research/writing,synthetic,mixed,completed_tasks,4,4,2,0.5,0.5,0.5,108,295,2.73,1.0087800000064817,14
gen_research_writing_001,mem0_style,research/writing,synthetic,mixed,pending_tasks,2,3,1,0.3333,0.5,0.4,108,295,2.73,1.0087800000064817,14
gen_research_writing_001,mem0_style,research/writing,synthetic,mixed,decisions,3,3,3,1.0,1.0,1.0,108,295,2.73,1.0087800000064817,14
gen_research_writing_001,mem0_style,research/writing,synthetic,mixed,files,5,4,4,1.0,0.8,0.8889,108,295,2.73,1.0087800000064817,14
gen_research_writing_001,memgpt_style,research/writing,synthetic,mixed,completed_tasks,4,2,1,0.5,0.25,0.3333,49,295,6.02,0.43873100003111176,6
gen_research_writing_001,memgpt_style,research/writing,synthetic,mixed,pending_tasks,2,1,0,0.0,0.0,0.0,49,295,6.02,0.43873100003111176,6
gen_research_writing_001,memgpt_style,research/writing,synthetic,mixed,decisions,3,1,1,1.0,0.3333,0.5,49,295,6.02,0.43873100003111176,6
gen_research_writing_001,memgpt_style,research/writing,synthetic,mixed,files,5,2,2,1.0,0.4,0.5714,49,295,6.02,0.43873100003111176,6
gen_research_writing_001,sliding_window_10,research/writing,synthetic,mixed,completed_tasks,4,11,2,0.1818,0.5,0.2667,136,295,2.17,0.004278999995221966,11
gen_research_writing_001,sliding_window_10,research/writing,synthetic,mixed,pending_tasks,2,11,1,0.0909,0.5,0.1538,136,295,2.17,0.004278999995221966,11
gen_research_writing_001,sliding_window_10,research/writing,synthetic,mixed,decisions,3,11,1,0.0909,0.3333,0.1429,136,295,2.17,0.004278999995221966,11
gen_research_writing_001,sliding_window_10,research/writing,synthetic,mixed,files,5,11,2,0.1818,0.4,0.25,136,295,2.17,0.004278999995221966,11
gen_research_writing_001,sliding_window_10,research/writing,synthetic,mixed,errors,0,11,0,0.0,1.0,0.0,136,295,2.17,0.004278999995221966,11
gen_research_writing_001,naive_truncation,research/writing,synthetic,mixed,completed_tasks,4,27,4,0.1481,1.0,0.2581,309,295,0.95,0.01801999997042003,27
gen_research_writing_001,naive_truncation,research/writing,synthetic,mixed,pending_tasks,2,27,2,0.0741,1.0,0.1379,309,295,0.95,0.01801999997042003,27
gen_research_writing_001,naive_truncation,research/writing,synthetic,mixed,decisions,3,27,3,0.1111,1.0,0.2,309,295,0.95,0.01801999997042003,27
gen_research_writing_001,naive_truncation,research/writing,synthetic,mixed,files,5,27,5,0.1852,1.0,0.3125,309,295,0.95,0.01801999997042003,27
gen_research_writing_001,naive_truncation,research/writing,synthetic,mixed,errors,0,27,0,0.0,1.0,0.0,309,295,0.95,0.01801999997042003,27
gen_research_writing_001,naive_summary,research/writing,synthetic,mixed,completed_tasks,4,18,2,0.1111,0.5,0.1818,182,295,1.62,0.049179999905391014,18
gen_research_writing_001,naive_summary,research/writing,synthetic,mixed,pending_tasks,2,18,1,0.0556,0.5,0.1,182,295,1.62,0.049179999905391014,18
gen_research_writing_001,naive_summary,research/writing,synthetic,mixed,decisions,3,18,2,0.1111,0.6667,0.1905,182,295,1.62,0.049179999905391014,18
gen_research_writing_001,naive_summary,research/writing,synthetic,mixed,files,5,18,3,0.1667,0.6,0.2609,182,295,1.62,0.049179999905391014,18
gen_research_writing_001,naive_summary,research/writing,synthetic,mixed,errors,0,18,0,0.0,1.0,0.0,182,295,1.62,0.049179999905391014,18
gen_research_writing_002,tokenmizer_v0.5.2,research/writing,synthetic,mixed,completed_tasks,6,3,2,0.6667,0.3333,0.4444,110,307,2.79,219.54664099996535,11
gen_research_writing_002,tokenmizer_v0.5.2,research/writing,synthetic,mixed,pending_tasks,1,1,1,1.0,1.0,1.0,110,307,2.79,219.54664099996535,11
gen_research_writing_002,tokenmizer_v0.5.2,research/writing,synthetic,mixed,decisions,5,3,3,1.0,0.6,0.75,110,307,2.79,219.54664099996535,11
gen_research_writing_002,tokenmizer_v0.5.2,research/writing,synthetic,mixed,files,4,4,4,1.0,1.0,1.0,110,307,2.79,219.54664099996535,11
gen_research_writing_002,graphiti_style,research/writing,synthetic,mixed,completed_tasks,6,5,2,0.4,0.3333,0.3636,103,307,2.98,1.174396000010347,11
gen_research_writing_002,graphiti_style,research/writing,synthetic,mixed,pending_tasks,1,1,1,1.0,1.0,1.0,103,307,2.98,1.174396000010347,11
gen_research_writing_002,graphiti_style,research/writing,synthetic,mixed,decisions,5,3,3,1.0,0.6,0.75,103,307,2.98,1.174396000010347,11
gen_research_writing_002,graphiti_style,research/writing,synthetic,mixed,files,4,2,2,1.0,0.5,0.6667,103,307,2.98,1.174396000010347,11
gen_research_writing_002,graphrag_style,research/writing,synthetic,mixed,completed_tasks,6,0,0,1.0,0.0,0.0,54,307,5.69,0.5629030000591229,5
gen_research_writing_002,graphrag_style,research/writing,synthetic,mixed,pending_tasks,1,0,0,1.0,0.0,0.0,54,307,5.69,0.5629030000591229,5
gen_research_writing_002,graphrag_style,research/writing,synthetic,mixed,decisions,5,3,3,1.0,0.6,0.75,54,307,5.69,0.5629030000591229,5
gen_research_writing_002,graphrag_style,research/writing,synthetic,mixed,files,4,2,2,1.0,0.5,0.6667,54,307,5.69,0.5629030000591229,5
gen_research_writing_002,mem0_style,research/writing,synthetic,mixed,completed_tasks,6,5,2,0.4,0.3333,0.3636,102,307,3.01,1.1040750000574917,11
gen_research_writing_002,mem0_style,research/writing,synthetic,mixed,pending_tasks,1,1,1,1.0,1.0,1.0,102,307,3.01,1.1040750000574917,11
gen_research_writing_002,mem0_style,research/writing,synthetic,mixed,decisions,5,3,3,1.0,0.6,0.75,102,307,3.01,1.1040750000574917,11
gen_research_writing_002,mem0_style,research/writing,synthetic,mixed,files,4,2,2,1.0,0.5,0.6667,102,307,3.01,1.1040750000574917,11
gen_research_writing_002,memgpt_style,research/writing,synthetic,mixed,completed_tasks,6,2,1,0.5,0.1667,0.25,36,307,8.53,0.4241100000399456,3
gen_research_writing_002,memgpt_style,research/writing,synthetic,mixed,pending_tasks,1,0,0,1.0,0.0,0.0,36,307,8.53,0.4241100000399456,3
gen_research_writing_002,memgpt_style,research/writing,synthetic,mixed,decisions,5,1,1,1.0,0.2,0.3333,36,307,8.53,0.4241100000399456,3
gen_research_writing_002,memgpt_style,research/writing,synthetic,mixed,files,4,0,0,1.0,0.0,0.0,36,307,8.53,0.4241100000399456,3
gen_research_writing_002,sliding_window_10,research/writing,synthetic,mixed,completed_tasks,6,12,4,0.3333,0.6667,0.4444,114,307,2.69,0.0037159999237701413,12
gen_research_writing_002,sliding_window_10,research/writing,synthetic,mixed,pending_tasks,1,12,0,0.0,0.0,0.0,114,307,2.69,0.0037159999237701413,12
gen_research_writing_002,sliding_window_10,research/writing,synthetic,mixed,decisions,5,12,1,0.0833,0.2,0.1176,114,307,2.69,0.0037159999237701413,12
gen_research_writing_002,sliding_window_10,research/writing,synthetic,mixed,files,4,12,2,0.1667,0.5,0.25,114,307,2.69,0.0037159999237701413,12
gen_research_writing_002,sliding_window_10,research/writing,synthetic,mixed,errors,0,12,0,0.0,1.0,0.0,114,307,2.69,0.0037159999237701413,12
gen_research_writing_002,naive_truncation,research/writing,synthetic,mixed,completed_tasks,6,28,6,0.2143,1.0,0.3529,315,307,0.97,0.020258000063222426,28
gen_research_writing_002,naive_truncation,research/writing,synthetic,mixed,pending_tasks,1,28,1,0.0357,1.0,0.069,315,307,0.97,0.020258000063222426,28
gen_research_writing_002,naive_truncation,research/writing,synthetic,mixed,decisions,5,28,5,0.1786,1.0,0.303,315,307,0.97,0.020258000063222426,28
gen_research_writing_002,naive_truncation,research/writing,synthetic,mixed,files,4,28,4,0.1429,1.0,0.25,315,307,0.97,0.020258000063222426,28
gen_research_writing_002,naive_truncation,research/writing,synthetic,mixed,errors,0,28,0,0.0,1.0,0.0,315,307,0.97,0.020258000063222426,28
gen_research_writing_002,naive_summary,research/writing,synthetic,mixed,completed_tasks,6,15,1,0.0667,0.1667,0.0952,185,307,1.66,0.05217199998241995,15
gen_research_writing_002,naive_summary,research/writing,synthetic,mixed,pending_tasks,1,15,1,0.0667,1.0,0.125,185,307,1.66,0.05217199998241995,15
gen_research_writing_002,naive_summary,research/writing,synthetic,mixed,decisions,5,15,4,0.2667,0.8,0.4,185,307,1.66,0.05217199998241995,15
gen_research_writing_002,naive_summary,research/writing,synthetic,mixed,files,4,15,2,0.1333,0.5,0.2105,185,307,1.66,0.05217199998241995,15
gen_research_writing_002,naive_summary,research/writing,synthetic,mixed,errors,0,15,0,0.0,1.0,0.0,185,307,1.66,0.05217199998241995,15
gen_research_writing_003,tokenmizer_v0.5.2,research/writing,synthetic,mixed,completed_tasks,6,3,3,1.0,0.5,0.6667,102,477,4.68,220.88411099991845,12
gen_research_writing_003,tokenmizer_v0.5.2,research/writing,synthetic,mixed,pending_tasks,2,1,0,0.0,0.0,0.0,102,477,4.68,220.88411099991845,12
gen_research_writing_003,tokenmizer_v0.5.2,research/writing,synthetic,mixed,decisions,6,1,1,1.0,0.1667,0.2857,102,477,4.68,220.88411099991845,12
gen_research_writing_003,tokenmizer_v0.5.2,research/writing,synthetic,mixed,files,6,6,6,1.0,1.0,1.0,102,477,4.68,220.88411099991845,12
gen_research_writing_003,tokenmizer_v0.5.2,research/writing,synthetic,mixed,errors,2,1,0,0.0,0.0,0.0,102,477,4.68,220.88411099991845,12
gen_research_writing_003,graphiti_style,research/writing,synthetic,mixed,completed_tasks,6,6,3,0.5,0.5,0.5,179,477,2.66,1.5929149999465153,21
gen_research_writing_003,graphiti_style,research/writing,synthetic,mixed,pending_tasks,2,4,1,0.25,0.5,0.3333,179,477,2.66,1.5929149999465153,21
gen_research_writing_003,graphiti_style,research/writing,synthetic,mixed,decisions,6,4,3,0.75,0.5,0.6,179,477,2.66,1.5929149999465153,21
gen_research_writing_003,graphiti_style,research/writing,synthetic,mixed,files,6,5,5,1.0,0.8333,0.9091,179,477,2.66,1.5929149999465153,21
gen_research_writing_003,graphiti_style,research/writing,synthetic,mixed,errors,2,2,2,1.0,1.0,1.0,179,477,2.66,1.5929149999465153,21
gen_research_writing_003,graphrag_style,research/writing,synthetic,mixed,completed_tasks,6,1,1,1.0,0.1667,0.2857,122,477,3.91,0.9196529999826453,13
gen_research_writing_003,graphrag_style,research/writing,synthetic,mixed,pending_tasks,2,2,0,0.0,0.0,0.0,122,477,3.91,0.9196529999826453,13
gen_research_writing_003,graphrag_style,research/writing,synthetic,mixed,decisions,6,3,3,1.0,0.5,0.6667,122,477,3.91,0.9196529999826453,13
gen_research_writing_003,graphrag_style,research/writing,synthetic,mixed,files,6,5,5,1.0,0.8333,0.9091,122,477,3.91,0.9196529999826453,13
gen_research_writing_003,graphrag_style,research/writing,synthetic,mixed,errors,2,2,2,1.0,1.0,1.0,122,477,3.91,0.9196529999826453,13
gen_research_writing_003,mem0_style,research/writing,synthetic,mixed,completed_tasks,6,6,3,0.5,0.5,0.5,175,477,2.73,1.599465000026612,20
gen_research_writing_003,mem0_style,research/writing,synthetic,mixed,pending_tasks,2,3,1,0.3333,0.5,0.4,175,477,2.73,1.599465000026612,20
gen_research_writing_003,mem0_style,research/writing,synthetic,mixed,decisions,6,4,3,0.75,0.5,0.6,175,477,2.73,1.599465000026612,20
gen_research_writing_003,mem0_style,research/writing,synthetic,mixed,files,6,5,5,1.0,0.8333,0.9091,175,477,2.73,1.599465000026612,20
gen_research_writing_003,mem0_style,research/writing,synthetic,mixed,errors,2,2,2,1.0,1.0,1.0,175,477,2.73,1.599465000026612,20
gen_research_writing_003,memgpt_style,research/writing,synthetic,mixed,completed_tasks,6,3,1,0.3333,0.1667,0.2222,81,477,5.89,0.5408770000485674,9
gen_research_writing_003,memgpt_style,research/writing,synthetic,mixed,pending_tasks,2,0,0,1.0,0.0,0.0,81,477,5.89,0.5408770000485674,9
gen_research_writing_003,memgpt_style,research/writing,synthetic,mixed,decisions,6,3,2,0.6667,0.3333,0.4444,81,477,5.89,0.5408770000485674,9
gen_research_writing_003,memgpt_style,research/writing,synthetic,mixed,files,6,2,2,1.0,0.3333,0.5,81,477,5.89,0.5408770000485674,9
gen_research_writing_003,memgpt_style,research/writing,synthetic,mixed,errors,2,1,1,1.0,0.5,0.6667,81,477,5.89,0.5408770000485674,9
gen_research_writing_003,sliding_window_10,research/writing,synthetic,mixed,completed_tasks,6,10,2,0.2,0.3333,0.25,99,477,4.82,0.008699999966665928,10
gen_research_writing_003,sliding_window_10,research/writing,synthetic,mixed,pending_tasks,2,10,0,0.0,0.0,0.0,99,477,4.82,0.008699999966665928,10
gen_research_writing_003,sliding_window_10,research/writing,synthetic,mixed,decisions,6,10,1,0.1,0.1667,0.125,99,477,4.82,0.008699999966665928,10
gen_research_writing_003,sliding_window_10,research/writing,synthetic,mixed,files,6,10,1,0.1,0.1667,0.125,99,477,4.82,0.008699999966665928,10
gen_research_writing_003,sliding_window_10,research/writing,synthetic,mixed,errors,2,10,1,0.1,0.5,0.1667,99,477,4.82,0.008699999966665928,10
gen_research_writing_003,naive_truncation,research/writing,synthetic,mixed,completed_tasks,6,26,4,0.1538,0.6667,0.25,295,477,1.62,0.025687999936963024,26
gen_research_writing_003,naive_truncation,research/writing,synthetic,mixed,pending_tasks,2,26,1,0.0385,0.5,0.0714,295,477,1.62,0.025687999936963024,26
gen_research_writing_003,naive_truncation,research/writing,synthetic,mixed,decisions,6,26,5,0.1923,0.8333,0.3125,295,477,1.62,0.025687999936963024,26
gen_research_writing_003,naive_truncation,research/writing,synthetic,mixed,files,6,26,3,0.1154,0.5,0.1875,295,477,1.62,0.025687999936963024,26
gen_research_writing_003,naive_truncation,research/writing,synthetic,mixed,errors,2,26,1,0.0385,0.5,0.0714,295,477,1.62,0.025687999936963024,26
gen_research_writing_003,naive_summary,research/writing,synthetic,mixed,completed_tasks,6,15,2,0.1333,0.3333,0.1905,182,477,2.62,0.06630699999732315,15
gen_research_writing_003,naive_summary,research/writing,synthetic,mixed,pending_tasks,2,15,0,0.0,0.0,0.0,182,477,2.62,0.06630699999732315,15
gen_research_writing_003,naive_summary,research/writing,synthetic,mixed,decisions,6,15,1,0.0667,0.1667,0.0952,182,477,2.62,0.06630699999732315,15
gen_research_writing_003,naive_summary,research/writing,synthetic,mixed,files,6,15,3,0.2,0.5,0.2857,182,477,2.62,0.06630699999732315,15
gen_research_writing_003,naive_summary,research/writing,synthetic,mixed,errors,2,15,1,0.0667,0.5,0.1176,182,477,2.62,0.06630699999732315,15
gen_research_writing_004,tokenmizer_v0.5.2,research/writing,synthetic,mixed,completed_tasks,4,3,2,0.6667,0.5,0.5714,134,324,2.42,233.73732000004566,13
gen_research_writing_004,tokenmizer_v0.5.2,research/writing,synthetic,mixed,pending_tasks,1,2,1,0.5,1.0,0.6667,134,324,2.42,233.73732000004566,13
gen_research_writing_004,tokenmizer_v0.5.2,research/writing,synthetic,mixed,decisions,5,3,3,1.0,0.6,0.75,134,324,2.42,233.73732000004566,13
gen_research_writing_004,tokenmizer_v0.5.2,research/writing,synthetic,mixed,files,4,4,4,1.0,1.0,1.0,134,324,2.42,233.73732000004566,13
gen_research_writing_004,tokenmizer_v0.5.2,research/writing,synthetic,mixed,errors,1,1,0,0.0,0.0,0.0,134,324,2.42,233.73732000004566,13
gen_research_writing_004,graphiti_style,research/writing,synthetic,mixed,completed_tasks,4,3,2,0.6667,0.5,0.5714,111,324,2.92,1.153198999986671,12
gen_research_writing_004,graphiti_style,research/writing,synthetic,mixed,pending_tasks,1,1,1,1.0,1.0,1.0,111,324,2.92,1.153198999986671,12
gen_research_writing_004,graphiti_style,research/writing,synthetic,mixed,decisions,5,5,4,0.8,0.8,0.8,111,324,2.92,1.153198999986671,12
gen_research_writing_004,graphiti_style,research/writing,synthetic,mixed,files,4,3,3,1.0,0.75,0.8571,111,324,2.92,1.153198999986671,12
gen_research_writing_004,graphiti_style,research/writing,synthetic,mixed,errors,1,0,0,1.0,0.0,0.0,111,324,2.92,1.153198999986671,12
gen_research_writing_004,graphrag_style,research/writing,synthetic,mixed,completed_tasks,4,0,0,1.0,0.0,0.0,74,324,4.38,0.5612960000007661,8
gen_research_writing_004,graphrag_style,research/writing,synthetic,mixed,pending_tasks,1,0,0,1.0,0.0,0.0,74,324,4.38,0.5612960000007661,8
gen_research_writing_004,graphrag_style,research/writing,synthetic,mixed,decisions,5,5,4,0.8,0.8,0.8,74,324,4.38,0.5612960000007661,8
gen_research_writing_004,graphrag_style,research/writing,synthetic,mixed,files,4,3,3,1.0,0.75,0.8571,74,324,4.38,0.5612960000007661,8
gen_research_writing_004,graphrag_style,research/writing,synthetic,mixed,errors,1,0,0,1.0,0.0,0.0,74,324,4.38,0.5612960000007661,8
gen_research_writing_004,mem0_style,research/writing,synthetic,mixed,completed_tasks,4,3,2,0.6667,0.5,0.5714,110,324,2.95,1.103918000012527,12
gen_research_writing_004,mem0_style,research/writing,synthetic,mixed,pending_tasks,1,1,1,1.0,1.0,1.0,110,324,2.95,1.103918000012527,12
gen_research_writing_004,mem0_style,research/writing,synthetic,mixed,decisions,5,5,4,0.8,0.8,0.8,110,324,2.95,1.103918000012527,12
gen_research_writing_004,mem0_style,research/writing,synthetic,mixed,files,4,3,3,1.0,0.75,0.8571,110,324,2.95,1.103918000012527,12
gen_research_writing_004,mem0_style,research/writing,synthetic,mixed,errors,1,0,0,1.0,0.0,0.0,110,324,2.95,1.103918000012527,12
gen_research_writing_004,memgpt_style,research/writing,synthetic,mixed,completed_tasks,4,1,1,1.0,0.25,0.4,46,324,7.04,0.5735270000286619,4
gen_research_writing_004,memgpt_style,research/writing,synthetic,mixed,pending_tasks,1,0,0,1.0,0.0,0.0,46,324,7.04,0.5735270000286619,4
gen_research_writing_004,memgpt_style,research/writing,synthetic,mixed,decisions,5,2,2,1.0,0.4,0.5714,46,324,7.04,0.5735270000286619,4
gen_research_writing_004,memgpt_style,research/writing,synthetic,mixed,files,4,1,1,1.0,0.25,0.4,46,324,7.04,0.5735270000286619,4
gen_research_writing_004,memgpt_style,research/writing,synthetic,mixed,errors,1,0,0,1.0,0.0,0.0,46,324,7.04,0.5735270000286619,4
gen_research_writing_004,sliding_window_10,research/writing,synthetic,mixed,completed_tasks,4,13,3,0.2308,0.75,0.3529,171,324,1.89,0.00473000000056345,13
gen_research_writing_004,sliding_window_10,research/writing,synthetic,mixed,pending_tasks,1,13,0,0.0,0.0,0.0,171,324,1.89,0.00473000000056345,13
gen_research_writing_004,sliding_window_10,research/writing,synthetic,mixed,decisions,5,13,2,0.1538,0.4,0.2222,171,324,1.89,0.00473000000056345,13
gen_research_writing_004,sliding_window_10,research/writing,synthetic,mixed,files,4,13,2,0.1538,0.5,0.2353,171,324,1.89,0.00473000000056345,13
gen_research_writing_004,sliding_window_10,research/writing,synthetic,mixed,errors,1,13,1,0.0769,1.0,0.1429,171,324,1.89,0.00473000000056345,13
gen_research_writing_004,naive_truncation,research/writing,synthetic,mixed,completed_tasks,4,26,4,0.1538,1.0,0.2667,311,324,1.04,0.01923900003930612,26
gen_research_writing_004,naive_truncation,research/writing,synthetic,mixed,pending_tasks,1,26,1,0.0385,1.0,0.0741,311,324,1.04,0.01923900003930612,26
gen_research_writing_004,naive_truncation,research/writing,synthetic,mixed,decisions,5,26,5,0.1923,1.0,0.3226,311,324,1.04,0.01923900003930612,26
gen_research_writing_004,naive_truncation,research/writing,synthetic,mixed,files,4,26,4,0.1538,1.0,0.2667,311,324,1.04,0.01923900003930612,26
gen_research_writing_004,naive_truncation,research/writing,synthetic,mixed,errors,1,26,1,0.0385,1.0,0.0741,311,324,1.04,0.01923900003930612,26
gen_research_writing_004,naive_summary,research/writing,synthetic,mixed,completed_tasks,4,19,1,0.0526,0.25,0.087,190,324,1.71,0.0509230000034222,19
gen_research_writing_004,naive_summary,research/writing,synthetic,mixed,pending_tasks,1,19,1,0.0526,1.0,0.1,190,324,1.71,0.0509230000034222,19
gen_research_writing_004,naive_summary,research/writing,synthetic,mixed,decisions,5,19,3,0.1579,0.6,0.25,190,324,1.71,0.0509230000034222,19
gen_research_writing_004,naive_summary,research/writing,synthetic,mixed,files,4,19,3,0.1579,0.75,0.2609,190,324,1.71,0.0509230000034222,19
gen_research_writing_004,naive_summary,research/writing,synthetic,mixed,errors,1,19,0,0.0,0.0,0.0,190,324,1.71,0.0509230000034222,19
gen_research_writing_005,tokenmizer_v0.5.2,research/writing,synthetic,mixed,completed_tasks,7,4,4,1.0,0.5714,0.7273,64,326,5.09,220.84893200008082,6
gen_research_writing_005,tokenmizer_v0.5.2,research/writing,synthetic,mixed,pending_tasks,1,0,0,1.0,0.0,0.0,64,326,5.09,220.84893200008082,6
gen_research_writing_005,tokenmizer_v0.5.2,research/writing,synthetic,mixed,decisions,3,0,0,1.0,0.0,0.0,64,326,5.09,220.84893200008082,6
gen_research_writing_005,tokenmizer_v0.5.2,research/writing,synthetic,mixed,files,2,2,2,1.0,1.0,1.0,64,326,5.09,220.84893200008082,6
gen_research_writing_005,graphiti_style,research/writing,synthetic,mixed,completed_tasks,7,5,5,1.0,0.7143,0.8333,106,326,3.08,1.8582550000019182,10
gen_research_writing_005,graphiti_style,research/writing,synthetic,mixed,pending_tasks,1,2,0,0.0,0.0,0.0,106,326,3.08,1.8582550000019182,10
gen_research_writing_005,graphiti_style,research/writing,synthetic,mixed,decisions,3,1,1,1.0,0.3333,0.5,106,326,3.08,1.8582550000019182,10
gen_research_writing_005,graphiti_style,research/writing,synthetic,mixed,files,2,2,2,1.0,1.0,1.0,106,326,3.08,1.8582550000019182,10
gen_research_writing_005,graphrag_style,research/writing,synthetic,mixed,completed_tasks,7,1,1,1.0,0.1429,0.25,50,326,6.52,0.7425689999536189,6
gen_research_writing_005,graphrag_style,research/writing,synthetic,mixed,pending_tasks,1,2,0,0.0,0.0,0.0,50,326,6.52,0.7425689999536189,6
gen_research_writing_005,graphrag_style,research/writing,synthetic,mixed,decisions,3,1,1,1.0,0.3333,0.5,50,326,6.52,0.7425689999536189,6
gen_research_writing_005,graphrag_style,research/writing,synthetic,mixed,files,2,2,2,1.0,1.0,1.0,50,326,6.52,0.7425689999536189,6
gen_research_writing_005,mem0_style,research/writing,synthetic,mixed,completed_tasks,7,5,5,1.0,0.7143,0.8333,105,326,3.1,1.5710679999756394,10
gen_research_writing_005,mem0_style,research/writing,synthetic,mixed,pending_tasks,1,2,0,0.0,0.0,0.0,105,326,3.1,1.5710679999756394,10
gen_research_writing_005,mem0_style,research/writing,synthetic,mixed,decisions,3,1,1,1.0,0.3333,0.5,105,326,3.1,1.5710679999756394,10
gen_research_writing_005,mem0_style,research/writing,synthetic,mixed,files,2,2,2,1.0,1.0,1.0,105,326,3.1,1.5710679999756394,10
gen_research_writing_005,memgpt_style,research/writing,synthetic,mixed,completed_tasks,7,2,2,1.0,0.2857,0.4444,49,326,6.65,0.6712599999900704,4
gen_research_writing_005,memgpt_style,research/writing,synthetic,mixed,pending_tasks,1,0,0,1.0,0.0,0.0,49,326,6.65,0.6712599999900704,4
gen_research_writing_005,memgpt_style,research/writing,synthetic,mixed,decisions,3,1,1,1.0,0.3333,0.5,49,326,6.65,0.6712599999900704,4
gen_research_writing_005,memgpt_style,research/writing,synthetic,mixed,files,2,1,1,1.0,0.5,0.6667,49,326,6.65,0.6712599999900704,4
gen_research_writing_005,sliding_window_10,research/writing,synthetic,mixed,completed_tasks,7,11,3,0.2727,0.4286,0.3333,142,326,2.3,0.005183999974178732,11
gen_research_writing_005,sliding_window_10,research/writing,synthetic,mixed,pending_tasks,1,11,1,0.0909,1.0,0.1667,142,326,2.3,0.005183999974178732,11
gen_research_writing_005,sliding_window_10,research/writing,synthetic,mixed,decisions,3,11,1,0.0909,0.3333,0.1429,142,326,2.3,0.005183999974178732,11
gen_research_writing_005,sliding_window_10,research/writing,synthetic,mixed,files,2,11,1,0.0909,0.5,0.1538,142,326,2.3,0.005183999974178732,11
gen_research_writing_005,sliding_window_10,research/writing,synthetic,mixed,errors,0,11,0,0.0,1.0,0.0,142,326,2.3,0.005183999974178732,11
gen_research_writing_005,naive_truncation,research/writing,synthetic,mixed,completed_tasks,7,21,7,0.3333,1.0,0.5,287,326,1.14,0.025176000008286792,21
gen_research_writing_005,naive_truncation,research/writing,synthetic,mixed,pending_tasks,1,21,1,0.0476,1.0,0.0909,287,326,1.14,0.025176000008286792,21
gen_research_writing_005,naive_truncation,research/writing,synthetic,mixed,decisions,3,21,2,0.0952,0.6667,0.1667,287,326,1.14,0.025176000008286792,21
gen_research_writing_005,naive_truncation,research/writing,synthetic,mixed,files,2,21,2,0.0952,1.0,0.1739,287,326,1.14,0.025176000008286792,21
gen_research_writing_005,naive_truncation,research/writing,synthetic,mixed,errors,0,21,0,0.0,1.0,0.0,287,326,1.14,0.025176000008286792,21
gen_research_writing_005,naive_summary,research/writing,synthetic,mixed,completed_tasks,7,13,3,0.2308,0.4286,0.3,179,326,1.82,0.07744499998807441,13
gen_research_writing_005,naive_summary,research/writing,synthetic,mixed,pending_tasks,1,13,0,0.0,0.0,0.0,179,326,1.82,0.07744499998807441,13
gen_research_writing_005,naive_summary,research/writing,synthetic,mixed,decisions,3,13,2,0.1538,0.6667,0.25,179,326,1.82,0.07744499998807441,13
gen_research_writing_005,naive_summary,research/writing,synthetic,mixed,files,2,13,1,0.0769,0.5,0.1333,179,326,1.82,0.07744499998807441,13
gen_research_writing_005,naive_summary,research/writing,synthetic,mixed,errors,0,13,0,0.0,1.0,0.0,179,326,1.82,0.07744499998807441,13
gen_security_appsec_001,tokenmizer_v0.5.2,security/appsec,synthetic,mixed,completed_tasks,7,4,4,1.0,0.5714,0.7273,97,337,3.47,240.46971799998573,11
gen_security_appsec_001,tokenmizer_v0.5.2,security/appsec,synthetic,mixed,pending_tasks,3,3,3,1.0,1.0,1.0,97,337,3.47,240.46971799998573,11
gen_security_appsec_001,tokenmizer_v0.5.2,security/appsec,synthetic,mixed,decisions,3,1,1,1.0,0.3333,0.5,97,337,3.47,240.46971799998573,11
gen_security_appsec_001,tokenmizer_v0.5.2,security/appsec,synthetic,mixed,files,3,3,3,1.0,1.0,1.0,97,337,3.47,240.46971799998573,11
gen_security_appsec_001,graphiti_style,security/appsec,synthetic,mixed,completed_tasks,7,5,5,1.0,0.7143,0.8333,125,337,2.7,1.1252540000441513,15
gen_security_appsec_001,graphiti_style,security/appsec,synthetic,mixed,pending_tasks,3,5,3,0.6,1.0,0.75,125,337,2.7,1.1252540000441513,15
gen_security_appsec_001,graphiti_style,security/appsec,synthetic,mixed,decisions,3,2,1,0.5,0.3333,0.4,125,337,2.7,1.1252540000441513,15
gen_security_appsec_001,graphiti_style,security/appsec,synthetic,mixed,files,3,3,3,1.0,1.0,1.0,125,337,2.7,1.1252540000441513,15
gen_security_appsec_001,graphrag_style,security/appsec,synthetic,mixed,completed_tasks,7,3,3,1.0,0.4286,0.6,68,337,4.96,0.6060739999611542,9
gen_security_appsec_001,graphrag_style,security/appsec,synthetic,mixed,pending_tasks,3,2,0,0.0,0.0,0.0,68,337,4.96,0.6060739999611542,9
gen_security_appsec_001,graphrag_style,security/appsec,synthetic,mixed,decisions,3,1,1,1.0,0.3333,0.5,68,337,4.96,0.6060739999611542,9
gen_security_appsec_001,graphrag_style,security/appsec,synthetic,mixed,files,3,3,3,1.0,1.0,1.0,68,337,4.96,0.6060739999611542,9
gen_security_appsec_001,mem0_style,security/appsec,synthetic,mixed,completed_tasks,7,5,5,1.0,0.7143,0.8333,124,337,2.72,1.117171000032613,15
gen_security_appsec_001,mem0_style,security/appsec,synthetic,mixed,pending_tasks,3,5,3,0.6,1.0,0.75,124,337,2.72,1.117171000032613,15
gen_security_appsec_001,mem0_style,security/appsec,synthetic,mixed,decisions,3,2,1,0.5,0.3333,0.4,124,337,2.72,1.117171000032613,15
gen_security_appsec_001,mem0_style,security/appsec,synthetic,mixed,files,3,3,3,1.0,1.0,1.0,124,337,2.72,1.117171000032613,15
gen_security_appsec_001,memgpt_style,security/appsec,synthetic,mixed,completed_tasks,7,1,1,1.0,0.1429,0.25,49,337,6.88,0.4604419999623133,7
gen_security_appsec_001,memgpt_style,security/appsec,synthetic,mixed,pending_tasks,3,2,1,0.5,0.3333,0.4,49,337,6.88,0.4604419999623133,7
gen_security_appsec_001,memgpt_style,security/appsec,synthetic,mixed,decisions,3,2,1,0.5,0.3333,0.4,49,337,6.88,0.4604419999623133,7
gen_security_appsec_001,memgpt_style,security/appsec,synthetic,mixed,files,3,2,2,1.0,0.6667,0.8,49,337,6.88,0.4604419999623133,7
gen_security_appsec_001,sliding_window_10,security/appsec,synthetic,mixed,completed_tasks,7,11,2,0.1818,0.2857,0.2222,129,337,2.61,0.004118999981983507,11
gen_security_appsec_001,sliding_window_10,security/appsec,synthetic,mixed,pending_tasks,3,11,1,0.0909,0.3333,0.1429,129,337,2.61,0.004118999981983507,11
gen_security_appsec_001,sliding_window_10,security/appsec,synthetic,mixed,decisions,3,11,1,0.0909,0.3333,0.1429,129,337,2.61,0.004118999981983507,11
gen_security_appsec_001,sliding_window_10,security/appsec,synthetic,mixed,files,3,11,2,0.1818,0.6667,0.2857,129,337,2.61,0.004118999981983507,11
gen_security_appsec_001,sliding_window_10,security/appsec,synthetic,mixed,errors,0,11,0,0.0,1.0,0.0,129,337,2.61,0.004118999981983507,11
gen_security_appsec_001,naive_truncation,security/appsec,synthetic,mixed,completed_tasks,7,26,7,0.2692,1.0,0.4242,308,337,1.09,0.019337000026098394,26
gen_security_appsec_001,naive_truncation,security/appsec,synthetic,mixed,pending_tasks,3,26,2,0.0769,0.6667,0.1379,308,337,1.09,0.019337000026098394,26
gen_security_appsec_001,naive_truncation,security/appsec,synthetic,mixed,decisions,3,26,3,0.1154,1.0,0.2069,308,337,1.09,0.019337000026098394,26
gen_security_appsec_001,naive_truncation,security/appsec,synthetic,mixed,files,3,26,3,0.1154,1.0,0.2069,308,337,1.09,0.019337000026098394,26
gen_security_appsec_001,naive_truncation,security/appsec,synthetic,mixed,errors,0,26,0,0.0,1.0,0.0,308,337,1.09,0.019337000026098394,26
gen_security_appsec_001,naive_summary,security/appsec,synthetic,mixed,completed_tasks,7,18,5,0.2778,0.7143,0.4,190,337,1.77,0.06553200000780635,18
gen_security_appsec_001,naive_summary,security/appsec,synthetic,mixed,pending_tasks,3,18,2,0.1111,0.6667,0.1905,190,337,1.77,0.06553200000780635,18
gen_security_appsec_001,naive_summary,security/appsec,synthetic,mixed,decisions,3,18,0,0.0,0.0,0.0,190,337,1.77,0.06553200000780635,18
gen_security_appsec_001,naive_summary,security/appsec,synthetic,mixed,files,3,18,1,0.0556,0.3333,0.0952,190,337,1.77,0.06553200000780635,18
gen_security_appsec_001,naive_summary,security/appsec,synthetic,mixed,errors,0,18,0,0.0,1.0,0.0,190,337,1.77,0.06553200000780635,18
gen_security_appsec_002,tokenmizer_v0.5.2,security/appsec,synthetic,mixed,completed_tasks,3,1,1,1.0,0.3333,0.5,47,272,5.79,210.0968390000162,6
gen_security_appsec_002,tokenmizer_v0.5.2,security/appsec,synthetic,mixed,pending_tasks,3,2,2,1.0,0.6667,0.8,47,272,5.79,210.0968390000162,6
gen_security_appsec_002,tokenmizer_v0.5.2,security/appsec,synthetic,mixed,decisions,2,0,0,1.0,0.0,0.0,47,272,5.79,210.0968390000162,6
gen_security_appsec_002,tokenmizer_v0.5.2,security/appsec,synthetic,mixed,files,3,3,3,1.0,1.0,1.0,47,272,5.79,210.0968390000162,6
gen_security_appsec_002,tokenmizer_v0.5.2,security/appsec,synthetic,mixed,errors,2,0,0,1.0,0.0,0.0,47,272,5.79,210.0968390000162,6
gen_security_appsec_002,graphiti_style,security/appsec,synthetic,mixed,completed_tasks,3,3,2,0.6667,0.6667,0.6667,93,272,2.92,0.9450659999856725,11
gen_security_appsec_002,graphiti_style,security/appsec,synthetic,mixed,pending_tasks,3,3,2,0.6667,0.6667,0.6667,93,272,2.92,0.9450659999856725,11
gen_security_appsec_002,graphiti_style,security/appsec,synthetic,mixed,decisions,2,0,0,1.0,0.0,0.0,93,272,2.92,0.9450659999856725,11
gen_security_appsec_002,graphiti_style,security/appsec,synthetic,mixed,files,3,3,3,1.0,1.0,1.0,93,272,2.92,0.9450659999856725,11
gen_security_appsec_002,graphiti_style,security/appsec,synthetic,mixed,errors,2,2,2,1.0,1.0,1.0,93,272,2.92,0.9450659999856725,11
gen_security_appsec_002,graphrag_style,security/appsec,synthetic,mixed,completed_tasks,3,0,0,1.0,0.0,0.0,48,272,5.67,0.521937000030448,6
gen_security_appsec_002,graphrag_style,security/appsec,synthetic,mixed,pending_tasks,3,2,1,0.5,0.3333,0.4,48,272,5.67,0.521937000030448,6
gen_security_appsec_002,graphrag_style,security/appsec,synthetic,mixed,decisions,2,0,0,1.0,0.0,0.0,48,272,5.67,0.521937000030448,6
gen_security_appsec_002,graphrag_style,security/appsec,synthetic,mixed,files,3,3,3,1.0,1.0,1.0,48,272,5.67,0.521937000030448,6
gen_security_appsec_002,graphrag_style,security/appsec,synthetic,mixed,errors,2,1,1,1.0,0.5,0.6667,48,272,5.67,0.521937000030448,6
gen_security_appsec_002,mem0_style,security/appsec,synthetic,mixed,completed_tasks,3,3,2,0.6667,0.6667,0.6667,92,272,2.96,1.057295000009617,11
gen_security_appsec_002,mem0_style,security/appsec,synthetic,mixed,pending_tasks,3,3,2,0.6667,0.6667,0.6667,92,272,2.96,1.057295000009617,11
gen_security_appsec_002,mem0_style,security/appsec,synthetic,mixed,decisions,2,0,0,1.0,0.0,0.0,92,272,2.96,1.057295000009617,11
gen_security_appsec_002,mem0_style,security/appsec,synthetic,mixed,files,3,3,3,1.0,1.0,1.0,92,272,2.96,1.057295000009617,11
gen_security_appsec_002,mem0_style,security/appsec,synthetic,mixed,errors,2,2,2,1.0,1.0,1.0,92,272,2.96,1.057295000009617,11
gen_security_appsec_002,memgpt_style,security/appsec,synthetic,mixed,completed_tasks,3,2,1,0.5,0.3333,0.4,40,272,6.8,0.434454000014739,5
gen_security_appsec_002,memgpt_style,security/appsec,synthetic,mixed,pending_tasks,3,1,1,1.0,0.3333,0.5,40,272,6.8,0.434454000014739,5
gen_security_appsec_002,memgpt_style,security/appsec,synthetic,mixed,decisions,2,0,0,1.0,0.0,0.0,40,272,6.8,0.434454000014739,5
gen_security_appsec_002,memgpt_style,security/appsec,synthetic,mixed,files,3,2,2,1.0,0.6667,0.8,40,272,6.8,0.434454000014739,5
gen_security_appsec_002,memgpt_style,security/appsec,synthetic,mixed,errors,2,0,0,1.0,0.0,0.0,40,272,6.8,0.434454000014739,5
gen_security_appsec_002,sliding_window_10,security/appsec,synthetic,mixed,completed_tasks,3,13,3,0.2308,1.0,0.375,177,272,1.54,0.005123000050843984,13
gen_security_appsec_002,sliding_window_10,security/appsec,synthetic,mixed,pending_tasks,3,13,2,0.3077,0.6667,0.4211,177,272,1.54,0.005123000050843984,13
gen_security_appsec_002,sliding_window_10,security/appsec,synthetic,mixed,decisions,2,13,1,0.0769,0.5,0.1333,177,272,1.54,0.005123000050843984,13
gen_security_appsec_002,sliding_window_10,security/appsec,synthetic,mixed,files,3,13,2,0.1538,0.6667,0.25,177,272,1.54,0.005123000050843984,13
gen_security_appsec_002,sliding_window_10,security/appsec,synthetic,mixed,errors,2,13,0,0.0,0.0,0.0,177,272,1.54,0.005123000050843984,13
gen_security_appsec_002,naive_truncation,security/appsec,synthetic,mixed,completed_tasks,3,23,3,0.1304,1.0,0.2308,283,272,0.96,0.014683000017612358,23
gen_security_appsec_002,naive_truncation,security/appsec,synthetic,mixed,pending_tasks,3,23,3,0.3043,1.0,0.4667,283,272,0.96,0.014683000017612358,23
gen_security_appsec_002,naive_truncation,security/appsec,synthetic,mixed,decisions,2,23,2,0.087,1.0,0.16,283,272,0.96,0.014683000017612358,23
gen_security_appsec_002,naive_truncation,security/appsec,synthetic,mixed,files,3,23,3,0.1304,1.0,0.2308,283,272,0.96,0.014683000017612358,23
gen_security_appsec_002,naive_truncation,security/appsec,synthetic,mixed,errors,2,23,2,0.087,1.0,0.16,283,272,0.96,0.014683000017612358,23
gen_security_appsec_002,naive_summary,security/appsec,synthetic,mixed,completed_tasks,3,16,2,0.125,0.6667,0.2105,186,272,1.46,0.03395299995645473,16
gen_security_appsec_002,naive_summary,security/appsec,synthetic,mixed,pending_tasks,3,16,2,0.3125,0.6667,0.4255,186,272,1.46,0.03395299995645473,16
gen_security_appsec_002,naive_summary,security/appsec,synthetic,mixed,decisions,2,16,1,0.0625,0.5,0.1111,186,272,1.46,0.03395299995645473,16
gen_security_appsec_002,naive_summary,security/appsec,synthetic,mixed,files,3,16,2,0.125,0.6667,0.2105,186,272,1.46,0.03395299995645473,16
gen_security_appsec_002,naive_summary,security/appsec,synthetic,mixed,errors,2,16,2,0.125,1.0,0.2222,186,272,1.46,0.03395299995645473,16
gen_security_appsec_003,tokenmizer_v0.5.2,security/appsec,synthetic,mixed,completed_tasks,6,3,3,1.0,0.5,0.6667,92,321,3.49,241.98878400000012,10
gen_security_appsec_003,tokenmizer_v0.5.2,security/appsec,synthetic,mixed,pending_tasks,3,2,2,1.0,0.6667,0.8,92,321,3.49,241.98878400000012,10
gen_security_appsec_003,tokenmizer_v0.5.2,security/appsec,synthetic,mixed,decisions,3,2,2,1.0,0.6667,0.8,92,321,3.49,241.98878400000012,10
gen_security_appsec_003,tokenmizer_v0.5.2,security/appsec,synthetic,mixed,files,2,2,2,1.0,1.0,1.0,92,321,3.49,241.98878400000012,10
gen_security_appsec_003,tokenmizer_v0.5.2,security/appsec,synthetic,mixed,errors,2,1,0,0.0,0.0,0.0,92,321,3.49,241.98878400000012,10
gen_security_appsec_003,graphiti_style,security/appsec,synthetic,mixed,completed_tasks,6,3,3,1.0,0.5,0.6667,110,321,2.92,1.1675729999751638,13
gen_security_appsec_003,graphiti_style,security/appsec,synthetic,mixed,pending_tasks,3,4,2,0.5,0.6667,0.5714,110,321,2.92,1.1675729999751638,13
gen_security_appsec_003,graphiti_style,security/appsec,synthetic,mixed,decisions,3,2,2,1.0,0.6667,0.8,110,321,2.92,1.1675729999751638,13
gen_security_appsec_003,graphiti_style,security/appsec,synthetic,mixed,files,2,2,2,1.0,1.0,1.0,110,321,2.92,1.1675729999751638,13
gen_security_appsec_003,graphiti_style,security/appsec,synthetic,mixed,errors,2,2,2,1.0,1.0,1.0,110,321,2.92,1.1675729999751638,13
gen_security_appsec_003,graphrag_style,security/appsec,synthetic,mixed,completed_tasks,6,1,1,1.0,0.1667,0.2857,69,321,4.65,1.1933220000628353,9
gen_security_appsec_003,graphrag_style,security/appsec,synthetic,mixed,pending_tasks,3,4,2,0.5,0.6667,0.5714,69,321,4.65,1.1933220000628353,9
gen_security_appsec_003,graphrag_style,security/appsec,synthetic,mixed,decisions,3,2,2,1.0,0.6667,0.8,69,321,4.65,1.1933220000628353,9
gen_security_appsec_003,graphrag_style,security/appsec,synthetic,mixed,files,2,2,2,1.0,1.0,1.0,69,321,4.65,1.1933220000628353,9
gen_security_appsec_003,graphrag_style,security/appsec,synthetic,mixed,errors,2,0,0,1.0,0.0,0.0,69,321,4.65,1.1933220000628353,9
gen_security_appsec_003,mem0_style,security/appsec,synthetic,mixed,completed_tasks,6,3,3,1.0,0.5,0.6667,109,321,2.94,1.5527919999840378,13
gen_security_appsec_003,mem0_style,security/appsec,synthetic,mixed,pending_tasks,3,4,2,0.5,0.6667,0.5714,109,321,2.94,1.5527919999840378,13
gen_security_appsec_003,mem0_style,security/appsec,synthetic,mixed,decisions,3,2,2,1.0,0.6667,0.8,109,321,2.94,1.5527919999840378,13
gen_security_appsec_003,mem0_style,security/appsec,synthetic,mixed,files,2,2,2,1.0,1.0,1.0,109,321,2.94,1.5527919999840378,13
gen_security_appsec_003,mem0_style,security/appsec,synthetic,mixed,errors,2,2,2,1.0,1.0,1.0,109,321,2.94,1.5527919999840378,13
gen_security_appsec_003,memgpt_style,security/appsec,synthetic,mixed,completed_tasks,6,2,2,1.0,0.3333,0.5,66,321,4.86,0.6501999999954933,7
gen_security_appsec_003,memgpt_style,security/appsec,synthetic,mixed,pending_tasks,3,3,2,0.6667,0.6667,0.6667,66,321,4.86,0.6501999999954933,7
gen_security_appsec_003,memgpt_style,security/appsec,synthetic,mixed,decisions,3,0,0,1.0,0.0,0.0,66,321,4.86,0.6501999999954933,7
gen_security_appsec_003,memgpt_style,security/appsec,synthetic,mixed,files,2,1,1,1.0,0.5,0.6667,66,321,4.86,0.6501999999954933,7
gen_security_appsec_003,memgpt_style,security/appsec,synthetic,mixed,errors,2,1,1,1.0,0.5,0.6667,66,321,4.86,0.6501999999954933,7
gen_security_appsec_003,sliding_window_10,security/appsec,synthetic,mixed,completed_tasks,6,13,4,0.3077,0.6667,0.4211,155,321,2.07,0.004679000085161533,13
gen_security_appsec_003,sliding_window_10,security/appsec,synthetic,mixed,pending_tasks,3,13,2,0.1538,0.6667,0.25,155,321,2.07,0.004679000085161533,13
gen_security_appsec_003,sliding_window_10,security/appsec,synthetic,mixed,decisions,3,13,0,0.0,0.0,0.0,155,321,2.07,0.004679000085161533,13
gen_security_appsec_003,sliding_window_10,security/appsec,synthetic,mixed,files,2,13,1,0.0769,0.5,0.1333,155,321,2.07,0.004679000085161533,13
gen_security_appsec_003,sliding_window_10,security/appsec,synthetic,mixed,errors,2,13,1,0.0769,0.5,0.1333,155,321,2.07,0.004679000085161533,13
gen_security_appsec_003,naive_truncation,security/appsec,synthetic,mixed,completed_tasks,6,29,6,0.2069,1.0,0.3429,310,321,1.04,0.018843000020751788,29
gen_security_appsec_003,naive_truncation,security/appsec,synthetic,mixed,pending_tasks,3,29,3,0.1034,1.0,0.1875,310,321,1.04,0.018843000020751788,29
gen_security_appsec_003,naive_truncation,security/appsec,synthetic,mixed,decisions,3,29,3,0.1034,1.0,0.1875,310,321,1.04,0.018843000020751788,29
gen_security_appsec_003,naive_truncation,security/appsec,synthetic,mixed,files,2,29,2,0.069,1.0,0.129,310,321,1.04,0.018843000020751788,29
gen_security_appsec_003,naive_truncation,security/appsec,synthetic,mixed,errors,2,29,2,0.069,1.0,0.129,310,321,1.04,0.018843000020751788,29
gen_security_appsec_003,naive_summary,security/appsec,synthetic,mixed,completed_tasks,6,19,2,0.1053,0.3333,0.16,195,321,1.65,0.05166900007225195,19
gen_security_appsec_003,naive_summary,security/appsec,synthetic,mixed,pending_tasks,3,19,1,0.0526,0.3333,0.0909,195,321,1.65,0.05166900007225195,19
gen_security_appsec_003,naive_summary,security/appsec,synthetic,mixed,decisions,3,19,3,0.1579,1.0,0.2727,195,321,1.65,0.05166900007225195,19
gen_security_appsec_003,naive_summary,security/appsec,synthetic,mixed,files,2,19,1,0.0526,0.5,0.0952,195,321,1.65,0.05166900007225195,19
gen_security_appsec_003,naive_summary,security/appsec,synthetic,mixed,errors,2,19,1,0.0526,0.5,0.0952,195,321,1.65,0.05166900007225195,19
gen_security_appsec_004,tokenmizer_v0.5.2,security/appsec,synthetic,mixed,completed_tasks,5,3,3,1.0,0.6,0.75,91,253,2.78,226.33918999997604,12
gen_security_appsec_004,tokenmizer_v0.5.2,security/appsec,synthetic,mixed,pending_tasks,2,1,1,1.0,0.5,0.6667,91,253,2.78,226.33918999997604,12
gen_security_appsec_004,tokenmizer_v0.5.2,security/appsec,synthetic,mixed,decisions,2,2,2,1.0,1.0,1.0,91,253,2.78,226.33918999997604,12
gen_security_appsec_004,tokenmizer_v0.5.2,security/appsec,synthetic,mixed,files,6,6,6,1.0,1.0,1.0,91,253,2.78,226.33918999997604,12
gen_security_appsec_004,graphiti_style,security/appsec,synthetic,mixed,completed_tasks,5,5,4,0.8,0.8,0.8,104,253,2.43,0.8775799999511946,14
gen_security_appsec_004,graphiti_style,security/appsec,synthetic,mixed,pending_tasks,2,2,1,0.5,0.5,0.5,104,253,2.43,0.8775799999511946,14
gen_security_appsec_004,graphiti_style,security/appsec,synthetic,mixed,decisions,2,1,1,1.0,0.5,0.6667,104,253,2.43,0.8775799999511946,14
gen_security_appsec_004,graphiti_style,security/appsec,synthetic,mixed,files,6,6,5,0.8333,0.8333,0.8333,104,253,2.43,0.8775799999511946,14
gen_security_appsec_004,graphrag_style,security/appsec,synthetic,mixed,completed_tasks,5,0,0,1.0,0.0,0.0,57,253,4.44,0.530247000028794,9
gen_security_appsec_004,graphrag_style,security/appsec,synthetic,mixed,pending_tasks,2,2,1,0.5,0.5,0.5,57,253,4.44,0.530247000028794,9
gen_security_appsec_004,graphrag_style,security/appsec,synthetic,mixed,decisions,2,1,1,1.0,0.5,0.6667,57,253,4.44,0.530247000028794,9
gen_security_appsec_004,graphrag_style,security/appsec,synthetic,mixed,files,6,6,5,0.8333,0.8333,0.8333,57,253,4.44,0.530247000028794,9
gen_security_appsec_004,mem0_style,security/appsec,synthetic,mixed,completed_tasks,5,5,4,0.8,0.8,0.8,103,253,2.46,0.9505350000154067,14
gen_security_appsec_004,mem0_style,security/appsec,synthetic,mixed,pending_tasks,2,2,1,0.5,0.5,0.5,103,253,2.46,0.9505350000154067,14
gen_security_appsec_004,mem0_style,security/appsec,synthetic,mixed,decisions,2,1,1,1.0,0.5,0.6667,103,253,2.46,0.9505350000154067,14
gen_security_appsec_004,mem0_style,security/appsec,synthetic,mixed,files,6,6,5,0.8333,0.8333,0.8333,103,253,2.46,0.9505350000154067,14
gen_security_appsec_004,memgpt_style,security/appsec,synthetic,mixed,completed_tasks,5,3,2,0.6667,0.4,0.5,56,253,4.52,0.3663100000039776,7
gen_security_appsec_004,memgpt_style,security/appsec,synthetic,mixed,pending_tasks,2,1,1,1.0,0.5,0.6667,56,253,4.52,0.3663100000039776,7
gen_security_appsec_004,memgpt_style,security/appsec,synthetic,mixed,decisions,2,0,0,1.0,0.0,0.0,56,253,4.52,0.3663100000039776,7
gen_security_appsec_004,memgpt_style,security/appsec,synthetic,mixed,files,6,3,3,1.0,0.5,0.6667,56,253,4.52,0.3663100000039776,7
gen_security_appsec_004,sliding_window_10,security/appsec,synthetic,mixed,completed_tasks,5,13,3,0.2308,0.6,0.3333,123,253,2.06,0.03827299997283262,13
gen_security_appsec_004,sliding_window_10,security/appsec,synthetic,mixed,pending_tasks,2,13,2,0.1538,1.0,0.2667,123,253,2.06,0.03827299997283262,13
gen_security_appsec_004,sliding_window_10,security/appsec,synthetic,mixed,decisions,2,13,0,0.0,0.0,0.0,123,253,2.06,0.03827299997283262,13
gen_security_appsec_004,sliding_window_10,security/appsec,synthetic,mixed,files,6,13,3,0.2308,0.5,0.3158,123,253,2.06,0.03827299997283262,13
gen_security_appsec_004,sliding_window_10,security/appsec,synthetic,mixed,errors,0,13,0,0.0,1.0,0.0,123,253,2.06,0.03827299997283262,13
gen_security_appsec_004,naive_truncation,security/appsec,synthetic,mixed,completed_tasks,5,27,5,0.1852,1.0,0.3125,267,253,0.95,0.01559000008910516,27
gen_security_appsec_004,naive_truncation,security/appsec,synthetic,mixed,pending_tasks,2,27,2,0.0741,1.0,0.1379,267,253,0.95,0.01559000008910516,27
gen_security_appsec_004,naive_truncation,security/appsec,synthetic,mixed,decisions,2,27,2,0.0741,1.0,0.1379,267,253,0.95,0.01559000008910516,27
gen_security_appsec_004,naive_truncation,security/appsec,synthetic,mixed,files,6,27,6,0.2222,1.0,0.3636,267,253,0.95,0.01559000008910516,27
gen_security_appsec_004,naive_truncation,security/appsec,synthetic,mixed,errors,0,27,0,0.0,1.0,0.0,267,253,0.95,0.01559000008910516,27
gen_security_appsec_004,naive_summary,security/appsec,synthetic,mixed,completed_tasks,5,19,2,0.1053,0.4,0.1667,177,253,1.43,0.04693999994742626,19
gen_security_appsec_004,naive_summary,security/appsec,synthetic,mixed,pending_tasks,2,19,1,0.0526,0.5,0.0952,177,253,1.43,0.04693999994742626,19
gen_security_appsec_004,naive_summary,security/appsec,synthetic,mixed,decisions,2,19,2,0.1053,1.0,0.1905,177,253,1.43,0.04693999994742626,19
gen_security_appsec_004,naive_summary,security/appsec,synthetic,mixed,files,6,19,4,0.2105,0.6667,0.32,177,253,1.43,0.04693999994742626,19
gen_security_appsec_004,naive_summary,security/appsec,synthetic,mixed,errors,0,19,0,0.0,1.0,0.0,177,253,1.43,0.04693999994742626,19
gen_security_appsec_005,tokenmizer_v0.5.2,security/appsec,synthetic,mixed,completed_tasks,5,3,3,1.0,0.6,0.75,88,360,4.09,216.9851319999907,10
gen_security_appsec_005,tokenmizer_v0.5.2,security/appsec,synthetic,mixed,pending_tasks,2,1,1,1.0,0.5,0.6667,88,360,4.09,216.9851319999907,10
gen_security_appsec_005,tokenmizer_v0.5.2,security/appsec,synthetic,mixed,decisions,3,1,1,1.0,0.3333,0.5,88,360,4.09,216.9851319999907,10
gen_security_appsec_005,tokenmizer_v0.5.2,security/appsec,synthetic,mixed,files,4,4,4,1.0,1.0,1.0,88,360,4.09,216.9851319999907,10
gen_security_appsec_005,tokenmizer_v0.5.2,security/appsec,synthetic,mixed,errors,1,1,0,0.0,0.0,0.0,88,360,4.09,216.9851319999907,10
gen_security_appsec_005,graphiti_style,security/appsec,synthetic,mixed,completed_tasks,5,4,4,1.0,0.8,0.8889,103,360,3.5,2.0156210000550345,11
gen_security_appsec_005,graphiti_style,security/appsec,synthetic,mixed,pending_tasks,2,2,1,0.5,0.5,0.5,103,360,3.5,2.0156210000550345,11
gen_security_appsec_005,graphiti_style,security/appsec,synthetic,mixed,decisions,3,1,1,1.0,0.3333,0.5,103,360,3.5,2.0156210000550345,11
gen_security_appsec_005,graphiti_style,security/appsec,synthetic,mixed,files,4,4,4,1.0,1.0,1.0,103,360,3.5,2.0156210000550345,11
gen_security_appsec_005,graphiti_style,security/appsec,synthetic,mixed,errors,1,0,0,1.0,0.0,0.0,103,360,3.5,2.0156210000550345,11
gen_security_appsec_005,graphrag_style,security/appsec,synthetic,mixed,completed_tasks,5,0,0,1.0,0.0,0.0,44,360,8.18,1.1965639999971245,6
gen_security_appsec_005,graphrag_style,security/appsec,synthetic,mixed,pending_tasks,2,1,0,0.0,0.0,0.0,44,360,8.18,1.1965639999971245,6
gen_security_appsec_005,graphrag_style,security/appsec,synthetic,mixed,decisions,3,1,1,1.0,0.3333,0.5,44,360,8.18,1.1965639999971245,6
gen_security_appsec_005,graphrag_style,security/appsec,synthetic,mixed,files,4,4,4,1.0,1.0,1.0,44,360,8.18,1.1965639999971245,6
gen_security_appsec_005,graphrag_style,security/appsec,synthetic,mixed,errors,1,0,0,1.0,0.0,0.0,44,360,8.18,1.1965639999971245,6
gen_security_appsec_005,mem0_style,security/appsec,synthetic,mixed,completed_tasks,5,4,4,1.0,0.8,0.8889,102,360,3.53,2.050134999990405,11
gen_security_appsec_005,mem0_style,security/appsec,synthetic,mixed,pending_tasks,2,2,1,0.5,0.5,0.5,102,360,3.53,2.050134999990405,11
gen_security_appsec_005,mem0_style,security/appsec,synthetic,mixed,decisions,3,1,1,1.0,0.3333,0.5,102,360,3.53,2.050134999990405,11
gen_security_appsec_005,mem0_style,security/appsec,synthetic,mixed,files,4,4,4,1.0,1.0,1.0,102,360,3.53,2.050134999990405,11
gen_security_appsec_005,mem0_style,security/appsec,synthetic,mixed,errors,1,0,0,1.0,0.0,0.0,102,360,3.53,2.050134999990405,11
gen_security_appsec_005,memgpt_style,security/appsec,synthetic,mixed,completed_tasks,5,2,2,1.0,0.4,0.5714,45,360,8.0,0.8358809999435834,3
gen_security_appsec_005,memgpt_style,security/appsec,synthetic,mixed,pending_tasks,2,1,1,1.0,0.5,0.6667,45,360,8.0,0.8358809999435834,3
gen_security_appsec_005,memgpt_style,security/appsec,synthetic,mixed,decisions,3,0,0,1.0,0.0,0.0,45,360,8.0,0.8358809999435834,3
gen_security_appsec_005,memgpt_style,security/appsec,synthetic,mixed,files,4,0,0,1.0,0.0,0.0,45,360,8.0,0.8358809999435834,3
gen_security_appsec_005,memgpt_style,security/appsec,synthetic,mixed,errors,1,0,0,1.0,0.0,0.0,45,360,8.0,0.8358809999435834,3
gen_security_appsec_005,sliding_window_10,security/appsec,synthetic,mixed,completed_tasks,5,10,2,0.2,0.4,0.2667,142,360,2.54,0.007988999982444511,10
gen_security_appsec_005,sliding_window_10,security/appsec,synthetic,mixed,pending_tasks,2,10,2,0.2,1.0,0.3333,142,360,2.54,0.007988999982444511,10
gen_security_appsec_005,sliding_window_10,security/appsec,synthetic,mixed,decisions,3,10,2,0.2,0.6667,0.3077,142,360,2.54,0.007988999982444511,10
gen_security_appsec_005,sliding_window_10,security/appsec,synthetic,mixed,files,4,10,0,0.0,0.0,0.0,142,360,2.54,0.007988999982444511,10
gen_security_appsec_005,sliding_window_10,security/appsec,synthetic,mixed,errors,1,10,0,0.0,0.0,0.0,142,360,2.54,0.007988999982444511,10
gen_security_appsec_005,naive_truncation,security/appsec,synthetic,mixed,completed_tasks,5,23,4,0.1739,0.8,0.2857,298,360,1.21,0.024257000063698797,23
gen_security_appsec_005,naive_truncation,security/appsec,synthetic,mixed,pending_tasks,2,23,2,0.1304,1.0,0.2308,298,360,1.21,0.024257000063698797,23
gen_security_appsec_005,naive_truncation,security/appsec,synthetic,mixed,decisions,3,23,3,0.1739,1.0,0.2963,298,360,1.21,0.024257000063698797,23
gen_security_appsec_005,naive_truncation,security/appsec,synthetic,mixed,files,4,23,2,0.087,0.5,0.1481,298,360,1.21,0.024257000063698797,23
gen_security_appsec_005,naive_truncation,security/appsec,synthetic,mixed,errors,1,23,1,0.0435,1.0,0.0833,298,360,1.21,0.024257000063698797,23
gen_security_appsec_005,naive_summary,security/appsec,synthetic,mixed,completed_tasks,5,17,2,0.1176,0.4,0.1818,199,360,1.81,0.07572000004074653,17
gen_security_appsec_005,naive_summary,security/appsec,synthetic,mixed,pending_tasks,2,17,1,0.0588,0.5,0.1053,199,360,1.81,0.07572000004074653,17
gen_security_appsec_005,naive_summary,security/appsec,synthetic,mixed,decisions,3,17,2,0.1176,0.6667,0.2,199,360,1.81,0.07572000004074653,17
gen_security_appsec_005,naive_summary,security/appsec,synthetic,mixed,files,4,17,3,0.1765,0.75,0.2857,199,360,1.81,0.07572000004074653,17
gen_security_appsec_005,naive_summary,security/appsec,synthetic,mixed,errors,1,17,1,0.0588,1.0,0.1111,199,360,1.81,0.07572000004074653,17
gen_systems_rust_001,tokenmizer_v0.5.2,systems/rust,synthetic,implicit,completed_tasks,4,0,0,1.0,0.0,0.0,39,394,10.1,238.8440400000036,6
gen_systems_rust_001,tokenmizer_v0.5.2,systems/rust,synthetic,implicit,pending_tasks,2,0,0,1.0,0.0,0.0,39,394,10.1,238.8440400000036,6
gen_systems_rust_001,tokenmizer_v0.5.2,systems/rust,synthetic,implicit,decisions,2,1,0,0.0,0.0,0.0,39,394,10.1,238.8440400000036,6
gen_systems_rust_001,tokenmizer_v0.5.2,systems/rust,synthetic,implicit,files,5,5,5,1.0,1.0,1.0,39,394,10.1,238.8440400000036,6
gen_systems_rust_001,tokenmizer_v0.5.2,systems/rust,synthetic,implicit,errors,2,0,0,1.0,0.0,0.0,39,394,10.1,238.8440400000036,6
gen_systems_rust_001,graphiti_style,systems/rust,synthetic,implicit,completed_tasks,4,0,0,1.0,0.0,0.0,33,394,11.94,1.4314699999431468,8
gen_systems_rust_001,graphiti_style,systems/rust,synthetic,implicit,pending_tasks,2,2,0,0.0,0.0,0.0,33,394,11.94,1.4314699999431468,8
gen_systems_rust_001,graphiti_style,systems/rust,synthetic,implicit,decisions,2,1,0,0.0,0.0,0.0,33,394,11.94,1.4314699999431468,8
gen_systems_rust_001,graphiti_style,systems/rust,synthetic,implicit,files,5,5,5,1.0,1.0,1.0,33,394,11.94,1.4314699999431468,8
gen_systems_rust_001,graphiti_style,systems/rust,synthetic,implicit,errors,2,0,0,1.0,0.0,0.0,33,394,11.94,1.4314699999431468,8
gen_systems_rust_001,graphrag_style,systems/rust,synthetic,implicit,completed_tasks,4,0,0,1.0,0.0,0.0,29,394,13.59,0.7713090000152079,7
gen_systems_rust_001,graphrag_style,systems/rust,synthetic,implicit,pending_tasks,2,2,0,0.0,0.0,0.0,29,394,13.59,0.7713090000152079,7
gen_systems_rust_001,graphrag_style,systems/rust,synthetic,implicit,decisions,2,0,0,1.0,0.0,0.0,29,394,13.59,0.7713090000152079,7
gen_systems_rust_001,graphrag_style,systems/rust,synthetic,implicit,files,5,5,5,1.0,1.0,1.0,29,394,13.59,0.7713090000152079,7
gen_systems_rust_001,graphrag_style,systems/rust,synthetic,implicit,errors,2,0,0,1.0,0.0,0.0,29,394,13.59,0.7713090000152079,7
gen_systems_rust_001,mem0_style,systems/rust,synthetic,implicit,completed_tasks,4,0,0,1.0,0.0,0.0,32,394,12.31,1.4350550000017392,8
gen_systems_rust_001,mem0_style,systems/rust,synthetic,implicit,pending_tasks,2,2,0,0.0,0.0,0.0,32,394,12.31,1.4350550000017392,8
gen_systems_rust_001,mem0_style,systems/rust,synthetic,implicit,decisions,2,1,0,0.0,0.0,0.0,32,394,12.31,1.4350550000017392,8
gen_systems_rust_001,mem0_style,systems/rust,synthetic,implicit,files,5,5,5,1.0,1.0,1.0,32,394,12.31,1.4350550000017392,8
gen_systems_rust_001,mem0_style,systems/rust,synthetic,implicit,errors,2,0,0,1.0,0.0,0.0,32,394,12.31,1.4350550000017392,8
gen_systems_rust_001,memgpt_style,systems/rust,synthetic,implicit,completed_tasks,4,0,0,1.0,0.0,0.0,11,394,35.82,0.5790750000187472,2
gen_systems_rust_001,memgpt_style,systems/rust,synthetic,implicit,pending_tasks,2,1,0,0.0,0.0,0.0,11,394,35.82,0.5790750000187472,2
gen_systems_rust_001,memgpt_style,systems/rust,synthetic,implicit,decisions,2,0,0,1.0,0.0,0.0,11,394,35.82,0.5790750000187472,2
gen_systems_rust_001,memgpt_style,systems/rust,synthetic,implicit,files,5,1,1,1.0,0.2,0.3333,11,394,35.82,0.5790750000187472,2
gen_systems_rust_001,memgpt_style,systems/rust,synthetic,implicit,errors,2,0,0,1.0,0.0,0.0,11,394,35.82,0.5790750000187472,2
gen_systems_rust_001,sliding_window_10,systems/rust,synthetic,implicit,completed_tasks,4,11,2,0.1818,0.5,0.2667,167,394,2.36,0.004016000048068236,11
gen_systems_rust_001,sliding_window_10,systems/rust,synthetic,implicit,pending_tasks,2,11,1,0.0909,0.5,0.1538,167,394,2.36,0.004016000048068236,11
gen_systems_rust_001,sliding_window_10,systems/rust,synthetic,implicit,decisions,2,11,0,0.0,0.0,0.0,167,394,2.36,0.004016000048068236,11
gen_systems_rust_001,sliding_window_10,systems/rust,synthetic,implicit,files,5,11,1,0.0909,0.2,0.125,167,394,2.36,0.004016000048068236,11
gen_systems_rust_001,sliding_window_10,systems/rust,synthetic,implicit,errors,2,11,2,0.1818,1.0,0.3077,167,394,2.36,0.004016000048068236,11
gen_systems_rust_001,naive_truncation,systems/rust,synthetic,implicit,completed_tasks,4,20,3,0.15,0.75,0.25,291,394,1.35,0.01649399996495049,20
gen_systems_rust_001,naive_truncation,systems/rust,synthetic,implicit,pending_tasks,2,20,1,0.05,0.5,0.0909,291,394,1.35,0.01649399996495049,20
gen_systems_rust_001,naive_truncation,systems/rust,synthetic,implicit,decisions,2,20,1,0.05,0.5,0.0909,291,394,1.35,0.01649399996495049,20
gen_systems_rust_001,naive_truncation,systems/rust,synthetic,implicit,files,5,20,4,0.2,0.8,0.32,291,394,1.35,0.01649399996495049,20
gen_systems_rust_001,naive_truncation,systems/rust,synthetic,implicit,errors,2,20,2,0.1,1.0,0.1818,291,394,1.35,0.01649399996495049,20
gen_systems_rust_001,naive_summary,systems/rust,synthetic,implicit,completed_tasks,4,13,2,0.1538,0.5,0.2353,171,394,2.3,0.09293400000842666,13
gen_systems_rust_001,naive_summary,systems/rust,synthetic,implicit,pending_tasks,2,13,1,0.0769,0.5,0.1333,171,394,2.3,0.09293400000842666,13
gen_systems_rust_001,naive_summary,systems/rust,synthetic,implicit,decisions,2,13,2,0.1538,1.0,0.2667,171,394,2.3,0.09293400000842666,13
gen_systems_rust_001,naive_summary,systems/rust,synthetic,implicit,files,5,13,1,0.0769,0.2,0.1111,171,394,2.3,0.09293400000842666,13
gen_systems_rust_001,naive_summary,systems/rust,synthetic,implicit,errors,2,13,0,0.0,0.0,0.0,171,394,2.3,0.09293400000842666,13
gen_systems_rust_002,tokenmizer_v0.5.2,systems/rust,synthetic,implicit,completed_tasks,7,0,0,1.0,0.0,0.0,36,506,14.06,232.34053800001675,5
gen_systems_rust_002,tokenmizer_v0.5.2,systems/rust,synthetic,implicit,pending_tasks,1,0,0,1.0,0.0,0.0,36,506,14.06,232.34053800001675,5
gen_systems_rust_002,tokenmizer_v0.5.2,systems/rust,synthetic,implicit,decisions,6,0,0,1.0,0.0,0.0,36,506,14.06,232.34053800001675,5
gen_systems_rust_002,tokenmizer_v0.5.2,systems/rust,synthetic,implicit,files,4,4,4,1.0,1.0,1.0,36,506,14.06,232.34053800001675,5
gen_systems_rust_002,tokenmizer_v0.5.2,systems/rust,synthetic,implicit,errors,1,1,1,1.0,1.0,1.0,36,506,14.06,232.34053800001675,5
gen_systems_rust_002,graphiti_style,systems/rust,synthetic,implicit,completed_tasks,7,0,0,1.0,0.0,0.0,50,506,10.12,2.2760619999644405,8
gen_systems_rust_002,graphiti_style,systems/rust,synthetic,implicit,pending_tasks,1,2,0,0.0,0.0,0.0,50,506,10.12,2.2760619999644405,8
gen_systems_rust_002,graphiti_style,systems/rust,synthetic,implicit,decisions,6,1,0,0.0,0.0,0.0,50,506,10.12,2.2760619999644405,8
gen_systems_rust_002,graphiti_style,systems/rust,synthetic,implicit,files,4,4,4,1.0,1.0,1.0,50,506,10.12,2.2760619999644405,8
gen_systems_rust_002,graphiti_style,systems/rust,synthetic,implicit,errors,1,1,0,0.0,0.0,0.0,50,506,10.12,2.2760619999644405,8
gen_systems_rust_002,graphrag_style,systems/rust,synthetic,implicit,completed_tasks,7,0,0,1.0,0.0,0.0,26,506,19.46,1.558510999984719,6
gen_systems_rust_002,graphrag_style,systems/rust,synthetic,implicit,pending_tasks,1,2,0,0.0,0.0,0.0,26,506,19.46,1.558510999984719,6
gen_systems_rust_002,graphrag_style,systems/rust,synthetic,implicit,decisions,6,0,0,1.0,0.0,0.0,26,506,19.46,1.558510999984719,6
gen_systems_rust_002,graphrag_style,systems/rust,synthetic,implicit,files,4,4,4,1.0,1.0,1.0,26,506,19.46,1.558510999984719,6
gen_systems_rust_002,graphrag_style,systems/rust,synthetic,implicit,errors,1,0,0,1.0,0.0,0.0,26,506,19.46,1.558510999984719,6
gen_systems_rust_002,mem0_style,systems/rust,synthetic,implicit,completed_tasks,7,0,0,1.0,0.0,0.0,49,506,10.33,1.6657319999922038,8
gen_systems_rust_002,mem0_style,systems/rust,synthetic,implicit,pending_tasks,1,2,0,0.0,0.0,0.0,49,506,10.33,1.6657319999922038,8
gen_systems_rust_002,mem0_style,systems/rust,synthetic,implicit,decisions,6,1,0,0.0,0.0,0.0,49,506,10.33,1.6657319999922038,8
gen_systems_rust_002,mem0_style,systems/rust,synthetic,implicit,files,4,4,4,1.0,1.0,1.0,49,506,10.33,1.6657319999922038,8
gen_systems_rust_002,mem0_style,systems/rust,synthetic,implicit,errors,1,1,0,0.0,0.0,0.0,49,506,10.33,1.6657319999922038,8
gen_systems_rust_002,memgpt_style,systems/rust,synthetic,implicit,completed_tasks,7,0,0,1.0,0.0,0.0,11,506,46.0,0.7118290000107663,2
gen_systems_rust_002,memgpt_style,systems/rust,synthetic,implicit,pending_tasks,1,1,0,0.0,0.0,0.0,11,506,46.0,0.7118290000107663,2
gen_systems_rust_002,memgpt_style,systems/rust,synthetic,implicit,decisions,6,1,0,0.0,0.0,0.0,11,506,46.0,0.7118290000107663,2
gen_systems_rust_002,memgpt_style,systems/rust,synthetic,implicit,files,4,0,0,1.0,0.0,0.0,11,506,46.0,0.7118290000107663,2
gen_systems_rust_002,memgpt_style,systems/rust,synthetic,implicit,errors,1,0,0,1.0,0.0,0.0,11,506,46.0,0.7118290000107663,2
gen_systems_rust_002,sliding_window_10,systems/rust,synthetic,implicit,completed_tasks,7,10,2,0.2,0.2857,0.2353,145,506,3.49,0.005027000042900909,10
gen_systems_rust_002,sliding_window_10,systems/rust,synthetic,implicit,pending_tasks,1,10,0,0.0,0.0,0.0,145,506,3.49,0.005027000042900909,10
gen_systems_rust_002,sliding_window_10,systems/rust,synthetic,implicit,decisions,6,10,3,0.3,0.5,0.375,145,506,3.49,0.005027000042900909,10
gen_systems_rust_002,sliding_window_10,systems/rust,synthetic,implicit,files,4,10,0,0.0,0.0,0.0,145,506,3.49,0.005027000042900909,10
gen_systems_rust_002,sliding_window_10,systems/rust,synthetic,implicit,errors,1,10,0,0.0,0.0,0.0,145,506,3.49,0.005027000042900909,10
gen_systems_rust_002,naive_truncation,systems/rust,synthetic,implicit,completed_tasks,7,21,4,0.1905,0.5714,0.2857,302,506,1.68,0.017444000036448415,21
gen_systems_rust_002,naive_truncation,systems/rust,synthetic,implicit,pending_tasks,1,21,1,0.0476,1.0,0.0909,302,506,1.68,0.017444000036448415,21
gen_systems_rust_002,naive_truncation,systems/rust,synthetic,implicit,decisions,6,21,4,0.1905,0.6667,0.2963,302,506,1.68,0.017444000036448415,21
gen_systems_rust_002,naive_truncation,systems/rust,synthetic,implicit,files,4,21,2,0.0952,0.5,0.16,302,506,1.68,0.017444000036448415,21
gen_systems_rust_002,naive_truncation,systems/rust,synthetic,implicit,errors,1,21,0,0.0,0.0,0.0,302,506,1.68,0.017444000036448415,21
gen_systems_rust_002,naive_summary,systems/rust,synthetic,implicit,completed_tasks,7,13,2,0.1538,0.2857,0.2,167,506,3.03,0.08993100004772714,13
gen_systems_rust_002,naive_summary,systems/rust,synthetic,implicit,pending_tasks,1,13,0,0.0,0.0,0.0,167,506,3.03,0.08993100004772714,13
gen_systems_rust_002,naive_summary,systems/rust,synthetic,implicit,decisions,6,13,1,0.0769,0.1667,0.1053,167,506,3.03,0.08993100004772714,13
gen_systems_rust_002,naive_summary,systems/rust,synthetic,implicit,files,4,13,2,0.1538,0.5,0.2353,167,506,3.03,0.08993100004772714,13
gen_systems_rust_002,naive_summary,systems/rust,synthetic,implicit,errors,1,13,1,0.0769,1.0,0.1429,167,506,3.03,0.08993100004772714,13
gen_systems_rust_003,tokenmizer_v0.5.2,systems/rust,synthetic,implicit,completed_tasks,3,0,0,1.0,0.0,0.0,91,369,4.05,239.9757949999639,8
gen_systems_rust_003,tokenmizer_v0.5.2,systems/rust,synthetic,implicit,pending_tasks,2,1,1,1.0,0.5,0.6667,91,369,4.05,239.9757949999639,8
gen_systems_rust_003,tokenmizer_v0.5.2,systems/rust,synthetic,implicit,decisions,3,2,0,0.0,0.0,0.0,91,369,4.05,239.9757949999639,8
gen_systems_rust_003,tokenmizer_v0.5.2,systems/rust,synthetic,implicit,files,4,4,4,1.0,1.0,1.0,91,369,4.05,239.9757949999639,8
gen_systems_rust_003,tokenmizer_v0.5.2,systems/rust,synthetic,implicit,errors,2,1,1,1.0,0.5,0.6667,91,369,4.05,239.9757949999639,8
gen_systems_rust_003,graphiti_style,systems/rust,synthetic,implicit,completed_tasks,3,0,0,1.0,0.0,0.0,42,369,8.79,1.2994610000305329,6
gen_systems_rust_003,graphiti_style,systems/rust,synthetic,implicit,pending_tasks,2,2,1,0.5,0.5,0.5,42,369,8.79,1.2994610000305329,6
gen_systems_rust_003,graphiti_style,systems/rust,synthetic,implicit,decisions,3,0,0,1.0,0.0,0.0,42,369,8.79,1.2994610000305329,6
gen_systems_rust_003,graphiti_style,systems/rust,synthetic,implicit,files,4,4,4,1.0,1.0,1.0,42,369,8.79,1.2994610000305329,6
gen_systems_rust_003,graphiti_style,systems/rust,synthetic,implicit,errors,2,0,0,1.0,0.0,0.0,42,369,8.79,1.2994610000305329,6
gen_systems_rust_003,graphrag_style,systems/rust,synthetic,implicit,completed_tasks,3,0,0,1.0,0.0,0.0,28,369,13.18,0.8199810000633079,5
gen_systems_rust_003,graphrag_style,systems/rust,synthetic,implicit,pending_tasks,2,1,0,0.0,0.0,0.0,28,369,13.18,0.8199810000633079,5
gen_systems_rust_003,graphrag_style,systems/rust,synthetic,implicit,decisions,3,0,0,1.0,0.0,0.0,28,369,13.18,0.8199810000633079,5
gen_systems_rust_003,graphrag_style,systems/rust,synthetic,implicit,files,4,4,4,1.0,1.0,1.0,28,369,13.18,0.8199810000633079,5
gen_systems_rust_003,graphrag_style,systems/rust,synthetic,implicit,errors,2,0,0,1.0,0.0,0.0,28,369,13.18,0.8199810000633079,5
gen_systems_rust_003,mem0_style,systems/rust,synthetic,implicit,completed_tasks,3,0,0,1.0,0.0,0.0,41,369,9.0,1.273652999998376,6
gen_systems_rust_003,mem0_style,systems/rust,synthetic,implicit,pending_tasks,2,2,1,0.5,0.5,0.5,41,369,9.0,1.273652999998376,6
gen_systems_rust_003,mem0_style,systems/rust,synthetic,implicit,decisions,3,0,0,1.0,0.0,0.0,41,369,9.0,1.273652999998376,6
gen_systems_rust_003,mem0_style,systems/rust,synthetic,implicit,files,4,4,4,1.0,1.0,1.0,41,369,9.0,1.273652999998376,6
gen_systems_rust_003,mem0_style,systems/rust,synthetic,implicit,errors,2,0,0,1.0,0.0,0.0,41,369,9.0,1.273652999998376,6
gen_systems_rust_003,memgpt_style,systems/rust,synthetic,implicit,completed_tasks,3,0,0,1.0,0.0,0.0,15,369,24.6,0.5156729999953313,2
gen_systems_rust_003,memgpt_style,systems/rust,synthetic,implicit,pending_tasks,2,0,0,1.0,0.0,0.0,15,369,24.6,0.5156729999953313,2
gen_systems_rust_003,memgpt_style,systems/rust,synthetic,implicit,decisions,3,0,0,1.0,0.0,0.0,15,369,24.6,0.5156729999953313,2
gen_systems_rust_003,memgpt_style,systems/rust,synthetic,implicit,files,4,2,2,1.0,0.5,0.6667,15,369,24.6,0.5156729999953313,2
gen_systems_rust_003,memgpt_style,systems/rust,synthetic,implicit,errors,2,0,0,1.0,0.0,0.0,15,369,24.6,0.5156729999953313,2
gen_systems_rust_003,sliding_window_10,systems/rust,synthetic,implicit,completed_tasks,3,11,1,0.0909,0.3333,0.1429,162,369,2.28,0.003149000008306757,11
gen_systems_rust_003,sliding_window_10,systems/rust,synthetic,implicit,pending_tasks,2,11,1,0.0909,0.5,0.1538,162,369,2.28,0.003149000008306757,11
gen_systems_rust_003,sliding_window_10,systems/rust,synthetic,implicit,decisions,3,11,1,0.0909,0.3333,0.1429,162,369,2.28,0.003149000008306757,11
gen_systems_rust_003,sliding_window_10,systems/rust,synthetic,implicit,files,4,11,2,0.1818,0.5,0.2667,162,369,2.28,0.003149000008306757,11
gen_systems_rust_003,sliding_window_10,systems/rust,synthetic,implicit,errors,2,11,1,0.0909,0.5,0.1538,162,369,2.28,0.003149000008306757,11
gen_systems_rust_003,naive_truncation,systems/rust,synthetic,implicit,completed_tasks,3,21,2,0.0952,0.6667,0.1667,304,369,1.21,0.017853000031209376,21
gen_systems_rust_003,naive_truncation,systems/rust,synthetic,implicit,pending_tasks,2,21,1,0.0476,0.5,0.087,304,369,1.21,0.017853000031209376,21
gen_systems_rust_003,naive_truncation,systems/rust,synthetic,implicit,decisions,3,21,3,0.1429,1.0,0.25,304,369,1.21,0.017853000031209376,21
gen_systems_rust_003,naive_truncation,systems/rust,synthetic,implicit,files,4,21,4,0.1905,1.0,0.32,304,369,1.21,0.017853000031209376,21
gen_systems_rust_003,naive_truncation,systems/rust,synthetic,implicit,errors,2,21,2,0.0952,1.0,0.1739,304,369,1.21,0.017853000031209376,21
gen_systems_rust_003,naive_summary,systems/rust,synthetic,implicit,completed_tasks,3,14,2,0.1429,0.6667,0.2353,176,369,2.1,0.04811300004803343,14
gen_systems_rust_003,naive_summary,systems/rust,synthetic,implicit,pending_tasks,2,14,1,0.0714,0.5,0.125,176,369,2.1,0.04811300004803343,14
gen_systems_rust_003,naive_summary,systems/rust,synthetic,implicit,decisions,3,14,1,0.0714,0.3333,0.1176,176,369,2.1,0.04811300004803343,14
gen_systems_rust_003,naive_summary,systems/rust,synthetic,implicit,files,4,14,2,0.1429,0.5,0.2222,176,369,2.1,0.04811300004803343,14
gen_systems_rust_003,naive_summary,systems/rust,synthetic,implicit,errors,2,14,0,0.0,0.0,0.0,176,369,2.1,0.04811300004803343,14
gen_systems_rust_004,tokenmizer_v0.5.2,systems/rust,synthetic,implicit,completed_tasks,5,0,0,1.0,0.0,0.0,29,357,12.31,232.0162139999411,3
gen_systems_rust_004,tokenmizer_v0.5.2,systems/rust,synthetic,implicit,pending_tasks,4,1,1,1.0,0.25,0.4,29,357,12.31,232.0162139999411,3
gen_systems_rust_004,tokenmizer_v0.5.2,systems/rust,synthetic,implicit,decisions,2,0,0,1.0,0.0,0.0,29,357,12.31,232.0162139999411,3
gen_systems_rust_004,tokenmizer_v0.5.2,systems/rust,synthetic,implicit,files,2,2,2,1.0,1.0,1.0,29,357,12.31,232.0162139999411,3
gen_systems_rust_004,graphiti_style,systems/rust,synthetic,implicit,completed_tasks,5,0,0,1.0,0.0,0.0,54,357,6.61,1.176601999986815,6
gen_systems_rust_004,graphiti_style,systems/rust,synthetic,implicit,pending_tasks,4,2,1,0.5,0.25,0.3333,54,357,6.61,1.176601999986815,6
gen_systems_rust_004,graphiti_style,systems/rust,synthetic,implicit,decisions,2,1,0,0.0,0.0,0.0,54,357,6.61,1.176601999986815,6
gen_systems_rust_004,graphiti_style,systems/rust,synthetic,implicit,files,2,2,2,1.0,1.0,1.0,54,357,6.61,1.176601999986815,6
gen_systems_rust_004,graphiti_style,systems/rust,synthetic,implicit,errors,0,1,0,0.0,1.0,0.0,54,357,6.61,1.176601999986815,6
gen_systems_rust_004,graphrag_style,systems/rust,synthetic,implicit,completed_tasks,5,0,0,1.0,0.0,0.0,40,357,8.93,0.7234610000068642,5
gen_systems_rust_004,graphrag_style,systems/rust,synthetic,implicit,pending_tasks,4,1,0,0.0,0.0,0.0,40,357,8.93,0.7234610000068642,5
gen_systems_rust_004,graphrag_style,systems/rust,synthetic,implicit,decisions,2,1,0,0.0,0.0,0.0,40,357,8.93,0.7234610000068642,5
gen_systems_rust_004,graphrag_style,systems/rust,synthetic,implicit,files,2,2,2,1.0,1.0,1.0,40,357,8.93,0.7234610000068642,5
gen_systems_rust_004,graphrag_style,systems/rust,synthetic,implicit,errors,0,1,0,0.0,1.0,0.0,40,357,8.93,0.7234610000068642,5
gen_systems_rust_004,mem0_style,systems/rust,synthetic,implicit,completed_tasks,5,0,0,1.0,0.0,0.0,53,357,6.74,1.1208290000013221,6
gen_systems_rust_004,mem0_style,systems/rust,synthetic,implicit,pending_tasks,4,2,1,0.5,0.25,0.3333,53,357,6.74,1.1208290000013221,6
gen_systems_rust_004,mem0_style,systems/rust,synthetic,implicit,decisions,2,1,0,0.0,0.0,0.0,53,357,6.74,1.1208290000013221,6
gen_systems_rust_004,mem0_style,systems/rust,synthetic,implicit,files,2,2,2,1.0,1.0,1.0,53,357,6.74,1.1208290000013221,6
gen_systems_rust_004,mem0_style,systems/rust,synthetic,implicit,errors,0,1,0,0.0,1.0,0.0,53,357,6.74,1.1208290000013221,6
gen_systems_rust_004,memgpt_style,systems/rust,synthetic,implicit,completed_tasks,5,0,0,1.0,0.0,0.0,24,357,14.88,0.5702930000097695,2
gen_systems_rust_004,memgpt_style,systems/rust,synthetic,implicit,pending_tasks,4,0,0,1.0,0.0,0.0,24,357,14.88,0.5702930000097695,2
gen_systems_rust_004,memgpt_style,systems/rust,synthetic,implicit,decisions,2,0,0,1.0,0.0,0.0,24,357,14.88,0.5702930000097695,2
gen_systems_rust_004,memgpt_style,systems/rust,synthetic,implicit,files,2,1,1,1.0,0.5,0.6667,24,357,14.88,0.5702930000097695,2
gen_systems_rust_004,memgpt_style,systems/rust,synthetic,implicit,errors,0,1,0,0.0,1.0,0.0,24,357,14.88,0.5702930000097695,2
gen_systems_rust_004,sliding_window_10,systems/rust,synthetic,implicit,completed_tasks,5,12,2,0.1667,0.4,0.2353,193,357,1.85,0.003746999936993234,12
gen_systems_rust_004,sliding_window_10,systems/rust,synthetic,implicit,pending_tasks,4,12,3,0.25,0.75,0.375,193,357,1.85,0.003746999936993234,12
gen_systems_rust_004,sliding_window_10,systems/rust,synthetic,implicit,decisions,2,12,1,0.0833,0.5,0.1429,193,357,1.85,0.003746999936993234,12
gen_systems_rust_004,sliding_window_10,systems/rust,synthetic,implicit,files,2,12,1,0.0833,0.5,0.1429,193,357,1.85,0.003746999936993234,12
gen_systems_rust_004,sliding_window_10,systems/rust,synthetic,implicit,errors,0,12,0,0.0,1.0,0.0,193,357,1.85,0.003746999936993234,12
gen_systems_rust_004,naive_truncation,systems/rust,synthetic,implicit,completed_tasks,5,20,5,0.25,1.0,0.4,304,357,1.17,0.01901199993881164,20
gen_systems_rust_004,naive_truncation,systems/rust,synthetic,implicit,pending_tasks,4,20,3,0.15,0.75,0.25,304,357,1.17,0.01901199993881164,20
gen_systems_rust_004,naive_truncation,systems/rust,synthetic,implicit,decisions,2,20,2,0.1,1.0,0.1818,304,357,1.17,0.01901199993881164,20
gen_systems_rust_004,naive_truncation,systems/rust,synthetic,implicit,files,2,20,1,0.05,0.5,0.0909,304,357,1.17,0.01901199993881164,20
gen_systems_rust_004,naive_truncation,systems/rust,synthetic,implicit,errors,0,20,0,0.0,1.0,0.0,304,357,1.17,0.01901199993881164,20
gen_systems_rust_004,naive_summary,systems/rust,synthetic,implicit,completed_tasks,5,13,3,0.2308,0.6,0.3333,174,357,2.05,0.05903999999645748,13
gen_systems_rust_004,naive_summary,systems/rust,synthetic,implicit,pending_tasks,4,13,1,0.0769,0.25,0.1176,174,357,2.05,0.05903999999645748,13
gen_systems_rust_004,naive_summary,systems/rust,synthetic,implicit,decisions,2,13,1,0.0769,0.5,0.1333,174,357,2.05,0.05903999999645748,13
gen_systems_rust_004,naive_summary,systems/rust,synthetic,implicit,files,2,13,1,0.0769,0.5,0.1333,174,357,2.05,0.05903999999645748,13
gen_systems_rust_004,naive_summary,systems/rust,synthetic,implicit,errors,0,13,0,0.0,1.0,0.0,174,357,2.05,0.05903999999645748,13
gen_systems_rust_005,tokenmizer_v0.5.2,systems/rust,synthetic,implicit,completed_tasks,6,1,0,0.0,0.0,0.0,54,488,9.04,234.20570900009352,7
gen_systems_rust_005,tokenmizer_v0.5.2,systems/rust,synthetic,implicit,pending_tasks,4,0,0,1.0,0.0,0.0,54,488,9.04,234.20570900009352,7
gen_systems_rust_005,tokenmizer_v0.5.2,systems/rust,synthetic,implicit,decisions,2,0,0,1.0,0.0,0.0,54,488,9.04,234.20570900009352,7
gen_systems_rust_005,tokenmizer_v0.5.2,systems/rust,synthetic,implicit,files,4,4,4,1.0,1.0,1.0,54,488,9.04,234.20570900009352,7
gen_systems_rust_005,tokenmizer_v0.5.2,systems/rust,synthetic,implicit,errors,2,2,2,1.0,1.0,1.0,54,488,9.04,234.20570900009352,7
gen_systems_rust_005,graphiti_style,systems/rust,synthetic,implicit,completed_tasks,6,0,0,1.0,0.0,0.0,51,488,9.57,1.7362930000217602,9
gen_systems_rust_005,graphiti_style,systems/rust,synthetic,implicit,pending_tasks,4,2,0,0.0,0.0,0.0,51,488,9.57,1.7362930000217602,9
gen_systems_rust_005,graphiti_style,systems/rust,synthetic,implicit,decisions,2,2,0,0.0,0.0,0.0,51,488,9.57,1.7362930000217602,9
gen_systems_rust_005,graphiti_style,systems/rust,synthetic,implicit,files,4,4,4,1.0,1.0,1.0,51,488,9.57,1.7362930000217602,9
gen_systems_rust_005,graphiti_style,systems/rust,synthetic,implicit,errors,2,1,0,0.0,0.0,0.0,51,488,9.57,1.7362930000217602,9
gen_systems_rust_005,graphrag_style,systems/rust,synthetic,implicit,completed_tasks,6,0,0,1.0,0.0,0.0,29,488,16.83,0.8802190000096743,7
gen_systems_rust_005,graphrag_style,systems/rust,synthetic,implicit,pending_tasks,4,2,0,0.0,0.0,0.0,29,488,16.83,0.8802190000096743,7
gen_systems_rust_005,graphrag_style,systems/rust,synthetic,implicit,decisions,2,1,0,0.0,0.0,0.0,29,488,16.83,0.8802190000096743,7
gen_systems_rust_005,graphrag_style,systems/rust,synthetic,implicit,files,4,4,4,1.0,1.0,1.0,29,488,16.83,0.8802190000096743,7
gen_systems_rust_005,graphrag_style,systems/rust,synthetic,implicit,errors,2,0,0,1.0,0.0,0.0,29,488,16.83,0.8802190000096743,7
gen_systems_rust_005,mem0_style,systems/rust,synthetic,implicit,completed_tasks,6,0,0,1.0,0.0,0.0,50,488,9.76,1.6663769999922806,9
gen_systems_rust_005,mem0_style,systems/rust,synthetic,implicit,pending_tasks,4,2,0,0.0,0.0,0.0,50,488,9.76,1.6663769999922806,9
gen_systems_rust_005,mem0_style,systems/rust,synthetic,implicit,decisions,2,2,0,0.0,0.0,0.0,50,488,9.76,1.6663769999922806,9
gen_systems_rust_005,mem0_style,systems/rust,synthetic,implicit,files,4,4,4,1.0,1.0,1.0,50,488,9.76,1.6663769999922806,9
gen_systems_rust_005,mem0_style,systems/rust,synthetic,implicit,errors,2,1,0,0.0,0.0,0.0,50,488,9.76,1.6663769999922806,9
gen_systems_rust_005,memgpt_style,systems/rust,synthetic,implicit,completed_tasks,6,0,0,1.0,0.0,0.0,31,488,15.74,0.7354409999607014,3
gen_systems_rust_005,memgpt_style,systems/rust,synthetic,implicit,pending_tasks,4,0,0,1.0,0.0,0.0,31,488,15.74,0.7354409999607014,3
gen_systems_rust_005,memgpt_style,systems/rust,synthetic,implicit,decisions,2,1,0,0.0,0.0,0.0,31,488,15.74,0.7354409999607014,3
gen_systems_rust_005,memgpt_style,systems/rust,synthetic,implicit,files,4,1,1,1.0,0.25,0.4,31,488,15.74,0.7354409999607014,3
gen_systems_rust_005,memgpt_style,systems/rust,synthetic,implicit,errors,2,1,0,0.0,0.0,0.0,31,488,15.74,0.7354409999607014,3
gen_systems_rust_005,sliding_window_10,systems/rust,synthetic,implicit,completed_tasks,6,12,4,0.3333,0.6667,0.4444,189,488,2.58,0.004353000008450181,12
gen_systems_rust_005,sliding_window_10,systems/rust,synthetic,implicit,pending_tasks,4,12,0,0.0,0.0,0.0,189,488,2.58,0.004353000008450181,12
gen_systems_rust_005,sliding_window_10,systems/rust,synthetic,implicit,decisions,2,12,1,0.0833,0.5,0.1429,189,488,2.58,0.004353000008450181,12
gen_systems_rust_005,sliding_window_10,systems/rust,synthetic,implicit,files,4,12,1,0.0833,0.25,0.125,189,488,2.58,0.004353000008450181,12
gen_systems_rust_005,sliding_window_10,systems/rust,synthetic,implicit,errors,2,12,1,0.0833,0.5,0.1429,189,488,2.58,0.004353000008450181,12
gen_systems_rust_005,naive_truncation,systems/rust,synthetic,implicit,completed_tasks,6,19,5,0.2632,0.8333,0.4,300,488,1.63,0.019711000049937866,19
gen_systems_rust_005,naive_truncation,systems/rust,synthetic,implicit,pending_tasks,4,19,2,0.1053,0.5,0.1739,300,488,1.63,0.019711000049937866,19
gen_systems_rust_005,naive_truncation,systems/rust,synthetic,implicit,decisions,2,19,1,0.0526,0.5,0.0952,300,488,1.63,0.019711000049937866,19
gen_systems_rust_005,naive_truncation,systems/rust,synthetic,implicit,files,4,19,2,0.1053,0.5,0.1739,300,488,1.63,0.019711000049937866,19
gen_systems_rust_005,naive_truncation,systems/rust,synthetic,implicit,errors,2,19,1,0.0526,0.5,0.0952,300,488,1.63,0.019711000049937866,19
gen_systems_rust_005,naive_summary,systems/rust,synthetic,implicit,completed_tasks,6,12,1,0.0833,0.1667,0.1111,166,488,2.94,0.057997999988401716,12
gen_systems_rust_005,naive_summary,systems/rust,synthetic,implicit,pending_tasks,4,12,2,0.1667,0.5,0.25,166,488,2.94,0.057997999988401716,12
gen_systems_rust_005,naive_summary,systems/rust,synthetic,implicit,decisions,2,12,0,0.0,0.0,0.0,166,488,2.94,0.057997999988401716,12
gen_systems_rust_005,naive_summary,systems/rust,synthetic,implicit,files,4,12,2,0.1667,0.5,0.25,166,488,2.94,0.057997999988401716,12
gen_systems_rust_005,naive_summary,systems/rust,synthetic,implicit,errors,2,12,1,0.0833,0.5,0.1429,166,488,2.94,0.057997999988401716,12
go_microservice,tokenmizer_v0.5.2,backend/go,synthetic,unspecified,completed_tasks,4,4,4,1.0,1.0,1.0,142,206,1.45,214.18027799995798,16
go_microservice,tokenmizer_v0.5.2,backend/go,synthetic,unspecified,pending_tasks,1,1,1,1.0,1.0,1.0,142,206,1.45,214.18027799995798,16
go_microservice,tokenmizer_v0.5.2,backend/go,synthetic,unspecified,decisions,4,3,2,0.6667,0.5,0.5714,142,206,1.45,214.18027799995798,16
go_microservice,tokenmizer_v0.5.2,backend/go,synthetic,unspecified,files,6,6,6,1.0,1.0,1.0,142,206,1.45,214.18027799995798,16
go_microservice,tokenmizer_v0.5.2,backend/go,synthetic,unspecified,errors,2,2,2,1.0,1.0,1.0,142,206,1.45,214.18027799995798,16
go_microservice,graphiti_style,backend/go,synthetic,unspecified,completed_tasks,4,2,1,0.5,0.25,0.3333,106,206,1.94,0.8445639999763443,13
go_microservice,graphiti_style,backend/go,synthetic,unspecified,pending_tasks,1,2,1,0.5,1.0,0.6667,106,206,1.94,0.8445639999763443,13
go_microservice,graphiti_style,backend/go,synthetic,unspecified,decisions,4,3,2,0.6667,0.5,0.5714,106,206,1.94,0.8445639999763443,13
go_microservice,graphiti_style,backend/go,synthetic,unspecified,files,6,6,6,1.0,1.0,1.0,106,206,1.94,0.8445639999763443,13
go_microservice,graphiti_style,backend/go,synthetic,unspecified,errors,2,0,0,1.0,0.0,0.0,106,206,1.94,0.8445639999763443,13
go_microservice,graphrag_style,backend/go,synthetic,unspecified,completed_tasks,4,0,0,1.0,0.0,0.0,58,206,3.55,0.3633789999639703,9
go_microservice,graphrag_style,backend/go,synthetic,unspecified,pending_tasks,1,0,0,1.0,0.0,0.0,58,206,3.55,0.3633789999639703,9
go_microservice,graphrag_style,backend/go,synthetic,unspecified,decisions,4,3,2,0.6667,0.5,0.5714,58,206,3.55,0.3633789999639703,9
go_microservice,graphrag_style,backend/go,synthetic,unspecified,files,6,6,6,1.0,1.0,1.0,58,206,3.55,0.3633789999639703,9
go_microservice,graphrag_style,backend/go,synthetic,unspecified,errors,2,0,0,1.0,0.0,0.0,58,206,3.55,0.3633789999639703,9
go_microservice,mem0_style,backend/go,synthetic,unspecified,completed_tasks,4,2,1,0.5,0.25,0.3333,105,206,1.96,0.678854000057072,13
go_microservice,mem0_style,backend/go,synthetic,unspecified,pending_tasks,1,2,1,0.5,1.0,0.6667,105,206,1.96,0.678854000057072,13
go_microservice,mem0_style,backend/go,synthetic,unspecified,decisions,4,3,2,0.6667,0.5,0.5714,105,206,1.96,0.678854000057072,13
go_microservice,mem0_style,backend/go,synthetic,unspecified,files,6,6,6,1.0,1.0,1.0,105,206,1.96,0.678854000057072,13
go_microservice,mem0_style,backend/go,synthetic,unspecified,errors,2,0,0,1.0,0.0,0.0,105,206,1.96,0.678854000057072,13
go_microservice,memgpt_style,backend/go,synthetic,unspecified,completed_tasks,4,1,1,1.0,0.25,0.4,65,206,3.17,0.38633399992704653,6
go_microservice,memgpt_style,backend/go,synthetic,unspecified,pending_tasks,1,2,1,0.5,1.0,0.6667,65,206,3.17,0.38633399992704653,6
go_microservice,memgpt_style,backend/go,synthetic,unspecified,decisions,4,1,1,1.0,0.25,0.4,65,206,3.17,0.38633399992704653,6
go_microservice,memgpt_style,backend/go,synthetic,unspecified,files,6,2,3,1.0,0.5,0.6667,65,206,3.17,0.38633399992704653,6
go_microservice,memgpt_style,backend/go,synthetic,unspecified,errors,2,0,0,1.0,0.0,0.0,65,206,3.17,0.38633399992704653,6
go_microservice,sliding_window_10,backend/go,synthetic,unspecified,completed_tasks,4,15,4,0.2667,1.0,0.4211,212,206,0.97,0.005473999976857158,15
go_microservice,sliding_window_10,backend/go,synthetic,unspecified,pending_tasks,1,15,1,0.0667,1.0,0.125,212,206,0.97,0.005473999976857158,15
go_microservice,sliding_window_10,backend/go,synthetic,unspecified,decisions,4,15,4,0.4,1.0,0.5714,212,206,0.97,0.005473999976857158,15
go_microservice,sliding_window_10,backend/go,synthetic,unspecified,files,6,15,6,0.3333,1.0,0.5,212,206,0.97,0.005473999976857158,15
go_microservice,sliding_window_10,backend/go,synthetic,unspecified,errors,2,15,2,0.0667,1.0,0.125,212,206,0.97,0.005473999976857158,15
go_microservice,naive_truncation,backend/go,synthetic,unspecified,completed_tasks,4,15,4,0.2667,1.0,0.4211,212,206,0.97,0.01215099996443314,15
go_microservice,naive_truncation,backend/go,synthetic,unspecified,pending_tasks,1,15,1,0.0667,1.0,0.125,212,206,0.97,0.01215099996443314,15
go_microservice,naive_truncation,backend/go,synthetic,unspecified,decisions,4,15,4,0.4,1.0,0.5714,212,206,0.97,0.01215099996443314,15
go_microservice,naive_truncation,backend/go,synthetic,unspecified,files,6,15,6,0.3333,1.0,0.5,212,206,0.97,0.01215099996443314,15
go_microservice,naive_truncation,backend/go,synthetic,unspecified,errors,2,15,2,0.0667,1.0,0.125,212,206,0.97,0.01215099996443314,15
go_microservice,naive_summary,backend/go,synthetic,unspecified,completed_tasks,4,15,4,0.2667,1.0,0.4211,212,206,0.97,0.03609600003073865,15
go_microservice,naive_summary,backend/go,synthetic,unspecified,pending_tasks,1,15,1,0.0667,1.0,0.125,212,206,0.97,0.03609600003073865,15
go_microservice,naive_summary,backend/go,synthetic,unspecified,decisions,4,15,4,0.4,1.0,0.5714,212,206,0.97,0.03609600003073865,15
go_microservice,naive_summary,backend/go,synthetic,unspecified,files,6,15,6,0.3333,1.0,0.5,212,206,0.97,0.03609600003073865,15
go_microservice,naive_summary,backend/go,synthetic,unspecified,errors,2,15,2,0.0667,1.0,0.125,212,206,0.97,0.03609600003073865,15
ml_pipeline,tokenmizer_v0.5.2,ml/python,synthetic,unspecified,completed_tasks,4,3,4,1.0,1.0,1.0,135,206,1.53,223.3924700000216,11
ml_pipeline,tokenmizer_v0.5.2,ml/python,synthetic,unspecified,decisions,4,3,4,1.0,1.0,1.0,135,206,1.53,223.3924700000216,11
ml_pipeline,tokenmizer_v0.5.2,ml/python,synthetic,unspecified,files,5,5,5,1.0,1.0,1.0,135,206,1.53,223.3924700000216,11
ml_pipeline,graphiti_style,ml/python,synthetic,unspecified,completed_tasks,4,5,4,0.6,1.0,0.75,117,206,1.76,0.737192999963554,16
ml_pipeline,graphiti_style,ml/python,synthetic,unspecified,pending_tasks,0,2,0,0.0,1.0,0.0,117,206,1.76,0.737192999963554,16
ml_pipeline,graphiti_style,ml/python,synthetic,unspecified,decisions,4,4,3,0.75,0.75,0.75,117,206,1.76,0.737192999963554,16
ml_pipeline,graphiti_style,ml/python,synthetic,unspecified,files,5,5,5,1.0,1.0,1.0,117,206,1.76,0.737192999963554,16
ml_pipeline,graphrag_style,ml/python,synthetic,unspecified,completed_tasks,4,2,2,1.0,0.5,0.6667,78,206,2.64,0.41913899997325643,11
ml_pipeline,graphrag_style,ml/python,synthetic,unspecified,decisions,4,4,3,0.75,0.75,0.75,78,206,2.64,0.41913899997325643,11
ml_pipeline,graphrag_style,ml/python,synthetic,unspecified,files,5,5,5,1.0,1.0,1.0,78,206,2.64,0.41913899997325643,11
ml_pipeline,mem0_style,ml/python,synthetic,unspecified,completed_tasks,4,5,4,0.6,1.0,0.75,116,206,1.78,0.7974370000738418,16
ml_pipeline,mem0_style,ml/python,synthetic,unspecified,pending_tasks,0,2,0,0.0,1.0,0.0,116,206,1.78,0.7974370000738418,16
ml_pipeline,mem0_style,ml/python,synthetic,unspecified,decisions,4,4,3,0.75,0.75,0.75,116,206,1.78,0.7974370000738418,16
ml_pipeline,mem0_style,ml/python,synthetic,unspecified,files,5,5,5,1.0,1.0,1.0,116,206,1.78,0.7974370000738418,16
ml_pipeline,memgpt_style,ml/python,synthetic,unspecified,completed_tasks,4,4,3,0.5,0.75,0.6,53,206,3.89,0.4922719999740366,9
ml_pipeline,memgpt_style,ml/python,synthetic,unspecified,decisions,4,1,0,0.0,0.0,0.0,53,206,3.89,0.4922719999740366,9
ml_pipeline,memgpt_style,ml/python,synthetic,unspecified,files,5,4,4,1.0,0.8,0.8889,53,206,3.89,0.4922719999740366,9
ml_pipeline,sliding_window_10,ml/python,synthetic,unspecified,completed_tasks,4,12,4,0.25,1.0,0.4,211,206,0.98,0.006429999984902679,12
ml_pipeline,sliding_window_10,ml/python,synthetic,unspecified,pending_tasks,0,12,0,0.0,1.0,0.0,211,206,0.98,0.006429999984902679,12
ml_pipeline,sliding_window_10,ml/python,synthetic,unspecified,decisions,4,12,4,0.25,1.0,0.4,211,206,0.98,0.006429999984902679,12
ml_pipeline,sliding_window_10,ml/python,synthetic,unspecified,files,5,12,5,0.3333,1.0,0.5,211,206,0.98,0.006429999984902679,12
ml_pipeline,sliding_window_10,ml/python,synthetic,unspecified,errors,0,12,0,0.0,1.0,0.0,211,206,0.98,0.006429999984902679,12
ml_pipeline,naive_truncation,ml/python,synthetic,unspecified,completed_tasks,4,12,4,0.25,1.0,0.4,211,206,0.98,0.011007000011886703,12
ml_pipeline,naive_truncation,ml/python,synthetic,unspecified,pending_tasks,0,12,0,0.0,1.0,0.0,211,206,0.98,0.011007000011886703,12
ml_pipeline,naive_truncation,ml/python,synthetic,unspecified,decisions,4,12,4,0.25,1.0,0.4,211,206,0.98,0.011007000011886703,12
ml_pipeline,naive_truncation,ml/python,synthetic,unspecified,files,5,12,5,0.3333,1.0,0.5,211,206,0.98,0.011007000011886703,12
ml_pipeline,naive_truncation,ml/python,synthetic,unspecified,errors,0,12,0,0.0,1.0,0.0,211,206,0.98,0.011007000011886703,12
ml_pipeline,naive_summary,ml/python,synthetic,unspecified,completed_tasks,4,12,4,0.25,1.0,0.4,211,206,0.98,0.048881999987315794,12
ml_pipeline,naive_summary,ml/python,synthetic,unspecified,pending_tasks,0,12,0,0.0,1.0,0.0,211,206,0.98,0.048881999987315794,12
ml_pipeline,naive_summary,ml/python,synthetic,unspecified,decisions,4,12,4,0.25,1.0,0.4,211,206,0.98,0.048881999987315794,12
ml_pipeline,naive_summary,ml/python,synthetic,unspecified,files,5,12,5,0.3333,1.0,0.5,211,206,0.98,0.048881999987315794,12
ml_pipeline,naive_summary,ml/python,synthetic,unspecified,errors,0,12,0,0.0,1.0,0.0,211,206,0.98,0.048881999987315794,12
react_dashboard,tokenmizer_v0.5.2,frontend/typescript,synthetic,unspecified,completed_tasks,4,3,3,1.0,0.75,0.8571,185,205,1.11,226.4475050000101,17
react_dashboard,tokenmizer_v0.5.2,frontend/typescript,synthetic,unspecified,decisions,6,5,6,1.0,1.0,1.0,185,205,1.11,226.4475050000101,17
react_dashboard,tokenmizer_v0.5.2,frontend/typescript,synthetic,unspecified,files,7,7,7,1.0,1.0,1.0,185,205,1.11,226.4475050000101,17
react_dashboard,tokenmizer_v0.5.2,frontend/typescript,synthetic,unspecified,errors,2,2,2,1.0,1.0,1.0,185,205,1.11,226.4475050000101,17
react_dashboard,graphiti_style,frontend/typescript,synthetic,unspecified,completed_tasks,4,5,4,0.6,1.0,0.75,171,205,1.2,0.7738960000551742,18
react_dashboard,graphiti_style,frontend/typescript,synthetic,unspecified,pending_tasks,0,2,0,0.0,1.0,0.0,171,205,1.2,0.7738960000551742,18
react_dashboard,graphiti_style,frontend/typescript,synthetic,unspecified,decisions,6,5,5,0.8,0.8333,0.8163,171,205,1.2,0.7738960000551742,18
react_dashboard,graphiti_style,frontend/typescript,synthetic,unspecified,files,7,6,5,0.8333,0.7143,0.7692,171,205,1.2,0.7738960000551742,18
react_dashboard,graphiti_style,frontend/typescript,synthetic,unspecified,errors,2,0,0,1.0,0.0,0.0,171,205,1.2,0.7738960000551742,18
react_dashboard,graphrag_style,frontend/typescript,synthetic,unspecified,completed_tasks,4,2,2,1.0,0.5,0.6667,119,205,1.72,0.39565899999161047,13
react_dashboard,graphrag_style,frontend/typescript,synthetic,unspecified,decisions,6,5,5,0.8,0.8333,0.8163,119,205,1.72,0.39565899999161047,13
react_dashboard,graphrag_style,frontend/typescript,synthetic,unspecified,files,7,6,5,0.8333,0.7143,0.7692,119,205,1.72,0.39565899999161047,13
react_dashboard,graphrag_style,frontend/typescript,synthetic,unspecified,errors,2,0,0,1.0,0.0,0.0,119,205,1.72,0.39565899999161047,13
react_dashboard,mem0_style,frontend/typescript,synthetic,unspecified,completed_tasks,4,5,4,0.6,1.0,0.75,170,205,1.21,1.0713230000192198,18
react_dashboard,mem0_style,frontend/typescript,synthetic,unspecified,pending_tasks,0,2,0,0.0,1.0,0.0,170,205,1.21,1.0713230000192198,18
react_dashboard,mem0_style,frontend/typescript,synthetic,unspecified,decisions,6,5,5,0.8,0.8333,0.8163,170,205,1.21,1.0713230000192198,18
react_dashboard,mem0_style,frontend/typescript,synthetic,unspecified,files,7,6,5,0.8333,0.7143,0.7692,170,205,1.21,1.0713230000192198,18
react_dashboard,mem0_style,frontend/typescript,synthetic,unspecified,errors,2,0,0,1.0,0.0,0.0,170,205,1.21,1.0713230000192198,18
react_dashboard,memgpt_style,frontend/typescript,synthetic,unspecified,completed_tasks,4,4,3,0.5,0.75,0.6,108,205,1.9,0.4913860000215209,11
react_dashboard,memgpt_style,frontend/typescript,synthetic,unspecified,pending_tasks,0,1,0,0.0,1.0,0.0,108,205,1.9,0.4913860000215209,11
react_dashboard,memgpt_style,frontend/typescript,synthetic,unspecified,decisions,6,2,2,1.0,0.3333,0.5,108,205,1.9,0.4913860000215209,11
react_dashboard,memgpt_style,frontend/typescript,synthetic,unspecified,files,7,4,4,1.0,0.5714,0.7273,108,205,1.9,0.4913860000215209,11
react_dashboard,memgpt_style,frontend/typescript,synthetic,unspecified,errors,2,0,0,1.0,0.0,0.0,108,205,1.9,0.4913860000215209,11
react_dashboard,sliding_window_10,frontend/typescript,synthetic,unspecified,completed_tasks,4,12,4,0.3333,1.0,0.5,212,205,0.97,0.006225999982234498,12
react_dashboard,sliding_window_10,frontend/typescript,synthetic,unspecified,pending_tasks,0,12,0,0.0,1.0,0.0,212,205,0.97,0.006225999982234498,12
react_dashboard,sliding_window_10,frontend/typescript,synthetic,unspecified,decisions,6,12,6,0.4167,1.0,0.5882,212,205,0.97,0.006225999982234498,12
react_dashboard,sliding_window_10,frontend/typescript,synthetic,unspecified,files,7,12,7,0.4167,1.0,0.5882,212,205,0.97,0.006225999982234498,12
react_dashboard,sliding_window_10,frontend/typescript,synthetic,unspecified,errors,2,12,2,0.0833,1.0,0.1538,212,205,0.97,0.006225999982234498,12
react_dashboard,naive_truncation,frontend/typescript,synthetic,unspecified,completed_tasks,4,12,4,0.3333,1.0,0.5,212,205,0.97,0.012134999906265875,12
react_dashboard,naive_truncation,frontend/typescript,synthetic,unspecified,pending_tasks,0,12,0,0.0,1.0,0.0,212,205,0.97,0.012134999906265875,12
react_dashboard,naive_truncation,frontend/typescript,synthetic,unspecified,decisions,6,12,6,0.4167,1.0,0.5882,212,205,0.97,0.012134999906265875,12
react_dashboard,naive_truncation,frontend/typescript,synthetic,unspecified,files,7,12,7,0.4167,1.0,0.5882,212,205,0.97,0.012134999906265875,12
react_dashboard,naive_truncation,frontend/typescript,synthetic,unspecified,errors,2,12,2,0.0833,1.0,0.1538,212,205,0.97,0.012134999906265875,12
react_dashboard,naive_summary,frontend/typescript,synthetic,unspecified,completed_tasks,4,12,4,0.3333,1.0,0.5,212,205,0.97,0.03367299996170914,12
react_dashboard,naive_summary,frontend/typescript,synthetic,unspecified,pending_tasks,0,12,0,0.0,1.0,0.0,212,205,0.97,0.03367299996170914,12
react_dashboard,naive_summary,frontend/typescript,synthetic,unspecified,decisions,6,12,6,0.4167,1.0,0.5882,212,205,0.97,0.03367299996170914,12
react_dashboard,naive_summary,frontend/typescript,synthetic,unspecified,files,7,12,7,0.4167,1.0,0.5882,212,205,0.97,0.03367299996170914,12
react_dashboard,naive_summary,frontend/typescript,synthetic,unspecified,errors,2,12,2,0.0833,1.0,0.1538,212,205,0.97,0.03367299996170914,12
real_audit_concurrency,tokenmizer_v0.5.2,audit/systems,real,unspecified,completed_tasks,3,3,3,1.0,1.0,1.0,107,237,2.21,236.48292200005017,9
real_audit_concurrency,tokenmizer_v0.5.2,audit/systems,real,unspecified,pending_tasks,1,1,1,1.0,1.0,1.0,107,237,2.21,236.48292200005017,9
real_audit_concurrency,tokenmizer_v0.5.2,audit/systems,real,unspecified,decisions,1,1,1,1.0,1.0,1.0,107,237,2.21,236.48292200005017,9
real_audit_concurrency,tokenmizer_v0.5.2,audit/systems,real,unspecified,files,2,2,2,1.0,1.0,1.0,107,237,2.21,236.48292200005017,9
real_audit_concurrency,tokenmizer_v0.5.2,audit/systems,real,unspecified,errors,2,2,2,1.0,1.0,1.0,107,237,2.21,236.48292200005017,9
real_audit_concurrency,graphiti_style,audit/systems,real,unspecified,completed_tasks,3,4,1,0.25,0.3333,0.2857,91,237,2.6,1.0417360000474218,8
real_audit_concurrency,graphiti_style,audit/systems,real,unspecified,pending_tasks,1,1,1,1.0,1.0,1.0,91,237,2.6,1.0417360000474218,8
real_audit_concurrency,graphiti_style,audit/systems,real,unspecified,decisions,1,1,1,1.0,1.0,1.0,91,237,2.6,1.0417360000474218,8
real_audit_concurrency,graphiti_style,audit/systems,real,unspecified,files,2,2,2,1.0,1.0,1.0,91,237,2.6,1.0417360000474218,8
real_audit_concurrency,graphiti_style,audit/systems,real,unspecified,errors,2,0,0,1.0,0.0,0.0,91,237,2.6,1.0417360000474218,8
real_audit_concurrency,graphrag_style,audit/systems,real,unspecified,completed_tasks,3,1,1,1.0,0.3333,0.5,55,237,4.31,0.4006909999816344,4
real_audit_concurrency,graphrag_style,audit/systems,real,unspecified,pending_tasks,1,0,0,1.0,0.0,0.0,55,237,4.31,0.4006909999816344,4
real_audit_concurrency,graphrag_style,audit/systems,real,unspecified,decisions,1,1,1,1.0,1.0,1.0,55,237,4.31,0.4006909999816344,4
real_audit_concurrency,graphrag_style,audit/systems,real,unspecified,files,2,2,2,1.0,1.0,1.0,55,237,4.31,0.4006909999816344,4
real_audit_concurrency,graphrag_style,audit/systems,real,unspecified,errors,2,0,0,1.0,0.0,0.0,55,237,4.31,0.4006909999816344,4
real_audit_concurrency,mem0_style,audit/systems,real,unspecified,completed_tasks,3,4,1,0.25,0.3333,0.2857,90,237,2.63,0.7681420000835715,8
real_audit_concurrency,mem0_style,audit/systems,real,unspecified,pending_tasks,1,1,1,1.0,1.0,1.0,90,237,2.63,0.7681420000835715,8
real_audit_concurrency,mem0_style,audit/systems,real,unspecified,decisions,1,1,1,1.0,1.0,1.0,90,237,2.63,0.7681420000835715,8
real_audit_concurrency,mem0_style,audit/systems,real,unspecified,files,2,2,2,1.0,1.0,1.0,90,237,2.63,0.7681420000835715,8
real_audit_concurrency,mem0_style,audit/systems,real,unspecified,errors,2,0,0,1.0,0.0,0.0,90,237,2.63,0.7681420000835715,8
real_audit_concurrency,memgpt_style,audit/systems,real,unspecified,completed_tasks,3,3,1,0.3333,0.3333,0.3333,60,237,3.95,0.43742100001509243,5
real_audit_concurrency,memgpt_style,audit/systems,real,unspecified,pending_tasks,1,1,1,1.0,1.0,1.0,60,237,3.95,0.43742100001509243,5
real_audit_concurrency,memgpt_style,audit/systems,real,unspecified,decisions,1,0,0,1.0,0.0,0.0,60,237,3.95,0.43742100001509243,5
real_audit_concurrency,memgpt_style,audit/systems,real,unspecified,files,2,1,1,1.0,0.5,0.6667,60,237,3.95,0.43742100001509243,5
real_audit_concurrency,memgpt_style,audit/systems,real,unspecified,errors,2,0,0,1.0,0.0,0.0,60,237,3.95,0.43742100001509243,5
real_audit_concurrency,sliding_window_10,audit/systems,real,unspecified,completed_tasks,3,16,3,0.1875,1.0,0.3158,243,237,0.98,0.0035909999951400096,16
real_audit_concurrency,sliding_window_10,audit/systems,real,unspecified,pending_tasks,1,16,1,0.0625,1.0,0.1176,243,237,0.98,0.0035909999951400096,16
real_audit_concurrency,sliding_window_10,audit/systems,real,unspecified,decisions,1,16,1,0.0625,1.0,0.1176,243,237,0.98,0.0035909999951400096,16
real_audit_concurrency,sliding_window_10,audit/systems,real,unspecified,files,2,16,2,0.125,1.0,0.2222,243,237,0.98,0.0035909999951400096,16
real_audit_concurrency,sliding_window_10,audit/systems,real,unspecified,errors,2,16,2,0.125,1.0,0.2222,243,237,0.98,0.0035909999951400096,16
real_audit_concurrency,naive_truncation,audit/systems,real,unspecified,completed_tasks,3,16,3,0.1875,1.0,0.3158,243,237,0.98,0.011586999903556716,16
real_audit_concurrency,naive_truncation,audit/systems,real,unspecified,pending_tasks,1,16,1,0.0625,1.0,0.1176,243,237,0.98,0.011586999903556716,16
real_audit_concurrency,naive_truncation,audit/systems,real,unspecified,decisions,1,16,1,0.0625,1.0,0.1176,243,237,0.98,0.011586999903556716,16
real_audit_concurrency,naive_truncation,audit/systems,real,unspecified,files,2,16,2,0.125,1.0,0.2222,243,237,0.98,0.011586999903556716,16
real_audit_concurrency,naive_truncation,audit/systems,real,unspecified,errors,2,16,2,0.125,1.0,0.2222,243,237,0.98,0.011586999903556716,16
real_audit_concurrency,naive_summary,audit/systems,real,unspecified,completed_tasks,3,13,3,0.2308,1.0,0.375,191,237,1.24,0.03184899992447754,13
real_audit_concurrency,naive_summary,audit/systems,real,unspecified,pending_tasks,1,13,0,0.0,0.0,0.0,191,237,1.24,0.03184899992447754,13
real_audit_concurrency,naive_summary,audit/systems,real,unspecified,decisions,1,13,1,0.0769,1.0,0.1429,191,237,1.24,0.03184899992447754,13
real_audit_concurrency,naive_summary,audit/systems,real,unspecified,files,2,13,2,0.1538,1.0,0.2667,191,237,1.24,0.03184899992447754,13
real_audit_concurrency,naive_summary,audit/systems,real,unspecified,errors,2,13,1,0.0769,0.5,0.1333,191,237,1.24,0.03184899992447754,13
real_audit_corruption,tokenmizer_v0.5.2,audit/storage,real,unspecified,completed_tasks,2,2,2,1.0,1.0,1.0,120,231,1.93,222.001199000033,11
real_audit_corruption,tokenmizer_v0.5.2,audit/storage,real,unspecified,decisions,2,2,2,1.0,1.0,1.0,120,231,1.93,222.001199000033,11
real_audit_corruption,tokenmizer_v0.5.2,audit/storage,real,unspecified,files,2,2,2,1.0,1.0,1.0,120,231,1.93,222.001199000033,11
real_audit_corruption,tokenmizer_v0.5.2,audit/storage,real,unspecified,errors,5,5,5,0.8,1.0,0.8889,120,231,1.93,222.001199000033,11
real_audit_corruption,graphiti_style,audit/storage,real,unspecified,completed_tasks,2,2,2,1.0,1.0,1.0,115,231,2.01,0.7328520000555727,7
real_audit_corruption,graphiti_style,audit/storage,real,unspecified,pending_tasks,0,1,0,0.0,1.0,0.0,115,231,2.01,0.7328520000555727,7
real_audit_corruption,graphiti_style,audit/storage,real,unspecified,decisions,2,2,2,1.0,1.0,1.0,115,231,2.01,0.7328520000555727,7
real_audit_corruption,graphiti_style,audit/storage,real,unspecified,files,2,1,1,1.0,0.5,0.6667,115,231,2.01,0.7328520000555727,7
real_audit_corruption,graphiti_style,audit/storage,real,unspecified,errors,5,1,2,1.0,0.4,0.5714,115,231,2.01,0.7328520000555727,7
real_audit_corruption,graphrag_style,audit/storage,real,unspecified,completed_tasks,2,1,1,1.0,0.5,0.6667,74,231,3.12,0.46244099996783916,5
real_audit_corruption,graphrag_style,audit/storage,real,unspecified,pending_tasks,0,1,0,0.0,1.0,0.0,74,231,3.12,0.46244099996783916,5
real_audit_corruption,graphrag_style,audit/storage,real,unspecified,decisions,2,2,2,1.0,1.0,1.0,74,231,3.12,0.46244099996783916,5
real_audit_corruption,graphrag_style,audit/storage,real,unspecified,files,2,1,1,1.0,0.5,0.6667,74,231,3.12,0.46244099996783916,5
real_audit_corruption,graphrag_style,audit/storage,real,unspecified,errors,5,0,0,1.0,0.0,0.0,74,231,3.12,0.46244099996783916,5
real_audit_corruption,mem0_style,audit/storage,real,unspecified,completed_tasks,2,2,2,1.0,1.0,1.0,114,231,2.03,0.8158189999676324,7
real_audit_corruption,mem0_style,audit/storage,real,unspecified,pending_tasks,0,1,0,0.0,1.0,0.0,114,231,2.03,0.8158189999676324,7
real_audit_corruption,mem0_style,audit/storage,real,unspecified,decisions,2,2,2,1.0,1.0,1.0,114,231,2.03,0.8158189999676324,7
real_audit_corruption,mem0_style,audit/storage,real,unspecified,files,2,1,1,1.0,0.5,0.6667,114,231,2.03,0.8158189999676324,7
real_audit_corruption,mem0_style,audit/storage,real,unspecified,errors,5,1,2,1.0,0.4,0.5714,114,231,2.03,0.8158189999676324,7
real_audit_corruption,memgpt_style,audit/storage,real,unspecified,completed_tasks,2,2,2,1.0,1.0,1.0,101,231,2.29,0.46880999991572025,6
real_audit_corruption,memgpt_style,audit/storage,real,unspecified,decisions,2,2,2,1.0,1.0,1.0,101,231,2.29,0.46880999991572025,6
real_audit_corruption,memgpt_style,audit/storage,real,unspecified,files,2,1,1,1.0,0.5,0.6667,101,231,2.29,0.46880999991572025,6
real_audit_corruption,memgpt_style,audit/storage,real,unspecified,errors,5,1,2,1.0,0.4,0.5714,101,231,2.29,0.46880999991572025,6
real_audit_corruption,sliding_window_10,audit/storage,real,unspecified,completed_tasks,2,11,2,0.1818,1.0,0.3077,236,231,0.98,0.004290999982003996,11
real_audit_corruption,sliding_window_10,audit/storage,real,unspecified,pending_tasks,0,11,0,0.0,1.0,0.0,236,231,0.98,0.004290999982003996,11
real_audit_corruption,sliding_window_10,audit/storage,real,unspecified,decisions,2,11,2,0.1818,1.0,0.3077,236,231,0.98,0.004290999982003996,11
real_audit_corruption,sliding_window_10,audit/storage,real,unspecified,files,2,11,2,0.1818,1.0,0.3077,236,231,0.98,0.004290999982003996,11
real_audit_corruption,sliding_window_10,audit/storage,real,unspecified,errors,5,11,5,0.3636,1.0,0.5333,236,231,0.98,0.004290999982003996,11
real_audit_corruption,naive_truncation,audit/storage,real,unspecified,completed_tasks,2,11,2,0.1818,1.0,0.3077,236,231,0.98,0.0152960000150415,11
real_audit_corruption,naive_truncation,audit/storage,real,unspecified,pending_tasks,0,11,0,0.0,1.0,0.0,236,231,0.98,0.0152960000150415,11
real_audit_corruption,naive_truncation,audit/storage,real,unspecified,decisions,2,11,2,0.1818,1.0,0.3077,236,231,0.98,0.0152960000150415,11
real_audit_corruption,naive_truncation,audit/storage,real,unspecified,files,2,11,2,0.1818,1.0,0.3077,236,231,0.98,0.0152960000150415,11
real_audit_corruption,naive_truncation,audit/storage,real,unspecified,errors,5,11,5,0.3636,1.0,0.5333,236,231,0.98,0.0152960000150415,11
real_audit_corruption,naive_summary,audit/storage,real,unspecified,completed_tasks,2,11,1,0.0909,0.5,0.1538,208,231,1.11,0.03380999999080814,11
real_audit_corruption,naive_summary,audit/storage,real,unspecified,pending_tasks,0,11,0,0.0,1.0,0.0,208,231,1.11,0.03380999999080814,11
real_audit_corruption,naive_summary,audit/storage,real,unspecified,decisions,2,11,2,0.1818,1.0,0.3077,208,231,1.11,0.03380999999080814,11
real_audit_corruption,naive_summary,audit/storage,real,unspecified,files,2,11,2,0.1818,1.0,0.3077,208,231,1.11,0.03380999999080814,11
real_audit_corruption,naive_summary,audit/storage,real,unspecified,errors,5,11,5,0.3636,1.0,0.5333,208,231,1.11,0.03380999999080814,11
real_audit_extraction,tokenmizer_v0.5.2,audit/nlp,real,unspecified,completed_tasks,3,5,3,0.6,1.0,0.75,169,333,1.97,223.76775699990503,13
real_audit_extraction,tokenmizer_v0.5.2,audit/nlp,real,unspecified,decisions,2,2,2,1.0,1.0,1.0,169,333,1.97,223.76775699990503,13
real_audit_extraction,tokenmizer_v0.5.2,audit/nlp,real,unspecified,files,4,4,4,1.0,1.0,1.0,169,333,1.97,223.76775699990503,13
real_audit_extraction,tokenmizer_v0.5.2,audit/nlp,real,unspecified,errors,3,2,2,1.0,0.6667,0.8,169,333,1.97,223.76775699990503,13
real_audit_extraction,graphiti_style,audit/nlp,real,unspecified,completed_tasks,3,5,2,0.4,0.6667,0.5,175,333,1.9,1.137127000106375,15
real_audit_extraction,graphiti_style,audit/nlp,real,unspecified,decisions,2,3,2,0.6667,1.0,0.8,175,333,1.9,1.137127000106375,15
real_audit_extraction,graphiti_style,audit/nlp,real,unspecified,files,4,4,4,1.0,1.0,1.0,175,333,1.9,1.137127000106375,15
real_audit_extraction,graphiti_style,audit/nlp,real,unspecified,errors,3,3,1,0.3333,0.3333,0.3333,175,333,1.9,1.137127000106375,15
real_audit_extraction,graphrag_style,audit/nlp,real,unspecified,completed_tasks,3,2,0,0.0,0.0,0.0,143,333,2.33,0.6380029999490944,12
real_audit_extraction,graphrag_style,audit/nlp,real,unspecified,decisions,2,3,2,0.6667,1.0,0.8,143,333,2.33,0.6380029999490944,12
real_audit_extraction,graphrag_style,audit/nlp,real,unspecified,files,4,4,4,1.0,1.0,1.0,143,333,2.33,0.6380029999490944,12
real_audit_extraction,graphrag_style,audit/nlp,real,unspecified,errors,3,3,1,0.3333,0.3333,0.3333,143,333,2.33,0.6380029999490944,12
real_audit_extraction,mem0_style,audit/nlp,real,unspecified,completed_tasks,3,5,2,0.4,0.6667,0.5,174,333,1.91,1.42549700001382,15
real_audit_extraction,mem0_style,audit/nlp,real,unspecified,decisions,2,3,2,0.6667,1.0,0.8,174,333,1.91,1.42549700001382,15
real_audit_extraction,mem0_style,audit/nlp,real,unspecified,files,4,4,4,1.0,1.0,1.0,174,333,1.91,1.42549700001382,15
real_audit_extraction,mem0_style,audit/nlp,real,unspecified,errors,3,3,1,0.3333,0.3333,0.3333,174,333,1.91,1.42549700001382,15
real_audit_extraction,memgpt_style,audit/nlp,real,unspecified,completed_tasks,3,3,1,0.3333,0.3333,0.3333,76,333,4.38,0.6010000000742366,6
real_audit_extraction,memgpt_style,audit/nlp,real,unspecified,decisions,2,2,1,0.5,0.5,0.5,76,333,4.38,0.6010000000742366,6
real_audit_extraction,memgpt_style,audit/nlp,real,unspecified,files,4,1,1,1.0,0.25,0.4,76,333,4.38,0.6010000000742366,6
real_audit_extraction,memgpt_style,audit/nlp,real,unspecified,errors,3,0,0,1.0,0.0,0.0,76,333,4.38,0.6010000000742366,6
real_audit_extraction,sliding_window_10,audit/nlp,real,unspecified,completed_tasks,3,14,3,0.2143,1.0,0.3529,271,333,1.23,0.0050490000376157695,14
real_audit_extraction,sliding_window_10,audit/nlp,real,unspecified,pending_tasks,0,14,0,0.0,1.0,0.0,271,333,1.23,0.0050490000376157695,14
real_audit_extraction,sliding_window_10,audit/nlp,real,unspecified,decisions,2,14,1,0.0714,0.5,0.125,271,333,1.23,0.0050490000376157695,14
real_audit_extraction,sliding_window_10,audit/nlp,real,unspecified,files,4,14,2,0.1429,0.5,0.2222,271,333,1.23,0.0050490000376157695,14
real_audit_extraction,sliding_window_10,audit/nlp,real,unspecified,errors,3,14,3,0.2857,1.0,0.4444,271,333,1.23,0.0050490000376157695,14
real_audit_extraction,naive_truncation,audit/nlp,real,unspecified,completed_tasks,3,14,3,0.2143,1.0,0.3529,271,333,1.23,0.018343999954595347,14
real_audit_extraction,naive_truncation,audit/nlp,real,unspecified,pending_tasks,0,14,0,0.0,1.0,0.0,271,333,1.23,0.018343999954595347,14
real_audit_extraction,naive_truncation,audit/nlp,real,unspecified,decisions,2,14,1,0.0714,0.5,0.125,271,333,1.23,0.018343999954595347,14
real_audit_extraction,naive_truncation,audit/nlp,real,unspecified,files,4,14,2,0.1429,0.5,0.2222,271,333,1.23,0.018343999954595347,14
real_audit_extraction,naive_truncation,audit/nlp,real,unspecified,errors,3,14,3,0.2857,1.0,0.4444,271,333,1.23,0.018343999954595347,14
real_audit_extraction,naive_summary,audit/nlp,real,unspecified,completed_tasks,3,10,2,0.2,0.6667,0.3077,188,333,1.77,0.04970300005879835,10
real_audit_extraction,naive_summary,audit/nlp,real,unspecified,pending_tasks,0,10,0,0.0,1.0,0.0,188,333,1.77,0.04970300005879835,10
real_audit_extraction,naive_summary,audit/nlp,real,unspecified,decisions,2,10,1,0.1,0.5,0.1667,188,333,1.77,0.04970300005879835,10
real_audit_extraction,naive_summary,audit/nlp,real,unspecified,files,4,10,3,0.2,0.75,0.3158,188,333,1.77,0.04970300005879835,10
real_audit_extraction,naive_summary,audit/nlp,real,unspecified,errors,3,10,1,0.2,0.3333,0.25,188,333,1.77,0.04970300005879835,10
real_audit_persistence,tokenmizer_v0.5.2,audit/python,real,unspecified,completed_tasks,3,3,3,1.0,1.0,1.0,124,322,2.6,231.50775599992812,9
real_audit_persistence,tokenmizer_v0.5.2,audit/python,real,unspecified,decisions,2,2,2,1.0,1.0,1.0,124,322,2.6,231.50775599992812,9
real_audit_persistence,tokenmizer_v0.5.2,audit/python,real,unspecified,files,3,3,3,1.0,1.0,1.0,124,322,2.6,231.50775599992812,9
real_audit_persistence,tokenmizer_v0.5.2,audit/python,real,unspecified,errors,1,1,1,1.0,1.0,1.0,124,322,2.6,231.50775599992812,9
real_audit_persistence,graphiti_style,audit/python,real,unspecified,completed_tasks,3,4,2,0.5,0.6667,0.5714,128,322,2.52,1.9501740000578138,12
real_audit_persistence,graphiti_style,audit/python,real,unspecified,pending_tasks,0,2,0,0.0,1.0,0.0,128,322,2.52,1.9501740000578138,12
real_audit_persistence,graphiti_style,audit/python,real,unspecified,decisions,2,2,2,1.0,1.0,1.0,128,322,2.52,1.9501740000578138,12
real_audit_persistence,graphiti_style,audit/python,real,unspecified,files,3,4,3,0.75,1.0,0.8571,128,322,2.52,1.9501740000578138,12
real_audit_persistence,graphiti_style,audit/python,real,unspecified,errors,1,0,0,1.0,0.0,0.0,128,322,2.52,1.9501740000578138,12
real_audit_persistence,graphrag_style,audit/python,real,unspecified,completed_tasks,3,1,1,1.0,0.3333,0.5,74,322,4.35,1.0097289999748682,7
real_audit_persistence,graphrag_style,audit/python,real,unspecified,decisions,2,2,2,1.0,1.0,1.0,74,322,4.35,1.0097289999748682,7
real_audit_persistence,graphrag_style,audit/python,real,unspecified,files,3,4,3,0.75,1.0,0.8571,74,322,4.35,1.0097289999748682,7
real_audit_persistence,graphrag_style,audit/python,real,unspecified,errors,1,0,0,1.0,0.0,0.0,74,322,4.35,1.0097289999748682,7
real_audit_persistence,mem0_style,audit/python,real,unspecified,completed_tasks,3,4,2,0.5,0.6667,0.5714,127,322,2.54,1.9041250000100263,12
real_audit_persistence,mem0_style,audit/python,real,unspecified,pending_tasks,0,2,0,0.0,1.0,0.0,127,322,2.54,1.9041250000100263,12
real_audit_persistence,mem0_style,audit/python,real,unspecified,decisions,2,2,2,1.0,1.0,1.0,127,322,2.54,1.9041250000100263,12
real_audit_persistence,mem0_style,audit/python,real,unspecified,files,3,4,3,0.75,1.0,0.8571,127,322,2.54,1.9041250000100263,12
real_audit_persistence,mem0_style,audit/python,real,unspecified,errors,1,0,0,1.0,0.0,0.0,127,322,2.54,1.9041250000100263,12
real_audit_persistence,memgpt_style,audit/python,real,unspecified,completed_tasks,3,3,2,0.6667,0.6667,0.6667,76,322,4.24,0.4476410000506803,7
real_audit_persistence,memgpt_style,audit/python,real,unspecified,pending_tasks,0,1,0,0.0,1.0,0.0,76,322,4.24,0.4476410000506803,7
real_audit_persistence,memgpt_style,audit/python,real,unspecified,decisions,2,0,0,1.0,0.0,0.0,76,322,4.24,0.4476410000506803,7
real_audit_persistence,memgpt_style,audit/python,real,unspecified,files,3,3,2,0.6667,0.6667,0.6667,76,322,4.24,0.4476410000506803,7
real_audit_persistence,memgpt_style,audit/python,real,unspecified,errors,1,0,0,1.0,0.0,0.0,76,322,4.24,0.4476410000506803,7
real_audit_persistence,sliding_window_10,audit/python,real,unspecified,completed_tasks,3,15,3,0.2,1.0,0.3333,270,322,1.19,0.004700999966189556,15
real_audit_persistence,sliding_window_10,audit/python,real,unspecified,pending_tasks,0,15,0,0.0,1.0,0.0,270,322,1.19,0.004700999966189556,15
real_audit_persistence,sliding_window_10,audit/python,real,unspecified,decisions,2,15,2,0.1333,1.0,0.2353,270,322,1.19,0.004700999966189556,15
real_audit_persistence,sliding_window_10,audit/python,real,unspecified,files,3,15,2,0.1333,0.6667,0.2222,270,322,1.19,0.004700999966189556,15
real_audit_persistence,sliding_window_10,audit/python,real,unspecified,errors,1,15,1,0.0667,1.0,0.125,270,322,1.19,0.004700999966189556,15
real_audit_persistence,naive_truncation,audit/python,real,unspecified,completed_tasks,3,15,3,0.2,1.0,0.3333,270,322,1.19,0.0128350000068167,15
real_audit_persistence,naive_truncation,audit/python,real,unspecified,pending_tasks,0,15,0,0.0,1.0,0.0,270,322,1.19,0.0128350000068167,15
real_audit_persistence,naive_truncation,audit/python,real,unspecified,decisions,2,15,2,0.1333,1.0,0.2353,270,322,1.19,0.0128350000068167,15
real_audit_persistence,naive_truncation,audit/python,real,unspecified,files,3,15,2,0.1333,0.6667,0.2222,270,322,1.19,0.0128350000068167,15
real_audit_persistence,naive_truncation,audit/python,real,unspecified,errors,1,15,1,0.0667,1.0,0.125,270,322,1.19,0.0128350000068167,15
real_audit_persistence,naive_summary,audit/python,real,unspecified,completed_tasks,3,10,0,0.0,0.0,0.0,178,322,1.81,0.043694000055438664,10
real_audit_persistence,naive_summary,audit/python,real,unspecified,pending_tasks,0,10,0,0.0,1.0,0.0,178,322,1.81,0.043694000055438664,10
real_audit_persistence,naive_summary,audit/python,real,unspecified,decisions,2,10,2,0.2,1.0,0.3333,178,322,1.81,0.043694000055438664,10
real_audit_persistence,naive_summary,audit/python,real,unspecified,files,3,10,1,0.1,0.3333,0.1538,178,322,1.81,0.043694000055438664,10
real_audit_persistence,naive_summary,audit/python,real,unspecified,errors,1,10,1,0.1,1.0,0.1818,178,322,1.81,0.043694000055438664,10
real_audit_security,tokenmizer_v0.5.2,audit/security,real,unspecified,completed_tasks,3,3,3,1.0,1.0,1.0,100,240,2.4,218.46433199993953,9
real_audit_security,tokenmizer_v0.5.2,audit/security,real,unspecified,decisions,3,3,3,1.0,1.0,1.0,100,240,2.4,218.46433199993953,9
real_audit_security,tokenmizer_v0.5.2,audit/security,real,unspecified,files,2,2,2,1.0,1.0,1.0,100,240,2.4,218.46433199993953,9
real_audit_security,tokenmizer_v0.5.2,audit/security,real,unspecified,errors,1,1,1,1.0,1.0,1.0,100,240,2.4,218.46433199993953,9
real_audit_security,graphiti_style,audit/security,real,unspecified,completed_tasks,3,3,1,0.3333,0.3333,0.3333,82,240,2.93,0.9590980000666605,9
real_audit_security,graphiti_style,audit/security,real,unspecified,decisions,3,4,3,0.75,1.0,0.8571,82,240,2.93,0.9590980000666605,9
real_audit_security,graphiti_style,audit/security,real,unspecified,files,2,2,2,1.0,1.0,1.0,82,240,2.93,0.9590980000666605,9
real_audit_security,graphiti_style,audit/security,real,unspecified,errors,1,0,0,1.0,0.0,0.0,82,240,2.93,0.9590980000666605,9
real_audit_security,graphrag_style,audit/security,real,unspecified,completed_tasks,3,2,1,0.5,0.3333,0.4,77,240,3.12,0.4406840000683587,8
real_audit_security,graphrag_style,audit/security,real,unspecified,decisions,3,4,3,0.75,1.0,0.8571,77,240,3.12,0.4406840000683587,8
real_audit_security,graphrag_style,audit/security,real,unspecified,files,2,2,2,1.0,1.0,1.0,77,240,3.12,0.4406840000683587,8
real_audit_security,graphrag_style,audit/security,real,unspecified,errors,1,0,0,1.0,0.0,0.0,77,240,3.12,0.4406840000683587,8
real_audit_security,mem0_style,audit/security,real,unspecified,completed_tasks,3,3,1,0.3333,0.3333,0.3333,81,240,2.96,0.8162970000284986,9
real_audit_security,mem0_style,audit/security,real,unspecified,decisions,3,4,3,0.75,1.0,0.8571,81,240,2.96,0.8162970000284986,9
real_audit_security,mem0_style,audit/security,real,unspecified,files,2,2,2,1.0,1.0,1.0,81,240,2.96,0.8162970000284986,9
real_audit_security,mem0_style,audit/security,real,unspecified,errors,1,0,0,1.0,0.0,0.0,81,240,2.96,0.8162970000284986,9
real_audit_security,memgpt_style,audit/security,real,unspecified,completed_tasks,3,3,1,0.3333,0.3333,0.3333,68,240,3.53,0.48149600002034276,8
real_audit_security,memgpt_style,audit/security,real,unspecified,decisions,3,3,2,0.6667,0.6667,0.6667,68,240,3.53,0.48149600002034276,8
real_audit_security,memgpt_style,audit/security,real,unspecified,files,2,2,2,1.0,1.0,1.0,68,240,3.53,0.48149600002034276,8
real_audit_security,memgpt_style,audit/security,real,unspecified,errors,1,0,0,1.0,0.0,0.0,68,240,3.53,0.48149600002034276,8
real_audit_security,sliding_window_10,audit/security,real,unspecified,completed_tasks,3,14,3,0.2143,1.0,0.3529,246,240,0.98,0.005367999960981251,14
real_audit_security,sliding_window_10,audit/security,real,unspecified,pending_tasks,0,14,0,0.0,1.0,0.0,246,240,0.98,0.005367999960981251,14
real_audit_security,sliding_window_10,audit/security,real,unspecified,decisions,3,14,3,0.2143,1.0,0.3529,246,240,0.98,0.005367999960981251,14
real_audit_security,sliding_window_10,audit/security,real,unspecified,files,2,14,2,0.1429,1.0,0.25,246,240,0.98,0.005367999960981251,14
real_audit_security,sliding_window_10,audit/security,real,unspecified,errors,1,14,1,0.0714,1.0,0.1333,246,240,0.98,0.005367999960981251,14
real_audit_security,naive_truncation,audit/security,real,unspecified,completed_tasks,3,14,3,0.2143,1.0,0.3529,246,240,0.98,0.01689099997292942,14
real_audit_security,naive_truncation,audit/security,real,unspecified,pending_tasks,0,14,0,0.0,1.0,0.0,246,240,0.98,0.01689099997292942,14
real_audit_security,naive_truncation,audit/security,real,unspecified,decisions,3,14,3,0.2143,1.0,0.3529,246,240,0.98,0.01689099997292942,14
real_audit_security,naive_truncation,audit/security,real,unspecified,files,2,14,2,0.1429,1.0,0.25,246,240,0.98,0.01689099997292942,14
real_audit_security,naive_truncation,audit/security,real,unspecified,errors,1,14,1,0.0714,1.0,0.1333,246,240,0.98,0.01689099997292942,14
real_audit_security,naive_summary,audit/security,real,unspecified,completed_tasks,3,11,1,0.0909,0.3333,0.1429,187,240,1.28,0.03341600006478984,11
real_audit_security,naive_summary,audit/security,real,unspecified,pending_tasks,0,11,0,0.0,1.0,0.0,187,240,1.28,0.03341600006478984,11
real_audit_security,naive_summary,audit/security,real,unspecified,decisions,3,11,3,0.2727,1.0,0.4286,187,240,1.28,0.03341600006478984,11
real_audit_security,naive_summary,audit/security,real,unspecified,files,2,11,1,0.0909,0.5,0.1538,187,240,1.28,0.03341600006478984,11
real_audit_security,naive_summary,audit/security,real,unspecified,errors,1,11,1,0.0909,1.0,0.1667,187,240,1.28,0.03341600006478984,11
real_audit_tokenizer,tokenmizer_v0.5.2,audit/infra,real,unspecified,completed_tasks,0,1,0,0.0,1.0,0.0,86,213,2.48,226.42181799994887,8
real_audit_tokenizer,tokenmizer_v0.5.2,audit/infra,real,unspecified,pending_tasks,1,0,0,1.0,0.0,0.0,86,213,2.48,226.42181799994887,8
real_audit_tokenizer,tokenmizer_v0.5.2,audit/infra,real,unspecified,decisions,2,2,2,1.0,1.0,1.0,86,213,2.48,226.42181799994887,8
real_audit_tokenizer,tokenmizer_v0.5.2,audit/infra,real,unspecified,files,2,2,2,1.0,1.0,1.0,86,213,2.48,226.42181799994887,8
real_audit_tokenizer,tokenmizer_v0.5.2,audit/infra,real,unspecified,errors,3,3,3,1.0,1.0,1.0,86,213,2.48,226.42181799994887,8
real_audit_tokenizer,graphiti_style,audit/infra,real,unspecified,completed_tasks,0,1,0,0.0,1.0,0.0,118,213,1.81,0.8410840000578901,7
real_audit_tokenizer,graphiti_style,audit/infra,real,unspecified,pending_tasks,1,1,1,1.0,1.0,1.0,118,213,1.81,0.8410840000578901,7
real_audit_tokenizer,graphiti_style,audit/infra,real,unspecified,decisions,2,3,2,0.6667,1.0,0.8,118,213,1.81,0.8410840000578901,7
real_audit_tokenizer,graphiti_style,audit/infra,real,unspecified,files,2,1,1,1.0,0.5,0.6667,118,213,1.81,0.8410840000578901,7
real_audit_tokenizer,graphiti_style,audit/infra,real,unspecified,errors,3,1,0,0.0,0.0,0.0,118,213,1.81,0.8410840000578901,7
real_audit_tokenizer,graphrag_style,audit/infra,real,unspecified,pending_tasks,1,0,0,1.0,0.0,0.0,105,213,2.03,0.452526999993097,8
real_audit_tokenizer,graphrag_style,audit/infra,real,unspecified,decisions,2,3,2,0.6667,1.0,0.8,105,213,2.03,0.452526999993097,8
real_audit_tokenizer,graphrag_style,audit/infra,real,unspecified,files,2,1,1,1.0,0.5,0.6667,105,213,2.03,0.452526999993097,8
real_audit_tokenizer,graphrag_style,audit/infra,real,unspecified,errors,3,4,1,0.25,0.3333,0.2857,105,213,2.03,0.452526999993097,8
real_audit_tokenizer,mem0_style,audit/infra,real,unspecified,completed_tasks,0,1,0,0.0,1.0,0.0,117,213,1.82,0.7316639999999097,7
real_audit_tokenizer,mem0_style,audit/infra,real,unspecified,pending_tasks,1,1,1,1.0,1.0,1.0,117,213,1.82,0.7316639999999097,7
real_audit_tokenizer,mem0_style,audit/infra,real,unspecified,decisions,2,3,2,0.6667,1.0,0.8,117,213,1.82,0.7316639999999097,7
real_audit_tokenizer,mem0_style,audit/infra,real,unspecified,files,2,1,1,1.0,0.5,0.6667,117,213,1.82,0.7316639999999097,7
real_audit_tokenizer,mem0_style,audit/infra,real,unspecified,errors,3,1,0,0.0,0.0,0.0,117,213,1.82,0.7316639999999097,7
real_audit_tokenizer,memgpt_style,audit/infra,real,unspecified,completed_tasks,0,1,0,0.0,1.0,0.0,97,213,2.2,0.652576999982557,6
real_audit_tokenizer,memgpt_style,audit/infra,real,unspecified,pending_tasks,1,1,1,1.0,1.0,1.0,97,213,2.2,0.652576999982557,6
real_audit_tokenizer,memgpt_style,audit/infra,real,unspecified,decisions,2,2,2,1.0,1.0,1.0,97,213,2.2,0.652576999982557,6
real_audit_tokenizer,memgpt_style,audit/infra,real,unspecified,files,2,1,1,1.0,0.5,0.6667,97,213,2.2,0.652576999982557,6
real_audit_tokenizer,memgpt_style,audit/infra,real,unspecified,errors,3,1,0,0.0,0.0,0.0,97,213,2.2,0.652576999982557,6
real_audit_tokenizer,sliding_window_10,audit/infra,real,unspecified,completed_tasks,0,13,0,0.0,1.0,0.0,218,213,0.98,0.004863999947701814,13
real_audit_tokenizer,sliding_window_10,audit/infra,real,unspecified,pending_tasks,1,13,1,0.0769,1.0,0.1429,218,213,0.98,0.004863999947701814,13
real_audit_tokenizer,sliding_window_10,audit/infra,real,unspecified,decisions,2,13,2,0.1538,1.0,0.2667,218,213,0.98,0.004863999947701814,13
real_audit_tokenizer,sliding_window_10,audit/infra,real,unspecified,files,2,13,2,0.1538,1.0,0.2667,218,213,0.98,0.004863999947701814,13
real_audit_tokenizer,sliding_window_10,audit/infra,real,unspecified,errors,3,13,3,0.2308,1.0,0.375,218,213,0.98,0.004863999947701814,13
real_audit_tokenizer,naive_truncation,audit/infra,real,unspecified,completed_tasks,0,13,0,0.0,1.0,0.0,218,213,0.98,0.011099999937869143,13
real_audit_tokenizer,naive_truncation,audit/infra,real,unspecified,pending_tasks,1,13,1,0.0769,1.0,0.1429,218,213,0.98,0.011099999937869143,13
real_audit_tokenizer,naive_truncation,audit/infra,real,unspecified,decisions,2,13,2,0.1538,1.0,0.2667,218,213,0.98,0.011099999937869143,13
real_audit_tokenizer,naive_truncation,audit/infra,real,unspecified,files,2,13,2,0.1538,1.0,0.2667,218,213,0.98,0.011099999937869143,13
real_audit_tokenizer,naive_truncation,audit/infra,real,unspecified,errors,3,13,3,0.2308,1.0,0.375,218,213,0.98,0.011099999937869143,13
real_audit_tokenizer,naive_summary,audit/infra,real,unspecified,completed_tasks,0,11,0,0.0,1.0,0.0,178,213,1.2,0.0416000000313943,11
real_audit_tokenizer,naive_summary,audit/infra,real,unspecified,pending_tasks,1,11,0,0.0,0.0,0.0,178,213,1.2,0.0416000000313943,11
real_audit_tokenizer,naive_summary,audit/infra,real,unspecified,decisions,2,11,1,0.0909,0.5,0.1538,178,213,1.2,0.0416000000313943,11
real_audit_tokenizer,naive_summary,audit/infra,real,unspecified,files,2,11,1,0.0909,0.5,0.1538,178,213,1.2,0.0416000000313943,11
real_audit_tokenizer,naive_summary,audit/infra,real,unspecified,errors,3,11,3,0.2727,1.0,0.4286,178,213,1.2,0.0416000000313943,11
rust_cli,tokenmizer_v0.5.2,systems/rust,synthetic,unspecified,completed_tasks,3,3,3,1.0,1.0,1.0,95,148,1.56,223.06856900002003,10
rust_cli,tokenmizer_v0.5.2,systems/rust,synthetic,unspecified,pending_tasks,1,1,1,1.0,1.0,1.0,95,148,1.56,223.06856900002003,10
rust_cli,tokenmizer_v0.5.2,systems/rust,synthetic,unspecified,decisions,3,2,3,1.0,1.0,1.0,95,148,1.56,223.06856900002003,10
rust_cli,tokenmizer_v0.5.2,systems/rust,synthetic,unspecified,files,3,3,3,1.0,1.0,1.0,95,148,1.56,223.06856900002003,10
rust_cli,tokenmizer_v0.5.2,systems/rust,synthetic,unspecified,errors,1,1,1,1.0,1.0,1.0,95,148,1.56,223.06856900002003,10
rust_cli,graphiti_style,systems/rust,synthetic,unspecified,completed_tasks,3,4,2,0.5,0.6667,0.5714,109,148,1.36,0.5417659999693569,12
rust_cli,graphiti_style,systems/rust,synthetic,unspecified,pending_tasks,1,1,1,1.0,1.0,1.0,109,148,1.36,0.5417659999693569,12
rust_cli,graphiti_style,systems/rust,synthetic,unspecified,decisions,3,2,3,1.0,1.0,1.0,109,148,1.36,0.5417659999693569,12
rust_cli,graphiti_style,systems/rust,synthetic,unspecified,files,3,3,3,1.0,1.0,1.0,109,148,1.36,0.5417659999693569,12
rust_cli,graphiti_style,systems/rust,synthetic,unspecified,errors,1,2,0,0.0,0.0,0.0,109,148,1.36,0.5417659999693569,12
rust_cli,graphrag_style,systems/rust,synthetic,unspecified,completed_tasks,3,1,0,0.0,0.0,0.0,68,148,2.18,0.28091600006519,8
rust_cli,graphrag_style,systems/rust,synthetic,unspecified,pending_tasks,1,0,0,1.0,0.0,0.0,68,148,2.18,0.28091600006519,8
rust_cli,graphrag_style,systems/rust,synthetic,unspecified,decisions,3,2,3,1.0,1.0,1.0,68,148,2.18,0.28091600006519,8
rust_cli,graphrag_style,systems/rust,synthetic,unspecified,files,3,3,3,1.0,1.0,1.0,68,148,2.18,0.28091600006519,8
rust_cli,graphrag_style,systems/rust,synthetic,unspecified,errors,1,2,0,0.0,0.0,0.0,68,148,2.18,0.28091600006519,8
rust_cli,mem0_style,systems/rust,synthetic,unspecified,completed_tasks,3,4,2,0.5,0.6667,0.5714,108,148,1.37,0.5843630000299527,12
rust_cli,mem0_style,systems/rust,synthetic,unspecified,pending_tasks,1,1,1,1.0,1.0,1.0,108,148,1.37,0.5843630000299527,12
rust_cli,mem0_style,systems/rust,synthetic,unspecified,decisions,3,2,3,1.0,1.0,1.0,108,148,1.37,0.5843630000299527,12
rust_cli,mem0_style,systems/rust,synthetic,unspecified,files,3,3,3,1.0,1.0,1.0,108,148,1.37,0.5843630000299527,12
rust_cli,mem0_style,systems/rust,synthetic,unspecified,errors,1,2,0,0.0,0.0,0.0,108,148,1.37,0.5843630000299527,12
rust_cli,memgpt_style,systems/rust,synthetic,unspecified,completed_tasks,3,3,2,0.6667,0.6667,0.6667,80,148,1.85,0.39470100000471575,7
rust_cli,memgpt_style,systems/rust,synthetic,unspecified,pending_tasks,1,1,1,1.0,1.0,1.0,80,148,1.85,0.39470100000471575,7
rust_cli,memgpt_style,systems/rust,synthetic,unspecified,decisions,3,1,1,1.0,0.3333,0.5,80,148,1.85,0.39470100000471575,7
rust_cli,memgpt_style,systems/rust,synthetic,unspecified,files,3,1,1,1.0,0.3333,0.5,80,148,1.85,0.39470100000471575,7
rust_cli,memgpt_style,systems/rust,synthetic,unspecified,errors,1,1,0,0.0,0.0,0.0,80,148,1.85,0.39470100000471575,7
rust_cli,sliding_window_10,systems/rust,synthetic,unspecified,completed_tasks,3,9,3,0.4444,1.0,0.6154,151,148,0.98,0.003960000071856484,9
rust_cli,sliding_window_10,systems/rust,synthetic,unspecified,pending_tasks,1,9,1,0.1111,1.0,0.2,151,148,0.98,0.003960000071856484,9
rust_cli,sliding_window_10,systems/rust,synthetic,unspecified,decisions,3,9,3,0.2222,1.0,0.3636,151,148,0.98,0.003960000071856484,9
rust_cli,sliding_window_10,systems/rust,synthetic,unspecified,files,3,9,3,0.3333,1.0,0.5,151,148,0.98,0.003960000071856484,9
rust_cli,sliding_window_10,systems/rust,synthetic,unspecified,errors,1,9,1,0.1111,1.0,0.2,151,148,0.98,0.003960000071856484,9
rust_cli,naive_truncation,systems/rust,synthetic,unspecified,completed_tasks,3,9,3,0.4444,1.0,0.6154,151,148,0.98,0.010556000006545219,9
rust_cli,naive_truncation,systems/rust,synthetic,unspecified,pending_tasks,1,9,1,0.1111,1.0,0.2,151,148,0.98,0.010556000006545219,9
rust_cli,naive_truncation,systems/rust,synthetic,unspecified,decisions,3,9,3,0.2222,1.0,0.3636,151,148,0.98,0.010556000006545219,9
rust_cli,naive_truncation,systems/rust,synthetic,unspecified,files,3,9,3,0.3333,1.0,0.5,151,148,0.98,0.010556000006545219,9
rust_cli,naive_truncation,systems/rust,synthetic,unspecified,errors,1,9,1,0.1111,1.0,0.2,151,148,0.98,0.010556000006545219,9
rust_cli,naive_summary,systems/rust,synthetic,unspecified,completed_tasks,3,9,3,0.4444,1.0,0.6154,151,148,0.98,0.019790999999713677,9
rust_cli,naive_summary,systems/rust,synthetic,unspecified,pending_tasks,1,9,1,0.1111,1.0,0.2,151,148,0.98,0.019790999999713677,9
rust_cli,naive_summary,systems/rust,synthetic,unspecified,decisions,3,9,3,0.2222,1.0,0.3636,151,148,0.98,0.019790999999713677,9
rust_cli,naive_summary,systems/rust,synthetic,unspecified,files,3,9,3,0.3333,1.0,0.5,151,148,0.98,0.019790999999713677,9
rust_cli,naive_summary,systems/rust,synthetic,unspecified,errors,1,9,1,0.1111,1.0,0.2,151,148,0.98,0.019790999999713677,9
