session_id,method,domain,origin,register,category,expected,extracted,true_positives,precision,recall,f1,resume_tokens,total_tokens,compression_ratio,extract_ms,node_count
data_migration,tokenmizer_v0.5.2,data/sql,synthetic,unspecified,completed_tasks,2,2,2,1.0,1.0,1.0,137,178,1.3,232.99096899972938,13
data_migration,tokenmizer_v0.5.2,data/sql,synthetic,unspecified,pending_tasks,1,1,1,1.0,1.0,1.0,137,178,1.3,232.99096899972938,13
data_migration,tokenmizer_v0.5.2,data/sql,synthetic,unspecified,decisions,4,4,4,1.0,1.0,1.0,137,178,1.3,232.99096899972938,13
data_migration,tokenmizer_v0.5.2,data/sql,synthetic,unspecified,files,4,4,4,1.0,1.0,1.0,137,178,1.3,232.99096899972938,13
data_migration,tokenmizer_v0.5.2,data/sql,synthetic,unspecified,errors,1,2,1,0.5,1.0,0.6667,137,178,1.3,232.99096899972938,13
data_migration,graphiti_style,data/sql,synthetic,unspecified,completed_tasks,2,5,2,0.4,1.0,0.5714,137,178,1.3,0.5647930001941859,17
data_migration,graphiti_style,data/sql,synthetic,unspecified,pending_tasks,1,3,1,0.3333,1.0,0.5,137,178,1.3,0.5647930001941859,17
data_migration,graphiti_style,data/sql,synthetic,unspecified,decisions,4,5,4,1.0,1.0,1.0,137,178,1.3,0.5647930001941859,17
data_migration,graphiti_style,data/sql,synthetic,unspecified,files,4,4,4,1.0,1.0,1.0,137,178,1.3,0.5647930001941859,17
data_migration,graphiti_style,data/sql,synthetic,unspecified,errors,1,0,0,1.0,0.0,0.0,137,178,1.3,0.5647930001941859,17
data_migration,graphrag_style,data/sql,synthetic,unspecified,completed_tasks,2,1,1,1.0,0.5,0.6667,73,178,2.44,0.450985000043147,10
data_migration,graphrag_style,data/sql,synthetic,unspecified,pending_tasks,1,0,0,1.0,0.0,0.0,73,178,2.44,0.450985000043147,10
data_migration,graphrag_style,data/sql,synthetic,unspecified,decisions,4,5,4,1.0,1.0,1.0,73,178,2.44,0.450985000043147,10
data_migration,graphrag_style,data/sql,synthetic,unspecified,files,4,4,4,1.0,1.0,1.0,73,178,2.44,0.450985000043147,10
data_migration,graphrag_style,data/sql,synthetic,unspecified,errors,1,0,0,1.0,0.0,0.0,73,178,2.44,0.450985000043147,10
data_migration,mem0_style,data/sql,synthetic,unspecified,completed_tasks,2,4,2,0.5,1.0,0.6667,129,178,1.38,0.5114430000503489,15
data_migration,mem0_style,data/sql,synthetic,unspecified,pending_tasks,1,3,1,0.3333,1.0,0.5,129,178,1.38,0.5114430000503489,15
data_migration,mem0_style,data/sql,synthetic,unspecified,decisions,4,4,4,1.0,1.0,1.0,129,178,1.38,0.5114430000503489,15
data_migration,mem0_style,data/sql,synthetic,unspecified,files,4,4,4,1.0,1.0,1.0,129,178,1.38,0.5114430000503489,15
data_migration,mem0_style,data/sql,synthetic,unspecified,errors,1,0,0,1.0,0.0,0.0,129,178,1.38,0.5114430000503489,15
data_migration,memgpt_style,data/sql,synthetic,unspecified,completed_tasks,2,3,2,0.6667,1.0,0.8,79,178,2.25,0.21149200028958148,10
data_migration,memgpt_style,data/sql,synthetic,unspecified,pending_tasks,1,2,1,0.5,1.0,0.6667,79,178,2.25,0.21149200028958148,10
data_migration,memgpt_style,data/sql,synthetic,unspecified,decisions,4,2,1,1.0,0.25,0.4,79,178,2.25,0.21149200028958148,10
data_migration,memgpt_style,data/sql,synthetic,unspecified,files,4,3,3,1.0,0.75,0.8571,79,178,2.25,0.21149200028958148,10
data_migration,memgpt_style,data/sql,synthetic,unspecified,errors,1,0,0,1.0,0.0,0.0,79,178,2.25,0.21149200028958148,10
data_migration,sliding_window_10,data/sql,synthetic,unspecified,completed_tasks,2,14,2,0.1429,1.0,0.25,183,178,0.97,0.003766000190807972,14
data_migration,sliding_window_10,data/sql,synthetic,unspecified,pending_tasks,1,14,1,0.0714,1.0,0.1333,183,178,0.97,0.003766000190807972,14
data_migration,sliding_window_10,data/sql,synthetic,unspecified,decisions,4,14,4,0.3571,1.0,0.5263,183,178,0.97,0.003766000190807972,14
data_migration,sliding_window_10,data/sql,synthetic,unspecified,files,4,14,4,0.3571,1.0,0.5263,183,178,0.97,0.003766000190807972,14
data_migration,sliding_window_10,data/sql,synthetic,unspecified,errors,1,14,1,0.0714,1.0,0.1333,183,178,0.97,0.003766000190807972,14
data_migration,naive_truncation,data/sql,synthetic,unspecified,completed_tasks,2,14,2,0.1429,1.0,0.25,183,178,0.97,0.01231399983225856,14
data_migration,naive_truncation,data/sql,synthetic,unspecified,pending_tasks,1,14,1,0.0714,1.0,0.1333,183,178,0.97,0.01231399983225856,14
data_migration,naive_truncation,data/sql,synthetic,unspecified,decisions,4,14,4,0.3571,1.0,0.5263,183,178,0.97,0.01231399983225856,14
data_migration,naive_truncation,data/sql,synthetic,unspecified,files,4,14,4,0.3571,1.0,0.5263,183,178,0.97,0.01231399983225856,14
data_migration,naive_truncation,data/sql,synthetic,unspecified,errors,1,14,1,0.0714,1.0,0.1333,183,178,0.97,0.01231399983225856,14
data_migration,naive_summary,data/sql,synthetic,unspecified,completed_tasks,2,14,2,0.1429,1.0,0.25,183,178,0.97,0.02364900001339265,14
data_migration,naive_summary,data/sql,synthetic,unspecified,pending_tasks,1,14,1,0.0714,1.0,0.1333,183,178,0.97,0.02364900001339265,14
data_migration,naive_summary,data/sql,synthetic,unspecified,decisions,4,14,4,0.3571,1.0,0.5263,183,178,0.97,0.02364900001339265,14
data_migration,naive_summary,data/sql,synthetic,unspecified,files,4,14,4,0.3571,1.0,0.5263,183,178,0.97,0.02364900001339265,14
data_migration,naive_summary,data/sql,synthetic,unspecified,errors,1,14,1,0.0714,1.0,0.1333,183,178,0.97,0.02364900001339265,14
fastapi_auth,tokenmizer_v0.5.2,backend/python,synthetic,unspecified,completed_tasks,7,7,7,1.0,1.0,1.0,184,347,1.89,222.61718899972038,22
fastapi_auth,tokenmizer_v0.5.2,backend/python,synthetic,unspecified,pending_tasks,3,3,3,1.0,1.0,1.0,184,347,1.89,222.61718899972038,22
fastapi_auth,tokenmizer_v0.5.2,backend/python,synthetic,unspecified,decisions,5,5,5,1.0,1.0,1.0,184,347,1.89,222.61718899972038,22
fastapi_auth,tokenmizer_v0.5.2,backend/python,synthetic,unspecified,files,6,6,6,1.0,1.0,1.0,184,347,1.89,222.61718899972038,22
fastapi_auth,tokenmizer_v0.5.2,backend/python,synthetic,unspecified,errors,2,1,2,1.0,1.0,1.0,184,347,1.89,222.61718899972038,22
fastapi_auth,graphiti_style,backend/python,synthetic,unspecified,completed_tasks,7,7,6,0.5714,0.8571,0.6857,177,347,1.96,0.9396730001753895,23
fastapi_auth,graphiti_style,backend/python,synthetic,unspecified,pending_tasks,3,4,2,0.5,0.6667,0.5714,177,347,1.96,0.9396730001753895,23
fastapi_auth,graphiti_style,backend/python,synthetic,unspecified,decisions,5,5,2,0.4,0.4,0.4,177,347,1.96,0.9396730001753895,23
fastapi_auth,graphiti_style,backend/python,synthetic,unspecified,files,6,6,6,1.0,1.0,1.0,177,347,1.96,0.9396730001753895,23
fastapi_auth,graphiti_style,backend/python,synthetic,unspecified,errors,2,1,1,1.0,0.5,0.6667,177,347,1.96,0.9396730001753895,23
fastapi_auth,graphrag_style,backend/python,synthetic,unspecified,completed_tasks,7,2,2,1.0,0.2857,0.4444,109,347,3.18,0.6636279999838735,15
fastapi_auth,graphrag_style,backend/python,synthetic,unspecified,pending_tasks,3,0,0,1.0,0.0,0.0,109,347,3.18,0.6636279999838735,15
fastapi_auth,graphrag_style,backend/python,synthetic,unspecified,decisions,5,6,3,0.6667,0.6,0.6316,109,347,3.18,0.6636279999838735,15
fastapi_auth,graphrag_style,backend/python,synthetic,unspecified,files,6,6,6,1.0,1.0,1.0,109,347,3.18,0.6636279999838735,15
fastapi_auth,graphrag_style,backend/python,synthetic,unspecified,errors,2,1,1,1.0,0.5,0.6667,109,347,3.18,0.6636279999838735,15
fastapi_auth,mem0_style,backend/python,synthetic,unspecified,completed_tasks,7,6,5,0.5,0.7143,0.5882,154,347,2.25,0.9944159996848612,21
fastapi_auth,mem0_style,backend/python,synthetic,unspecified,pending_tasks,3,4,2,0.5,0.6667,0.5714,154,347,2.25,0.9944159996848612,21
fastapi_auth,mem0_style,backend/python,synthetic,unspecified,decisions,5,4,1,0.25,0.2,0.2222,154,347,2.25,0.9944159996848612,21
fastapi_auth,mem0_style,backend/python,synthetic,unspecified,files,6,6,6,1.0,1.0,1.0,154,347,2.25,0.9944159996848612,21
fastapi_auth,mem0_style,backend/python,synthetic,unspecified,errors,2,1,1,1.0,0.5,0.6667,154,347,2.25,0.9944159996848612,21
fastapi_auth,memgpt_style,backend/python,synthetic,unspecified,completed_tasks,7,1,0,0.0,0.0,0.0,82,347,4.23,0.3857329998027126,12
fastapi_auth,memgpt_style,backend/python,synthetic,unspecified,pending_tasks,3,4,2,0.5,0.6667,0.5714,82,347,4.23,0.3857329998027126,12
fastapi_auth,memgpt_style,backend/python,synthetic,unspecified,decisions,5,3,1,0.3333,0.2,0.25,82,347,4.23,0.3857329998027126,12
fastapi_auth,memgpt_style,backend/python,synthetic,unspecified,files,6,4,4,1.0,0.6667,0.8,82,347,4.23,0.3857329998027126,12
fastapi_auth,memgpt_style,backend/python,synthetic,unspecified,errors,2,0,0,1.0,0.0,0.0,82,347,4.23,0.3857329998027126,12
fastapi_auth,sliding_window_10,backend/python,synthetic,unspecified,completed_tasks,7,13,2,0.1538,0.2857,0.2,204,347,1.7,0.0035719999686989468,13
fastapi_auth,sliding_window_10,backend/python,synthetic,unspecified,pending_tasks,3,13,3,0.3077,1.0,0.4706,204,347,1.7,0.0035719999686989468,13
fastapi_auth,sliding_window_10,backend/python,synthetic,unspecified,decisions,5,13,1,0.0769,0.2,0.1111,204,347,1.7,0.0035719999686989468,13
fastapi_auth,sliding_window_10,backend/python,synthetic,unspecified,files,6,13,5,0.3846,0.8333,0.5263,204,347,1.7,0.0035719999686989468,13
fastapi_auth,sliding_window_10,backend/python,synthetic,unspecified,errors,2,13,2,0.0769,1.0,0.1429,204,347,1.7,0.0035719999686989468,13
fastapi_auth,naive_truncation,backend/python,synthetic,unspecified,completed_tasks,7,17,7,0.2353,1.0,0.381,306,347,1.13,0.01600500036147423,17
fastapi_auth,naive_truncation,backend/python,synthetic,unspecified,pending_tasks,3,17,3,0.2353,1.0,0.381,306,347,1.13,0.01600500036147423,17
fastapi_auth,naive_truncation,backend/python,synthetic,unspecified,decisions,5,17,4,0.2353,0.8,0.3636,306,347,1.13,0.01600500036147423,17
fastapi_auth,naive_truncation,backend/python,synthetic,unspecified,files,6,17,5,0.4118,0.8333,0.5512,306,347,1.13,0.01600500036147423,17
fastapi_auth,naive_truncation,backend/python,synthetic,unspecified,errors,2,17,2,0.0588,1.0,0.1111,306,347,1.13,0.01600500036147423,17
fastapi_auth,naive_summary,backend/python,synthetic,unspecified,completed_tasks,7,11,6,0.3636,0.8571,0.5106,234,347,1.48,0.0374500000361877,11
fastapi_auth,naive_summary,backend/python,synthetic,unspecified,pending_tasks,3,11,2,0.2727,0.6667,0.3871,234,347,1.48,0.0374500000361877,11
fastapi_auth,naive_summary,backend/python,synthetic,unspecified,decisions,5,11,5,0.4545,1.0,0.625,234,347,1.48,0.0374500000361877,11
fastapi_auth,naive_summary,backend/python,synthetic,unspecified,files,6,11,5,0.4545,0.8333,0.5882,234,347,1.48,0.0374500000361877,11
fastapi_auth,naive_summary,backend/python,synthetic,unspecified,errors,2,11,2,0.0909,1.0,0.1667,234,347,1.48,0.0374500000361877,11
flaky_ci,tokenmizer_v0.5.2,devops/ci,synthetic,unspecified,completed_tasks,3,3,3,1.0,1.0,1.0,98,169,1.72,247.63143599966497,11
flaky_ci,tokenmizer_v0.5.2,devops/ci,synthetic,unspecified,pending_tasks,1,1,1,1.0,1.0,1.0,98,169,1.72,247.63143599966497,11
flaky_ci,tokenmizer_v0.5.2,devops/ci,synthetic,unspecified,files,2,2,2,1.0,1.0,1.0,98,169,1.72,247.63143599966497,11
flaky_ci,tokenmizer_v0.5.2,devops/ci,synthetic,unspecified,errors,4,5,4,1.0,1.0,1.0,98,169,1.72,247.63143599966497,11
flaky_ci,graphiti_style,devops/ci,synthetic,unspecified,completed_tasks,3,4,3,0.75,1.0,0.8571,81,169,2.09,0.5431239997051307,7
flaky_ci,graphiti_style,devops/ci,synthetic,unspecified,pending_tasks,1,1,1,1.0,1.0,1.0,81,169,2.09,0.5431239997051307,7
flaky_ci,graphiti_style,devops/ci,synthetic,unspecified,files,2,2,2,1.0,1.0,1.0,81,169,2.09,0.5431239997051307,7
flaky_ci,graphiti_style,devops/ci,synthetic,unspecified,errors,4,0,0,1.0,0.0,0.0,81,169,2.09,0.5431239997051307,7
flaky_ci,graphrag_style,devops/ci,synthetic,unspecified,completed_tasks,3,0,0,1.0,0.0,0.0,39,169,4.33,0.27538499989532284,3
flaky_ci,graphrag_style,devops/ci,synthetic,unspecified,pending_tasks,1,0,0,1.0,0.0,0.0,39,169,4.33,0.27538499989532284,3
flaky_ci,graphrag_style,devops/ci,synthetic,unspecified,files,2,2,2,1.0,1.0,1.0,39,169,4.33,0.27538499989532284,3
flaky_ci,graphrag_style,devops/ci,synthetic,unspecified,errors,4,1,2,1.0,0.5,0.6667,39,169,4.33,0.27538499989532284,3
flaky_ci,mem0_style,devops/ci,synthetic,unspecified,completed_tasks,3,3,3,1.0,1.0,1.0,76,169,2.22,0.40476300000591436,6
flaky_ci,mem0_style,devops/ci,synthetic,unspecified,pending_tasks,1,1,1,1.0,1.0,1.0,76,169,2.22,0.40476300000591436,6
flaky_ci,mem0_style,devops/ci,synthetic,unspecified,files,2,2,2,1.0,1.0,1.0,76,169,2.22,0.40476300000591436,6
flaky_ci,mem0_style,devops/ci,synthetic,unspecified,errors,4,0,0,1.0,0.0,0.0,76,169,2.22,0.40476300000591436,6
flaky_ci,memgpt_style,devops/ci,synthetic,unspecified,completed_tasks,3,4,3,0.75,1.0,0.8571,81,169,2.09,0.2934799999820825,7
flaky_ci,memgpt_style,devops/ci,synthetic,unspecified,pending_tasks,1,1,1,1.0,1.0,1.0,81,169,2.09,0.2934799999820825,7
flaky_ci,memgpt_style,devops/ci,synthetic,unspecified,files,2,2,2,1.0,1.0,1.0,81,169,2.09,0.2934799999820825,7
flaky_ci,memgpt_style,devops/ci,synthetic,unspecified,errors,4,0,0,1.0,0.0,0.0,81,169,2.09,0.2934799999820825,7
flaky_ci,sliding_window_10,devops/ci,synthetic,unspecified,completed_tasks,3,11,3,0.3636,1.0,0.5333,172,169,0.98,0.004301999979361426,11
flaky_ci,sliding_window_10,devops/ci,synthetic,unspecified,pending_tasks,1,11,1,0.0909,1.0,0.1667,172,169,0.98,0.004301999979361426,11
flaky_ci,sliding_window_10,devops/ci,synthetic,unspecified,decisions,0,11,0,0.0,1.0,0.0,172,169,0.98,0.004301999979361426,11
flaky_ci,sliding_window_10,devops/ci,synthetic,unspecified,files,2,11,2,0.3636,1.0,0.5333,172,169,0.98,0.004301999979361426,11
flaky_ci,sliding_window_10,devops/ci,synthetic,unspecified,errors,4,11,4,0.4545,1.0,0.625,172,169,0.98,0.004301999979361426,11
flaky_ci,naive_truncation,devops/ci,synthetic,unspecified,completed_tasks,3,11,3,0.3636,1.0,0.5333,172,169,0.98,0.009867000244412338,11
flaky_ci,naive_truncation,devops/ci,synthetic,unspecified,pending_tasks,1,11,1,0.0909,1.0,0.1667,172,169,0.98,0.009867000244412338,11
flaky_ci,naive_truncation,devops/ci,synthetic,unspecified,decisions,0,11,0,0.0,1.0,0.0,172,169,0.98,0.009867000244412338,11
flaky_ci,naive_truncation,devops/ci,synthetic,unspecified,files,2,11,2,0.3636,1.0,0.5333,172,169,0.98,0.009867000244412338,11
flaky_ci,naive_truncation,devops/ci,synthetic,unspecified,errors,4,11,4,0.4545,1.0,0.625,172,169,0.98,0.009867000244412338,11
flaky_ci,naive_summary,devops/ci,synthetic,unspecified,completed_tasks,3,11,3,0.3636,1.0,0.5333,172,169,0.98,0.03494299971862347,11
flaky_ci,naive_summary,devops/ci,synthetic,unspecified,pending_tasks,1,11,1,0.0909,1.0,0.1667,172,169,0.98,0.03494299971862347,11
flaky_ci,naive_summary,devops/ci,synthetic,unspecified,decisions,0,11,0,0.0,1.0,0.0,172,169,0.98,0.03494299971862347,11
flaky_ci,naive_summary,devops/ci,synthetic,unspecified,files,2,11,2,0.3636,1.0,0.5333,172,169,0.98,0.03494299971862347,11
flaky_ci,naive_summary,devops/ci,synthetic,unspecified,errors,4,11,4,0.4545,1.0,0.625,172,169,0.98,0.03494299971862347,11
frontend_perf,tokenmizer_v0.5.2,frontend/react,synthetic,unspecified,completed_tasks,1,1,1,1.0,1.0,1.0,74,150,2.03,212.65278300006685,9
frontend_perf,tokenmizer_v0.5.2,frontend/react,synthetic,unspecified,pending_tasks,1,1,1,1.0,1.0,1.0,74,150,2.03,212.65278300006685,9
frontend_perf,tokenmizer_v0.5.2,frontend/react,synthetic,unspecified,decisions,2,2,2,1.0,1.0,1.0,74,150,2.03,212.65278300006685,9
frontend_perf,tokenmizer_v0.5.2,frontend/react,synthetic,unspecified,files,5,5,5,1.0,1.0,1.0,74,150,2.03,212.65278300006685,9
frontend_perf,graphiti_style,frontend/react,synthetic,unspecified,completed_tasks,1,3,1,0.3333,1.0,0.5,74,150,2.03,0.4508160000114003,11
frontend_perf,graphiti_style,frontend/react,synthetic,unspecified,pending_tasks,1,1,1,1.0,1.0,1.0,74,150,2.03,0.4508160000114003,11
frontend_perf,graphiti_style,frontend/react,synthetic,unspecified,decisions,2,2,2,1.0,1.0,1.0,74,150,2.03,0.4508160000114003,11
frontend_perf,graphiti_style,frontend/react,synthetic,unspecified,files,5,5,1,0.2,0.2,0.2,74,150,2.03,0.4508160000114003,11
frontend_perf,graphrag_style,frontend/react,synthetic,unspecified,completed_tasks,1,1,1,1.0,1.0,1.0,74,150,2.03,0.31438699988939334,8
frontend_perf,graphrag_style,frontend/react,synthetic,unspecified,pending_tasks,1,0,0,1.0,0.0,0.0,74,150,2.03,0.31438699988939334,8
frontend_perf,graphrag_style,frontend/react,synthetic,unspecified,decisions,2,2,2,1.0,1.0,1.0,74,150,2.03,0.31438699988939334,8
frontend_perf,graphrag_style,frontend/react,synthetic,unspecified,files,5,5,1,0.2,0.2,0.2,74,150,2.03,0.31438699988939334,8
frontend_perf,mem0_style,frontend/react,synthetic,unspecified,completed_tasks,1,3,1,0.3333,1.0,0.5,73,150,2.05,0.38513299978149007,11
frontend_perf,mem0_style,frontend/react,synthetic,unspecified,pending_tasks,1,1,1,1.0,1.0,1.0,73,150,2.05,0.38513299978149007,11
frontend_perf,mem0_style,frontend/react,synthetic,unspecified,decisions,2,2,2,1.0,1.0,1.0,73,150,2.05,0.38513299978149007,11
frontend_perf,mem0_style,frontend/react,synthetic,unspecified,files,5,5,1,0.2,0.2,0.2,73,150,2.05,0.38513299978149007,11
frontend_perf,memgpt_style,frontend/react,synthetic,unspecified,completed_tasks,1,2,1,0.5,1.0,0.6667,58,150,2.59,0.25065199997698073,7
frontend_perf,memgpt_style,frontend/react,synthetic,unspecified,pending_tasks,1,1,1,1.0,1.0,1.0,58,150,2.59,0.25065199997698073,7
frontend_perf,memgpt_style,frontend/react,synthetic,unspecified,decisions,2,1,1,1.0,0.5,0.6667,58,150,2.59,0.25065199997698073,7
frontend_perf,memgpt_style,frontend/react,synthetic,unspecified,files,5,3,1,0.3333,0.2,0.25,58,150,2.59,0.25065199997698073,7
frontend_perf,sliding_window_10,frontend/react,synthetic,unspecified,completed_tasks,1,12,1,0.1667,1.0,0.2857,154,150,0.97,0.0031099998523131944,12
frontend_perf,sliding_window_10,frontend/react,synthetic,unspecified,pending_tasks,1,12,1,0.0833,1.0,0.1538,154,150,0.97,0.0031099998523131944,12
frontend_perf,sliding_window_10,frontend/react,synthetic,unspecified,decisions,2,12,2,0.25,1.0,0.4,154,150,0.97,0.0031099998523131944,12
frontend_perf,sliding_window_10,frontend/react,synthetic,unspecified,files,5,12,5,0.25,1.0,0.4,154,150,0.97,0.0031099998523131944,12
frontend_perf,sliding_window_10,frontend/react,synthetic,unspecified,errors,0,12,0,0.0,1.0,0.0,154,150,0.97,0.0031099998523131944,12
frontend_perf,naive_truncation,frontend/react,synthetic,unspecified,completed_tasks,1,12,1,0.1667,1.0,0.2857,154,150,0.97,0.007861000085540581,12
frontend_perf,naive_truncation,frontend/react,synthetic,unspecified,pending_tasks,1,12,1,0.0833,1.0,0.1538,154,150,0.97,0.007861000085540581,12
frontend_perf,naive_truncation,frontend/react,synthetic,unspecified,decisions,2,12,2,0.25,1.0,0.4,154,150,0.97,0.007861000085540581,12
frontend_perf,naive_truncation,frontend/react,synthetic,unspecified,files,5,12,5,0.25,1.0,0.4,154,150,0.97,0.007861000085540581,12
frontend_perf,naive_truncation,frontend/react,synthetic,unspecified,errors,0,12,0,0.0,1.0,0.0,154,150,0.97,0.007861000085540581,12
frontend_perf,naive_summary,frontend/react,synthetic,unspecified,completed_tasks,1,12,1,0.1667,1.0,0.2857,154,150,0.97,0.05629699990095105,12
frontend_perf,naive_summary,frontend/react,synthetic,unspecified,pending_tasks,1,12,1,0.0833,1.0,0.1538,154,150,0.97,0.05629699990095105,12
frontend_perf,naive_summary,frontend/react,synthetic,unspecified,decisions,2,12,2,0.25,1.0,0.4,154,150,0.97,0.05629699990095105,12
frontend_perf,naive_summary,frontend/react,synthetic,unspecified,files,5,12,5,0.25,1.0,0.4,154,150,0.97,0.05629699990095105,12
frontend_perf,naive_summary,frontend/react,synthetic,unspecified,errors,0,12,0,0.0,1.0,0.0,154,150,0.97,0.05629699990095105,12
gen_backend_go_001,tokenmizer_v0.5.2,backend/go,synthetic,semi,completed_tasks,7,7,7,1.0,1.0,1.0,201,397,1.98,222.6335520003886,21
gen_backend_go_001,tokenmizer_v0.5.2,backend/go,synthetic,semi,pending_tasks,3,3,3,1.0,1.0,1.0,201,397,1.98,222.6335520003886,21
gen_backend_go_001,tokenmizer_v0.5.2,backend/go,synthetic,semi,decisions,4,4,4,1.0,1.0,1.0,201,397,1.98,222.6335520003886,21
gen_backend_go_001,tokenmizer_v0.5.2,backend/go,synthetic,semi,files,4,4,4,1.0,1.0,1.0,201,397,1.98,222.6335520003886,21
gen_backend_go_001,tokenmizer_v0.5.2,backend/go,synthetic,semi,errors,3,3,3,1.0,1.0,1.0,201,397,1.98,222.6335520003886,21
gen_backend_go_001,graphiti_style,backend/go,synthetic,semi,completed_tasks,7,5,5,1.0,0.7143,0.8333,174,397,2.28,1.0027120001723233,19
gen_backend_go_001,graphiti_style,backend/go,synthetic,semi,pending_tasks,3,3,0,0.0,0.0,0.0,174,397,2.28,1.0027120001723233,19
gen_backend_go_001,graphiti_style,backend/go,synthetic,semi,decisions,4,5,4,0.8,1.0,0.8889,174,397,2.28,1.0027120001723233,19
gen_backend_go_001,graphiti_style,backend/go,synthetic,semi,files,4,3,3,1.0,0.75,0.8571,174,397,2.28,1.0027120001723233,19
gen_backend_go_001,graphiti_style,backend/go,synthetic,semi,errors,3,3,3,1.0,1.0,1.0,174,397,2.28,1.0027120001723233,19
gen_backend_go_001,graphrag_style,backend/go,synthetic,semi,completed_tasks,7,0,0,1.0,0.0,0.0,74,397,5.36,0.5182019999665499,10
gen_backend_go_001,graphrag_style,backend/go,synthetic,semi,pending_tasks,3,2,0,0.0,0.0,0.0,74,397,5.36,0.5182019999665499,10
gen_backend_go_001,graphrag_style,backend/go,synthetic,semi,decisions,4,5,4,0.8,1.0,0.8889,74,397,5.36,0.5182019999665499,10
gen_backend_go_001,graphrag_style,backend/go,synthetic,semi,files,4,3,3,1.0,0.75,0.8571,74,397,5.36,0.5182019999665499,10
gen_backend_go_001,graphrag_style,backend/go,synthetic,semi,errors,3,0,0,1.0,0.0,0.0,74,397,5.36,0.5182019999665499,10
gen_backend_go_001,mem0_style,backend/go,synthetic,semi,completed_tasks,7,5,5,1.0,0.7143,0.8333,170,397,2.34,1.0117699998772878,18
gen_backend_go_001,mem0_style,backend/go,synthetic,semi,pending_tasks,3,2,0,0.0,0.0,0.0,170,397,2.34,1.0117699998772878,18
gen_backend_go_001,mem0_style,backend/go,synthetic,semi,decisions,4,5,4,0.8,1.0,0.8889,170,397,2.34,1.0117699998772878,18
gen_backend_go_001,mem0_style,backend/go,synthetic,semi,files,4,3,3,1.0,0.75,0.8571,170,397,2.34,1.0117699998772878,18
gen_backend_go_001,mem0_style,backend/go,synthetic,semi,errors,3,3,3,1.0,1.0,1.0,170,397,2.34,1.0117699998772878,18
gen_backend_go_001,memgpt_style,backend/go,synthetic,semi,completed_tasks,7,0,0,1.0,0.0,0.0,51,397,7.78,0.3979029997935868,7
gen_backend_go_001,memgpt_style,backend/go,synthetic,semi,pending_tasks,3,2,0,0.0,0.0,0.0,51,397,7.78,0.3979029997935868,7
gen_backend_go_001,memgpt_style,backend/go,synthetic,semi,decisions,4,2,1,0.5,0.25,0.3333,51,397,7.78,0.3979029997935868,7
gen_backend_go_001,memgpt_style,backend/go,synthetic,semi,files,4,2,3,1.0,0.75,0.8571,51,397,7.78,0.3979029997935868,7
gen_backend_go_001,memgpt_style,backend/go,synthetic,semi,errors,3,1,1,1.0,0.3333,0.5,51,397,7.78,0.3979029997935868,7
gen_backend_go_001,sliding_window_10,backend/go,synthetic,semi,completed_tasks,7,10,1,0.1,0.1429,0.1176,108,397,3.68,0.003268999989813892,10
gen_backend_go_001,sliding_window_10,backend/go,synthetic,semi,pending_tasks,3,10,2,0.2,0.6667,0.3077,108,397,3.68,0.003268999989813892,10
gen_backend_go_001,sliding_window_10,backend/go,synthetic,semi,decisions,4,10,0,0.0,0.0,0.0,108,397,3.68,0.003268999989813892,10
gen_backend_go_001,sliding_window_10,backend/go,synthetic,semi,files,4,10,1,0.1,0.25,0.1429,108,397,3.68,0.003268999989813892,10
gen_backend_go_001,sliding_window_10,backend/go,synthetic,semi,errors,3,10,1,0.1,0.3333,0.1538,108,397,3.68,0.003268999989813892,10
gen_backend_go_001,naive_truncation,backend/go,synthetic,semi,completed_tasks,7,28,5,0.1786,0.7143,0.2857,309,397,1.28,0.014901000213285442,28
gen_backend_go_001,naive_truncation,backend/go,synthetic,semi,pending_tasks,3,28,3,0.1071,1.0,0.1935,309,397,1.28,0.014901000213285442,28
gen_backend_go_001,naive_truncation,backend/go,synthetic,semi,decisions,4,28,2,0.0714,0.5,0.125,309,397,1.28,0.014901000213285442,28
gen_backend_go_001,naive_truncation,backend/go,synthetic,semi,files,4,28,4,0.1429,1.0,0.25,309,397,1.28,0.014901000213285442,28
gen_backend_go_001,naive_truncation,backend/go,synthetic,semi,errors,3,28,2,0.0714,0.6667,0.129,309,397,1.28,0.014901000213285442,28
gen_backend_go_001,naive_summary,backend/go,synthetic,semi,completed_tasks,7,19,3,0.1579,0.4286,0.2308,190,397,2.09,0.03940999977203319,19
gen_backend_go_001,naive_summary,backend/go,synthetic,semi,pending_tasks,3,19,0,0.0,0.0,0.0,190,397,2.09,0.03940999977203319,19
gen_backend_go_001,naive_summary,backend/go,synthetic,semi,decisions,4,19,3,0.1579,0.75,0.2609,190,397,2.09,0.03940999977203319,19
gen_backend_go_001,naive_summary,backend/go,synthetic,semi,files,4,19,2,0.0526,0.5,0.0952,190,397,2.09,0.03940999977203319,19
gen_backend_go_001,naive_summary,backend/go,synthetic,semi,errors,3,19,2,0.1053,0.6667,0.1818,190,397,2.09,0.03940999977203319,19
gen_backend_go_002,tokenmizer_v0.5.2,backend/go,synthetic,semi,completed_tasks,7,7,7,1.0,1.0,1.0,165,269,1.63,224.81002000040462,15
gen_backend_go_002,tokenmizer_v0.5.2,backend/go,synthetic,semi,pending_tasks,1,1,1,1.0,1.0,1.0,165,269,1.63,224.81002000040462,15
gen_backend_go_002,tokenmizer_v0.5.2,backend/go,synthetic,semi,decisions,2,2,2,1.0,1.0,1.0,165,269,1.63,224.81002000040462,15
gen_backend_go_002,tokenmizer_v0.5.2,backend/go,synthetic,semi,files,2,2,2,1.0,1.0,1.0,165,269,1.63,224.81002000040462,15
gen_backend_go_002,tokenmizer_v0.5.2,backend/go,synthetic,semi,errors,2,3,2,0.6667,1.0,0.8,165,269,1.63,224.81002000040462,15
gen_backend_go_002,graphiti_style,backend/go,synthetic,semi,completed_tasks,7,6,6,1.0,0.8571,0.9231,156,269,1.72,1.0668220002116868,13
gen_backend_go_002,graphiti_style,backend/go,synthetic,semi,pending_tasks,1,1,1,1.0,1.0,1.0,156,269,1.72,1.0668220002116868,13
gen_backend_go_002,graphiti_style,backend/go,synthetic,semi,decisions,2,2,1,0.5,0.5,0.5,156,269,1.72,1.0668220002116868,13
gen_backend_go_002,graphiti_style,backend/go,synthetic,semi,files,2,2,2,1.0,1.0,1.0,156,269,1.72,1.0668220002116868,13
gen_backend_go_002,graphiti_style,backend/go,synthetic,semi,errors,2,2,2,1.0,1.0,1.0,156,269,1.72,1.0668220002116868,13
gen_backend_go_002,graphrag_style,backend/go,synthetic,semi,completed_tasks,7,0,0,1.0,0.0,0.0,60,269,4.48,0.6227720000424597,6
gen_backend_go_002,graphrag_style,backend/go,synthetic,semi,pending_tasks,1,0,0,1.0,0.0,0.0,60,269,4.48,0.6227720000424597,6
gen_backend_go_002,graphrag_style,backend/go,synthetic,semi,decisions,2,2,1,0.5,0.5,0.5,60,269,4.48,0.6227720000424597,6
gen_backend_go_002,graphrag_style,backend/go,synthetic,semi,files,2,2,2,1.0,1.0,1.0,60,269,4.48,0.6227720000424597,6
gen_backend_go_002,graphrag_style,backend/go,synthetic,semi,errors,2,2,2,1.0,1.0,1.0,60,269,4.48,0.6227720000424597,6
gen_backend_go_002,mem0_style,backend/go,synthetic,semi,completed_tasks,7,6,6,1.0,0.8571,0.9231,155,269,1.74,1.1822630003734957,13
gen_backend_go_002,mem0_style,backend/go,synthetic,semi,pending_tasks,1,1,1,1.0,1.0,1.0,155,269,1.74,1.1822630003734957,13
gen_backend_go_002,mem0_style,backend/go,synthetic,semi,decisions,2,2,1,0.5,0.5,0.5,155,269,1.74,1.1822630003734957,13
gen_backend_go_002,mem0_style,backend/go,synthetic,semi,files,2,2,2,1.0,1.0,1.0,155,269,1.74,1.1822630003734957,13
gen_backend_go_002,mem0_style,backend/go,synthetic,semi,errors,2,2,2,1.0,1.0,1.0,155,269,1.74,1.1822630003734957,13
gen_backend_go_002,memgpt_style,backend/go,synthetic,semi,completed_tasks,7,2,2,1.0,0.2857,0.4444,82,269,3.28,0.4981999995834485,6
gen_backend_go_002,memgpt_style,backend/go,synthetic,semi,pending_tasks,1,1,1,1.0,1.0,1.0,82,269,3.28,0.4981999995834485,6
gen_backend_go_002,memgpt_style,backend/go,synthetic,semi,decisions,2,1,1,1.0,0.5,0.6667,82,269,3.28,0.4981999995834485,6
gen_backend_go_002,memgpt_style,backend/go,synthetic,semi,files,2,1,1,1.0,0.5,0.6667,82,269,3.28,0.4981999995834485,6
gen_backend_go_002,memgpt_style,backend/go,synthetic,semi,errors,2,1,1,1.0,0.5,0.6667,82,269,3.28,0.4981999995834485,6
gen_backend_go_002,sliding_window_10,backend/go,synthetic,semi,completed_tasks,7,13,3,0.2308,0.4286,0.3,137,269,1.96,0.0066769998738891445,13
gen_backend_go_002,sliding_window_10,backend/go,synthetic,semi,pending_tasks,1,13,1,0.0769,1.0,0.1429,137,269,1.96,0.0066769998738891445,13
gen_backend_go_002,sliding_window_10,backend/go,synthetic,semi,decisions,2,13,2,0.1538,1.0,0.2667,137,269,1.96,0.0066769998738891445,13
gen_backend_go_002,sliding_window_10,backend/go,synthetic,semi,files,2,13,1,0.0769,0.5,0.1333,137,269,1.96,0.0066769998738891445,13
gen_backend_go_002,sliding_window_10,backend/go,synthetic,semi,errors,2,13,1,0.0769,0.5,0.1333,137,269,1.96,0.0066769998738891445,13
gen_backend_go_002,naive_truncation,backend/go,synthetic,semi,completed_tasks,7,25,7,0.28,1.0,0.4375,281,269,0.96,0.020091999886062695,25
gen_backend_go_002,naive_truncation,backend/go,synthetic,semi,pending_tasks,1,25,1,0.04,1.0,0.0769,281,269,0.96,0.020091999886062695,25
gen_backend_go_002,naive_truncation,backend/go,synthetic,semi,decisions,2,25,2,0.08,1.0,0.1481,281,269,0.96,0.020091999886062695,25
gen_backend_go_002,naive_truncation,backend/go,synthetic,semi,files,2,25,2,0.08,1.0,0.1481,281,269,0.96,0.020091999886062695,25
gen_backend_go_002,naive_truncation,backend/go,synthetic,semi,errors,2,25,2,0.08,1.0,0.1481,281,269,0.96,0.020091999886062695,25
gen_backend_go_002,naive_summary,backend/go,synthetic,semi,completed_tasks,7,17,6,0.3529,0.8571,0.5,192,269,1.4,0.07559599998785416,17
gen_backend_go_002,naive_summary,backend/go,synthetic,semi,pending_tasks,1,17,0,0.0,0.0,0.0,192,269,1.4,0.07559599998785416,17
gen_backend_go_002,naive_summary,backend/go,synthetic,semi,decisions,2,17,0,0.0,0.0,0.0,192,269,1.4,0.07559599998785416,17
gen_backend_go_002,naive_summary,backend/go,synthetic,semi,files,2,17,1,0.0588,0.5,0.1053,192,269,1.4,0.07559599998785416,17
gen_backend_go_002,naive_summary,backend/go,synthetic,semi,errors,2,17,1,0.0588,0.5,0.1053,192,269,1.4,0.07559599998785416,17
gen_backend_go_003,tokenmizer_v0.5.2,backend/go,synthetic,semi,completed_tasks,4,4,4,1.0,1.0,1.0,138,284,2.06,254.4795220001106,16
gen_backend_go_003,tokenmizer_v0.5.2,backend/go,synthetic,semi,pending_tasks,1,1,1,1.0,1.0,1.0,138,284,2.06,254.4795220001106,16
gen_backend_go_003,tokenmizer_v0.5.2,backend/go,synthetic,semi,decisions,4,4,4,1.0,1.0,1.0,138,284,2.06,254.4795220001106,16
gen_backend_go_003,tokenmizer_v0.5.2,backend/go,synthetic,semi,files,6,6,6,1.0,1.0,1.0,138,284,2.06,254.4795220001106,16
gen_backend_go_003,tokenmizer_v0.5.2,backend/go,synthetic,semi,errors,1,1,1,1.0,1.0,1.0,138,284,2.06,254.4795220001106,16
gen_backend_go_003,graphiti_style,backend/go,synthetic,semi,completed_tasks,4,3,3,1.0,0.75,0.8571,134,284,2.12,0.7180790003076254,15
gen_backend_go_003,graphiti_style,backend/go,synthetic,semi,pending_tasks,1,1,1,1.0,1.0,1.0,134,284,2.12,0.7180790003076254,15
gen_backend_go_003,graphiti_style,backend/go,synthetic,semi,decisions,4,5,3,0.6,0.75,0.6667,134,284,2.12,0.7180790003076254,15
gen_backend_go_003,graphiti_style,backend/go,synthetic,semi,files,6,5,5,1.0,0.8333,0.9091,134,284,2.12,0.7180790003076254,15
gen_backend_go_003,graphiti_style,backend/go,synthetic,semi,errors,1,1,1,1.0,1.0,1.0,134,284,2.12,0.7180790003076254,15
gen_backend_go_003,graphrag_style,backend/go,synthetic,semi,completed_tasks,4,0,0,1.0,0.0,0.0,73,284,3.89,0.3552050002326723,10
gen_backend_go_003,graphrag_style,backend/go,synthetic,semi,pending_tasks,1,0,0,1.0,0.0,0.0,73,284,3.89,0.3552050002326723,10
gen_backend_go_003,graphrag_style,backend/go,synthetic,semi,decisions,4,5,3,0.6,0.75,0.6667,73,284,3.89,0.3552050002326723,10
gen_backend_go_003,graphrag_style,backend/go,synthetic,semi,files,6,5,5,1.0,0.8333,0.9091,73,284,3.89,0.3552050002326723,10
gen_backend_go_003,graphrag_style,backend/go,synthetic,semi,errors,1,0,0,1.0,0.0,0.0,73,284,3.89,0.3552050002326723,10
gen_backend_go_003,mem0_style,backend/go,synthetic,semi,completed_tasks,4,3,3,1.0,0.75,0.8571,133,284,2.14,0.7159879996834206,15
gen_backend_go_003,mem0_style,backend/go,synthetic,semi,pending_tasks,1,1,1,1.0,1.0,1.0,133,284,2.14,0.7159879996834206,15
gen_backend_go_003,mem0_style,backend/go,synthetic,semi,decisions,4,5,3,0.6,0.75,0.6667,133,284,2.14,0.7159879996834206,15
gen_backend_go_003,mem0_style,backend/go,synthetic,semi,files,6,5,5,1.0,0.8333,0.9091,133,284,2.14,0.7159879996834206,15
gen_backend_go_003,mem0_style,backend/go,synthetic,semi,errors,1,1,1,1.0,1.0,1.0,133,284,2.14,0.7159879996834206,15
gen_backend_go_003,memgpt_style,backend/go,synthetic,semi,completed_tasks,4,3,3,1.0,0.75,0.8571,72,284,3.94,0.2417050000076415,8
gen_backend_go_003,memgpt_style,backend/go,synthetic,semi,pending_tasks,1,0,0,1.0,0.0,0.0,72,284,3.94,0.2417050000076415,8
gen_backend_go_003,memgpt_style,backend/go,synthetic,semi,decisions,4,1,0,0.0,0.0,0.0,72,284,3.94,0.2417050000076415,8
gen_backend_go_003,memgpt_style,backend/go,synthetic,semi,files,6,4,4,1.0,0.6667,0.8,72,284,3.94,0.2417050000076415,8
gen_backend_go_003,memgpt_style,backend/go,synthetic,semi,errors,1,0,0,1.0,0.0,0.0,72,284,3.94,0.2417050000076415,8
gen_backend_go_003,sliding_window_10,backend/go,synthetic,semi,completed_tasks,4,14,3,0.2143,0.75,0.3333,156,284,1.82,0.0036070000533072744,14
gen_backend_go_003,sliding_window_10,backend/go,synthetic,semi,pending_tasks,1,14,1,0.0714,1.0,0.1333,156,284,1.82,0.0036070000533072744,14
gen_backend_go_003,sliding_window_10,backend/go,synthetic,semi,decisions,4,14,1,0.0714,0.25,0.1111,156,284,1.82,0.0036070000533072744,14
gen_backend_go_003,sliding_window_10,backend/go,synthetic,semi,files,6,14,4,0.2857,0.6667,0.4,156,284,1.82,0.0036070000533072744,14
gen_backend_go_003,sliding_window_10,backend/go,synthetic,semi,errors,1,14,0,0.0,0.0,0.0,156,284,1.82,0.0036070000533072744,14
gen_backend_go_003,naive_truncation,backend/go,synthetic,semi,completed_tasks,4,27,4,0.1481,1.0,0.2581,295,284,0.96,0.011279000318609178,27
gen_backend_go_003,naive_truncation,backend/go,synthetic,semi,pending_tasks,1,27,1,0.037,1.0,0.0714,295,284,0.96,0.011279000318609178,27
gen_backend_go_003,naive_truncation,backend/go,synthetic,semi,decisions,4,27,4,0.1481,1.0,0.2581,295,284,0.96,0.011279000318609178,27
gen_backend_go_003,naive_truncation,backend/go,synthetic,semi,files,6,27,6,0.2222,1.0,0.3636,295,284,0.96,0.011279000318609178,27
gen_backend_go_003,naive_truncation,backend/go,synthetic,semi,errors,1,27,1,0.037,1.0,0.0714,295,284,0.96,0.011279000318609178,27
gen_backend_go_003,naive_summary,backend/go,synthetic,semi,completed_tasks,4,16,1,0.0625,0.25,0.1,172,284,1.65,0.024977000066428445,16
gen_backend_go_003,naive_summary,backend/go,synthetic,semi,pending_tasks,1,16,1,0.0625,1.0,0.1176,172,284,1.65,0.024977000066428445,16
gen_backend_go_003,naive_summary,backend/go,synthetic,semi,decisions,4,16,4,0.25,1.0,0.4,172,284,1.65,0.024977000066428445,16
gen_backend_go_003,naive_summary,backend/go,synthetic,semi,files,6,16,2,0.125,0.3333,0.1818,172,284,1.65,0.024977000066428445,16
gen_backend_go_003,naive_summary,backend/go,synthetic,semi,errors,1,16,1,0.0625,1.0,0.1176,172,284,1.65,0.024977000066428445,16
gen_backend_go_004,tokenmizer_v0.5.2,backend/go,synthetic,semi,completed_tasks,7,7,7,1.0,1.0,1.0,148,298,2.01,224.71532700001262,16
gen_backend_go_004,tokenmizer_v0.5.2,backend/go,synthetic,semi,pending_tasks,3,3,3,1.0,1.0,1.0,148,298,2.01,224.71532700001262,16
gen_backend_go_004,tokenmizer_v0.5.2,backend/go,synthetic,semi,decisions,3,3,3,1.0,1.0,1.0,148,298,2.01,224.71532700001262,16
gen_backend_go_004,tokenmizer_v0.5.2,backend/go,synthetic,semi,files,2,2,2,1.0,1.0,1.0,148,298,2.01,224.71532700001262,16
gen_backend_go_004,tokenmizer_v0.5.2,backend/go,synthetic,semi,errors,1,1,1,1.0,1.0,1.0,148,298,2.01,224.71532700001262,16
gen_backend_go_004,graphiti_style,backend/go,synthetic,semi,completed_tasks,7,6,6,1.0,0.8571,0.9231,159,298,1.87,0.7764550000501913,18
gen_backend_go_004,graphiti_style,backend/go,synthetic,semi,pending_tasks,3,5,2,0.4,0.6667,0.5,159,298,1.87,0.7764550000501913,18
gen_backend_go_004,graphiti_style,backend/go,synthetic,semi,decisions,3,4,2,0.5,0.6667,0.5714,159,298,1.87,0.7764550000501913,18
gen_backend_go_004,graphiti_style,backend/go,synthetic,semi,files,2,2,2,1.0,1.0,1.0,159,298,1.87,0.7764550000501913,18
gen_backend_go_004,graphiti_style,backend/go,synthetic,semi,errors,1,1,1,1.0,1.0,1.0,159,298,1.87,0.7764550000501913,18
gen_backend_go_004,graphrag_style,backend/go,synthetic,semi,completed_tasks,7,0,0,1.0,0.0,0.0,63,298,4.73,0.4711459996542544,9
gen_backend_go_004,graphrag_style,backend/go,synthetic,semi,pending_tasks,3,2,0,0.0,0.0,0.0,63,298,4.73,0.4711459996542544,9
gen_backend_go_004,graphrag_style,backend/go,synthetic,semi,decisions,3,4,2,0.5,0.6667,0.5714,63,298,4.73,0.4711459996542544,9
gen_backend_go_004,graphrag_style,backend/go,synthetic,semi,files,2,2,2,1.0,1.0,1.0,63,298,4.73,0.4711459996542544,9
gen_backend_go_004,graphrag_style,backend/go,synthetic,semi,errors,1,1,1,1.0,1.0,1.0,63,298,4.73,0.4711459996542544,9
gen_backend_go_004,mem0_style,backend/go,synthetic,semi,completed_tasks,7,6,6,1.0,0.8571,0.9231,155,298,1.92,0.9650709998823004,17
gen_backend_go_004,mem0_style,backend/go,synthetic,semi,pending_tasks,3,4,2,0.5,0.6667,0.5714,155,298,1.92,0.9650709998823004,17
gen_backend_go_004,mem0_style,backend/go,synthetic,semi,decisions,3,4,2,0.5,0.6667,0.5714,155,298,1.92,0.9650709998823004,17
gen_backend_go_004,mem0_style,backend/go,synthetic,semi,files,2,2,2,1.0,1.0,1.0,155,298,1.92,0.9650709998823004,17
gen_backend_go_004,mem0_style,backend/go,synthetic,semi,errors,1,1,1,1.0,1.0,1.0,155,298,1.92,0.9650709998823004,17
gen_backend_go_004,memgpt_style,backend/go,synthetic,semi,completed_tasks,7,1,1,1.0,0.1429,0.25,67,298,4.45,0.3138360002594709,9
gen_backend_go_004,memgpt_style,backend/go,synthetic,semi,pending_tasks,3,4,2,0.5,0.6667,0.5714,67,298,4.45,0.3138360002594709,9
gen_backend_go_004,memgpt_style,backend/go,synthetic,semi,decisions,3,3,1,0.3333,0.3333,0.3333,67,298,4.45,0.3138360002594709,9
gen_backend_go_004,memgpt_style,backend/go,synthetic,semi,files,2,1,1,1.0,0.5,0.6667,67,298,4.45,0.3138360002594709,9
gen_backend_go_004,memgpt_style,backend/go,synthetic,semi,errors,1,0,0,1.0,0.0,0.0,67,298,4.45,0.3138360002594709,9
gen_backend_go_004,sliding_window_10,backend/go,synthetic,semi,completed_tasks,7,11,1,0.0909,0.1429,0.1111,104,298,2.87,0.004082000032212818,11
gen_backend_go_004,sliding_window_10,backend/go,synthetic,semi,pending_tasks,3,11,2,0.1818,0.6667,0.2857,104,298,2.87,0.004082000032212818,11
gen_backend_go_004,sliding_window_10,backend/go,synthetic,semi,decisions,3,11,2,0.1818,0.6667,0.2857,104,298,2.87,0.004082000032212818,11
gen_backend_go_004,sliding_window_10,backend/go,synthetic,semi,files,2,11,1,0.0909,0.5,0.1538,104,298,2.87,0.004082000032212818,11
gen_backend_go_004,sliding_window_10,backend/go,synthetic,semi,errors,1,11,0,0.0,0.0,0.0,104,298,2.87,0.004082000032212818,11
gen_backend_go_004,naive_truncation,backend/go,synthetic,semi,completed_tasks,7,31,7,0.2258,1.0,0.3684,314,298,0.95,0.02127900006598793,31
gen_backend_go_004,naive_truncation,backend/go,synthetic,semi,pending_tasks,3,31,3,0.0968,1.0,0.1765,314,298,0.95,0.02127900006598793,31
gen_backend_go_004,naive_truncation,backend/go,synthetic,semi,decisions,3,31,3,0.0968,1.0,0.1765,314,298,0.95,0.02127900006598793,31
gen_backend_go_004,naive_truncation,backend/go,synthetic,semi,files,2,31,2,0.0645,1.0,0.1212,314,298,0.95,0.02127900006598793,31
gen_backend_go_004,naive_truncation,backend/go,synthetic,semi,errors,1,31,1,0.0323,1.0,0.0625,314,298,0.95,0.02127900006598793,31
gen_backend_go_004,naive_summary,backend/go,synthetic,semi,completed_tasks,7,18,6,0.3333,0.8571,0.48,176,298,1.69,0.04952000017510727,18
gen_backend_go_004,naive_summary,backend/go,synthetic,semi,pending_tasks,3,18,0,0.0,0.0,0.0,176,298,1.69,0.04952000017510727,18
gen_backend_go_004,naive_summary,backend/go,synthetic,semi,decisions,3,18,1,0.0556,0.3333,0.0952,176,298,1.69,0.04952000017510727,18
gen_backend_go_004,naive_summary,backend/go,synthetic,semi,files,2,18,0,0.0,0.0,0.0,176,298,1.69,0.04952000017510727,18
gen_backend_go_004,naive_summary,backend/go,synthetic,semi,errors,1,18,1,0.0556,1.0,0.1053,176,298,1.69,0.04952000017510727,18
gen_backend_go_005,tokenmizer_v0.5.2,backend/go,synthetic,semi,completed_tasks,7,7,7,1.0,1.0,1.0,168,335,1.99,222.18332500006,17
gen_backend_go_005,tokenmizer_v0.5.2,backend/go,synthetic,semi,pending_tasks,2,2,2,1.0,1.0,1.0,168,335,1.99,222.18332500006,17
gen_backend_go_005,tokenmizer_v0.5.2,backend/go,synthetic,semi,decisions,6,6,6,1.0,1.0,1.0,168,335,1.99,222.18332500006,17
gen_backend_go_005,tokenmizer_v0.5.2,backend/go,synthetic,semi,files,2,2,2,1.0,1.0,1.0,168,335,1.99,222.18332500006,17
gen_backend_go_005,graphiti_style,backend/go,synthetic,semi,completed_tasks,7,6,6,1.0,0.8571,0.9231,145,335,2.31,0.8518800000274496,16
gen_backend_go_005,graphiti_style,backend/go,synthetic,semi,pending_tasks,2,2,0,0.0,0.0,0.0,145,335,2.31,0.8518800000274496,16
gen_backend_go_005,graphiti_style,backend/go,synthetic,semi,decisions,6,7,4,0.5714,0.6667,0.6154,145,335,2.31,0.8518800000274496,16
gen_backend_go_005,graphiti_style,backend/go,synthetic,semi,files,2,1,1,1.0,0.5,0.6667,145,335,2.31,0.8518800000274496,16
gen_backend_go_005,graphrag_style,backend/go,synthetic,semi,completed_tasks,7,0,0,1.0,0.0,0.0,65,335,5.15,0.4895060001217644,8
gen_backend_go_005,graphrag_style,backend/go,synthetic,semi,pending_tasks,2,1,0,0.0,0.0,0.0,65,335,5.15,0.4895060001217644,8
gen_backend_go_005,graphrag_style,backend/go,synthetic,semi,decisions,6,6,5,0.8333,0.8333,0.8333,65,335,5.15,0.4895060001217644,8
gen_backend_go_005,graphrag_style,backend/go,synthetic,semi,files,2,1,1,1.0,0.5,0.6667,65,335,5.15,0.4895060001217644,8
gen_backend_go_005,mem0_style,backend/go,synthetic,semi,completed_tasks,7,6,6,1.0,0.8571,0.9231,140,335,2.39,0.9489789999861387,15
gen_backend_go_005,mem0_style,backend/go,synthetic,semi,pending_tasks,2,1,0,0.0,0.0,0.0,140,335,2.39,0.9489789999861387,15
gen_backend_go_005,mem0_style,backend/go,synthetic,semi,decisions,6,7,4,0.5714,0.6667,0.6154,140,335,2.39,0.9489789999861387,15
gen_backend_go_005,mem0_style,backend/go,synthetic,semi,files,2,1,1,1.0,0.5,0.6667,140,335,2.39,0.9489789999861387,15
gen_backend_go_005,memgpt_style,backend/go,synthetic,semi,completed_tasks,7,4,4,1.0,0.5714,0.7273,101,335,3.32,0.40260800005853525,12
gen_backend_go_005,memgpt_style,backend/go,synthetic,semi,pending_tasks,2,2,0,0.0,0.0,0.0,101,335,3.32,0.40260800005853525,12
gen_backend_go_005,memgpt_style,backend/go,synthetic,semi,decisions,6,6,3,0.5,0.5,0.5,101,335,3.32,0.40260800005853525,12
gen_backend_go_005,memgpt_style,backend/go,synthetic,semi,files,2,0,0,1.0,0.0,0.0,101,335,3.32,0.40260800005853525,12
gen_backend_go_005,sliding_window_10,backend/go,synthetic,semi,completed_tasks,7,12,3,0.25,0.4286,0.3158,128,335,2.62,0.003598999683163129,12
gen_backend_go_005,sliding_window_10,backend/go,synthetic,semi,pending_tasks,2,12,1,0.0833,0.5,0.1429,128,335,2.62,0.003598999683163129,12
gen_backend_go_005,sliding_window_10,backend/go,synthetic,semi,decisions,6,12,3,0.25,0.5,0.3333,128,335,2.62,0.003598999683163129,12
gen_backend_go_005,sliding_window_10,backend/go,synthetic,semi,files,2,12,0,0.0,0.0,0.0,128,335,2.62,0.003598999683163129,12
gen_backend_go_005,sliding_window_10,backend/go,synthetic,semi,errors,0,12,0,0.0,1.0,0.0,128,335,2.62,0.003598999683163129,12
gen_backend_go_005,naive_truncation,backend/go,synthetic,semi,completed_tasks,7,30,6,0.2,0.8571,0.3243,303,335,1.11,0.017242000012629433,30
gen_backend_go_005,naive_truncation,backend/go,synthetic,semi,pending_tasks,2,30,2,0.0667,1.0,0.125,303,335,1.11,0.017242000012629433,30
gen_backend_go_005,naive_truncation,backend/go,synthetic,semi,decisions,6,30,6,0.2,1.0,0.3333,303,335,1.11,0.017242000012629433,30
gen_backend_go_005,naive_truncation,backend/go,synthetic,semi,files,2,30,2,0.0667,1.0,0.125,303,335,1.11,0.017242000012629433,30
gen_backend_go_005,naive_truncation,backend/go,synthetic,semi,errors,0,30,0,0.0,1.0,0.0,303,335,1.11,0.017242000012629433,30
gen_backend_go_005,naive_summary,backend/go,synthetic,semi,completed_tasks,7,18,2,0.1111,0.2857,0.16,175,335,1.91,0.03244500021537533,18
gen_backend_go_005,naive_summary,backend/go,synthetic,semi,pending_tasks,2,18,1,0.0556,0.5,0.1,175,335,1.91,0.03244500021537533,18
gen_backend_go_005,naive_summary,backend/go,synthetic,semi,decisions,6,18,2,0.1111,0.3333,0.1667,175,335,1.91,0.03244500021537533,18
gen_backend_go_005,naive_summary,backend/go,synthetic,semi,files,2,18,2,0.1111,1.0,0.2,175,335,1.91,0.03244500021537533,18
gen_backend_go_005,naive_summary,backend/go,synthetic,semi,errors,0,18,0,0.0,1.0,0.0,175,335,1.91,0.03244500021537533,18
gen_backend_go_006,tokenmizer_v0.5.2,backend/go,synthetic,semi,completed_tasks,4,4,4,1.0,1.0,1.0,133,270,2.03,231.26552399980937,14
gen_backend_go_006,tokenmizer_v0.5.2,backend/go,synthetic,semi,pending_tasks,4,4,4,1.0,1.0,1.0,133,270,2.03,231.26552399980937,14
gen_backend_go_006,tokenmizer_v0.5.2,backend/go,synthetic,semi,decisions,2,2,2,1.0,1.0,1.0,133,270,2.03,231.26552399980937,14
gen_backend_go_006,tokenmizer_v0.5.2,backend/go,synthetic,semi,files,2,2,2,1.0,1.0,1.0,133,270,2.03,231.26552399980937,14
gen_backend_go_006,tokenmizer_v0.5.2,backend/go,synthetic,semi,errors,2,2,2,1.0,1.0,1.0,133,270,2.03,231.26552399980937,14
gen_backend_go_006,graphiti_style,backend/go,synthetic,semi,completed_tasks,4,3,3,1.0,0.75,0.8571,89,270,3.03,0.7871910001995275,10
gen_backend_go_006,graphiti_style,backend/go,synthetic,semi,pending_tasks,4,3,0,0.0,0.0,0.0,89,270,3.03,0.7871910001995275,10
gen_backend_go_006,graphiti_style,backend/go,synthetic,semi,decisions,2,0,0,1.0,0.0,0.0,89,270,3.03,0.7871910001995275,10
gen_backend_go_006,graphiti_style,backend/go,synthetic,semi,files,2,2,2,1.0,1.0,1.0,89,270,3.03,0.7871910001995275,10
gen_backend_go_006,graphiti_style,backend/go,synthetic,semi,errors,2,2,2,1.0,1.0,1.0,89,270,3.03,0.7871910001995275,10
gen_backend_go_006,graphrag_style,backend/go,synthetic,semi,completed_tasks,4,0,0,1.0,0.0,0.0,35,270,7.71,0.36149200013824156,5
gen_backend_go_006,graphrag_style,backend/go,synthetic,semi,pending_tasks,4,2,0,0.0,0.0,0.0,35,270,7.71,0.36149200013824156,5
gen_backend_go_006,graphrag_style,backend/go,synthetic,semi,decisions,2,0,0,1.0,0.0,0.0,35,270,7.71,0.36149200013824156,5
gen_backend_go_006,graphrag_style,backend/go,synthetic,semi,files,2,2,2,1.0,1.0,1.0,35,270,7.71,0.36149200013824156,5
gen_backend_go_006,graphrag_style,backend/go,synthetic,semi,errors,2,1,1,1.0,0.5,0.6667,35,270,7.71,0.36149200013824156,5
gen_backend_go_006,mem0_style,backend/go,synthetic,semi,completed_tasks,4,3,3,1.0,0.75,0.8571,85,270,3.18,0.7128319998628285,9
gen_backend_go_006,mem0_style,backend/go,synthetic,semi,pending_tasks,4,2,0,0.0,0.0,0.0,85,270,3.18,0.7128319998628285,9
gen_backend_go_006,mem0_style,backend/go,synthetic,semi,decisions,2,0,0,1.0,0.0,0.0,85,270,3.18,0.7128319998628285,9
gen_backend_go_006,mem0_style,backend/go,synthetic,semi,files,2,2,2,1.0,1.0,1.0,85,270,3.18,0.7128319998628285,9
gen_backend_go_006,mem0_style,backend/go,synthetic,semi,errors,2,2,2,1.0,1.0,1.0,85,270,3.18,0.7128319998628285,9
gen_backend_go_006,memgpt_style,backend/go,synthetic,semi,completed_tasks,4,1,1,1.0,0.25,0.4,30,270,9.0,0.265101999957551,2
gen_backend_go_006,memgpt_style,backend/go,synthetic,semi,pending_tasks,4,0,0,1.0,0.0,0.0,30,270,9.0,0.265101999957551,2
gen_backend_go_006,memgpt_style,backend/go,synthetic,semi,decisions,2,0,0,1.0,0.0,0.0,30,270,9.0,0.265101999957551,2
gen_backend_go_006,memgpt_style,backend/go,synthetic,semi,files,2,0,0,1.0,0.0,0.0,30,270,9.0,0.265101999957551,2
gen_backend_go_006,memgpt_style,backend/go,synthetic,semi,errors,2,1,1,1.0,0.5,0.6667,30,270,9.0,0.265101999957551,2
gen_backend_go_006,sliding_window_10,backend/go,synthetic,semi,completed_tasks,4,13,3,0.2308,0.75,0.3529,148,270,1.82,0.003527999979269225,13
gen_backend_go_006,sliding_window_10,backend/go,synthetic,semi,pending_tasks,4,13,2,0.1538,0.5,0.2353,148,270,1.82,0.003527999979269225,13
gen_backend_go_006,sliding_window_10,backend/go,synthetic,semi,decisions,2,13,1,0.0769,0.5,0.1333,148,270,1.82,0.003527999979269225,13
gen_backend_go_006,sliding_window_10,backend/go,synthetic,semi,files,2,13,1,0.0769,0.5,0.1333,148,270,1.82,0.003527999979269225,13
gen_backend_go_006,sliding_window_10,backend/go,synthetic,semi,errors,2,13,1,0.0769,0.5,0.1333,148,270,1.82,0.003527999979269225,13
gen_backend_go_006,naive_truncation,backend/go,synthetic,semi,completed_tasks,4,25,4,0.16,1.0,0.2759,283,270,0.95,0.01327599966316484,25
gen_backend_go_006,naive_truncation,backend/go,synthetic,semi,pending_tasks,4,25,4,0.16,1.0,0.2759,283,270,0.95,0.01327599966316484,25
gen_backend_go_006,naive_truncation,backend/go,synthetic,semi,decisions,2,25,2,0.08,1.0,0.1481,283,270,0.95,0.01327599966316484,25
gen_backend_go_006,naive_truncation,backend/go,synthetic,semi,files,2,25,2,0.08,1.0,0.1481,283,270,0.95,0.01327599966316484,25
gen_backend_go_006,naive_truncation,backend/go,synthetic,semi,errors,2,25,2,0.08,1.0,0.1481,283,270,0.95,0.01327599966316484,25
gen_backend_go_006,naive_summary,backend/go,synthetic,semi,completed_tasks,4,18,3,0.1667,0.75,0.2727,193,270,1.4,0.03083199999309727,18
gen_backend_go_006,naive_summary,backend/go,synthetic,semi,pending_tasks,4,18,2,0.1111,0.5,0.1818,193,270,1.4,0.03083199999309727,18
gen_backend_go_006,naive_summary,backend/go,synthetic,semi,decisions,2,18,1,0.0556,0.5,0.1,193,270,1.4,0.03083199999309727,18
gen_backend_go_006,naive_summary,backend/go,synthetic,semi,files,2,18,2,0.1111,1.0,0.2,193,270,1.4,0.03083199999309727,18
gen_backend_go_006,naive_summary,backend/go,synthetic,semi,errors,2,18,1,0.0556,0.5,0.1,193,270,1.4,0.03083199999309727,18
gen_backend_python_001,tokenmizer_v0.5.2,backend/python,synthetic,explicit,completed_tasks,7,7,7,1.0,1.0,1.0,171,319,1.87,227.8237820000868,20
gen_backend_python_001,tokenmizer_v0.5.2,backend/python,synthetic,explicit,pending_tasks,1,1,1,1.0,1.0,1.0,171,319,1.87,227.8237820000868,20
gen_backend_python_001,tokenmizer_v0.5.2,backend/python,synthetic,explicit,decisions,5,5,5,1.0,1.0,1.0,171,319,1.87,227.8237820000868,20
gen_backend_python_001,tokenmizer_v0.5.2,backend/python,synthetic,explicit,files,6,6,6,1.0,1.0,1.0,171,319,1.87,227.8237820000868,20
gen_backend_python_001,tokenmizer_v0.5.2,backend/python,synthetic,explicit,errors,1,1,1,1.0,1.0,1.0,171,319,1.87,227.8237820000868,20
gen_backend_python_001,graphiti_style,backend/python,synthetic,explicit,completed_tasks,7,9,7,0.7778,1.0,0.875,166,319,1.92,0.8485899998049717,24
gen_backend_python_001,graphiti_style,backend/python,synthetic,explicit,pending_tasks,1,2,1,0.5,1.0,0.6667,166,319,1.92,0.8485899998049717,24
gen_backend_python_001,graphiti_style,backend/python,synthetic,explicit,decisions,5,6,4,0.6667,0.8,0.7273,166,319,1.92,0.8485899998049717,24
gen_backend_python_001,graphiti_style,backend/python,synthetic,explicit,files,6,6,6,1.0,1.0,1.0,166,319,1.92,0.8485899998049717,24
gen_backend_python_001,graphiti_style,backend/python,synthetic,explicit,errors,1,1,1,1.0,1.0,1.0,166,319,1.92,0.8485899998049717,24
gen_backend_python_001,graphrag_style,backend/python,synthetic,explicit,completed_tasks,7,4,4,1.0,0.5714,0.7273,140,319,2.28,0.5038679996687279,19
gen_backend_python_001,graphrag_style,backend/python,synthetic,explicit,pending_tasks,1,1,0,0.0,0.0,0.0,140,319,2.28,0.5038679996687279,19
gen_backend_python_001,graphrag_style,backend/python,synthetic,explicit,decisions,5,6,5,0.8333,1.0,0.9091,140,319,2.28,0.5038679996687279,19
gen_backend_python_001,graphrag_style,backend/python,synthetic,explicit,files,6,6,6,1.0,1.0,1.0,140,319,2.28,0.5038679996687279,19
gen_backend_python_001,graphrag_style,backend/python,synthetic,explicit,errors,1,2,1,0.5,1.0,0.6667,140,319,2.28,0.5038679996687279,19
gen_backend_python_001,mem0_style,backend/python,synthetic,explicit,completed_tasks,7,9,7,0.7778,1.0,0.875,165,319,1.93,0.8600659998592164,24
gen_backend_python_001,mem0_style,backend/python,synthetic,explicit,pending_tasks,1,2,1,0.5,1.0,0.6667,165,319,1.93,0.8600659998592164,24
gen_backend_python_001,mem0_style,backend/python,synthetic,explicit,decisions,5,6,4,0.6667,0.8,0.7273,165,319,1.93,0.8600659998592164,24
gen_backend_python_001,mem0_style,backend/python,synthetic,explicit,files,6,6,6,1.0,1.0,1.0,165,319,1.93,0.8600659998592164,24
gen_backend_python_001,mem0_style,backend/python,synthetic,explicit,errors,1,1,1,1.0,1.0,1.0,165,319,1.93,0.8600659998592164,24
gen_backend_python_001,memgpt_style,backend/python,synthetic,explicit,completed_tasks,7,6,5,0.8333,0.7143,0.7692,84,319,3.8,0.3149029998894548,10
gen_backend_python_001,memgpt_style,backend/python,synthetic,explicit,pending_tasks,1,0,0,1.0,0.0,0.0,84,319,3.8,0.3149029998894548,10
gen_backend_python_001,memgpt_style,backend/python,synthetic,explicit,decisions,5,2,1,0.5,0.2,0.2857,84,319,3.8,0.3149029998894548,10
gen_backend_python_001,memgpt_style,backend/python,synthetic,explicit,files,6,2,2,1.0,0.3333,0.5,84,319,3.8,0.3149029998894548,10
gen_backend_python_001,memgpt_style,backend/python,synthetic,explicit,errors,1,0,0,1.0,0.0,0.0,84,319,3.8,0.3149029998894548,10
gen_backend_python_001,sliding_window_10,backend/python,synthetic,explicit,completed_tasks,7,11,3,0.2727,0.4286,0.3333,108,319,2.95,0.003681000180222327,11
gen_backend_python_001,sliding_window_10,backend/python,synthetic,explicit,pending_tasks,1,11,0,0.0,0.0,0.0,108,319,2.95,0.003681000180222327,11
gen_backend_python_001,sliding_window_10,backend/python,synthetic,explicit,decisions,5,11,2,0.1818,0.4,0.25,108,319,2.95,0.003681000180222327,11
gen_backend_python_001,sliding_window_10,backend/python,synthetic,explicit,files,6,11,1,0.0909,0.1667,0.1176,108,319,2.95,0.003681000180222327,11
gen_backend_python_001,sliding_window_10,backend/python,synthetic,explicit,errors,1,11,0,0.0,0.0,0.0,108,319,2.95,0.003681000180222327,11
gen_backend_python_001,naive_truncation,backend/python,synthetic,explicit,completed_tasks,7,35,7,0.2,1.0,0.3333,316,319,1.01,0.013972000033390941,35
gen_backend_python_001,naive_truncation,backend/python,synthetic,explicit,pending_tasks,1,35,1,0.0286,1.0,0.0556,316,319,1.01,0.013972000033390941,35
gen_backend_python_001,naive_truncation,backend/python,synthetic,explicit,decisions,5,35,5,0.1429,1.0,0.25,316,319,1.01,0.013972000033390941,35
gen_backend_python_001,naive_truncation,backend/python,synthetic,explicit,files,6,35,6,0.1714,1.0,0.2927,316,319,1.01,0.013972000033390941,35
gen_backend_python_001,naive_truncation,backend/python,synthetic,explicit,errors,1,35,1,0.0286,1.0,0.0556,316,319,1.01,0.013972000033390941,35
gen_backend_python_001,naive_summary,backend/python,synthetic,explicit,completed_tasks,7,24,2,0.0833,0.2857,0.129,201,319,1.59,0.03492999985610368,24
gen_backend_python_001,naive_summary,backend/python,synthetic,explicit,pending_tasks,1,24,1,0.0417,1.0,0.08,201,319,1.59,0.03492999985610368,24
gen_backend_python_001,naive_summary,backend/python,synthetic,explicit,decisions,5,24,3,0.125,0.6,0.2069,201,319,1.59,0.03492999985610368,24
gen_backend_python_001,naive_summary,backend/python,synthetic,explicit,files,6,24,5,0.2083,0.8333,0.3333,201,319,1.59,0.03492999985610368,24
gen_backend_python_001,naive_summary,backend/python,synthetic,explicit,errors,1,24,1,0.0417,1.0,0.08,201,319,1.59,0.03492999985610368,24
gen_backend_python_002,tokenmizer_v0.5.2,backend/python,synthetic,explicit,completed_tasks,7,8,7,0.875,1.0,0.9333,159,342,2.15,221.1191860001236,22
gen_backend_python_002,tokenmizer_v0.5.2,backend/python,synthetic,explicit,pending_tasks,4,4,4,1.0,1.0,1.0,159,342,2.15,221.1191860001236,22
gen_backend_python_002,tokenmizer_v0.5.2,backend/python,synthetic,explicit,decisions,3,3,3,1.0,1.0,1.0,159,342,2.15,221.1191860001236,22
gen_backend_python_002,tokenmizer_v0.5.2,backend/python,synthetic,explicit,files,6,6,6,1.0,1.0,1.0,159,342,2.15,221.1191860001236,22
gen_backend_python_002,tokenmizer_v0.5.2,backend/python,synthetic,explicit,errors,1,1,1,1.0,1.0,1.0,159,342,2.15,221.1191860001236,22
gen_backend_python_002,graphiti_style,backend/python,synthetic,explicit,completed_tasks,7,12,7,0.5833,1.0,0.7368,182,342,1.88,0.9470549998695788,28
gen_backend_python_002,graphiti_style,backend/python,synthetic,explicit,pending_tasks,4,5,4,0.8,1.0,0.8889,182,342,1.88,0.9470549998695788,28
gen_backend_python_002,graphiti_style,backend/python,synthetic,explicit,decisions,3,4,3,0.75,1.0,0.8571,182,342,1.88,0.9470549998695788,28
gen_backend_python_002,graphiti_style,backend/python,synthetic,explicit,files,6,6,6,1.0,1.0,1.0,182,342,1.88,0.9470549998695788,28
gen_backend_python_002,graphiti_style,backend/python,synthetic,explicit,errors,1,1,1,1.0,1.0,1.0,182,342,1.88,0.9470549998695788,28
gen_backend_python_002,graphrag_style,backend/python,synthetic,explicit,completed_tasks,7,4,4,1.0,0.5714,0.7273,143,342,2.39,0.6678730001112854,17
gen_backend_python_002,graphrag_style,backend/python,synthetic,explicit,pending_tasks,4,3,2,0.6667,0.5,0.5714,143,342,2.39,0.6678730001112854,17
gen_backend_python_002,graphrag_style,backend/python,synthetic,explicit,decisions,3,3,3,1.0,1.0,1.0,143,342,2.39,0.6678730001112854,17
gen_backend_python_002,graphrag_style,backend/python,synthetic,explicit,files,6,6,6,1.0,1.0,1.0,143,342,2.39,0.6678730001112854,17
gen_backend_python_002,graphrag_style,backend/python,synthetic,explicit,errors,1,1,1,1.0,1.0,1.0,143,342,2.39,0.6678730001112854,17
gen_backend_python_002,mem0_style,backend/python,synthetic,explicit,completed_tasks,7,12,7,0.5833,1.0,0.7368,181,342,1.89,1.0111709998454899,28
gen_backend_python_002,mem0_style,backend/python,synthetic,explicit,pending_tasks,4,5,4,0.8,1.0,0.8889,181,342,1.89,1.0111709998454899,28
gen_backend_python_002,mem0_style,backend/python,synthetic,explicit,decisions,3,4,3,0.75,1.0,0.8571,181,342,1.89,1.0111709998454899,28
gen_backend_python_002,mem0_style,backend/python,synthetic,explicit,files,6,6,6,1.0,1.0,1.0,181,342,1.89,1.0111709998454899,28
gen_backend_python_002,mem0_style,backend/python,synthetic,explicit,errors,1,1,1,1.0,1.0,1.0,181,342,1.89,1.0111709998454899,28
gen_backend_python_002,memgpt_style,backend/python,synthetic,explicit,completed_tasks,7,4,2,0.5,0.2857,0.3636,70,342,4.89,0.2543760001572082,9
gen_backend_python_002,memgpt_style,backend/python,synthetic,explicit,pending_tasks,4,2,2,1.0,0.5,0.6667,70,342,4.89,0.2543760001572082,9
gen_backend_python_002,memgpt_style,backend/python,synthetic,explicit,decisions,3,1,1,1.0,0.3333,0.5,70,342,4.89,0.2543760001572082,9
gen_backend_python_002,memgpt_style,backend/python,synthetic,explicit,files,6,2,2,1.0,0.3333,0.5,70,342,4.89,0.2543760001572082,9
gen_backend_python_002,memgpt_style,backend/python,synthetic,explicit,errors,1,0,0,1.0,0.0,0.0,70,342,4.89,0.2543760001572082,9
gen_backend_python_002,sliding_window_10,backend/python,synthetic,explicit,completed_tasks,7,10,1,0.1,0.1429,0.1176,76,342,4.5,0.0037099998735357076,10
gen_backend_python_002,sliding_window_10,backend/python,synthetic,explicit,pending_tasks,4,10,2,0.2,0.5,0.2857,76,342,4.5,0.0037099998735357076,10
gen_backend_python_002,sliding_window_10,backend/python,synthetic,explicit,decisions,3,10,0,0.0,0.0,0.0,76,342,4.5,0.0037099998735357076,10
gen_backend_python_002,sliding_window_10,backend/python,synthetic,explicit,files,6,10,2,0.2,0.3333,0.25,76,342,4.5,0.0037099998735357076,10
gen_backend_python_002,sliding_window_10,backend/python,synthetic,explicit,errors,1,10,0,0.0,0.0,0.0,76,342,4.5,0.0037099998735357076,10
gen_backend_python_002,naive_truncation,backend/python,synthetic,explicit,completed_tasks,7,35,6,0.1714,0.8571,0.2857,308,342,1.11,0.01597299979039235,35
gen_backend_python_002,naive_truncation,backend/python,synthetic,explicit,pending_tasks,4,35,4,0.1143,1.0,0.2051,308,342,1.11,0.01597299979039235,35
gen_backend_python_002,naive_truncation,backend/python,synthetic,explicit,decisions,3,35,2,0.0571,0.6667,0.1053,308,342,1.11,0.01597299979039235,35
gen_backend_python_002,naive_truncation,backend/python,synthetic,explicit,files,6,35,6,0.1714,1.0,0.2927,308,342,1.11,0.01597299979039235,35
gen_backend_python_002,naive_truncation,backend/python,synthetic,explicit,errors,1,35,1,0.0286,1.0,0.0556,308,342,1.11,0.01597299979039235,35
gen_backend_python_002,naive_summary,backend/python,synthetic,explicit,completed_tasks,7,21,5,0.2381,0.7143,0.3571,209,342,1.64,0.03843100012090872,21
gen_backend_python_002,naive_summary,backend/python,synthetic,explicit,pending_tasks,4,21,2,0.0952,0.5,0.16,209,342,1.64,0.03843100012090872,21
gen_backend_python_002,naive_summary,backend/python,synthetic,explicit,decisions,3,21,2,0.0952,0.6667,0.1667,209,342,1.64,0.03843100012090872,21
gen_backend_python_002,naive_summary,backend/python,synthetic,explicit,files,6,21,2,0.0952,0.3333,0.1481,209,342,1.64,0.03843100012090872,21
gen_backend_python_002,naive_summary,backend/python,synthetic,explicit,errors,1,21,0,0.0,0.0,0.0,209,342,1.64,0.03843100012090872,21
gen_backend_python_003,tokenmizer_v0.5.2,backend/python,synthetic,explicit,completed_tasks,4,4,4,1.0,1.0,1.0,113,259,2.29,233.29808299968136,15
gen_backend_python_003,tokenmizer_v0.5.2,backend/python,synthetic,explicit,pending_tasks,3,3,3,1.0,1.0,1.0,113,259,2.29,233.29808299968136,15
gen_backend_python_003,tokenmizer_v0.5.2,backend/python,synthetic,explicit,decisions,2,2,2,1.0,1.0,1.0,113,259,2.29,233.29808299968136,15
gen_backend_python_003,tokenmizer_v0.5.2,backend/python,synthetic,explicit,files,6,6,6,1.0,1.0,1.0,113,259,2.29,233.29808299968136,15
gen_backend_python_003,graphiti_style,backend/python,synthetic,explicit,completed_tasks,4,8,4,0.5,1.0,0.6667,141,259,1.84,0.8099220003714436,21
gen_backend_python_003,graphiti_style,backend/python,synthetic,explicit,pending_tasks,3,4,3,0.75,1.0,0.8571,141,259,1.84,0.8099220003714436,21
gen_backend_python_003,graphiti_style,backend/python,synthetic,explicit,decisions,2,3,2,0.6667,1.0,0.8,141,259,1.84,0.8099220003714436,21
gen_backend_python_003,graphiti_style,backend/python,synthetic,explicit,files,6,6,6,1.0,1.0,1.0,141,259,1.84,0.8099220003714436,21
gen_backend_python_003,graphrag_style,backend/python,synthetic,explicit,completed_tasks,4,3,3,1.0,0.75,0.8571,106,259,2.44,0.4163680000601744,15
gen_backend_python_003,graphrag_style,backend/python,synthetic,explicit,pending_tasks,3,2,1,0.5,0.3333,0.4,106,259,2.44,0.4163680000601744,15
gen_backend_python_003,graphrag_style,backend/python,synthetic,explicit,decisions,2,3,2,0.6667,1.0,0.8,106,259,2.44,0.4163680000601744,15
gen_backend_python_003,graphrag_style,backend/python,synthetic,explicit,files,6,6,6,1.0,1.0,1.0,106,259,2.44,0.4163680000601744,15
gen_backend_python_003,graphrag_style,backend/python,synthetic,explicit,errors,0,1,0,0.0,1.0,0.0,106,259,2.44,0.4163680000601744,15
gen_backend_python_003,mem0_style,backend/python,synthetic,explicit,completed_tasks,4,8,4,0.5,1.0,0.6667,140,259,1.85,0.723389000086172,21
gen_backend_python_003,mem0_style,backend/python,synthetic,explicit,pending_tasks,3,4,3,0.75,1.0,0.8571,140,259,1.85,0.723389000086172,21
gen_backend_python_003,mem0_style,backend/python,synthetic,explicit,decisions,2,3,2,0.6667,1.0,0.8,140,259,1.85,0.723389000086172,21
gen_backend_python_003,mem0_style,backend/python,synthetic,explicit,files,6,6,6,1.0,1.0,1.0,140,259,1.85,0.723389000086172,21
gen_backend_python_003,memgpt_style,backend/python,synthetic,explicit,completed_tasks,4,3,1,0.3333,0.25,0.2857,60,259,4.32,0.2183510000577371,8
gen_backend_python_003,memgpt_style,backend/python,synthetic,explicit,pending_tasks,3,1,1,1.0,0.3333,0.5,60,259,4.32,0.2183510000577371,8
gen_backend_python_003,memgpt_style,backend/python,synthetic,explicit,decisions,2,1,1,1.0,0.5,0.6667,60,259,4.32,0.2183510000577371,8
gen_backend_python_003,memgpt_style,backend/python,synthetic,explicit,files,6,3,3,1.0,0.5,0.6667,60,259,4.32,0.2183510000577371,8
gen_backend_python_003,sliding_window_10,backend/python,synthetic,explicit,completed_tasks,4,10,1,0.1,0.25,0.1429,77,259,3.36,0.003250000190746505,10
gen_backend_python_003,sliding_window_10,backend/python,synthetic,explicit,pending_tasks,3,10,1,0.1,0.3333,0.1538,77,259,3.36,0.003250000190746505,10
gen_backend_python_003,sliding_window_10,backend/python,synthetic,explicit,decisions,2,10,0,0.0,0.0,0.0,77,259,3.36,0.003250000190746505,10
gen_backend_python_003,sliding_window_10,backend/python,synthetic,explicit,files,6,10,3,0.3,0.5,0.375,77,259,3.36,0.003250000190746505,10
gen_backend_python_003,sliding_window_10,backend/python,synthetic,explicit,errors,0,10,0,0.0,1.0,0.0,77,259,3.36,0.003250000190746505,10
gen_backend_python_003,naive_truncation,backend/python,synthetic,explicit,completed_tasks,4,30,4,0.1333,1.0,0.2353,276,259,0.94,0.015809000160516007,30
gen_backend_python_003,naive_truncation,backend/python,synthetic,explicit,pending_tasks,3,30,3,0.1,1.0,0.1818,276,259,0.94,0.015809000160516007,30
gen_backend_python_003,naive_truncation,backend/python,synthetic,explicit,decisions,2,30,2,0.0667,1.0,0.125,276,259,0.94,0.015809000160516007,30
gen_backend_python_003,naive_truncation,backend/python,synthetic,explicit,files,6,30,6,0.2,1.0,0.3333,276,259,0.94,0.015809000160516007,30
gen_backend_python_003,naive_truncation,backend/python,synthetic,explicit,errors,0,30,0,0.0,1.0,0.0,276,259,0.94,0.015809000160516007,30
gen_backend_python_003,naive_summary,backend/python,synthetic,explicit,completed_tasks,4,20,3,0.15,0.75,0.25,191,259,1.36,0.07142999993448029,20
gen_backend_python_003,naive_summary,backend/python,synthetic,explicit,pending_tasks,3,20,2,0.1,0.6667,0.1739,191,259,1.36,0.07142999993448029,20
gen_backend_python_003,naive_summary,backend/python,synthetic,explicit,decisions,2,20,1,0.05,0.5,0.0909,191,259,1.36,0.07142999993448029,20
gen_backend_python_003,naive_summary,backend/python,synthetic,explicit,files,6,20,3,0.15,0.5,0.2308,191,259,1.36,0.07142999993448029,20
gen_backend_python_003,naive_summary,backend/python,synthetic,explicit,errors,0,20,0,0.0,1.0,0.0,191,259,1.36,0.07142999993448029,20
gen_backend_python_004,tokenmizer_v0.5.2,backend/python,synthetic,explicit,completed_tasks,3,3,3,1.0,1.0,1.0,154,276,1.79,276.3232920001428,17
gen_backend_python_004,tokenmizer_v0.5.2,backend/python,synthetic,explicit,pending_tasks,2,2,2,1.0,1.0,1.0,154,276,1.79,276.3232920001428,17
gen_backend_python_004,tokenmizer_v0.5.2,backend/python,synthetic,explicit,decisions,4,4,4,1.0,1.0,1.0,154,276,1.79,276.3232920001428,17
gen_backend_python_004,tokenmizer_v0.5.2,backend/python,synthetic,explicit,files,5,5,5,1.0,1.0,1.0,154,276,1.79,276.3232920001428,17
gen_backend_python_004,tokenmizer_v0.5.2,backend/python,synthetic,explicit,errors,3,3,3,1.0,1.0,1.0,154,276,1.79,276.3232920001428,17
gen_backend_python_004,graphiti_style,backend/python,synthetic,explicit,completed_tasks,3,6,3,0.5,1.0,0.6667,163,276,1.69,0.7170809999479388,22
gen_backend_python_004,graphiti_style,backend/python,synthetic,explicit,pending_tasks,2,3,2,0.6667,1.0,0.8,163,276,1.69,0.7170809999479388,22
gen_backend_python_004,graphiti_style,backend/python,synthetic,explicit,decisions,4,5,3,0.6,0.75,0.6667,163,276,1.69,0.7170809999479388,22
gen_backend_python_004,graphiti_style,backend/python,synthetic,explicit,files,5,5,5,1.0,1.0,1.0,163,276,1.69,0.7170809999479388,22
gen_backend_python_004,graphiti_style,backend/python,synthetic,explicit,errors,3,3,3,1.0,1.0,1.0,163,276,1.69,0.7170809999479388,22
gen_backend_python_004,graphrag_style,backend/python,synthetic,explicit,completed_tasks,3,1,1,1.0,0.3333,0.5,140,276,1.97,0.41710799996508285,17
gen_backend_python_004,graphrag_style,backend/python,synthetic,explicit,pending_tasks,2,3,2,0.6667,1.0,0.8,140,276,1.97,0.41710799996508285,17
gen_backend_python_004,graphrag_style,backend/python,synthetic,explicit,decisions,4,5,4,0.8,1.0,0.8889,140,276,1.97,0.41710799996508285,17
gen_backend_python_004,graphrag_style,backend/python,synthetic,explicit,files,5,5,5,1.0,1.0,1.0,140,276,1.97,0.41710799996508285,17
gen_backend_python_004,graphrag_style,backend/python,synthetic,explicit,errors,3,3,3,1.0,1.0,1.0,140,276,1.97,0.41710799996508285,17
gen_backend_python_004,mem0_style,backend/python,synthetic,explicit,completed_tasks,3,6,3,0.5,1.0,0.6667,162,276,1.7,0.791572000252927,22
gen_backend_python_004,mem0_style,backend/python,synthetic,explicit,pending_tasks,2,3,2,0.6667,1.0,0.8,162,276,1.7,0.791572000252927,22
gen_backend_python_004,mem0_style,backend/python,synthetic,explicit,decisions,4,5,3,0.6,0.75,0.6667,162,276,1.7,0.791572000252927,22
gen_backend_python_004,mem0_style,backend/python,synthetic,explicit,files,5,5,5,1.0,1.0,1.0,162,276,1.7,0.791572000252927,22
gen_backend_python_004,mem0_style,backend/python,synthetic,explicit,errors,3,3,3,1.0,1.0,1.0,162,276,1.7,0.791572000252927,22
gen_backend_python_004,memgpt_style,backend/python,synthetic,explicit,completed_tasks,3,3,1,0.3333,0.3333,0.3333,68,276,4.06,0.30964399957156274,9
gen_backend_python_004,memgpt_style,backend/python,synthetic,explicit,pending_tasks,2,0,0,1.0,0.0,0.0,68,276,4.06,0.30964399957156274,9
gen_backend_python_004,memgpt_style,backend/python,synthetic,explicit,decisions,4,1,0,0.0,0.0,0.0,68,276,4.06,0.30964399957156274,9
gen_backend_python_004,memgpt_style,backend/python,synthetic,explicit,files,5,3,3,1.0,0.6,0.75,68,276,4.06,0.30964399957156274,9
gen_backend_python_004,memgpt_style,backend/python,synthetic,explicit,errors,3,2,2,1.0,0.6667,0.8,68,276,4.06,0.30964399957156274,9
gen_backend_python_004,sliding_window_10,backend/python,synthetic,explicit,completed_tasks,3,11,1,0.0909,0.3333,0.1429,97,276,2.85,0.004565999915939756,11
gen_backend_python_004,sliding_window_10,backend/python,synthetic,explicit,pending_tasks,2,11,0,0.0,0.0,0.0,97,276,2.85,0.004565999915939756,11
gen_backend_python_004,sliding_window_10,backend/python,synthetic,explicit,decisions,4,11,1,0.0909,0.25,0.1333,97,276,2.85,0.004565999915939756,11
gen_backend_python_004,sliding_window_10,backend/python,synthetic,explicit,files,5,11,2,0.1818,0.4,0.25,97,276,2.85,0.004565999915939756,11
gen_backend_python_004,sliding_window_10,backend/python,synthetic,explicit,errors,3,11,2,0.1818,0.6667,0.2857,97,276,2.85,0.004565999915939756,11
gen_backend_python_004,naive_truncation,backend/python,synthetic,explicit,completed_tasks,3,33,3,0.0909,1.0,0.1667,295,276,0.94,0.014639000255556311,33
gen_backend_python_004,naive_truncation,backend/python,synthetic,explicit,pending_tasks,2,33,2,0.0606,1.0,0.1143,295,276,0.94,0.014639000255556311,33
gen_backend_python_004,naive_truncation,backend/python,synthetic,explicit,decisions,4,33,4,0.1212,1.0,0.2162,295,276,0.94,0.014639000255556311,33
gen_backend_python_004,naive_truncation,backend/python,synthetic,explicit,files,5,33,5,0.1515,1.0,0.2632,295,276,0.94,0.014639000255556311,33
gen_backend_python_004,naive_truncation,backend/python,synthetic,explicit,errors,3,33,3,0.0909,1.0,0.1667,295,276,0.94,0.014639000255556311,33
gen_backend_python_004,naive_summary,backend/python,synthetic,explicit,completed_tasks,3,22,2,0.0909,0.6667,0.16,192,276,1.44,0.03151900000375463,22
gen_backend_python_004,naive_summary,backend/python,synthetic,explicit,pending_tasks,2,22,2,0.0909,1.0,0.1667,192,276,1.44,0.03151900000375463,22
gen_backend_python_004,naive_summary,backend/python,synthetic,explicit,decisions,4,22,3,0.1364,0.75,0.2308,192,276,1.44,0.03151900000375463,22
gen_backend_python_004,naive_summary,backend/python,synthetic,explicit,files,5,22,2,0.0909,0.4,0.1481,192,276,1.44,0.03151900000375463,22
gen_backend_python_004,naive_summary,backend/python,synthetic,explicit,errors,3,22,1,0.0455,0.3333,0.08,192,276,1.44,0.03151900000375463,22
gen_backend_python_005,tokenmizer_v0.5.2,backend/python,synthetic,explicit,completed_tasks,7,8,7,0.875,1.0,0.9333,126,244,1.94,225.82113099997514,17
gen_backend_python_005,tokenmizer_v0.5.2,backend/python,synthetic,explicit,pending_tasks,1,1,1,1.0,1.0,1.0,126,244,1.94,225.82113099997514,17
gen_backend_python_005,tokenmizer_v0.5.2,backend/python,synthetic,explicit,decisions,2,2,2,1.0,1.0,1.0,126,244,1.94,225.82113099997514,17
gen_backend_python_005,tokenmizer_v0.5.2,backend/python,synthetic,explicit,files,6,6,6,1.0,1.0,1.0,126,244,1.94,225.82113099997514,17
gen_backend_python_005,graphiti_style,backend/python,synthetic,explicit,completed_tasks,7,12,7,0.5833,1.0,0.7368,131,244,1.86,0.9307329996772751,23
gen_backend_python_005,graphiti_style,backend/python,synthetic,explicit,pending_tasks,1,2,1,0.5,1.0,0.6667,131,244,1.86,0.9307329996772751,23
gen_backend_python_005,graphiti_style,backend/python,synthetic,explicit,decisions,2,3,2,0.6667,1.0,0.8,131,244,1.86,0.9307329996772751,23
gen_backend_python_005,graphiti_style,backend/python,synthetic,explicit,files,6,6,6,1.0,1.0,1.0,131,244,1.86,0.9307329996772751,23
gen_backend_python_005,graphrag_style,backend/python,synthetic,explicit,completed_tasks,7,3,3,1.0,0.4286,0.6,100,244,2.44,0.6063270002414356,14
gen_backend_python_005,graphrag_style,backend/python,synthetic,explicit,pending_tasks,1,2,1,0.5,1.0,0.6667,100,244,2.44,0.6063270002414356,14
gen_backend_python_005,graphrag_style,backend/python,synthetic,explicit,decisions,2,2,2,1.0,1.0,1.0,100,244,2.44,0.6063270002414356,14
gen_backend_python_005,graphrag_style,backend/python,synthetic,explicit,files,6,6,6,1.0,1.0,1.0,100,244,2.44,0.6063270002414356,14
gen_backend_python_005,graphrag_style,backend/python,synthetic,explicit,errors,0,1,0,0.0,1.0,0.0,100,244,2.44,0.6063270002414356,14
gen_backend_python_005,mem0_style,backend/python,synthetic,explicit,completed_tasks,7,12,7,0.5833,1.0,0.7368,130,244,1.88,1.0972430000038003,23
gen_backend_python_005,mem0_style,backend/python,synthetic,explicit,pending_tasks,1,2,1,0.5,1.0,0.6667,130,244,1.88,1.0972430000038003,23
gen_backend_python_005,mem0_style,backend/python,synthetic,explicit,decisions,2,3,2,0.6667,1.0,0.8,130,244,1.88,1.0972430000038003,23
gen_backend_python_005,mem0_style,backend/python,synthetic,explicit,files,6,6,6,1.0,1.0,1.0,130,244,1.88,1.0972430000038003,23
gen_backend_python_005,memgpt_style,backend/python,synthetic,explicit,completed_tasks,7,4,3,0.75,0.4286,0.5455,76,244,3.21,0.42483800007175887,9
gen_backend_python_005,memgpt_style,backend/python,synthetic,explicit,pending_tasks,1,1,1,1.0,1.0,1.0,76,244,3.21,0.42483800007175887,9
gen_backend_python_005,memgpt_style,backend/python,synthetic,explicit,decisions,2,2,1,0.5,0.5,0.5,76,244,3.21,0.42483800007175887,9
gen_backend_python_005,memgpt_style,backend/python,synthetic,explicit,files,6,2,2,1.0,0.3333,0.5,76,244,3.21,0.42483800007175887,9
gen_backend_python_005,sliding_window_10,backend/python,synthetic,explicit,completed_tasks,7,12,3,0.25,0.4286,0.3158,104,244,2.35,0.005187000169826206,12
gen_backend_python_005,sliding_window_10,backend/python,synthetic,explicit,pending_tasks,1,12,1,0.0833,1.0,0.1538,104,244,2.35,0.005187000169826206,12
gen_backend_python_005,sliding_window_10,backend/python,synthetic,explicit,decisions,2,12,1,0.0833,0.5,0.1429,104,244,2.35,0.005187000169826206,12
gen_backend_python_005,sliding_window_10,backend/python,synthetic,explicit,files,6,12,2,0.1667,0.3333,0.2222,104,244,2.35,0.005187000169826206,12
gen_backend_python_005,sliding_window_10,backend/python,synthetic,explicit,errors,0,12,0,0.0,1.0,0.0,104,244,2.35,0.005187000169826206,12
gen_backend_python_005,naive_truncation,backend/python,synthetic,explicit,completed_tasks,7,29,7,0.2414,1.0,0.3889,260,244,0.94,0.020711000161099946,29
gen_backend_python_005,naive_truncation,backend/python,synthetic,explicit,pending_tasks,1,29,1,0.0345,1.0,0.0667,260,244,0.94,0.020711000161099946,29
gen_backend_python_005,naive_truncation,backend/python,synthetic,explicit,decisions,2,29,2,0.069,1.0,0.129,260,244,0.94,0.020711000161099946,29
gen_backend_python_005,naive_truncation,backend/python,synthetic,explicit,files,6,29,6,0.2069,1.0,0.3429,260,244,0.94,0.020711000161099946,29
gen_backend_python_005,naive_truncation,backend/python,synthetic,explicit,errors,0,29,0,0.0,1.0,0.0,260,244,0.94,0.020711000161099946,29
gen_backend_python_005,naive_summary,backend/python,synthetic,explicit,completed_tasks,7,24,6,0.25,0.8571,0.3871,207,244,1.18,0.03664599989861017,24
gen_backend_python_005,naive_summary,backend/python,synthetic,explicit,pending_tasks,1,24,0,0.0,0.0,0.0,207,244,1.18,0.03664599989861017,24
gen_backend_python_005,naive_summary,backend/python,synthetic,explicit,decisions,2,24,1,0.0417,0.5,0.0769,207,244,1.18,0.03664599989861017,24
gen_backend_python_005,naive_summary,backend/python,synthetic,explicit,files,6,24,5,0.2083,0.8333,0.3333,207,244,1.18,0.03664599989861017,24
gen_backend_python_005,naive_summary,backend/python,synthetic,explicit,errors,0,24,0,0.0,1.0,0.0,207,244,1.18,0.03664599989861017,24
gen_backend_python_006,tokenmizer_v0.5.2,backend/python,synthetic,explicit,completed_tasks,4,4,4,1.0,1.0,1.0,133,260,1.95,212.2857010003827,16
gen_backend_python_006,tokenmizer_v0.5.2,backend/python,synthetic,explicit,pending_tasks,3,3,3,1.0,1.0,1.0,133,260,1.95,212.2857010003827,16
gen_backend_python_006,tokenmizer_v0.5.2,backend/python,synthetic,explicit,decisions,4,4,4,1.0,1.0,1.0,133,260,1.95,212.2857010003827,16
gen_backend_python_006,tokenmizer_v0.5.2,backend/python,synthetic,explicit,files,5,5,5,1.0,1.0,1.0,133,260,1.95,212.2857010003827,16
gen_backend_python_006,graphiti_style,backend/python,synthetic,explicit,completed_tasks,4,7,4,0.5714,1.0,0.7273,153,260,1.7,0.6802880002396705,20
gen_backend_python_006,graphiti_style,backend/python,synthetic,explicit,pending_tasks,3,4,3,0.75,1.0,0.8571,153,260,1.7,0.6802880002396705,20
gen_backend_python_006,graphiti_style,backend/python,synthetic,explicit,decisions,4,4,4,1.0,1.0,1.0,153,260,1.7,0.6802880002396705,20
gen_backend_python_006,graphiti_style,backend/python,synthetic,explicit,files,5,5,5,1.0,1.0,1.0,153,260,1.7,0.6802880002396705,20
gen_backend_python_006,graphrag_style,backend/python,synthetic,explicit,completed_tasks,4,1,1,1.0,0.25,0.4,82,260,3.17,0.39538199962407816,11
gen_backend_python_006,graphrag_style,backend/python,synthetic,explicit,pending_tasks,3,1,0,0.0,0.0,0.0,82,260,3.17,0.39538199962407816,11
gen_backend_python_006,graphrag_style,backend/python,synthetic,explicit,decisions,4,4,4,1.0,1.0,1.0,82,260,3.17,0.39538199962407816,11
gen_backend_python_006,graphrag_style,backend/python,synthetic,explicit,files,5,5,5,1.0,1.0,1.0,82,260,3.17,0.39538199962407816,11
gen_backend_python_006,mem0_style,backend/python,synthetic,explicit,completed_tasks,4,7,4,0.5714,1.0,0.7273,152,260,1.71,0.8202710000659863,20
gen_backend_python_006,mem0_style,backend/python,synthetic,explicit,pending_tasks,3,4,3,0.75,1.0,0.8571,152,260,1.71,0.8202710000659863,20
gen_backend_python_006,mem0_style,backend/python,synthetic,explicit,decisions,4,4,4,1.0,1.0,1.0,152,260,1.71,0.8202710000659863,20
gen_backend_python_006,mem0_style,backend/python,synthetic,explicit,files,5,5,5,1.0,1.0,1.0,152,260,1.71,0.8202710000659863,20
gen_backend_python_006,memgpt_style,backend/python,synthetic,explicit,completed_tasks,4,4,3,0.75,0.75,0.75,71,260,3.66,0.23226400026032934,8
gen_backend_python_006,memgpt_style,backend/python,synthetic,explicit,pending_tasks,3,1,1,1.0,0.3333,0.5,71,260,3.66,0.23226400026032934,8
gen_backend_python_006,memgpt_style,backend/python,synthetic,explicit,decisions,4,1,1,1.0,0.25,0.4,71,260,3.66,0.23226400026032934,8
gen_backend_python_006,memgpt_style,backend/python,synthetic,explicit,files,5,2,2,1.0,0.4,0.5714,71,260,3.66,0.23226400026032934,8
gen_backend_python_006,sliding_window_10,backend/python,synthetic,explicit,completed_tasks,4,11,2,0.1818,0.5,0.2667,89,260,2.92,0.0031100003070605453,11
gen_backend_python_006,sliding_window_10,backend/python,synthetic,explicit,pending_tasks,3,11,1,0.0909,0.3333,0.1429,89,260,2.92,0.0031100003070605453,11
gen_backend_python_006,sliding_window_10,backend/python,synthetic,explicit,decisions,4,11,1,0.0909,0.25,0.1333,89,260,2.92,0.0031100003070605453,11
gen_backend_python_006,sliding_window_10,backend/python,synthetic,explicit,files,5,11,2,0.1818,0.4,0.25,89,260,2.92,0.0031100003070605453,11
gen_backend_python_006,sliding_window_10,backend/python,synthetic,explicit,errors,0,11,0,0.0,1.0,0.0,89,260,2.92,0.0031100003070605453,11
gen_backend_python_006,naive_truncation,backend/python,synthetic,explicit,completed_tasks,4,32,4,0.125,1.0,0.2222,277,260,0.94,0.015471000097022625,32
gen_backend_python_006,naive_truncation,backend/python,synthetic,explicit,pending_tasks,3,32,3,0.0938,1.0,0.1714,277,260,0.94,0.015471000097022625,32
gen_backend_python_006,naive_truncation,backend/python,synthetic,explicit,decisions,4,32,4,0.125,1.0,0.2222,277,260,0.94,0.015471000097022625,32
gen_backend_python_006,naive_truncation,backend/python,synthetic,explicit,files,5,32,5,0.1562,1.0,0.2703,277,260,0.94,0.015471000097022625,32
gen_backend_python_006,naive_truncation,backend/python,synthetic,explicit,errors,0,32,0,0.0,1.0,0.0,277,260,0.94,0.015471000097022625,32
gen_backend_python_006,naive_summary,backend/python,synthetic,explicit,completed_tasks,4,23,2,0.087,0.5,0.1481,199,260,1.31,0.030840999897918664,23
gen_backend_python_006,naive_summary,backend/python,synthetic,explicit,pending_tasks,3,23,3,0.1304,1.0,0.2308,199,260,1.31,0.030840999897918664,23
gen_backend_python_006,naive_summary,backend/python,synthetic,explicit,decisions,4,23,3,0.1304,0.75,0.2222,199,260,1.31,0.030840999897918664,23
gen_backend_python_006,naive_summary,backend/python,synthetic,explicit,files,5,23,3,0.1304,0.6,0.2143,199,260,1.31,0.030840999897918664,23
gen_backend_python_006,naive_summary,backend/python,synthetic,explicit,errors,0,23,0,0.0,1.0,0.0,199,260,1.31,0.030840999897918664,23
gen_data_sql_001,tokenmizer_v0.5.2,data/sql,synthetic,mixed,completed_tasks,6,6,6,1.0,1.0,1.0,156,350,2.24,226.34898900014377,15
gen_data_sql_001,tokenmizer_v0.5.2,data/sql,synthetic,mixed,pending_tasks,2,1,1,1.0,0.5,0.6667,156,350,2.24,226.34898900014377,15
gen_data_sql_001,tokenmizer_v0.5.2,data/sql,synthetic,mixed,decisions,2,2,2,1.0,1.0,1.0,156,350,2.24,226.34898900014377,15
gen_data_sql_001,tokenmizer_v0.5.2,data/sql,synthetic,mixed,files,5,5,5,1.0,1.0,1.0,156,350,2.24,226.34898900014377,15
gen_data_sql_001,tokenmizer_v0.5.2,data/sql,synthetic,mixed,errors,2,1,1,1.0,0.5,0.6667,156,350,2.24,226.34898900014377,15
gen_data_sql_001,graphiti_style,data/sql,synthetic,mixed,completed_tasks,6,5,4,0.8,0.6667,0.7273,141,350,2.48,1.5395499999613094,15
gen_data_sql_001,graphiti_style,data/sql,synthetic,mixed,pending_tasks,2,2,1,0.5,0.5,0.5,141,350,2.48,1.5395499999613094,15
gen_data_sql_001,graphiti_style,data/sql,synthetic,mixed,decisions,2,3,2,0.6667,1.0,0.8,141,350,2.48,1.5395499999613094,15
gen_data_sql_001,graphiti_style,data/sql,synthetic,mixed,files,5,5,5,1.0,1.0,1.0,141,350,2.48,1.5395499999613094,15
gen_data_sql_001,graphiti_style,data/sql,synthetic,mixed,errors,2,0,0,1.0,0.0,0.0,141,350,2.48,1.5395499999613094,15
gen_data_sql_001,graphrag_style,data/sql,synthetic,mixed,completed_tasks,6,1,1,1.0,0.1667,0.2857,91,350,3.85,0.9579279999343271,11
gen_data_sql_001,graphrag_style,data/sql,synthetic,mixed,pending_tasks,2,1,0,0.0,0.0,0.0,91,350,3.85,0.9579279999343271,11
gen_data_sql_001,graphrag_style,data/sql,synthetic,mixed,decisions,2,3,2,0.6667,1.0,0.8,91,350,3.85,0.9579279999343271,11
gen_data_sql_001,graphrag_style,data/sql,synthetic,mixed,files,5,5,5,1.0,1.0,1.0,91,350,3.85,0.9579279999343271,11
gen_data_sql_001,graphrag_style,data/sql,synthetic,mixed,errors,2,1,0,0.0,0.0,0.0,91,350,3.85,0.9579279999343271,11
gen_data_sql_001,mem0_style,data/sql,synthetic,mixed,completed_tasks,6,5,4,0.8,0.6667,0.7273,140,350,2.5,1.433643999916967,15
gen_data_sql_001,mem0_style,data/sql,synthetic,mixed,pending_tasks,2,2,1,0.5,0.5,0.5,140,350,2.5,1.433643999916967,15
gen_data_sql_001,mem0_style,data/sql,synthetic,mixed,decisions,2,3,2,0.6667,1.0,0.8,140,350,2.5,1.433643999916967,15
gen_data_sql_001,mem0_style,data/sql,synthetic,mixed,files,5,5,5,1.0,1.0,1.0,140,350,2.5,1.433643999916967,15
gen_data_sql_001,mem0_style,data/sql,synthetic,mixed,errors,2,0,0,1.0,0.0,0.0,140,350,2.5,1.433643999916967,15
gen_data_sql_001,memgpt_style,data/sql,synthetic,mixed,completed_tasks,6,2,2,1.0,0.3333,0.5,70,350,5.0,0.6769359997633728,6
gen_data_sql_001,memgpt_style,data/sql,synthetic,mixed,pending_tasks,2,1,1,1.0,0.5,0.6667,70,350,5.0,0.6769359997633728,6
gen_data_sql_001,memgpt_style,data/sql,synthetic,mixed,decisions,2,1,0,0.0,0.0,0.0,70,350,5.0,0.6769359997633728,6
gen_data_sql_001,memgpt_style,data/sql,synthetic,mixed,files,5,2,3,1.0,0.6,0.75,70,350,5.0,0.6769359997633728,6
gen_data_sql_001,memgpt_style,data/sql,synthetic,mixed,errors,2,0,0,1.0,0.0,0.0,70,350,5.0,0.6769359997633728,6
gen_data_sql_001,sliding_window_10,data/sql,synthetic,mixed,completed_tasks,6,12,3,0.25,0.5,0.3333,150,350,2.33,0.0047999997150327545,12
gen_data_sql_001,sliding_window_10,data/sql,synthetic,mixed,pending_tasks,2,12,2,0.1667,1.0,0.2857,150,350,2.33,0.0047999997150327545,12
gen_data_sql_001,sliding_window_10,data/sql,synthetic,mixed,decisions,2,12,0,0.0,0.0,0.0,150,350,2.33,0.0047999997150327545,12
gen_data_sql_001,sliding_window_10,data/sql,synthetic,mixed,files,5,12,1,0.0833,0.2,0.1176,150,350,2.33,0.0047999997150327545,12
gen_data_sql_001,sliding_window_10,data/sql,synthetic,mixed,errors,2,12,1,0.0833,0.5,0.1429,150,350,2.33,0.0047999997150327545,12
gen_data_sql_001,naive_truncation,data/sql,synthetic,mixed,completed_tasks,6,26,5,0.1923,0.8333,0.3125,295,350,1.19,0.021298000319802668,26
gen_data_sql_001,naive_truncation,data/sql,synthetic,mixed,pending_tasks,2,26,2,0.0769,1.0,0.1429,295,350,1.19,0.021298000319802668,26
gen_data_sql_001,naive_truncation,data/sql,synthetic,mixed,decisions,2,26,2,0.0769,1.0,0.1429,295,350,1.19,0.021298000319802668,26
gen_data_sql_001,naive_truncation,data/sql,synthetic,mixed,files,5,26,5,0.1923,1.0,0.3226,295,350,1.19,0.021298000319802668,26
gen_data_sql_001,naive_truncation,data/sql,synthetic,mixed,errors,2,26,1,0.0385,0.5,0.0714,295,350,1.19,0.021298000319802668,26
gen_data_sql_001,naive_summary,data/sql,synthetic,mixed,completed_tasks,6,19,3,0.1579,0.5,0.24,193,350,1.81,0.04003899994131643,19
gen_data_sql_001,naive_summary,data/sql,synthetic,mixed,pending_tasks,2,19,0,0.0,0.0,0.0,193,350,1.81,0.04003899994131643,19
gen_data_sql_001,naive_summary,data/sql,synthetic,mixed,decisions,2,19,2,0.1053,1.0,0.1905,193,350,1.81,0.04003899994131643,19
gen_data_sql_001,naive_summary,data/sql,synthetic,mixed,files,5,19,4,0.1579,0.8,0.2637,193,350,1.81,0.04003899994131643,19
gen_data_sql_001,naive_summary,data/sql,synthetic,mixed,errors,2,19,1,0.0526,0.5,0.0952,193,350,1.81,0.04003899994131643,19
gen_data_sql_002,tokenmizer_v0.5.2,data/sql,synthetic,mixed,completed_tasks,3,2,2,1.0,0.6667,0.8,146,371,2.54,260.004588999891,15
gen_data_sql_002,tokenmizer_v0.5.2,data/sql,synthetic,mixed,pending_tasks,4,2,2,1.0,0.5,0.6667,146,371,2.54,260.004588999891,15
gen_data_sql_002,tokenmizer_v0.5.2,data/sql,synthetic,mixed,decisions,3,3,3,1.0,1.0,1.0,146,371,2.54,260.004588999891,15
gen_data_sql_002,tokenmizer_v0.5.2,data/sql,synthetic,mixed,files,6,6,6,1.0,1.0,1.0,146,371,2.54,260.004588999891,15
gen_data_sql_002,tokenmizer_v0.5.2,data/sql,synthetic,mixed,errors,2,2,2,1.0,1.0,1.0,146,371,2.54,260.004588999891,15
gen_data_sql_002,graphiti_style,data/sql,synthetic,mixed,completed_tasks,3,6,2,0.3333,0.6667,0.4444,150,371,2.47,0.9960799998225411,20
gen_data_sql_002,graphiti_style,data/sql,synthetic,mixed,pending_tasks,4,4,1,0.25,0.25,0.25,150,371,2.47,0.9960799998225411,20
gen_data_sql_002,graphiti_style,data/sql,synthetic,mixed,decisions,3,3,3,1.0,1.0,1.0,150,371,2.47,0.9960799998225411,20
gen_data_sql_002,graphiti_style,data/sql,synthetic,mixed,files,6,6,6,1.0,1.0,1.0,150,371,2.47,0.9960799998225411,20
gen_data_sql_002,graphiti_style,data/sql,synthetic,mixed,errors,2,1,1,1.0,0.5,0.6667,150,371,2.47,0.9960799998225411,20
gen_data_sql_002,graphrag_style,data/sql,synthetic,mixed,completed_tasks,3,0,0,1.0,0.0,0.0,84,371,4.42,0.5608169999504753,12
gen_data_sql_002,graphrag_style,data/sql,synthetic,mixed,pending_tasks,4,3,1,0.3333,0.25,0.2857,84,371,4.42,0.5608169999504753,12
gen_data_sql_002,graphrag_style,data/sql,synthetic,mixed,decisions,3,3,3,1.0,1.0,1.0,84,371,4.42,0.5608169999504753,12
gen_data_sql_002,graphrag_style,data/sql,synthetic,mixed,files,6,6,6,1.0,1.0,1.0,84,371,4.42,0.5608169999504753,12
gen_data_sql_002,graphrag_style,data/sql,synthetic,mixed,errors,2,0,0,1.0,0.0,0.0,84,371,4.42,0.5608169999504753,12
gen_data_sql_002,mem0_style,data/sql,synthetic,mixed,completed_tasks,3,6,2,0.3333,0.6667,0.4444,146,371,2.54,0.9296520001953468,19
gen_data_sql_002,mem0_style,data/sql,synthetic,mixed,pending_tasks,4,3,1,0.3333,0.25,0.2857,146,371,2.54,0.9296520001953468,19
gen_data_sql_002,mem0_style,data/sql,synthetic,mixed,decisions,3,3,3,1.0,1.0,1.0,146,371,2.54,0.9296520001953468,19
gen_data_sql_002,mem0_style,data/sql,synthetic,mixed,files,6,6,6,1.0,1.0,1.0,146,371,2.54,0.9296520001953468,19
gen_data_sql_002,mem0_style,data/sql,synthetic,mixed,errors,2,1,1,1.0,0.5,0.6667,146,371,2.54,0.9296520001953468,19
gen_data_sql_002,memgpt_style,data/sql,synthetic,mixed,completed_tasks,3,4,1,0.25,0.3333,0.2857,74,371,5.01,0.3884170000674203,9
gen_data_sql_002,memgpt_style,data/sql,synthetic,mixed,pending_tasks,4,0,0,1.0,0.0,0.0,74,371,5.01,0.3884170000674203,9
gen_data_sql_002,memgpt_style,data/sql,synthetic,mixed,decisions,3,1,1,1.0,0.3333,0.5,74,371,5.01,0.3884170000674203,9
gen_data_sql_002,memgpt_style,data/sql,synthetic,mixed,files,6,3,4,1.0,0.6667,0.8,74,371,5.01,0.3884170000674203,9
gen_data_sql_002,memgpt_style,data/sql,synthetic,mixed,errors,2,1,1,1.0,0.5,0.6667,74,371,5.01,0.3884170000674203,9
gen_data_sql_002,sliding_window_10,data/sql,synthetic,mixed,completed_tasks,3,12,2,0.1667,0.6667,0.2667,126,371,2.94,0.004278000233171042,12
gen_data_sql_002,sliding_window_10,data/sql,synthetic,mixed,pending_tasks,4,12,1,0.0833,0.25,0.125,126,371,2.94,0.004278000233171042,12
gen_data_sql_002,sliding_window_10,data/sql,synthetic,mixed,decisions,3,12,1,0.0833,0.3333,0.1333,126,371,2.94,0.004278000233171042,12
gen_data_sql_002,sliding_window_10,data/sql,synthetic,mixed,files,6,12,4,0.25,0.6667,0.3636,126,371,2.94,0.004278000233171042,12
gen_data_sql_002,sliding_window_10,data/sql,synthetic,mixed,errors,2,12,0,0.0,0.0,0.0,126,371,2.94,0.004278000233171042,12
gen_data_sql_002,naive_truncation,data/sql,synthetic,mixed,completed_tasks,3,27,3,0.1111,1.0,0.2,301,371,1.23,0.014102000022830907,27
gen_data_sql_002,naive_truncation,data/sql,synthetic,mixed,pending_tasks,4,27,3,0.1111,0.75,0.1935,301,371,1.23,0.014102000022830907,27
gen_data_sql_002,naive_truncation,data/sql,synthetic,mixed,decisions,3,27,2,0.0741,0.6667,0.1333,301,371,1.23,0.014102000022830907,27
gen_data_sql_002,naive_truncation,data/sql,synthetic,mixed,files,6,27,6,0.1852,1.0,0.3125,301,371,1.23,0.014102000022830907,27
gen_data_sql_002,naive_truncation,data/sql,synthetic,mixed,errors,2,27,2,0.0741,1.0,0.1379,301,371,1.23,0.014102000022830907,27
gen_data_sql_002,naive_summary,data/sql,synthetic,mixed,completed_tasks,3,14,0,0.0,0.0,0.0,178,371,2.08,0.033845999951154226,14
gen_data_sql_002,naive_summary,data/sql,synthetic,mixed,pending_tasks,4,14,2,0.1429,0.5,0.2222,178,371,2.08,0.033845999951154226,14
gen_data_sql_002,naive_summary,data/sql,synthetic,mixed,decisions,3,14,1,0.0714,0.3333,0.1176,178,371,2.08,0.033845999951154226,14
gen_data_sql_002,naive_summary,data/sql,synthetic,mixed,files,6,14,4,0.2143,0.6667,0.3243,178,371,2.08,0.033845999951154226,14
gen_data_sql_002,naive_summary,data/sql,synthetic,mixed,errors,2,14,1,0.0714,0.5,0.125,178,371,2.08,0.033845999951154226,14
gen_data_sql_003,tokenmizer_v0.5.2,data/sql,synthetic,mixed,completed_tasks,3,2,2,1.0,0.6667,0.8,99,258,2.61,239.62737600004402,10
gen_data_sql_003,tokenmizer_v0.5.2,data/sql,synthetic,mixed,pending_tasks,1,1,1,1.0,1.0,1.0,99,258,2.61,239.62737600004402,10
gen_data_sql_003,tokenmizer_v0.5.2,data/sql,synthetic,mixed,decisions,5,5,5,1.0,1.0,1.0,99,258,2.61,239.62737600004402,10
gen_data_sql_003,tokenmizer_v0.5.2,data/sql,synthetic,mixed,files,2,2,2,1.0,1.0,1.0,99,258,2.61,239.62737600004402,10
gen_data_sql_003,graphiti_style,data/sql,synthetic,mixed,completed_tasks,3,1,1,1.0,0.3333,0.5,74,258,3.49,0.7127740000214544,9
gen_data_sql_003,graphiti_style,data/sql,synthetic,mixed,pending_tasks,1,1,0,0.0,0.0,0.0,74,258,3.49,0.7127740000214544,9
gen_data_sql_003,graphiti_style,data/sql,synthetic,mixed,decisions,5,5,4,0.8,0.8,0.8,74,258,3.49,0.7127740000214544,9
gen_data_sql_003,graphiti_style,data/sql,synthetic,mixed,files,2,2,2,1.0,1.0,1.0,74,258,3.49,0.7127740000214544,9
gen_data_sql_003,graphrag_style,data/sql,synthetic,mixed,completed_tasks,3,0,0,1.0,0.0,0.0,62,258,4.16,0.3344199999446573,7
gen_data_sql_003,graphrag_style,data/sql,synthetic,mixed,pending_tasks,1,1,0,0.0,0.0,0.0,62,258,4.16,0.3344199999446573,7
gen_data_sql_003,graphrag_style,data/sql,synthetic,mixed,decisions,5,4,4,1.0,0.8,0.8889,62,258,4.16,0.3344199999446573,7
gen_data_sql_003,graphrag_style,data/sql,synthetic,mixed,files,2,2,2,1.0,1.0,1.0,62,258,4.16,0.3344199999446573,7
gen_data_sql_003,mem0_style,data/sql,synthetic,mixed,completed_tasks,3,1,1,1.0,0.3333,0.5,73,258,3.53,0.7150669998736703,9
gen_data_sql_003,mem0_style,data/sql,synthetic,mixed,pending_tasks,1,1,0,0.0,0.0,0.0,73,258,3.53,0.7150669998736703,9
gen_data_sql_003,mem0_style,data/sql,synthetic,mixed,decisions,5,5,4,0.8,0.8,0.8,73,258,3.53,0.7150669998736703,9
gen_data_sql_003,mem0_style,data/sql,synthetic,mixed,files,2,2,2,1.0,1.0,1.0,73,258,3.53,0.7150669998736703,9
gen_data_sql_003,memgpt_style,data/sql,synthetic,mixed,completed_tasks,3,1,1,1.0,0.3333,0.5,40,258,6.45,0.25122800025201286,4
gen_data_sql_003,memgpt_style,data/sql,synthetic,mixed,pending_tasks,1,0,0,1.0,0.0,0.0,40,258,6.45,0.25122800025201286,4
gen_data_sql_003,memgpt_style,data/sql,synthetic,mixed,decisions,5,2,2,1.0,0.4,0.5714,40,258,6.45,0.25122800025201286,4
gen_data_sql_003,memgpt_style,data/sql,synthetic,mixed,files,2,1,1,1.0,0.5,0.6667,40,258,6.45,0.25122800025201286,4
gen_data_sql_003,sliding_window_10,data/sql,synthetic,mixed,completed_tasks,3,12,2,0.1667,0.6667,0.2667,144,258,1.79,0.003783000011026161,12
gen_data_sql_003,sliding_window_10,data/sql,synthetic,mixed,pending_tasks,1,12,1,0.0833,1.0,0.1538,144,258,1.79,0.003783000011026161,12
gen_data_sql_003,sliding_window_10,data/sql,synthetic,mixed,decisions,5,12,3,0.25,0.6,0.3529,144,258,1.79,0.003783000011026161,12
gen_data_sql_003,sliding_window_10,data/sql,synthetic,mixed,files,2,12,1,0.0833,0.5,0.1429,144,258,1.79,0.003783000011026161,12
gen_data_sql_003,sliding_window_10,data/sql,synthetic,mixed,errors,0,12,0,0.0,1.0,0.0,144,258,1.79,0.003783000011026161,12
gen_data_sql_003,naive_truncation,data/sql,synthetic,mixed,completed_tasks,3,22,3,0.1364,1.0,0.24,269,258,0.96,0.011619999895629007,22
gen_data_sql_003,naive_truncation,data/sql,synthetic,mixed,pending_tasks,1,22,1,0.0455,1.0,0.087,269,258,0.96,0.011619999895629007,22
gen_data_sql_003,naive_truncation,data/sql,synthetic,mixed,decisions,5,22,5,0.2273,1.0,0.3704,269,258,0.96,0.011619999895629007,22
gen_data_sql_003,naive_truncation,data/sql,synthetic,mixed,files,2,22,2,0.0909,1.0,0.1667,269,258,0.96,0.011619999895629007,22
gen_data_sql_003,naive_truncation,data/sql,synthetic,mixed,errors,0,22,0,0.0,1.0,0.0,269,258,0.96,0.011619999895629007,22
gen_data_sql_003,naive_summary,data/sql,synthetic,mixed,completed_tasks,3,14,2,0.1429,0.6667,0.2353,169,258,1.53,0.03199499997208477,14
gen_data_sql_003,naive_summary,data/sql,synthetic,mixed,pending_tasks,1,14,0,0.0,0.0,0.0,169,258,1.53,0.03199499997208477,14
gen_data_sql_003,naive_summary,data/sql,synthetic,mixed,decisions,5,14,2,0.1429,0.4,0.2105,169,258,1.53,0.03199499997208477,14
gen_data_sql_003,naive_summary,data/sql,synthetic,mixed,files,2,14,1,0.0714,0.5,0.125,169,258,1.53,0.03199499997208477,14
gen_data_sql_003,naive_summary,data/sql,synthetic,mixed,errors,0,14,0,0.0,1.0,0.0,169,258,1.53,0.03199499997208477,14
gen_data_sql_004,tokenmizer_v0.5.2,data/sql,synthetic,mixed,completed_tasks,5,4,3,0.75,0.6,0.6667,125,331,2.65,257.7174810003271,13
gen_data_sql_004,tokenmizer_v0.5.2,data/sql,synthetic,mixed,pending_tasks,1,1,1,1.0,1.0,1.0,125,331,2.65,257.7174810003271,13
gen_data_sql_004,tokenmizer_v0.5.2,data/sql,synthetic,mixed,decisions,3,3,3,1.0,1.0,1.0,125,331,2.65,257.7174810003271,13
gen_data_sql_004,tokenmizer_v0.5.2,data/sql,synthetic,mixed,files,2,2,2,1.0,1.0,1.0,125,331,2.65,257.7174810003271,13
gen_data_sql_004,tokenmizer_v0.5.2,data/sql,synthetic,mixed,errors,2,3,2,0.6667,1.0,0.8,125,331,2.65,257.7174810003271,13
gen_data_sql_004,graphiti_style,data/sql,synthetic,mixed,completed_tasks,5,3,2,0.6667,0.4,0.5,83,331,3.99,0.8753759998398891,10
gen_data_sql_004,graphiti_style,data/sql,synthetic,mixed,pending_tasks,1,2,0,0.0,0.0,0.0,83,331,3.99,0.8753759998398891,10
gen_data_sql_004,graphiti_style,data/sql,synthetic,mixed,decisions,3,2,1,0.5,0.3333,0.4,83,331,3.99,0.8753759998398891,10
gen_data_sql_004,graphiti_style,data/sql,synthetic,mixed,files,2,2,2,1.0,1.0,1.0,83,331,3.99,0.8753759998398891,10
gen_data_sql_004,graphiti_style,data/sql,synthetic,mixed,errors,2,1,1,1.0,0.5,0.6667,83,331,3.99,0.8753759998398891,10
gen_data_sql_004,graphrag_style,data/sql,synthetic,mixed,completed_tasks,5,1,1,1.0,0.2,0.3333,50,331,6.62,0.4247899996698834,7
gen_data_sql_004,graphrag_style,data/sql,synthetic,mixed,pending_tasks,1,2,0,0.0,0.0,0.0,50,331,6.62,0.4247899996698834,7
gen_data_sql_004,graphrag_style,data/sql,synthetic,mixed,decisions,3,2,1,0.5,0.3333,0.4,50,331,6.62,0.4247899996698834,7
gen_data_sql_004,graphrag_style,data/sql,synthetic,mixed,files,2,2,2,1.0,1.0,1.0,50,331,6.62,0.4247899996698834,7
gen_data_sql_004,graphrag_style,data/sql,synthetic,mixed,errors,2,0,0,1.0,0.0,0.0,50,331,6.62,0.4247899996698834,7
gen_data_sql_004,mem0_style,data/sql,synthetic,mixed,completed_tasks,5,3,2,0.6667,0.4,0.5,82,331,4.04,0.8109999998850981,10
gen_data_sql_004,mem0_style,data/sql,synthetic,mixed,pending_tasks,1,2,0,0.0,0.0,0.0,82,331,4.04,0.8109999998850981,10
gen_data_sql_004,mem0_style,data/sql,synthetic,mixed,decisions,3,2,1,0.5,0.3333,0.4,82,331,4.04,0.8109999998850981,10
gen_data_sql_004,mem0_style,data/sql,synthetic,mixed,files,2,2,2,1.0,1.0,1.0,82,331,4.04,0.8109999998850981,10
gen_data_sql_004,mem0_style,data/sql,synthetic,mixed,errors,2,1,1,1.0,0.5,0.6667,82,331,4.04,0.8109999998850981,10
gen_data_sql_004,memgpt_style,data/sql,synthetic,mixed,completed_tasks,5,3,2,0.6667,0.4,0.5,39,331,8.49,0.3762789997381333,4
gen_data_sql_004,memgpt_style,data/sql,synthetic,mixed,pending_tasks,1,0,0,1.0,0.0,0.0,39,331,8.49,0.3762789997381333,4
gen_data_sql_004,memgpt_style,data/sql,synthetic,mixed,decisions,3,0,0,1.0,0.0,0.0,39,331,8.49,0.3762789997381333,4
gen_data_sql_004,memgpt_style,data/sql,synthetic,mixed,files,2,1,1,1.0,0.5,0.6667,39,331,8.49,0.3762789997381333,4
gen_data_sql_004,memgpt_style,data/sql,synthetic,mixed,errors,2,0,0,1.0,0.0,0.0,39,331,8.49,0.3762789997381333,4
gen_data_sql_004,sliding_window_10,data/sql,synthetic,mixed,completed_tasks,5,13,5,0.3846,1.0,0.5556,205,331,1.61,0.0042669998947530985,13
gen_data_sql_004,sliding_window_10,data/sql,synthetic,mixed,pending_tasks,1,13,0,0.0,0.0,0.0,205,331,1.61,0.0042669998947530985,13
gen_data_sql_004,sliding_window_10,data/sql,synthetic,mixed,decisions,3,13,1,0.0769,0.3333,0.125,205,331,1.61,0.0042669998947530985,13
gen_data_sql_004,sliding_window_10,data/sql,synthetic,mixed,files,2,13,1,0.0769,0.5,0.1333,205,331,1.61,0.0042669998947530985,13
gen_data_sql_004,sliding_window_10,data/sql,synthetic,mixed,errors,2,13,1,0.0769,0.5,0.1333,205,331,1.61,0.0042669998947530985,13
gen_data_sql_004,naive_truncation,data/sql,synthetic,mixed,completed_tasks,5,21,5,0.2381,1.0,0.3846,308,331,1.07,0.012539000181277515,21
gen_data_sql_004,naive_truncation,data/sql,synthetic,mixed,pending_tasks,1,21,1,0.0476,1.0,0.0909,308,331,1.07,0.012539000181277515,21
gen_data_sql_004,naive_truncation,data/sql,synthetic,mixed,decisions,3,21,3,0.1429,1.0,0.25,308,331,1.07,0.012539000181277515,21
gen_data_sql_004,naive_truncation,data/sql,synthetic,mixed,files,2,21,2,0.0952,1.0,0.1739,308,331,1.07,0.012539000181277515,21
gen_data_sql_004,naive_truncation,data/sql,synthetic,mixed,errors,2,21,2,0.0952,1.0,0.1739,308,331,1.07,0.012539000181277515,21
gen_data_sql_004,naive_summary,data/sql,synthetic,mixed,completed_tasks,5,14,1,0.0714,0.2,0.1053,187,331,1.77,0.04282199961380684,14
gen_data_sql_004,naive_summary,data/sql,synthetic,mixed,pending_tasks,1,14,1,0.0714,1.0,0.1333,187,331,1.77,0.04282199961380684,14
gen_data_sql_004,naive_summary,data/sql,synthetic,mixed,decisions,3,14,2,0.1429,0.6667,0.2353,187,331,1.77,0.04282199961380684,14
gen_data_sql_004,naive_summary,data/sql,synthetic,mixed,files,2,14,1,0.0714,0.5,0.125,187,331,1.77,0.04282199961380684,14
gen_data_sql_004,naive_summary,data/sql,synthetic,mixed,errors,2,14,1,0.0714,0.5,0.125,187,331,1.77,0.04282199961380684,14
gen_data_sql_005,tokenmizer_v0.5.2,data/sql,synthetic,mixed,completed_tasks,4,3,3,1.0,0.75,0.8571,163,395,2.42,237.02982000031625,17
gen_data_sql_005,tokenmizer_v0.5.2,data/sql,synthetic,mixed,pending_tasks,2,2,2,1.0,1.0,1.0,163,395,2.42,237.02982000031625,17
gen_data_sql_005,tokenmizer_v0.5.2,data/sql,synthetic,mixed,decisions,2,2,2,1.0,1.0,1.0,163,395,2.42,237.02982000031625,17
gen_data_sql_005,tokenmizer_v0.5.2,data/sql,synthetic,mixed,files,6,6,6,1.0,1.0,1.0,163,395,2.42,237.02982000031625,17
gen_data_sql_005,tokenmizer_v0.5.2,data/sql,synthetic,mixed,errors,3,4,3,1.0,1.0,1.0,163,395,2.42,237.02982000031625,17
gen_data_sql_005,graphiti_style,data/sql,synthetic,mixed,completed_tasks,4,4,2,0.5,0.5,0.5,104,395,3.8,1.1147339996568917,14
gen_data_sql_005,graphiti_style,data/sql,synthetic,mixed,pending_tasks,2,1,0,0.0,0.0,0.0,104,395,3.8,1.1147339996568917,14
gen_data_sql_005,graphiti_style,data/sql,synthetic,mixed,decisions,2,1,0,0.0,0.0,0.0,104,395,3.8,1.1147339996568917,14
gen_data_sql_005,graphiti_style,data/sql,synthetic,mixed,files,6,6,6,1.0,1.0,1.0,104,395,3.8,1.1147339996568917,14
gen_data_sql_005,graphiti_style,data/sql,synthetic,mixed,errors,3,2,2,1.0,0.6667,0.8,104,395,3.8,1.1147339996568917,14
gen_data_sql_005,graphrag_style,data/sql,synthetic,mixed,completed_tasks,4,2,2,1.0,0.5,0.6667,103,395,3.83,0.5383060001804552,13
gen_data_sql_005,graphrag_style,data/sql,synthetic,mixed,pending_tasks,2,1,0,0.0,0.0,0.0,103,395,3.83,0.5383060001804552,13
gen_data_sql_005,graphrag_style,data/sql,synthetic,mixed,decisions,2,1,0,0.0,0.0,0.0,103,395,3.83,0.5383060001804552,13
gen_data_sql_005,graphrag_style,data/sql,synthetic,mixed,files,6,6,6,1.0,1.0,1.0,103,395,3.83,0.5383060001804552,13
gen_data_sql_005,graphrag_style,data/sql,synthetic,mixed,errors,3,3,2,0.6667,0.6667,0.6667,103,395,3.83,0.5383060001804552,13
gen_data_sql_005,mem0_style,data/sql,synthetic,mixed,completed_tasks,4,4,2,0.5,0.5,0.5,103,395,3.83,1.1662940000860544,14
gen_data_sql_005,mem0_style,data/sql,synthetic,mixed,pending_tasks,2,1,0,0.0,0.0,0.0,103,395,3.83,1.1662940000860544,14
gen_data_sql_005,mem0_style,data/sql,synthetic,mixed,decisions,2,1,0,0.0,0.0,0.0,103,395,3.83,1.1662940000860544,14
gen_data_sql_005,mem0_style,data/sql,synthetic,mixed,files,6,6,6,1.0,1.0,1.0,103,395,3.83,1.1662940000860544,14
gen_data_sql_005,mem0_style,data/sql,synthetic,mixed,errors,3,2,2,1.0,0.6667,0.8,103,395,3.83,1.1662940000860544,14
gen_data_sql_005,memgpt_style,data/sql,synthetic,mixed,completed_tasks,4,1,0,0.0,0.0,0.0,56,395,7.05,0.659222000194859,7
gen_data_sql_005,memgpt_style,data/sql,synthetic,mixed,pending_tasks,2,0,0,1.0,0.0,0.0,56,395,7.05,0.659222000194859,7
gen_data_sql_005,memgpt_style,data/sql,synthetic,mixed,decisions,2,1,0,0.0,0.0,0.0,56,395,7.05,0.659222000194859,7
gen_data_sql_005,memgpt_style,data/sql,synthetic,mixed,files,6,3,3,1.0,0.5,0.6667,56,395,7.05,0.659222000194859,7
gen_data_sql_005,memgpt_style,data/sql,synthetic,mixed,errors,3,2,2,1.0,0.6667,0.8,56,395,7.05,0.659222000194859,7
gen_data_sql_005,sliding_window_10,data/sql,synthetic,mixed,completed_tasks,4,12,1,0.0833,0.25,0.125,150,395,2.63,0.007841000297048595,12
gen_data_sql_005,sliding_window_10,data/sql,synthetic,mixed,pending_tasks,2,12,1,0.0833,0.5,0.1429,150,395,2.63,0.007841000297048595,12
gen_data_sql_005,sliding_window_10,data/sql,synthetic,mixed,decisions,2,12,2,0.1667,1.0,0.2857,150,395,2.63,0.007841000297048595,12
gen_data_sql_005,sliding_window_10,data/sql,synthetic,mixed,files,6,12,1,0.0833,0.1667,0.1111,150,395,2.63,0.007841000297048595,12
gen_data_sql_005,sliding_window_10,data/sql,synthetic,mixed,errors,3,12,2,0.1667,0.6667,0.2667,150,395,2.63,0.007841000297048595,12
gen_data_sql_005,naive_truncation,data/sql,synthetic,mixed,completed_tasks,4,25,3,0.12,0.75,0.2069,306,395,1.29,0.022933999844099162,25
gen_data_sql_005,naive_truncation,data/sql,synthetic,mixed,pending_tasks,2,25,1,0.04,0.5,0.0741,306,395,1.29,0.022933999844099162,25
gen_data_sql_005,naive_truncation,data/sql,synthetic,mixed,decisions,2,25,2,0.08,1.0,0.1481,306,395,1.29,0.022933999844099162,25
gen_data_sql_005,naive_truncation,data/sql,synthetic,mixed,files,6,25,5,0.2,0.8333,0.3226,306,395,1.29,0.022933999844099162,25
gen_data_sql_005,naive_truncation,data/sql,synthetic,mixed,errors,3,25,3,0.12,1.0,0.2143,306,395,1.29,0.022933999844099162,25
gen_data_sql_005,naive_summary,data/sql,synthetic,mixed,completed_tasks,4,17,2,0.1176,0.5,0.1905,187,395,2.11,0.04422899974088068,17
gen_data_sql_005,naive_summary,data/sql,synthetic,mixed,pending_tasks,2,17,1,0.0588,0.5,0.1053,187,395,2.11,0.04422899974088068,17
gen_data_sql_005,naive_summary,data/sql,synthetic,mixed,decisions,2,17,0,0.0,0.0,0.0,187,395,2.11,0.04422899974088068,17
gen_data_sql_005,naive_summary,data/sql,synthetic,mixed,files,6,17,3,0.1765,0.5,0.2609,187,395,2.11,0.04422899974088068,17
gen_data_sql_005,naive_summary,data/sql,synthetic,mixed,errors,3,17,1,0.0588,0.3333,0.1,187,395,2.11,0.04422899974088068,17
gen_data_sql_006,tokenmizer_v0.5.2,data/sql,synthetic,mixed,completed_tasks,3,2,2,1.0,0.6667,0.8,123,363,2.95,220.5127510001148,14
gen_data_sql_006,tokenmizer_v0.5.2,data/sql,synthetic,mixed,pending_tasks,4,3,3,1.0,0.75,0.8571,123,363,2.95,220.5127510001148,14
gen_data_sql_006,tokenmizer_v0.5.2,data/sql,synthetic,mixed,decisions,4,4,4,1.0,1.0,1.0,123,363,2.95,220.5127510001148,14
gen_data_sql_006,tokenmizer_v0.5.2,data/sql,synthetic,mixed,files,5,5,5,1.0,1.0,1.0,123,363,2.95,220.5127510001148,14
gen_data_sql_006,graphiti_style,data/sql,synthetic,mixed,completed_tasks,3,1,1,1.0,0.3333,0.5,115,363,3.16,0.9267819996239268,15
gen_data_sql_006,graphiti_style,data/sql,synthetic,mixed,pending_tasks,4,4,1,0.25,0.25,0.25,115,363,3.16,0.9267819996239268,15
gen_data_sql_006,graphiti_style,data/sql,synthetic,mixed,decisions,4,5,4,0.8,1.0,0.8889,115,363,3.16,0.9267819996239268,15
gen_data_sql_006,graphiti_style,data/sql,synthetic,mixed,files,5,5,5,1.0,1.0,1.0,115,363,3.16,0.9267819996239268,15
gen_data_sql_006,graphrag_style,data/sql,synthetic,mixed,completed_tasks,3,0,0,1.0,0.0,0.0,82,363,4.43,0.464064999960101,11
gen_data_sql_006,graphrag_style,data/sql,synthetic,mixed,pending_tasks,4,2,0,0.0,0.0,0.0,82,363,4.43,0.464064999960101,11
gen_data_sql_006,graphrag_style,data/sql,synthetic,mixed,decisions,4,4,4,1.0,1.0,1.0,82,363,4.43,0.464064999960101,11
gen_data_sql_006,graphrag_style,data/sql,synthetic,mixed,files,5,5,5,1.0,1.0,1.0,82,363,4.43,0.464064999960101,11
gen_data_sql_006,mem0_style,data/sql,synthetic,mixed,completed_tasks,3,1,1,1.0,0.3333,0.5,110,363,3.3,0.9825340002862504,14
gen_data_sql_006,mem0_style,data/sql,synthetic,mixed,pending_tasks,4,3,1,0.3333,0.25,0.2857,110,363,3.3,0.9825340002862504,14
gen_data_sql_006,mem0_style,data/sql,synthetic,mixed,decisions,4,5,4,0.8,1.0,0.8889,110,363,3.3,0.9825340002862504,14
gen_data_sql_006,mem0_style,data/sql,synthetic,mixed,files,5,5,5,1.0,1.0,1.0,110,363,3.3,0.9825340002862504,14
gen_data_sql_006,memgpt_style,data/sql,synthetic,mixed,completed_tasks,3,0,0,1.0,0.0,0.0,49,363,7.41,0.28929800009791506,6
gen_data_sql_006,memgpt_style,data/sql,synthetic,mixed,pending_tasks,4,3,1,0.3333,0.25,0.2857,49,363,7.41,0.28929800009791506,6
gen_data_sql_006,memgpt_style,data/sql,synthetic,mixed,decisions,4,1,1,1.0,0.25,0.4,49,363,7.41,0.28929800009791506,6
gen_data_sql_006,memgpt_style,data/sql,synthetic,mixed,files,5,2,3,1.0,0.6,0.75,49,363,7.41,0.28929800009791506,6
gen_data_sql_006,sliding_window_10,data/sql,synthetic,mixed,completed_tasks,3,10,1,0.1,0.3333,0.1538,116,363,3.13,0.004366999746707734,10
gen_data_sql_006,sliding_window_10,data/sql,synthetic,mixed,pending_tasks,4,10,2,0.2,0.5,0.2857,116,363,3.13,0.004366999746707734,10
gen_data_sql_006,sliding_window_10,data/sql,synthetic,mixed,decisions,4,10,0,0.0,0.0,0.0,116,363,3.13,0.004366999746707734,10
gen_data_sql_006,sliding_window_10,data/sql,synthetic,mixed,files,5,10,3,0.2,0.6,0.3,116,363,3.13,0.004366999746707734,10
gen_data_sql_006,sliding_window_10,data/sql,synthetic,mixed,errors,0,10,0,0.0,1.0,0.0,116,363,3.13,0.004366999746707734,10
gen_data_sql_006,naive_truncation,data/sql,synthetic,mixed,completed_tasks,3,23,1,0.0435,0.3333,0.0769,282,363,1.29,0.011373000234016217,23
gen_data_sql_006,naive_truncation,data/sql,synthetic,mixed,pending_tasks,4,23,4,0.1739,1.0,0.2963,282,363,1.29,0.011373000234016217,23
gen_data_sql_006,naive_truncation,data/sql,synthetic,mixed,decisions,4,23,3,0.1304,0.75,0.2222,282,363,1.29,0.011373000234016217,23
gen_data_sql_006,naive_truncation,data/sql,synthetic,mixed,files,5,23,4,0.1739,0.8,0.2857,282,363,1.29,0.011373000234016217,23
gen_data_sql_006,naive_truncation,data/sql,synthetic,mixed,errors,0,23,0,0.0,1.0,0.0,282,363,1.29,0.011373000234016217,23
gen_data_sql_006,naive_summary,data/sql,synthetic,mixed,completed_tasks,3,15,2,0.1333,0.6667,0.2222,179,363,2.03,0.036902999909216305,15
gen_data_sql_006,naive_summary,data/sql,synthetic,mixed,pending_tasks,4,15,1,0.0667,0.25,0.1053,179,363,2.03,0.036902999909216305,15
gen_data_sql_006,naive_summary,data/sql,synthetic,mixed,decisions,4,15,3,0.2,0.75,0.3158,179,363,2.03,0.036902999909216305,15
gen_data_sql_006,naive_summary,data/sql,synthetic,mixed,files,5,15,3,0.1333,0.6,0.2182,179,363,2.03,0.036902999909216305,15
gen_data_sql_006,naive_summary,data/sql,synthetic,mixed,errors,0,15,0,0.0,1.0,0.0,179,363,2.03,0.036902999909216305,15
gen_data_streaming_001,tokenmizer_v0.5.2,data/streaming,synthetic,implicit,completed_tasks,7,3,3,1.0,0.4286,0.6,124,489,3.94,222.37375499980772,11
gen_data_streaming_001,tokenmizer_v0.5.2,data/streaming,synthetic,implicit,pending_tasks,3,1,1,1.0,0.3333,0.5,124,489,3.94,222.37375499980772,11
gen_data_streaming_001,tokenmizer_v0.5.2,data/streaming,synthetic,implicit,decisions,3,3,3,1.0,1.0,1.0,124,489,3.94,222.37375499980772,11
gen_data_streaming_001,tokenmizer_v0.5.2,data/streaming,synthetic,implicit,files,3,3,3,1.0,1.0,1.0,124,489,3.94,222.37375499980772,11
gen_data_streaming_001,tokenmizer_v0.5.2,data/streaming,synthetic,implicit,errors,1,1,1,1.0,1.0,1.0,124,489,3.94,222.37375499980772,11
gen_data_streaming_001,graphiti_style,data/streaming,synthetic,implicit,completed_tasks,7,0,0,1.0,0.0,0.0,24,489,20.38,1.301692000197363,4
gen_data_streaming_001,graphiti_style,data/streaming,synthetic,implicit,pending_tasks,3,1,0,0.0,0.0,0.0,24,489,20.38,1.301692000197363,4
gen_data_streaming_001,graphiti_style,data/streaming,synthetic,implicit,decisions,3,0,0,1.0,0.0,0.0,24,489,20.38,1.301692000197363,4
gen_data_streaming_001,graphiti_style,data/streaming,synthetic,implicit,files,3,3,2,0.6667,0.6667,0.6667,24,489,20.38,1.301692000197363,4
gen_data_streaming_001,graphiti_style,data/streaming,synthetic,implicit,errors,1,0,0,1.0,0.0,0.0,24,489,20.38,1.301692000197363,4
gen_data_streaming_001,graphrag_style,data/streaming,synthetic,implicit,completed_tasks,7,0,0,1.0,0.0,0.0,24,489,20.38,0.8242170001722116,4
gen_data_streaming_001,graphrag_style,data/streaming,synthetic,implicit,pending_tasks,3,1,0,0.0,0.0,0.0,24,489,20.38,0.8242170001722116,4
gen_data_streaming_001,graphrag_style,data/streaming,synthetic,implicit,decisions,3,0,0,1.0,0.0,0.0,24,489,20.38,0.8242170001722116,4
gen_data_streaming_001,graphrag_style,data/streaming,synthetic,implicit,files,3,3,2,0.6667,0.6667,0.6667,24,489,20.38,0.8242170001722116,4
gen_data_streaming_001,graphrag_style,data/streaming,synthetic,implicit,errors,1,0,0,1.0,0.0,0.0,24,489,20.38,0.8242170001722116,4
gen_data_streaming_001,mem0_style,data/streaming,synthetic,implicit,completed_tasks,7,0,0,1.0,0.0,0.0,23,489,21.26,2.0610199999282486,4
gen_data_streaming_001,mem0_style,data/streaming,synthetic,implicit,pending_tasks,3,1,0,0.0,0.0,0.0,23,489,21.26,2.0610199999282486,4
gen_data_streaming_001,mem0_style,data/streaming,synthetic,implicit,decisions,3,0,0,1.0,0.0,0.0,23,489,21.26,2.0610199999282486,4
gen_data_streaming_001,mem0_style,data/streaming,synthetic,implicit,files,3,3,2,0.6667,0.6667,0.6667,23,489,21.26,2.0610199999282486,4
gen_data_streaming_001,mem0_style,data/streaming,synthetic,implicit,errors,1,0,0,1.0,0.0,0.0,23,489,21.26,2.0610199999282486,4
gen_data_streaming_001,memgpt_style,data/streaming,synthetic,implicit,completed_tasks,7,0,0,1.0,0.0,0.0,13,489,37.62,0.8109760001389077,2
gen_data_streaming_001,memgpt_style,data/streaming,synthetic,implicit,pending_tasks,3,1,0,0.0,0.0,0.0,13,489,37.62,0.8109760001389077,2
gen_data_streaming_001,memgpt_style,data/streaming,synthetic,implicit,decisions,3,0,0,1.0,0.0,0.0,13,489,37.62,0.8109760001389077,2
gen_data_streaming_001,memgpt_style,data/streaming,synthetic,implicit,files,3,1,1,1.0,0.3333,0.5,13,489,37.62,0.8109760001389077,2
gen_data_streaming_001,memgpt_style,data/streaming,synthetic,implicit,errors,1,0,0,1.0,0.0,0.0,13,489,37.62,0.8109760001389077,2
gen_data_streaming_001,sliding_window_10,data/streaming,synthetic,implicit,completed_tasks,7,11,3,0.2727,0.4286,0.3333,173,489,2.83,0.004114999683224596,11
gen_data_streaming_001,sliding_window_10,data/streaming,synthetic,implicit,pending_tasks,3,11,0,0.0,0.0,0.0,173,489,2.83,0.004114999683224596,11
gen_data_streaming_001,sliding_window_10,data/streaming,synthetic,implicit,decisions,3,11,2,0.1818,0.6667,0.2857,173,489,2.83,0.004114999683224596,11
gen_data_streaming_001,sliding_window_10,data/streaming,synthetic,implicit,files,3,11,1,0.0909,0.3333,0.1429,173,489,2.83,0.004114999683224596,11
gen_data_streaming_001,sliding_window_10,data/streaming,synthetic,implicit,errors,1,11,1,0.0909,1.0,0.1667,173,489,2.83,0.004114999683224596,11
gen_data_streaming_001,naive_truncation,data/streaming,synthetic,implicit,completed_tasks,7,18,5,0.2778,0.7143,0.4,276,489,1.77,0.014273000033426797,18
gen_data_streaming_001,naive_truncation,data/streaming,synthetic,implicit,pending_tasks,3,18,1,0.0556,0.3333,0.0952,276,489,1.77,0.014273000033426797,18
gen_data_streaming_001,naive_truncation,data/streaming,synthetic,implicit,decisions,3,18,2,0.1111,0.6667,0.1905,276,489,1.77,0.014273000033426797,18
gen_data_streaming_001,naive_truncation,data/streaming,synthetic,implicit,files,3,18,2,0.1111,0.6667,0.1905,276,489,1.77,0.014273000033426797,18
gen_data_streaming_001,naive_truncation,data/streaming,synthetic,implicit,errors,1,18,1,0.0556,1.0,0.1053,276,489,1.77,0.014273000033426797,18
gen_data_streaming_001,naive_summary,data/streaming,synthetic,implicit,completed_tasks,7,11,2,0.1818,0.2857,0.2222,181,489,2.7,0.055174999943119474,11
gen_data_streaming_001,naive_summary,data/streaming,synthetic,implicit,pending_tasks,3,11,1,0.0909,0.3333,0.1429,181,489,2.7,0.055174999943119474,11
gen_data_streaming_001,naive_summary,data/streaming,synthetic,implicit,decisions,3,11,1,0.0909,0.3333,0.1429,181,489,2.7,0.055174999943119474,11
gen_data_streaming_001,naive_summary,data/streaming,synthetic,implicit,files,3,11,1,0.0909,0.3333,0.1429,181,489,2.7,0.055174999943119474,11
gen_data_streaming_001,naive_summary,data/streaming,synthetic,implicit,errors,1,11,0,0.0,0.0,0.0,181,489,2.7,0.055174999943119474,11
gen_data_streaming_002,tokenmizer_v0.5.2,data/streaming,synthetic,implicit,completed_tasks,4,2,2,1.0,0.5,0.6667,130,448,3.45,233.81917599999724,11
gen_data_streaming_002,tokenmizer_v0.5.2,data/streaming,synthetic,implicit,pending_tasks,3,1,1,1.0,0.3333,0.5,130,448,3.45,233.81917599999724,11
gen_data_streaming_002,tokenmizer_v0.5.2,data/streaming,synthetic,implicit,decisions,4,3,3,1.0,0.75,0.8571,130,448,3.45,233.81917599999724,11
gen_data_streaming_002,tokenmizer_v0.5.2,data/streaming,synthetic,implicit,files,2,2,2,1.0,1.0,1.0,130,448,3.45,233.81917599999724,11
gen_data_streaming_002,tokenmizer_v0.5.2,data/streaming,synthetic,implicit,errors,3,3,3,1.0,1.0,1.0,130,448,3.45,233.81917599999724,11
gen_data_streaming_002,graphiti_style,data/streaming,synthetic,implicit,completed_tasks,4,0,0,1.0,0.0,0.0,26,448,17.23,1.0861660002774443,4
gen_data_streaming_002,graphiti_style,data/streaming,synthetic,implicit,pending_tasks,3,1,0,0.0,0.0,0.0,26,448,17.23,1.0861660002774443,4
gen_data_streaming_002,graphiti_style,data/streaming,synthetic,implicit,decisions,4,1,0,0.0,0.0,0.0,26,448,17.23,1.0861660002774443,4
gen_data_streaming_002,graphiti_style,data/streaming,synthetic,implicit,files,2,2,1,0.5,0.5,0.5,26,448,17.23,1.0861660002774443,4
gen_data_streaming_002,graphiti_style,data/streaming,synthetic,implicit,errors,3,0,0,1.0,0.0,0.0,26,448,17.23,1.0861660002774443,4
gen_data_streaming_002,graphrag_style,data/streaming,synthetic,implicit,completed_tasks,4,0,0,1.0,0.0,0.0,29,448,15.45,0.5330869998942944,4
gen_data_streaming_002,graphrag_style,data/streaming,synthetic,implicit,pending_tasks,3,1,0,0.0,0.0,0.0,29,448,15.45,0.5330869998942944,4
gen_data_streaming_002,graphrag_style,data/streaming,synthetic,implicit,decisions,4,0,0,1.0,0.0,0.0,29,448,15.45,0.5330869998942944,4
gen_data_streaming_002,graphrag_style,data/streaming,synthetic,implicit,files,2,2,1,0.5,0.5,0.5,29,448,15.45,0.5330869998942944,4
gen_data_streaming_002,graphrag_style,data/streaming,synthetic,implicit,errors,3,1,0,0.0,0.0,0.0,29,448,15.45,0.5330869998942944,4
gen_data_streaming_002,mem0_style,data/streaming,synthetic,implicit,completed_tasks,4,0,0,1.0,0.0,0.0,25,448,17.92,1.0873589999391697,4
gen_data_streaming_002,mem0_style,data/streaming,synthetic,implicit,pending_tasks,3,1,0,0.0,0.0,0.0,25,448,17.92,1.0873589999391697,4
gen_data_streaming_002,mem0_style,data/streaming,synthetic,implicit,decisions,4,1,0,0.0,0.0,0.0,25,448,17.92,1.0873589999391697,4
gen_data_streaming_002,mem0_style,data/streaming,synthetic,implicit,files,2,2,1,0.5,0.5,0.5,25,448,17.92,1.0873589999391697,4
gen_data_streaming_002,mem0_style,data/streaming,synthetic,implicit,errors,3,0,0,1.0,0.0,0.0,25,448,17.92,1.0873589999391697,4
gen_data_streaming_002,memgpt_style,data/streaming,synthetic,implicit,completed_tasks,4,0,0,1.0,0.0,0.0,11,448,40.73,0.4988350001440267,1
gen_data_streaming_002,memgpt_style,data/streaming,synthetic,implicit,pending_tasks,3,0,0,1.0,0.0,0.0,11,448,40.73,0.4988350001440267,1
gen_data_streaming_002,memgpt_style,data/streaming,synthetic,implicit,decisions,4,0,0,1.0,0.0,0.0,11,448,40.73,0.4988350001440267,1
gen_data_streaming_002,memgpt_style,data/streaming,synthetic,implicit,files,2,1,1,1.0,0.5,0.6667,11,448,40.73,0.4988350001440267,1
gen_data_streaming_002,memgpt_style,data/streaming,synthetic,implicit,errors,3,0,0,1.0,0.0,0.0,11,448,40.73,0.4988350001440267,1
gen_data_streaming_002,sliding_window_10,data/streaming,synthetic,implicit,completed_tasks,4,13,4,0.3077,1.0,0.4706,208,448,2.15,0.0030360001801454928,13
gen_data_streaming_002,sliding_window_10,data/streaming,synthetic,implicit,pending_tasks,3,13,2,0.1538,0.6667,0.25,208,448,2.15,0.0030360001801454928,13
gen_data_streaming_002,sliding_window_10,data/streaming,synthetic,implicit,decisions,4,13,0,0.0,0.0,0.0,208,448,2.15,0.0030360001801454928,13
gen_data_streaming_002,sliding_window_10,data/streaming,synthetic,implicit,files,2,13,1,0.0769,0.5,0.1333,208,448,2.15,0.0030360001801454928,13
gen_data_streaming_002,sliding_window_10,data/streaming,synthetic,implicit,errors,3,13,1,0.0769,0.3333,0.125,208,448,2.15,0.0030360001801454928,13
gen_data_streaming_002,naive_truncation,data/streaming,synthetic,implicit,completed_tasks,4,19,4,0.2105,1.0,0.3478,304,448,1.47,0.013691999811271671,19
gen_data_streaming_002,naive_truncation,data/streaming,synthetic,implicit,pending_tasks,3,19,2,0.1053,0.6667,0.1818,304,448,1.47,0.013691999811271671,19
gen_data_streaming_002,naive_truncation,data/streaming,synthetic,implicit,decisions,4,19,3,0.1579,0.75,0.2609,304,448,1.47,0.013691999811271671,19
gen_data_streaming_002,naive_truncation,data/streaming,synthetic,implicit,files,2,19,1,0.0526,0.5,0.0952,304,448,1.47,0.013691999811271671,19
gen_data_streaming_002,naive_truncation,data/streaming,synthetic,implicit,errors,3,19,1,0.0526,0.3333,0.0909,304,448,1.47,0.013691999811271671,19
gen_data_streaming_002,naive_summary,data/streaming,synthetic,implicit,completed_tasks,4,12,0,0.0,0.0,0.0,174,448,2.57,0.038423000205511926,12
gen_data_streaming_002,naive_summary,data/streaming,synthetic,implicit,pending_tasks,3,12,1,0.0833,0.3333,0.1333,174,448,2.57,0.038423000205511926,12
gen_data_streaming_002,naive_summary,data/streaming,synthetic,implicit,decisions,4,12,1,0.0833,0.25,0.125,174,448,2.57,0.038423000205511926,12
gen_data_streaming_002,naive_summary,data/streaming,synthetic,implicit,files,2,12,1,0.0833,0.5,0.1429,174,448,2.57,0.038423000205511926,12
gen_data_streaming_002,naive_summary,data/streaming,synthetic,implicit,errors,3,12,2,0.1667,0.6667,0.2667,174,448,2.57,0.038423000205511926,12
gen_data_streaming_003,tokenmizer_v0.5.2,data/streaming,synthetic,implicit,completed_tasks,6,1,1,1.0,0.1667,0.2857,170,605,3.56,253.98125800029447,16
gen_data_streaming_003,tokenmizer_v0.5.2,data/streaming,synthetic,implicit,pending_tasks,4,4,4,1.0,1.0,1.0,170,605,3.56,253.98125800029447,16
gen_data_streaming_003,tokenmizer_v0.5.2,data/streaming,synthetic,implicit,decisions,6,6,6,1.0,1.0,1.0,170,605,3.56,253.98125800029447,16
gen_data_streaming_003,tokenmizer_v0.5.2,data/streaming,synthetic,implicit,files,2,2,2,1.0,1.0,1.0,170,605,3.56,253.98125800029447,16
gen_data_streaming_003,tokenmizer_v0.5.2,data/streaming,synthetic,implicit,errors,3,3,2,0.6667,0.6667,0.6667,170,605,3.56,253.98125800029447,16
gen_data_streaming_003,graphiti_style,data/streaming,synthetic,implicit,completed_tasks,6,0,0,1.0,0.0,0.0,28,605,21.61,1.585938000062015,5
gen_data_streaming_003,graphiti_style,data/streaming,synthetic,implicit,pending_tasks,4,1,0,0.0,0.0,0.0,28,605,21.61,1.585938000062015,5
gen_data_streaming_003,graphiti_style,data/streaming,synthetic,implicit,decisions,6,2,0,0.0,0.0,0.0,28,605,21.61,1.585938000062015,5
gen_data_streaming_003,graphiti_style,data/streaming,synthetic,implicit,files,2,2,1,0.5,0.5,0.5,28,605,21.61,1.585938000062015,5
gen_data_streaming_003,graphiti_style,data/streaming,synthetic,implicit,errors,3,0,0,1.0,0.0,0.0,28,605,21.61,1.585938000062015,5
gen_data_streaming_003,graphrag_style,data/streaming,synthetic,implicit,completed_tasks,6,0,0,1.0,0.0,0.0,36,605,16.81,0.8090530000117724,5
gen_data_streaming_003,graphrag_style,data/streaming,synthetic,implicit,pending_tasks,4,1,0,0.0,0.0,0.0,36,605,16.81,0.8090530000117724,5
gen_data_streaming_003,graphrag_style,data/streaming,synthetic,implicit,decisions,6,1,0,0.0,0.0,0.0,36,605,16.81,0.8090530000117724,5
gen_data_streaming_003,graphrag_style,data/streaming,synthetic,implicit,files,2,2,1,0.5,0.5,0.5,36,605,16.81,0.8090530000117724,5
gen_data_streaming_003,graphrag_style,data/streaming,synthetic,implicit,errors,3,1,0,0.0,0.0,0.0,36,605,16.81,0.8090530000117724,5
gen_data_streaming_003,mem0_style,data/streaming,synthetic,implicit,completed_tasks,6,0,0,1.0,0.0,0.0,27,605,22.41,1.4675050001642376,5
gen_data_streaming_003,mem0_style,data/streaming,synthetic,implicit,pending_tasks,4,1,0,0.0,0.0,0.0,27,605,22.41,1.4675050001642376,5
gen_data_streaming_003,mem0_style,data/streaming,synthetic,implicit,decisions,6,2,0,0.0,0.0,0.0,27,605,22.41,1.4675050001642376,5
gen_data_streaming_003,mem0_style,data/streaming,synthetic,implicit,files,2,2,1,0.5,0.5,0.5,27,605,22.41,1.4675050001642376,5
gen_data_streaming_003,mem0_style,data/streaming,synthetic,implicit,errors,3,0,0,1.0,0.0,0.0,27,605,22.41,1.4675050001642376,5
gen_data_streaming_003,memgpt_style,data/streaming,synthetic,implicit,completed_tasks,6,0,0,1.0,0.0,0.0,7,605,86.43,0.6967509998503374,1
gen_data_streaming_003,memgpt_style,data/streaming,synthetic,implicit,pending_tasks,4,1,0,0.0,0.0,0.0,7,605,86.43,0.6967509998503374,1
gen_data_streaming_003,memgpt_style,data/streaming,synthetic,implicit,decisions,6,0,0,1.0,0.0,0.0,7,605,86.43,0.6967509998503374,1
gen_data_streaming_003,memgpt_style,data/streaming,synthetic,implicit,files,2,0,0,1.0,0.0,0.0,7,605,86.43,0.6967509998503374,1
gen_data_streaming_003,memgpt_style,data/streaming,synthetic,implicit,errors,3,0,0,1.0,0.0,0.0,7,605,86.43,0.6967509998503374,1
gen_data_streaming_003,sliding_window_10,data/streaming,synthetic,implicit,completed_tasks,6,10,2,0.2,0.3333,0.25,157,605,3.85,0.0040559998524258845,10
gen_data_streaming_003,sliding_window_10,data/streaming,synthetic,implicit,pending_tasks,4,10,0,0.0,0.0,0.0,157,605,3.85,0.0040559998524258845,10
gen_data_streaming_003,sliding_window_10,data/streaming,synthetic,implicit,decisions,6,10,2,0.2,0.3333,0.25,157,605,3.85,0.0040559998524258845,10
gen_data_streaming_003,sliding_window_10,data/streaming,synthetic,implicit,files,2,10,0,0.0,0.0,0.0,157,605,3.85,0.0040559998524258845,10
gen_data_streaming_003,sliding_window_10,data/streaming,synthetic,implicit,errors,3,10,1,0.1,0.3333,0.1538,157,605,3.85,0.0040559998524258845,10
gen_data_streaming_003,naive_truncation,data/streaming,synthetic,implicit,completed_tasks,6,20,3,0.15,0.5,0.2308,311,605,1.95,0.013746000149694737,20
gen_data_streaming_003,naive_truncation,data/streaming,synthetic,implicit,pending_tasks,4,20,2,0.1,0.5,0.1667,311,605,1.95,0.013746000149694737,20
gen_data_streaming_003,naive_truncation,data/streaming,synthetic,implicit,decisions,6,20,4,0.2,0.6667,0.3077,311,605,1.95,0.013746000149694737,20
gen_data_streaming_003,naive_truncation,data/streaming,synthetic,implicit,files,2,20,0,0.0,0.0,0.0,311,605,1.95,0.013746000149694737,20
gen_data_streaming_003,naive_truncation,data/streaming,synthetic,implicit,errors,3,20,1,0.05,0.3333,0.087,311,605,1.95,0.013746000149694737,20
gen_data_streaming_003,naive_summary,data/streaming,synthetic,implicit,completed_tasks,6,13,2,0.1538,0.3333,0.2105,168,605,3.6,0.07494800001950352,13
gen_data_streaming_003,naive_summary,data/streaming,synthetic,implicit,pending_tasks,4,13,0,0.0,0.0,0.0,168,605,3.6,0.07494800001950352,13
gen_data_streaming_003,naive_summary,data/streaming,synthetic,implicit,decisions,6,13,0,0.0,0.0,0.0,168,605,3.6,0.07494800001950352,13
gen_data_streaming_003,naive_summary,data/streaming,synthetic,implicit,files,2,13,1,0.0769,0.5,0.1333,168,605,3.6,0.07494800001950352,13
gen_data_streaming_003,naive_summary,data/streaming,synthetic,implicit,errors,3,13,2,0.1538,0.6667,0.25,168,605,3.6,0.07494800001950352,13
gen_data_streaming_004,tokenmizer_v0.5.2,data/streaming,synthetic,implicit,completed_tasks,4,3,3,1.0,0.75,0.8571,181,575,3.18,245.26681099996495,18
gen_data_streaming_004,tokenmizer_v0.5.2,data/streaming,synthetic,implicit,pending_tasks,3,3,3,1.0,1.0,1.0,181,575,3.18,245.26681099996495,18
gen_data_streaming_004,tokenmizer_v0.5.2,data/streaming,synthetic,implicit,decisions,5,4,4,1.0,0.8,0.8889,181,575,3.18,245.26681099996495,18
gen_data_streaming_004,tokenmizer_v0.5.2,data/streaming,synthetic,implicit,files,5,5,5,1.0,1.0,1.0,181,575,3.18,245.26681099996495,18
gen_data_streaming_004,tokenmizer_v0.5.2,data/streaming,synthetic,implicit,errors,3,3,3,1.0,1.0,1.0,181,575,3.18,245.26681099996495,18
gen_data_streaming_004,graphiti_style,data/streaming,synthetic,implicit,completed_tasks,4,0,0,1.0,0.0,0.0,49,575,11.73,1.4011170001140272,8
gen_data_streaming_004,graphiti_style,data/streaming,synthetic,implicit,pending_tasks,3,1,0,0.0,0.0,0.0,49,575,11.73,1.4011170001140272,8
gen_data_streaming_004,graphiti_style,data/streaming,synthetic,implicit,decisions,5,2,0,0.0,0.0,0.0,49,575,11.73,1.4011170001140272,8
gen_data_streaming_004,graphiti_style,data/streaming,synthetic,implicit,files,5,5,4,0.8,0.8,0.8,49,575,11.73,1.4011170001140272,8
gen_data_streaming_004,graphiti_style,data/streaming,synthetic,implicit,errors,3,0,0,1.0,0.0,0.0,49,575,11.73,1.4011170001140272,8
gen_data_streaming_004,graphrag_style,data/streaming,synthetic,implicit,completed_tasks,4,0,0,1.0,0.0,0.0,39,575,14.74,0.68014700036656,6
gen_data_streaming_004,graphrag_style,data/streaming,synthetic,implicit,pending_tasks,3,1,0,0.0,0.0,0.0,39,575,14.74,0.68014700036656,6
gen_data_streaming_004,graphrag_style,data/streaming,synthetic,implicit,decisions,5,0,0,1.0,0.0,0.0,39,575,14.74,0.68014700036656,6
gen_data_streaming_004,graphrag_style,data/streaming,synthetic,implicit,files,5,5,4,0.8,0.8,0.8,39,575,14.74,0.68014700036656,6
gen_data_streaming_004,graphrag_style,data/streaming,synthetic,implicit,errors,3,0,0,1.0,0.0,0.0,39,575,14.74,0.68014700036656,6
gen_data_streaming_004,mem0_style,data/streaming,synthetic,implicit,completed_tasks,4,0,0,1.0,0.0,0.0,48,575,11.98,1.4512839998133131,8
gen_data_streaming_004,mem0_style,data/streaming,synthetic,implicit,pending_tasks,3,1,0,0.0,0.0,0.0,48,575,11.98,1.4512839998133131,8
gen_data_streaming_004,mem0_style,data/streaming,synthetic,implicit,decisions,5,2,0,0.0,0.0,0.0,48,575,11.98,1.4512839998133131,8
gen_data_streaming_004,mem0_style,data/streaming,synthetic,implicit,files,5,5,4,0.8,0.8,0.8,48,575,11.98,1.4512839998133131,8
gen_data_streaming_004,mem0_style,data/streaming,synthetic,implicit,errors,3,0,0,1.0,0.0,0.0,48,575,11.98,1.4512839998133131,8
gen_data_streaming_004,memgpt_style,data/streaming,synthetic,implicit,completed_tasks,4,0,0,1.0,0.0,0.0,23,575,25.0,0.47442899995076004,3
gen_data_streaming_004,memgpt_style,data/streaming,synthetic,implicit,pending_tasks,3,0,0,1.0,0.0,0.0,23,575,25.0,0.47442899995076004,3
gen_data_streaming_004,memgpt_style,data/streaming,synthetic,implicit,decisions,5,1,0,0.0,0.0,0.0,23,575,25.0,0.47442899995076004,3
gen_data_streaming_004,memgpt_style,data/streaming,synthetic,implicit,files,5,2,1,0.5,0.2,0.2857,23,575,25.0,0.47442899995076004,3
gen_data_streaming_004,memgpt_style,data/streaming,synthetic,implicit,errors,3,0,0,1.0,0.0,0.0,23,575,25.0,0.47442899995076004,3
gen_data_streaming_004,sliding_window_10,data/streaming,synthetic,implicit,completed_tasks,4,11,1,0.0909,0.25,0.1333,175,575,3.29,0.0033749997783161234,11
gen_data_streaming_004,sliding_window_10,data/streaming,synthetic,implicit,pending_tasks,3,11,1,0.0909,0.3333,0.1429,175,575,3.29,0.0033749997783161234,11
gen_data_streaming_004,sliding_window_10,data/streaming,synthetic,implicit,decisions,5,11,1,0.0909,0.2,0.125,175,575,3.29,0.0033749997783161234,11
gen_data_streaming_004,sliding_window_10,data/streaming,synthetic,implicit,files,5,11,2,0.1818,0.4,0.25,175,575,3.29,0.0033749997783161234,11
gen_data_streaming_004,sliding_window_10,data/streaming,synthetic,implicit,errors,3,11,1,0.0909,0.3333,0.1429,175,575,3.29,0.0033749997783161234,11
gen_data_streaming_004,naive_truncation,data/streaming,synthetic,implicit,completed_tasks,4,19,2,0.1053,0.5,0.1739,306,575,1.88,0.017887000012706267,19
gen_data_streaming_004,naive_truncation,data/streaming,synthetic,implicit,pending_tasks,3,19,2,0.1053,0.6667,0.1818,306,575,1.88,0.017887000012706267,19
gen_data_streaming_004,naive_truncation,data/streaming,synthetic,implicit,decisions,5,19,2,0.1053,0.4,0.1667,306,575,1.88,0.017887000012706267,19
gen_data_streaming_004,naive_truncation,data/streaming,synthetic,implicit,files,5,19,4,0.2105,0.8,0.3333,306,575,1.88,0.017887000012706267,19
gen_data_streaming_004,naive_truncation,data/streaming,synthetic,implicit,errors,3,19,1,0.0526,0.3333,0.0909,306,575,1.88,0.017887000012706267,19
gen_data_streaming_004,naive_summary,data/streaming,synthetic,implicit,completed_tasks,4,11,0,0.0,0.0,0.0,171,575,3.36,0.05090100012239418,11
gen_data_streaming_004,naive_summary,data/streaming,synthetic,implicit,pending_tasks,3,11,1,0.0909,0.3333,0.1429,171,575,3.36,0.05090100012239418,11
gen_data_streaming_004,naive_summary,data/streaming,synthetic,implicit,decisions,5,11,1,0.0909,0.2,0.125,171,575,3.36,0.05090100012239418,11
gen_data_streaming_004,naive_summary,data/streaming,synthetic,implicit,files,5,11,0,0.0,0.0,0.0,171,575,3.36,0.05090100012239418,11
gen_data_streaming_004,naive_summary,data/streaming,synthetic,implicit,errors,3,11,2,0.1818,0.6667,0.2857,171,575,3.36,0.05090100012239418,11
gen_data_streaming_005,tokenmizer_v0.5.2,data/streaming,synthetic,implicit,completed_tasks,4,4,4,1.0,1.0,1.0,116,382,3.29,260.8186959996601,11
gen_data_streaming_005,tokenmizer_v0.5.2,data/streaming,synthetic,implicit,pending_tasks,4,2,2,1.0,0.5,0.6667,116,382,3.29,260.8186959996601,11
gen_data_streaming_005,tokenmizer_v0.5.2,data/streaming,synthetic,implicit,decisions,2,2,2,1.0,1.0,1.0,116,382,3.29,260.8186959996601,11
gen_data_streaming_005,tokenmizer_v0.5.2,data/streaming,synthetic,implicit,files,3,3,3,1.0,1.0,1.0,116,382,3.29,260.8186959996601,11
gen_data_streaming_005,graphiti_style,data/streaming,synthetic,implicit,completed_tasks,4,0,0,1.0,0.0,0.0,24,382,15.92,0.9614489999876241,4
gen_data_streaming_005,graphiti_style,data/streaming,synthetic,implicit,pending_tasks,4,0,0,1.0,0.0,0.0,24,382,15.92,0.9614489999876241,4
gen_data_streaming_005,graphiti_style,data/streaming,synthetic,implicit,decisions,2,1,0,0.0,0.0,0.0,24,382,15.92,0.9614489999876241,4
gen_data_streaming_005,graphiti_style,data/streaming,synthetic,implicit,files,3,3,2,0.6667,0.6667,0.6667,24,382,15.92,0.9614489999876241,4
gen_data_streaming_005,graphrag_style,data/streaming,synthetic,implicit,completed_tasks,4,0,0,1.0,0.0,0.0,20,382,19.1,0.47657000004619476,3
gen_data_streaming_005,graphrag_style,data/streaming,synthetic,implicit,pending_tasks,4,0,0,1.0,0.0,0.0,20,382,19.1,0.47657000004619476,3
gen_data_streaming_005,graphrag_style,data/streaming,synthetic,implicit,decisions,2,0,0,1.0,0.0,0.0,20,382,19.1,0.47657000004619476,3
gen_data_streaming_005,graphrag_style,data/streaming,synthetic,implicit,files,3,3,2,0.6667,0.6667,0.6667,20,382,19.1,0.47657000004619476,3
gen_data_streaming_005,mem0_style,data/streaming,synthetic,implicit,completed_tasks,4,0,0,1.0,0.0,0.0,23,382,16.61,0.9099509998122812,4
gen_data_streaming_005,mem0_style,data/streaming,synthetic,implicit,pending_tasks,4,0,0,1.0,0.0,0.0,23,382,16.61,0.9099509998122812,4
gen_data_streaming_005,mem0_style,data/streaming,synthetic,implicit,decisions,2,1,0,0.0,0.0,0.0,23,382,16.61,0.9099509998122812,4
gen_data_streaming_005,mem0_style,data/streaming,synthetic,implicit,files,3,3,2,0.6667,0.6667,0.6667,23,382,16.61,0.9099509998122812,4
gen_data_streaming_005,memgpt_style,data/streaming,synthetic,implicit,completed_tasks,4,0,0,1.0,0.0,0.0,3,382,127.33,0.44685900002150447,0
gen_data_streaming_005,memgpt_style,data/streaming,synthetic,implicit,pending_tasks,4,0,0,1.0,0.0,0.0,3,382,127.33,0.44685900002150447,0
gen_data_streaming_005,memgpt_style,data/streaming,synthetic,implicit,decisions,2,0,0,1.0,0.0,0.0,3,382,127.33,0.44685900002150447,0
gen_data_streaming_005,memgpt_style,data/streaming,synthetic,implicit,files,3,0,0,1.0,0.0,0.0,3,382,127.33,0.44685900002150447,0
gen_data_streaming_005,sliding_window_10,data/streaming,synthetic,implicit,completed_tasks,4,13,2,0.1538,0.5,0.2353,228,382,1.68,0.0035289999686938245,13
gen_data_streaming_005,sliding_window_10,data/streaming,synthetic,implicit,pending_tasks,4,13,3,0.2308,0.75,0.3529,228,382,1.68,0.0035289999686938245,13
gen_data_streaming_005,sliding_window_10,data/streaming,synthetic,implicit,decisions,2,13,2,0.1538,1.0,0.2667,228,382,1.68,0.0035289999686938245,13
gen_data_streaming_005,sliding_window_10,data/streaming,synthetic,implicit,files,3,13,1,0.0769,0.3333,0.125,228,382,1.68,0.0035289999686938245,13
gen_data_streaming_005,sliding_window_10,data/streaming,synthetic,implicit,errors,0,13,0,0.0,1.0,0.0,228,382,1.68,0.0035289999686938245,13
gen_data_streaming_005,naive_truncation,data/streaming,synthetic,implicit,completed_tasks,4,17,3,0.1765,0.75,0.2857,288,382,1.33,0.011973999789915979,17
gen_data_streaming_005,naive_truncation,data/streaming,synthetic,implicit,pending_tasks,4,17,4,0.2353,1.0,0.381,288,382,1.33,0.011973999789915979,17
gen_data_streaming_005,naive_truncation,data/streaming,synthetic,implicit,decisions,2,17,2,0.1176,1.0,0.2105,288,382,1.33,0.011973999789915979,17
gen_data_streaming_005,naive_truncation,data/streaming,synthetic,implicit,files,3,17,1,0.0588,0.3333,0.1,288,382,1.33,0.011973999789915979,17
gen_data_streaming_005,naive_truncation,data/streaming,synthetic,implicit,errors,0,17,0,0.0,1.0,0.0,288,382,1.33,0.011973999789915979,17
gen_data_streaming_005,naive_summary,data/streaming,synthetic,implicit,completed_tasks,4,13,2,0.1538,0.5,0.2353,177,382,2.16,0.03592299981391989,13
gen_data_streaming_005,naive_summary,data/streaming,synthetic,implicit,pending_tasks,4,13,1,0.0769,0.25,0.1176,177,382,2.16,0.03592299981391989,13
gen_data_streaming_005,naive_summary,data/streaming,synthetic,implicit,decisions,2,13,0,0.0,0.0,0.0,177,382,2.16,0.03592299981391989,13
gen_data_streaming_005,naive_summary,data/streaming,synthetic,implicit,files,3,13,2,0.1538,0.6667,0.25,177,382,2.16,0.03592299981391989,13
gen_data_streaming_005,naive_summary,data/streaming,synthetic,implicit,errors,0,13,0,0.0,1.0,0.0,177,382,2.16,0.03592299981391989,13
gen_debug_production_001,tokenmizer_v0.5.2,debug/production,synthetic,explicit,completed_tasks,6,6,6,1.0,1.0,1.0,197,296,1.5,217.14658199971382,20
gen_debug_production_001,tokenmizer_v0.5.2,debug/production,synthetic,explicit,pending_tasks,2,2,2,1.0,1.0,1.0,197,296,1.5,217.14658199971382,20
gen_debug_production_001,tokenmizer_v0.5.2,debug/production,synthetic,explicit,decisions,4,4,4,1.0,1.0,1.0,197,296,1.5,217.14658199971382,20
gen_debug_production_001,tokenmizer_v0.5.2,debug/production,synthetic,explicit,files,5,5,5,1.0,1.0,1.0,197,296,1.5,217.14658199971382,20
gen_debug_production_001,tokenmizer_v0.5.2,debug/production,synthetic,explicit,errors,0,3,0,0.0,1.0,0.0,197,296,1.5,217.14658199971382,20
gen_debug_production_001,graphiti_style,debug/production,synthetic,explicit,completed_tasks,6,9,6,0.6667,1.0,0.8,176,296,1.68,0.7193999999799416,23
gen_debug_production_001,graphiti_style,debug/production,synthetic,explicit,pending_tasks,2,3,2,0.6667,1.0,0.8,176,296,1.68,0.7193999999799416,23
gen_debug_production_001,graphiti_style,debug/production,synthetic,explicit,decisions,4,6,4,0.6667,1.0,0.8,176,296,1.68,0.7193999999799416,23
gen_debug_production_001,graphiti_style,debug/production,synthetic,explicit,files,5,5,5,1.0,1.0,1.0,176,296,1.68,0.7193999999799416,23
gen_debug_production_001,graphrag_style,debug/production,synthetic,explicit,completed_tasks,6,3,3,1.0,0.5,0.6667,140,296,2.11,0.47469599985561217,18
gen_debug_production_001,graphrag_style,debug/production,synthetic,explicit,pending_tasks,2,1,0,0.0,0.0,0.0,140,296,2.11,0.47469599985561217,18
gen_debug_production_001,graphrag_style,debug/production,synthetic,explicit,decisions,4,5,4,0.8,1.0,0.8889,140,296,2.11,0.47469599985561217,18
gen_debug_production_001,graphrag_style,debug/production,synthetic,explicit,files,5,5,5,1.0,1.0,1.0,140,296,2.11,0.47469599985561217,18
gen_debug_production_001,graphrag_style,debug/production,synthetic,explicit,errors,0,4,0,0.0,1.0,0.0,140,296,2.11,0.47469599985561217,18
gen_debug_production_001,mem0_style,debug/production,synthetic,explicit,completed_tasks,6,9,6,0.6667,1.0,0.8,175,296,1.69,0.8429700001215679,23
gen_debug_production_001,mem0_style,debug/production,synthetic,explicit,pending_tasks,2,3,2,0.6667,1.0,0.8,175,296,1.69,0.8429700001215679,23
gen_debug_production_001,mem0_style,debug/production,synthetic,explicit,decisions,4,6,4,0.6667,1.0,0.8,175,296,1.69,0.8429700001215679,23
gen_debug_production_001,mem0_style,debug/production,synthetic,explicit,files,5,5,5,1.0,1.0,1.0,175,296,1.69,0.8429700001215679,23
gen_debug_production_001,memgpt_style,debug/production,synthetic,explicit,completed_tasks,6,6,4,0.6667,0.6667,0.6667,80,296,3.7,0.2692610000849527,10
gen_debug_production_001,memgpt_style,debug/production,synthetic,explicit,pending_tasks,2,0,0,1.0,0.0,0.0,80,296,3.7,0.2692610000849527,10
gen_debug_production_001,memgpt_style,debug/production,synthetic,explicit,decisions,4,1,0,0.0,0.0,0.0,80,296,3.7,0.2692610000849527,10
gen_debug_production_001,memgpt_style,debug/production,synthetic,explicit,files,5,3,3,1.0,0.6,0.75,80,296,3.7,0.2692610000849527,10
gen_debug_production_001,sliding_window_10,debug/production,synthetic,explicit,completed_tasks,6,12,4,0.3333,0.6667,0.4444,113,296,2.62,0.0032299999475071672,12
gen_debug_production_001,sliding_window_10,debug/production,synthetic,explicit,pending_tasks,2,12,0,0.0,0.0,0.0,113,296,2.62,0.0032299999475071672,12
gen_debug_production_001,sliding_window_10,debug/production,synthetic,explicit,decisions,4,12,0,0.0,0.0,0.0,113,296,2.62,0.0032299999475071672,12
gen_debug_production_001,sliding_window_10,debug/production,synthetic,explicit,files,5,12,3,0.25,0.6,0.3529,113,296,2.62,0.0032299999475071672,12
gen_debug_production_001,sliding_window_10,debug/production,synthetic,explicit,errors,0,12,0,0.0,1.0,0.0,113,296,2.62,0.0032299999475071672,12
gen_debug_production_001,naive_truncation,debug/production,synthetic,explicit,completed_tasks,6,32,6,0.1875,1.0,0.3158,313,296,0.95,0.015142999927775236,32
gen_debug_production_001,naive_truncation,debug/production,synthetic,explicit,pending_tasks,2,32,2,0.0625,1.0,0.1176,313,296,0.95,0.015142999927775236,32
gen_debug_production_001,naive_truncation,debug/production,synthetic,explicit,decisions,4,32,4,0.125,1.0,0.2222,313,296,0.95,0.015142999927775236,32
gen_debug_production_001,naive_truncation,debug/production,synthetic,explicit,files,5,32,5,0.1562,1.0,0.2703,313,296,0.95,0.015142999927775236,32
gen_debug_production_001,naive_truncation,debug/production,synthetic,explicit,errors,0,32,0,0.0,1.0,0.0,313,296,0.95,0.015142999927775236,32
gen_debug_production_001,naive_summary,debug/production,synthetic,explicit,completed_tasks,6,20,2,0.1,0.3333,0.1538,195,296,1.52,0.035305999972479185,20
gen_debug_production_001,naive_summary,debug/production,synthetic,explicit,pending_tasks,2,20,2,0.1,1.0,0.1818,195,296,1.52,0.035305999972479185,20
gen_debug_production_001,naive_summary,debug/production,synthetic,explicit,decisions,4,20,4,0.2,1.0,0.3333,195,296,1.52,0.035305999972479185,20
gen_debug_production_001,naive_summary,debug/production,synthetic,explicit,files,5,20,2,0.1,0.4,0.16,195,296,1.52,0.035305999972479185,20
gen_debug_production_001,naive_summary,debug/production,synthetic,explicit,errors,0,20,0,0.0,1.0,0.0,195,296,1.52,0.035305999972479185,20
gen_debug_production_002,tokenmizer_v0.5.2,debug/production,synthetic,explicit,completed_tasks,4,4,4,1.0,1.0,1.0,150,256,1.71,223.20814599970618,16
gen_debug_production_002,tokenmizer_v0.5.2,debug/production,synthetic,explicit,pending_tasks,4,4,4,1.0,1.0,1.0,150,256,1.71,223.20814599970618,16
gen_debug_production_002,tokenmizer_v0.5.2,debug/production,synthetic,explicit,decisions,3,3,3,1.0,1.0,1.0,150,256,1.71,223.20814599970618,16
gen_debug_production_002,tokenmizer_v0.5.2,debug/production,synthetic,explicit,files,2,2,2,1.0,1.0,1.0,150,256,1.71,223.20814599970618,16
gen_debug_production_002,tokenmizer_v0.5.2,debug/production,synthetic,explicit,errors,1,3,1,0.3333,1.0,0.5,150,256,1.71,223.20814599970618,16
gen_debug_production_002,graphiti_style,debug/production,synthetic,explicit,completed_tasks,4,5,4,0.8,1.0,0.8889,160,256,1.6,0.695955000082904,18
gen_debug_production_002,graphiti_style,debug/production,synthetic,explicit,pending_tasks,4,6,4,0.6667,1.0,0.8,160,256,1.6,0.695955000082904,18
gen_debug_production_002,graphiti_style,debug/production,synthetic,explicit,decisions,3,3,3,1.0,1.0,1.0,160,256,1.6,0.695955000082904,18
gen_debug_production_002,graphiti_style,debug/production,synthetic,explicit,files,2,2,2,1.0,1.0,1.0,160,256,1.6,0.695955000082904,18
gen_debug_production_002,graphiti_style,debug/production,synthetic,explicit,errors,1,2,1,0.5,1.0,0.6667,160,256,1.6,0.695955000082904,18
gen_debug_production_002,graphrag_style,debug/production,synthetic,explicit,completed_tasks,4,2,2,1.0,0.5,0.6667,127,256,2.02,0.40899099985836074,15
gen_debug_production_002,graphrag_style,debug/production,synthetic,explicit,pending_tasks,4,4,3,0.75,0.75,0.75,127,256,2.02,0.40899099985836074,15
gen_debug_production_002,graphrag_style,debug/production,synthetic,explicit,decisions,3,3,3,1.0,1.0,1.0,127,256,2.02,0.40899099985836074,15
gen_debug_production_002,graphrag_style,debug/production,synthetic,explicit,files,2,2,2,1.0,1.0,1.0,127,256,2.02,0.40899099985836074,15
gen_debug_production_002,graphrag_style,debug/production,synthetic,explicit,errors,1,4,1,0.25,1.0,0.4,127,256,2.02,0.40899099985836074,15
gen_debug_production_002,mem0_style,debug/production,synthetic,explicit,completed_tasks,4,5,4,0.8,1.0,0.8889,159,256,1.61,0.7347540004047914,18
gen_debug_production_002,mem0_style,debug/production,synthetic,explicit,pending_tasks,4,6,4,0.6667,1.0,0.8,159,256,1.61,0.7347540004047914,18
gen_debug_production_002,mem0_style,debug/production,synthetic,explicit,decisions,3,3,3,1.0,1.0,1.0,159,256,1.61,0.7347540004047914,18
gen_debug_production_002,mem0_style,debug/production,synthetic,explicit,files,2,2,2,1.0,1.0,1.0,159,256,1.61,0.7347540004047914,18
gen_debug_production_002,mem0_style,debug/production,synthetic,explicit,errors,1,2,1,0.5,1.0,0.6667,159,256,1.61,0.7347540004047914,18
gen_debug_production_002,memgpt_style,debug/production,synthetic,explicit,completed_tasks,4,2,2,1.0,0.5,0.6667,92,256,2.78,0.24523499996575993,9
gen_debug_production_002,memgpt_style,debug/production,synthetic,explicit,pending_tasks,4,3,2,0.6667,0.5,0.5714,92,256,2.78,0.24523499996575993,9
gen_debug_production_002,memgpt_style,debug/production,synthetic,explicit,decisions,3,1,1,1.0,0.3333,0.5,92,256,2.78,0.24523499996575993,9
gen_debug_production_002,memgpt_style,debug/production,synthetic,explicit,files,2,1,1,1.0,0.5,0.6667,92,256,2.78,0.24523499996575993,9
gen_debug_production_002,memgpt_style,debug/production,synthetic,explicit,errors,1,2,1,0.5,1.0,0.6667,92,256,2.78,0.24523499996575993,9
gen_debug_production_002,sliding_window_10,debug/production,synthetic,explicit,completed_tasks,4,12,2,0.1667,0.5,0.25,126,256,2.03,0.0032729999475122895,12
gen_debug_production_002,sliding_window_10,debug/production,synthetic,explicit,pending_tasks,4,12,2,0.1667,0.5,0.25,126,256,2.03,0.0032729999475122895,12
gen_debug_production_002,sliding_window_10,debug/production,synthetic,explicit,decisions,3,12,1,0.0833,0.3333,0.1333,126,256,2.03,0.0032729999475122895,12
gen_debug_production_002,sliding_window_10,debug/production,synthetic,explicit,files,2,12,1,0.0833,0.5,0.1429,126,256,2.03,0.0032729999475122895,12
gen_debug_production_002,sliding_window_10,debug/production,synthetic,explicit,errors,1,12,1,0.0833,1.0,0.1538,126,256,2.03,0.0032729999475122895,12
gen_debug_production_002,naive_truncation,debug/production,synthetic,explicit,completed_tasks,4,26,4,0.1538,1.0,0.2667,269,256,0.95,0.011144999916723464,26
gen_debug_production_002,naive_truncation,debug/production,synthetic,explicit,pending_tasks,4,26,4,0.1538,1.0,0.2667,269,256,0.95,0.011144999916723464,26
gen_debug_production_002,naive_truncation,debug/production,synthetic,explicit,decisions,3,26,3,0.1154,1.0,0.2069,269,256,0.95,0.011144999916723464,26
gen_debug_production_002,naive_truncation,debug/production,synthetic,explicit,files,2,26,2,0.0769,1.0,0.1429,269,256,0.95,0.011144999916723464,26
gen_debug_production_002,naive_truncation,debug/production,synthetic,explicit,errors,1,26,1,0.0385,1.0,0.0741,269,256,0.95,0.011144999916723464,26
gen_debug_production_002,naive_summary,debug/production,synthetic,explicit,completed_tasks,4,19,3,0.1579,0.75,0.2609,191,256,1.34,0.029239000014058547,19
gen_debug_production_002,naive_summary,debug/production,synthetic,explicit,pending_tasks,4,19,2,0.1053,0.5,0.1739,191,256,1.34,0.029239000014058547,19
gen_debug_production_002,naive_summary,debug/production,synthetic,explicit,decisions,3,19,2,0.1053,0.6667,0.1818,191,256,1.34,0.029239000014058547,19
gen_debug_production_002,naive_summary,debug/production,synthetic,explicit,files,2,19,1,0.0526,0.5,0.0952,191,256,1.34,0.029239000014058547,19
gen_debug_production_002,naive_summary,debug/production,synthetic,explicit,errors,1,19,1,0.0526,1.0,0.1,191,256,1.34,0.029239000014058547,19
gen_debug_production_003,tokenmizer_v0.5.2,debug/production,synthetic,explicit,completed_tasks,6,6,6,1.0,1.0,1.0,208,367,1.76,228.46583299997292,22
gen_debug_production_003,tokenmizer_v0.5.2,debug/production,synthetic,explicit,pending_tasks,3,3,3,1.0,1.0,1.0,208,367,1.76,228.46583299997292,22
gen_debug_production_003,tokenmizer_v0.5.2,debug/production,synthetic,explicit,decisions,4,4,4,1.0,1.0,1.0,208,367,1.76,228.46583299997292,22
gen_debug_production_003,tokenmizer_v0.5.2,debug/production,synthetic,explicit,files,5,5,5,1.0,1.0,1.0,208,367,1.76,228.46583299997292,22
gen_debug_production_003,tokenmizer_v0.5.2,debug/production,synthetic,explicit,errors,2,4,2,0.5,1.0,0.6667,208,367,1.76,228.46583299997292,22
gen_debug_production_003,graphiti_style,debug/production,synthetic,explicit,completed_tasks,6,11,6,0.5455,1.0,0.7059,198,367,1.85,0.9876909998638439,27
gen_debug_production_003,graphiti_style,debug/production,synthetic,explicit,pending_tasks,3,4,3,0.75,1.0,0.8571,198,367,1.85,0.9876909998638439,27
gen_debug_production_003,graphiti_style,debug/production,synthetic,explicit,decisions,4,5,4,0.8,1.0,0.8889,198,367,1.85,0.9876909998638439,27
gen_debug_production_003,graphiti_style,debug/production,synthetic,explicit,files,5,5,5,1.0,1.0,1.0,198,367,1.85,0.9876909998638439,27
gen_debug_production_003,graphiti_style,debug/production,synthetic,explicit,errors,2,2,2,1.0,1.0,1.0,198,367,1.85,0.9876909998638439,27
gen_debug_production_003,graphrag_style,debug/production,synthetic,explicit,completed_tasks,6,2,2,1.0,0.3333,0.5,137,367,2.68,1.1566619996301597,17
gen_debug_production_003,graphrag_style,debug/production,synthetic,explicit,pending_tasks,3,1,0,0.0,0.0,0.0,137,367,2.68,1.1566619996301597,17
gen_debug_production_003,graphrag_style,debug/production,synthetic,explicit,decisions,4,5,4,0.8,1.0,0.8889,137,367,2.68,1.1566619996301597,17
gen_debug_production_003,graphrag_style,debug/production,synthetic,explicit,files,5,5,5,1.0,1.0,1.0,137,367,2.68,1.1566619996301597,17
gen_debug_production_003,graphrag_style,debug/production,synthetic,explicit,errors,2,4,2,0.5,1.0,0.6667,137,367,2.68,1.1566619996301597,17
gen_debug_production_003,mem0_style,debug/production,synthetic,explicit,completed_tasks,6,11,6,0.5455,1.0,0.7059,197,367,1.86,1.0341659999539843,27
gen_debug_production_003,mem0_style,debug/production,synthetic,explicit,pending_tasks,3,4,3,0.75,1.0,0.8571,197,367,1.86,1.0341659999539843,27
gen_debug_production_003,mem0_style,debug/production,synthetic,explicit,decisions,4,5,4,0.8,1.0,0.8889,197,367,1.86,1.0341659999539843,27
gen_debug_production_003,mem0_style,debug/production,synthetic,explicit,files,5,5,5,1.0,1.0,1.0,197,367,1.86,1.0341659999539843,27
gen_debug_production_003,mem0_style,debug/production,synthetic,explicit,errors,2,2,2,1.0,1.0,1.0,197,367,1.86,1.0341659999539843,27
gen_debug_production_003,memgpt_style,debug/production,synthetic,explicit,completed_tasks,6,4,3,0.75,0.5,0.6,86,367,4.27,0.35223699978814693,8
gen_debug_production_003,memgpt_style,debug/production,synthetic,explicit,pending_tasks,3,2,2,1.0,0.6667,0.8,86,367,4.27,0.35223699978814693,8
gen_debug_production_003,memgpt_style,debug/production,synthetic,explicit,decisions,4,0,0,1.0,0.0,0.0,86,367,4.27,0.35223699978814693,8
gen_debug_production_003,memgpt_style,debug/production,synthetic,explicit,files,5,1,1,1.0,0.2,0.3333,86,367,4.27,0.35223699978814693,8
gen_debug_production_003,memgpt_style,debug/production,synthetic,explicit,errors,2,1,1,1.0,0.5,0.6667,86,367,4.27,0.35223699978814693,8
gen_debug_production_003,sliding_window_10,debug/production,synthetic,explicit,completed_tasks,6,10,2,0.2,0.3333,0.25,102,367,3.6,0.003331999778311001,10
gen_debug_production_003,sliding_window_10,debug/production,synthetic,explicit,pending_tasks,3,10,1,0.1,0.3333,0.1538,102,367,3.6,0.003331999778311001,10
gen_debug_production_003,sliding_window_10,debug/production,synthetic,explicit,decisions,4,10,0,0.0,0.0,0.0,102,367,3.6,0.003331999778311001,10
gen_debug_production_003,sliding_window_10,debug/production,synthetic,explicit,files,5,10,1,0.1,0.2,0.1333,102,367,3.6,0.003331999778311001,10
gen_debug_production_003,sliding_window_10,debug/production,synthetic,explicit,errors,2,10,1,0.1,0.5,0.1667,102,367,3.6,0.003331999778311001,10
gen_debug_production_003,naive_truncation,debug/production,synthetic,explicit,completed_tasks,6,33,5,0.1515,0.8333,0.2564,313,367,1.17,0.016855000012583332,33
gen_debug_production_003,naive_truncation,debug/production,synthetic,explicit,pending_tasks,3,33,3,0.0909,1.0,0.1667,313,367,1.17,0.016855000012583332,33
gen_debug_production_003,naive_truncation,debug/production,synthetic,explicit,decisions,4,33,4,0.1212,1.0,0.2162,313,367,1.17,0.016855000012583332,33
gen_debug_production_003,naive_truncation,debug/production,synthetic,explicit,files,5,33,5,0.1515,1.0,0.2632,313,367,1.17,0.016855000012583332,33
gen_debug_production_003,naive_truncation,debug/production,synthetic,explicit,errors,2,33,1,0.0303,0.5,0.0571,313,367,1.17,0.016855000012583332,33
gen_debug_production_003,naive_summary,debug/production,synthetic,explicit,completed_tasks,6,21,3,0.1429,0.5,0.2222,202,367,1.82,0.03143699996144278,21
gen_debug_production_003,naive_summary,debug/production,synthetic,explicit,pending_tasks,3,21,1,0.0476,0.3333,0.0833,202,367,1.82,0.03143699996144278,21
gen_debug_production_003,naive_summary,debug/production,synthetic,explicit,decisions,4,21,2,0.0952,0.5,0.16,202,367,1.82,0.03143699996144278,21
gen_debug_production_003,naive_summary,debug/production,synthetic,explicit,files,5,21,4,0.1905,0.8,0.3077,202,367,1.82,0.03143699996144278,21
gen_debug_production_003,naive_summary,debug/production,synthetic,explicit,errors,2,21,1,0.0476,0.5,0.087,202,367,1.82,0.03143699996144278,21
gen_debug_production_004,tokenmizer_v0.5.2,debug/production,synthetic,explicit,completed_tasks,5,5,5,1.0,1.0,1.0,205,334,1.63,258.9531380003791,21
gen_debug_production_004,tokenmizer_v0.5.2,debug/production,synthetic,explicit,pending_tasks,4,4,4,1.0,1.0,1.0,205,334,1.63,258.9531380003791,21
gen_debug_production_004,tokenmizer_v0.5.2,debug/production,synthetic,explicit,decisions,6,6,6,1.0,1.0,1.0,205,334,1.63,258.9531380003791,21
gen_debug_production_004,tokenmizer_v0.5.2,debug/production,synthetic,explicit,files,3,3,3,1.0,1.0,1.0,205,334,1.63,258.9531380003791,21
gen_debug_production_004,tokenmizer_v0.5.2,debug/production,synthetic,explicit,errors,2,3,2,0.6667,1.0,0.8,205,334,1.63,258.9531380003791,21
gen_debug_production_004,graphiti_style,debug/production,synthetic,explicit,completed_tasks,5,7,5,0.7143,1.0,0.8333,233,334,1.43,0.9041819998856226,26
gen_debug_production_004,graphiti_style,debug/production,synthetic,explicit,pending_tasks,4,4,4,1.0,1.0,1.0,233,334,1.43,0.9041819998856226,26
gen_debug_production_004,graphiti_style,debug/production,synthetic,explicit,decisions,6,8,6,0.75,1.0,0.8571,233,334,1.43,0.9041819998856226,26
gen_debug_production_004,graphiti_style,debug/production,synthetic,explicit,files,3,3,3,1.0,1.0,1.0,233,334,1.43,0.9041819998856226,26
gen_debug_production_004,graphiti_style,debug/production,synthetic,explicit,errors,2,4,2,0.5,1.0,0.6667,233,334,1.43,0.9041819998856226,26
gen_debug_production_004,graphrag_style,debug/production,synthetic,explicit,completed_tasks,5,3,3,1.0,0.6,0.75,194,334,1.72,0.5276749998301966,20
gen_debug_production_004,graphrag_style,debug/production,synthetic,explicit,pending_tasks,4,3,3,1.0,0.75,0.8571,194,334,1.72,0.5276749998301966,20
gen_debug_production_004,graphrag_style,debug/production,synthetic,explicit,decisions,6,7,6,0.8571,1.0,0.9231,194,334,1.72,0.5276749998301966,20
gen_debug_production_004,graphrag_style,debug/production,synthetic,explicit,files,3,3,3,1.0,1.0,1.0,194,334,1.72,0.5276749998301966,20
gen_debug_production_004,graphrag_style,debug/production,synthetic,explicit,errors,2,4,2,0.5,1.0,0.6667,194,334,1.72,0.5276749998301966,20
gen_debug_production_004,mem0_style,debug/production,synthetic,explicit,completed_tasks,5,7,5,0.7143,1.0,0.8333,232,334,1.44,0.9126029999606544,26
gen_debug_production_004,mem0_style,debug/production,synthetic,explicit,pending_tasks,4,4,4,1.0,1.0,1.0,232,334,1.44,0.9126029999606544,26
gen_debug_production_004,mem0_style,debug/production,synthetic,explicit,decisions,6,8,6,0.75,1.0,0.8571,232,334,1.44,0.9126029999606544,26
gen_debug_production_004,mem0_style,debug/production,synthetic,explicit,files,3,3,3,1.0,1.0,1.0,232,334,1.44,0.9126029999606544,26
gen_debug_production_004,mem0_style,debug/production,synthetic,explicit,errors,2,4,2,0.5,1.0,0.6667,232,334,1.44,0.9126029999606544,26
gen_debug_production_004,memgpt_style,debug/production,synthetic,explicit,completed_tasks,5,4,2,0.5,0.4,0.4444,84,334,3.98,0.2935429997705796,11
gen_debug_production_004,memgpt_style,debug/production,synthetic,explicit,pending_tasks,4,0,0,1.0,0.0,0.0,84,334,3.98,0.2935429997705796,11
gen_debug_production_004,memgpt_style,debug/production,synthetic,explicit,decisions,6,3,2,0.6667,0.3333,0.4444,84,334,3.98,0.2935429997705796,11
gen_debug_production_004,memgpt_style,debug/production,synthetic,explicit,files,3,3,3,1.0,1.0,1.0,84,334,3.98,0.2935429997705796,11
gen_debug_production_004,memgpt_style,debug/production,synthetic,explicit,errors,2,1,0,0.0,0.0,0.0,84,334,3.98,0.2935429997705796,11
gen_debug_production_004,sliding_window_10,debug/production,synthetic,explicit,completed_tasks,5,10,1,0.1,0.2,0.1333,86,334,3.88,0.0030199998946045525,10
gen_debug_production_004,sliding_window_10,debug/production,synthetic,explicit,pending_tasks,4,10,0,0.0,0.0,0.0,86,334,3.88,0.0030199998946045525,10
gen_debug_production_004,sliding_window_10,debug/production,synthetic,explicit,decisions,6,10,2,0.2,0.3333,0.25,86,334,3.88,0.0030199998946045525,10
gen_debug_production_004,sliding_window_10,debug/production,synthetic,explicit,files,3,10,2,0.2,0.6667,0.3077,86,334,3.88,0.0030199998946045525,10
gen_debug_production_004,sliding_window_10,debug/production,synthetic,explicit,errors,2,10,0,0.0,0.0,0.0,86,334,3.88,0.0030199998946045525,10
gen_debug_production_004,naive_truncation,debug/production,synthetic,explicit,completed_tasks,5,32,4,0.125,0.8,0.2162,301,334,1.11,0.019550999695638893,32
gen_debug_production_004,naive_truncation,debug/production,synthetic,explicit,pending_tasks,4,32,3,0.0938,0.75,0.1667,301,334,1.11,0.019550999695638893,32
gen_debug_production_004,naive_truncation,debug/production,synthetic,explicit,decisions,6,32,6,0.1875,1.0,0.3158,301,334,1.11,0.019550999695638893,32
gen_debug_production_004,naive_truncation,debug/production,synthetic,explicit,files,3,32,3,0.0938,1.0,0.1714,301,334,1.11,0.019550999695638893,32
gen_debug_production_004,naive_truncation,debug/production,synthetic,explicit,errors,2,32,2,0.0625,1.0,0.1176,301,334,1.11,0.019550999695638893,32
gen_debug_production_004,naive_summary,debug/production,synthetic,explicit,completed_tasks,5,19,3,0.1579,0.6,0.25,184,334,1.82,0.043419000121502904,19
gen_debug_production_004,naive_summary,debug/production,synthetic,explicit,pending_tasks,4,19,4,0.2105,1.0,0.3478,184,334,1.82,0.043419000121502904,19
gen_debug_production_004,naive_summary,debug/production,synthetic,explicit,decisions,6,19,2,0.1053,0.3333,0.16,184,334,1.82,0.043419000121502904,19
gen_debug_production_004,naive_summary,debug/production,synthetic,explicit,files,3,19,0,0.0,0.0,0.0,184,334,1.82,0.043419000121502904,19
gen_debug_production_004,naive_summary,debug/production,synthetic,explicit,errors,2,19,1,0.0526,0.5,0.0952,184,334,1.82,0.043419000121502904,19
gen_debug_production_005,tokenmizer_v0.5.2,debug/production,synthetic,explicit,completed_tasks,3,3,3,1.0,1.0,1.0,171,288,1.68,271.4438100001644,17
gen_debug_production_005,tokenmizer_v0.5.2,debug/production,synthetic,explicit,pending_tasks,2,2,2,1.0,1.0,1.0,171,288,1.68,271.4438100001644,17
gen_debug_production_005,tokenmizer_v0.5.2,debug/production,synthetic,explicit,decisions,6,6,6,1.0,1.0,1.0,171,288,1.68,271.4438100001644,17
gen_debug_production_005,tokenmizer_v0.5.2,debug/production,synthetic,explicit,files,4,4,4,1.0,1.0,1.0,171,288,1.68,271.4438100001644,17
gen_debug_production_005,tokenmizer_v0.5.2,debug/production,synthetic,explicit,errors,1,2,1,0.5,1.0,0.6667,171,288,1.68,271.4438100001644,17
gen_debug_production_005,graphiti_style,debug/production,synthetic,explicit,completed_tasks,3,6,3,0.5,1.0,0.6667,195,288,1.48,0.7461029999831226,28
gen_debug_production_005,graphiti_style,debug/production,synthetic,explicit,pending_tasks,2,4,2,0.5,1.0,0.6667,195,288,1.48,0.7461029999831226,28
gen_debug_production_005,graphiti_style,debug/production,synthetic,explicit,decisions,6,11,6,0.5455,1.0,0.7059,195,288,1.48,0.7461029999831226,28
gen_debug_production_005,graphiti_style,debug/production,synthetic,explicit,files,4,4,4,1.0,1.0,1.0,195,288,1.48,0.7461029999831226,28
gen_debug_production_005,graphiti_style,debug/production,synthetic,explicit,errors,1,3,1,0.3333,1.0,0.5,195,288,1.48,0.7461029999831226,28
gen_debug_production_005,graphrag_style,debug/production,synthetic,explicit,completed_tasks,3,1,1,1.0,0.3333,0.5,138,288,2.09,0.43446800009405706,21
gen_debug_production_005,graphrag_style,debug/production,synthetic,explicit,pending_tasks,2,2,1,0.5,0.5,0.5,138,288,2.09,0.43446800009405706,21
gen_debug_production_005,graphrag_style,debug/production,synthetic,explicit,decisions,6,11,6,0.5455,1.0,0.7059,138,288,2.09,0.43446800009405706,21
gen_debug_production_005,graphrag_style,debug/production,synthetic,explicit,files,4,4,4,1.0,1.0,1.0,138,288,2.09,0.43446800009405706,21
gen_debug_production_005,graphrag_style,debug/production,synthetic,explicit,errors,1,3,1,0.3333,1.0,0.5,138,288,2.09,0.43446800009405706,21
gen_debug_production_005,mem0_style,debug/production,synthetic,explicit,completed_tasks,3,6,3,0.5,1.0,0.6667,201,288,1.43,0.8264289999715402,27
gen_debug_production_005,mem0_style,debug/production,synthetic,explicit,pending_tasks,2,4,2,0.5,1.0,0.6667,201,288,1.43,0.8264289999715402,27
gen_debug_production_005,mem0_style,debug/production,synthetic,explicit,decisions,6,10,6,0.6,1.0,0.75,201,288,1.43,0.8264289999715402,27
gen_debug_production_005,mem0_style,debug/production,synthetic,explicit,files,4,4,4,1.0,1.0,1.0,201,288,1.43,0.8264289999715402,27
gen_debug_production_005,mem0_style,debug/production,synthetic,explicit,errors,1,3,1,0.3333,1.0,0.5,201,288,1.43,0.8264289999715402,27
gen_debug_production_005,memgpt_style,debug/production,synthetic,explicit,completed_tasks,3,3,2,0.6667,0.6667,0.6667,110,288,2.62,0.25072799962799763,11
gen_debug_production_005,memgpt_style,debug/production,synthetic,explicit,pending_tasks,2,3,2,0.6667,1.0,0.8,110,288,2.62,0.25072799962799763,11
gen_debug_production_005,memgpt_style,debug/production,synthetic,explicit,decisions,6,2,2,1.0,0.3333,0.5,110,288,2.62,0.25072799962799763,11
gen_debug_production_005,memgpt_style,debug/production,synthetic,explicit,files,4,1,1,1.0,0.25,0.4,110,288,2.62,0.25072799962799763,11
gen_debug_production_005,memgpt_style,debug/production,synthetic,explicit,errors,1,2,0,0.0,0.0,0.0,110,288,2.62,0.25072799962799763,11
gen_debug_production_005,sliding_window_10,debug/production,synthetic,explicit,completed_tasks,3,12,2,0.1667,0.6667,0.2667,115,288,2.5,0.002780000158963958,12
gen_debug_production_005,sliding_window_10,debug/production,synthetic,explicit,pending_tasks,2,12,2,0.1667,1.0,0.2857,115,288,2.5,0.002780000158963958,12
gen_debug_production_005,sliding_window_10,debug/production,synthetic,explicit,decisions,6,12,2,0.1667,0.3333,0.2222,115,288,2.5,0.002780000158963958,12
gen_debug_production_005,sliding_window_10,debug/production,synthetic,explicit,files,4,12,1,0.0833,0.25,0.125,115,288,2.5,0.002780000158963958,12
gen_debug_production_005,sliding_window_10,debug/production,synthetic,explicit,errors,1,12,0,0.0,0.0,0.0,115,288,2.5,0.002780000158963958,12
gen_debug_production_005,naive_truncation,debug/production,synthetic,explicit,completed_tasks,3,30,3,0.1,1.0,0.1818,303,288,0.95,0.01329199994870578,30
gen_debug_production_005,naive_truncation,debug/production,synthetic,explicit,pending_tasks,2,30,2,0.0667,1.0,0.125,303,288,0.95,0.01329199994870578,30
gen_debug_production_005,naive_truncation,debug/production,synthetic,explicit,decisions,6,30,6,0.2,1.0,0.3333,303,288,0.95,0.01329199994870578,30
gen_debug_production_005,naive_truncation,debug/production,synthetic,explicit,files,4,30,4,0.1333,1.0,0.2353,303,288,0.95,0.01329199994870578,30
gen_debug_production_005,naive_truncation,debug/production,synthetic,explicit,errors,1,30,1,0.0333,1.0,0.0645,303,288,0.95,0.01329199994870578,30
gen_debug_production_005,naive_summary,debug/production,synthetic,explicit,completed_tasks,3,19,1,0.0526,0.3333,0.0909,191,288,1.51,0.03360799973961548,19
gen_debug_production_005,naive_summary,debug/production,synthetic,explicit,pending_tasks,2,19,0,0.0,0.0,0.0,191,288,1.51,0.03360799973961548,19
gen_debug_production_005,naive_summary,debug/production,synthetic,explicit,decisions,6,19,4,0.2105,0.6667,0.32,191,288,1.51,0.03360799973961548,19
gen_debug_production_005,naive_summary,debug/production,synthetic,explicit,files,4,19,3,0.1579,0.75,0.2609,191,288,1.51,0.03360799973961548,19
gen_debug_production_005,naive_summary,debug/production,synthetic,explicit,errors,1,19,1,0.0526,1.0,0.1,191,288,1.51,0.03360799973961548,19
gen_devops_ci_001,tokenmizer_v0.5.2,devops/ci,synthetic,semi,completed_tasks,3,3,3,1.0,1.0,1.0,149,276,1.85,233.15360500009774,15
gen_devops_ci_001,tokenmizer_v0.5.2,devops/ci,synthetic,semi,pending_tasks,1,1,1,1.0,1.0,1.0,149,276,1.85,233.15360500009774,15
gen_devops_ci_001,tokenmizer_v0.5.2,devops/ci,synthetic,semi,decisions,4,4,4,1.0,1.0,1.0,149,276,1.85,233.15360500009774,15
gen_devops_ci_001,tokenmizer_v0.5.2,devops/ci,synthetic,semi,files,5,5,5,1.0,1.0,1.0,149,276,1.85,233.15360500009774,15
gen_devops_ci_001,tokenmizer_v0.5.2,devops/ci,synthetic,semi,errors,1,2,1,0.5,1.0,0.6667,149,276,1.85,233.15360500009774,15
gen_devops_ci_001,graphiti_style,devops/ci,synthetic,semi,completed_tasks,3,2,2,1.0,0.6667,0.8,129,276,2.14,0.7267349997164274,12
gen_devops_ci_001,graphiti_style,devops/ci,synthetic,semi,pending_tasks,1,2,1,0.5,1.0,0.6667,129,276,2.14,0.7267349997164274,12
gen_devops_ci_001,graphiti_style,devops/ci,synthetic,semi,decisions,4,3,2,0.6667,0.5,0.5714,129,276,2.14,0.7267349997164274,12
gen_devops_ci_001,graphiti_style,devops/ci,synthetic,semi,files,5,4,4,1.0,0.8,0.8889,129,276,2.14,0.7267349997164274,12
gen_devops_ci_001,graphiti_style,devops/ci,synthetic,semi,errors,1,1,1,1.0,1.0,1.0,129,276,2.14,0.7267349997164274,12
gen_devops_ci_001,graphrag_style,devops/ci,synthetic,semi,completed_tasks,3,0,0,1.0,0.0,0.0,76,276,3.63,0.37348199975895113,9
gen_devops_ci_001,graphrag_style,devops/ci,synthetic,semi,pending_tasks,1,1,0,0.0,0.0,0.0,76,276,3.63,0.37348199975895113,9
gen_devops_ci_001,graphrag_style,devops/ci,synthetic,semi,decisions,4,2,2,1.0,0.5,0.6667,76,276,3.63,0.37348199975895113,9
gen_devops_ci_001,graphrag_style,devops/ci,synthetic,semi,files,5,4,4,1.0,0.8,0.8889,76,276,3.63,0.37348199975895113,9
gen_devops_ci_001,graphrag_style,devops/ci,synthetic,semi,errors,1,2,1,0.5,1.0,0.6667,76,276,3.63,0.37348199975895113,9
gen_devops_ci_001,mem0_style,devops/ci,synthetic,semi,completed_tasks,3,2,2,1.0,0.6667,0.8,128,276,2.16,0.7246679997479077,12
gen_devops_ci_001,mem0_style,devops/ci,synthetic,semi,pending_tasks,1,2,1,0.5,1.0,0.6667,128,276,2.16,0.7246679997479077,12
gen_devops_ci_001,mem0_style,devops/ci,synthetic,semi,decisions,4,3,2,0.6667,0.5,0.5714,128,276,2.16,0.7246679997479077,12
gen_devops_ci_001,mem0_style,devops/ci,synthetic,semi,files,5,4,4,1.0,0.8,0.8889,128,276,2.16,0.7246679997479077,12
gen_devops_ci_001,mem0_style,devops/ci,synthetic,semi,errors,1,1,1,1.0,1.0,1.0,128,276,2.16,0.7246679997479077,12
gen_devops_ci_001,memgpt_style,devops/ci,synthetic,semi,completed_tasks,3,1,1,1.0,0.3333,0.5,80,276,3.45,0.30434600012085866,7
gen_devops_ci_001,memgpt_style,devops/ci,synthetic,semi,pending_tasks,1,0,0,1.0,0.0,0.0,80,276,3.45,0.30434600012085866,7
gen_devops_ci_001,memgpt_style,devops/ci,synthetic,semi,decisions,4,2,2,1.0,0.5,0.6667,80,276,3.45,0.30434600012085866,7
gen_devops_ci_001,memgpt_style,devops/ci,synthetic,semi,files,5,3,3,1.0,0.6,0.75,80,276,3.45,0.30434600012085866,7
gen_devops_ci_001,memgpt_style,devops/ci,synthetic,semi,errors,1,1,1,1.0,1.0,1.0,80,276,3.45,0.30434600012085866,7
gen_devops_ci_001,sliding_window_10,devops/ci,synthetic,semi,completed_tasks,3,13,2,0.1538,0.6667,0.25,141,276,1.96,0.00263599986283225,13
gen_devops_ci_001,sliding_window_10,devops/ci,synthetic,semi,pending_tasks,1,13,0,0.0,0.0,0.0,141,276,1.96,0.00263599986283225,13
gen_devops_ci_001,sliding_window_10,devops/ci,synthetic,semi,decisions,4,13,2,0.1538,0.5,0.2353,141,276,1.96,0.00263599986283225,13
gen_devops_ci_001,sliding_window_10,devops/ci,synthetic,semi,files,5,13,3,0.2308,0.6,0.3333,141,276,1.96,0.00263599986283225,13
gen_devops_ci_001,sliding_window_10,devops/ci,synthetic,semi,errors,1,13,1,0.0769,1.0,0.1429,141,276,1.96,0.00263599986283225,13
gen_devops_ci_001,naive_truncation,devops/ci,synthetic,semi,completed_tasks,3,27,3,0.1111,1.0,0.2,291,276,0.95,0.011654999980237335,27
gen_devops_ci_001,naive_truncation,devops/ci,synthetic,semi,pending_tasks,1,27,1,0.037,1.0,0.0714,291,276,0.95,0.011654999980237335,27
gen_devops_ci_001,naive_truncation,devops/ci,synthetic,semi,decisions,4,27,4,0.1481,1.0,0.2581,291,276,0.95,0.011654999980237335,27
gen_devops_ci_001,naive_truncation,devops/ci,synthetic,semi,files,5,27,5,0.1852,1.0,0.3125,291,276,0.95,0.011654999980237335,27
gen_devops_ci_001,naive_truncation,devops/ci,synthetic,semi,errors,1,27,1,0.037,1.0,0.0714,291,276,0.95,0.011654999980237335,27
gen_devops_ci_001,naive_summary,devops/ci,synthetic,semi,completed_tasks,3,18,2,0.1111,0.6667,0.1905,175,276,1.58,0.028439000288926763,18
gen_devops_ci_001,naive_summary,devops/ci,synthetic,semi,pending_tasks,1,18,1,0.0556,1.0,0.1053,175,276,1.58,0.028439000288926763,18
gen_devops_ci_001,naive_summary,devops/ci,synthetic,semi,decisions,4,18,2,0.1111,0.5,0.1818,175,276,1.58,0.028439000288926763,18
gen_devops_ci_001,naive_summary,devops/ci,synthetic,semi,files,5,18,2,0.1111,0.4,0.1739,175,276,1.58,0.028439000288926763,18
gen_devops_ci_001,naive_summary,devops/ci,synthetic,semi,errors,1,18,0,0.0,0.0,0.0,175,276,1.58,0.028439000288926763,18
gen_devops_ci_002,tokenmizer_v0.5.2,devops/ci,synthetic,semi,completed_tasks,3,3,3,1.0,1.0,1.0,171,339,1.98,223.0469199998879,18
gen_devops_ci_002,tokenmizer_v0.5.2,devops/ci,synthetic,semi,pending_tasks,3,3,3,1.0,1.0,1.0,171,339,1.98,223.0469199998879,18
gen_devops_ci_002,tokenmizer_v0.5.2,devops/ci,synthetic,semi,decisions,5,5,5,1.0,1.0,1.0,171,339,1.98,223.0469199998879,18
gen_devops_ci_002,tokenmizer_v0.5.2,devops/ci,synthetic,semi,files,5,5,5,1.0,1.0,1.0,171,339,1.98,223.0469199998879,18
gen_devops_ci_002,tokenmizer_v0.5.2,devops/ci,synthetic,semi,errors,2,2,2,1.0,1.0,1.0,171,339,1.98,223.0469199998879,18
gen_devops_ci_002,graphiti_style,devops/ci,synthetic,semi,completed_tasks,3,2,2,1.0,0.6667,0.8,138,339,2.46,0.9043300001394527,13
gen_devops_ci_002,graphiti_style,devops/ci,synthetic,semi,pending_tasks,3,1,0,0.0,0.0,0.0,138,339,2.46,0.9043300001394527,13
gen_devops_ci_002,graphiti_style,devops/ci,synthetic,semi,decisions,5,5,5,1.0,1.0,1.0,138,339,2.46,0.9043300001394527,13
gen_devops_ci_002,graphiti_style,devops/ci,synthetic,semi,files,5,3,3,1.0,0.6,0.75,138,339,2.46,0.9043300001394527,13
gen_devops_ci_002,graphiti_style,devops/ci,synthetic,semi,errors,2,2,2,1.0,1.0,1.0,138,339,2.46,0.9043300001394527,13
gen_devops_ci_002,graphrag_style,devops/ci,synthetic,semi,completed_tasks,3,0,0,1.0,0.0,0.0,93,339,3.65,0.8339259998138004,10
gen_devops_ci_002,graphrag_style,devops/ci,synthetic,semi,pending_tasks,3,1,0,0.0,0.0,0.0,93,339,3.65,0.8339259998138004,10
gen_devops_ci_002,graphrag_style,devops/ci,synthetic,semi,decisions,5,5,5,1.0,1.0,1.0,93,339,3.65,0.8339259998138004,10
gen_devops_ci_002,graphrag_style,devops/ci,synthetic,semi,files,5,3,3,1.0,0.6,0.75,93,339,3.65,0.8339259998138004,10
gen_devops_ci_002,graphrag_style,devops/ci,synthetic,semi,errors,2,1,0,0.0,0.0,0.0,93,339,3.65,0.8339259998138004,10
gen_devops_ci_002,mem0_style,devops/ci,synthetic,semi,completed_tasks,3,2,2,1.0,0.6667,0.8,137,339,2.47,0.8783099997344834,13
gen_devops_ci_002,mem0_style,devops/ci,synthetic,semi,pending_tasks,3,1,0,0.0,0.0,0.0,137,339,2.47,0.8783099997344834,13
gen_devops_ci_002,mem0_style,devops/ci,synthetic,semi,decisions,5,5,5,1.0,1.0,1.0,137,339,2.47,0.8783099997344834,13
gen_devops_ci_002,mem0_style,devops/ci,synthetic,semi,files,5,3,3,1.0,0.6,0.75,137,339,2.47,0.8783099997344834,13
gen_devops_ci_002,mem0_style,devops/ci,synthetic,semi,errors,2,2,2,1.0,1.0,1.0,137,339,2.47,0.8783099997344834,13
gen_devops_ci_002,memgpt_style,devops/ci,synthetic,semi,completed_tasks,3,1,1,1.0,0.3333,0.5,43,339,7.88,0.32307399987985264,3
gen_devops_ci_002,memgpt_style,devops/ci,synthetic,semi,pending_tasks,3,0,0,1.0,0.0,0.0,43,339,7.88,0.32307399987985264,3
gen_devops_ci_002,memgpt_style,devops/ci,synthetic,semi,decisions,5,1,1,1.0,0.2,0.3333,43,339,7.88,0.32307399987985264,3
gen_devops_ci_002,memgpt_style,devops/ci,synthetic,semi,files,5,1,2,1.0,0.4,0.5714,43,339,7.88,0.32307399987985264,3
gen_devops_ci_002,memgpt_style,devops/ci,synthetic,semi,errors,2,0,0,1.0,0.0,0.0,43,339,7.88,0.32307399987985264,3
gen_devops_ci_002,sliding_window_10,devops/ci,synthetic,semi,completed_tasks,3,11,2,0.1818,0.6667,0.2857,123,339,2.76,0.003181000010954449,11
gen_devops_ci_002,sliding_window_10,devops/ci,synthetic,semi,pending_tasks,3,11,1,0.0909,0.3333,0.1429,123,339,2.76,0.003181000010954449,11
gen_devops_ci_002,sliding_window_10,devops/ci,synthetic,semi,decisions,5,11,1,0.0909,0.2,0.125,123,339,2.76,0.003181000010954449,11
gen_devops_ci_002,sliding_window_10,devops/ci,synthetic,semi,files,5,11,3,0.1818,0.6,0.2791,123,339,2.76,0.003181000010954449,11
gen_devops_ci_002,sliding_window_10,devops/ci,synthetic,semi,errors,2,11,0,0.0,0.0,0.0,123,339,2.76,0.003181000010954449,11
gen_devops_ci_002,naive_truncation,devops/ci,synthetic,semi,completed_tasks,3,28,3,0.1071,1.0,0.1935,306,339,1.11,0.014746000033483142,28
gen_devops_ci_002,naive_truncation,devops/ci,synthetic,semi,pending_tasks,3,28,3,0.1071,1.0,0.1935,306,339,1.11,0.014746000033483142,28
gen_devops_ci_002,naive_truncation,devops/ci,synthetic,semi,decisions,5,28,5,0.1786,1.0,0.303,306,339,1.11,0.014746000033483142,28
gen_devops_ci_002,naive_truncation,devops/ci,synthetic,semi,files,5,28,4,0.1429,0.8,0.2424,306,339,1.11,0.014746000033483142,28
gen_devops_ci_002,naive_truncation,devops/ci,synthetic,semi,errors,2,28,1,0.0357,0.5,0.0667,306,339,1.11,0.014746000033483142,28
gen_devops_ci_002,naive_summary,devops/ci,synthetic,semi,completed_tasks,3,18,1,0.0556,0.3333,0.0952,186,339,1.82,0.037196999983279966,18
gen_devops_ci_002,naive_summary,devops/ci,synthetic,semi,pending_tasks,3,18,2,0.1111,0.6667,0.1905,186,339,1.82,0.037196999983279966,18
gen_devops_ci_002,naive_summary,devops/ci,synthetic,semi,decisions,5,18,3,0.1667,0.6,0.2609,186,339,1.82,0.037196999983279966,18
gen_devops_ci_002,naive_summary,devops/ci,synthetic,semi,files,5,18,3,0.1111,0.6,0.1875,186,339,1.82,0.037196999983279966,18
gen_devops_ci_002,naive_summary,devops/ci,synthetic,semi,errors,2,18,2,0.1111,1.0,0.2,186,339,1.82,0.037196999983279966,18
gen_devops_ci_003,tokenmizer_v0.5.2,devops/ci,synthetic,semi,completed_tasks,5,5,5,1.0,1.0,1.0,160,327,2.04,229.5965610001076,16
gen_devops_ci_003,tokenmizer_v0.5.2,devops/ci,synthetic,semi,pending_tasks,2,2,2,1.0,1.0,1.0,160,327,2.04,229.5965610001076,16
gen_devops_ci_003,tokenmizer_v0.5.2,devops/ci,synthetic,semi,decisions,6,6,6,1.0,1.0,1.0,160,327,2.04,229.5965610001076,16
gen_devops_ci_003,tokenmizer_v0.5.2,devops/ci,synthetic,semi,files,3,3,3,1.0,1.0,1.0,160,327,2.04,229.5965610001076,16
gen_devops_ci_003,graphiti_style,devops/ci,synthetic,semi,completed_tasks,5,4,4,1.0,0.8,0.8889,107,327,3.06,0.8932509999795002,12
gen_devops_ci_003,graphiti_style,devops/ci,synthetic,semi,pending_tasks,2,2,0,0.0,0.0,0.0,107,327,3.06,0.8932509999795002,12
gen_devops_ci_003,graphiti_style,devops/ci,synthetic,semi,decisions,6,4,3,0.75,0.5,0.6,107,327,3.06,0.8932509999795002,12
gen_devops_ci_003,graphiti_style,devops/ci,synthetic,semi,files,3,2,2,1.0,0.6667,0.8,107,327,3.06,0.8932509999795002,12
gen_devops_ci_003,graphrag_style,devops/ci,synthetic,semi,completed_tasks,5,0,0,1.0,0.0,0.0,66,327,4.95,0.4995620001864154,8
gen_devops_ci_003,graphrag_style,devops/ci,synthetic,semi,pending_tasks,2,1,0,0.0,0.0,0.0,66,327,4.95,0.4995620001864154,8
gen_devops_ci_003,graphrag_style,devops/ci,synthetic,semi,decisions,6,4,3,0.75,0.5,0.6,66,327,4.95,0.4995620001864154,8
gen_devops_ci_003,graphrag_style,devops/ci,synthetic,semi,files,3,2,2,1.0,0.6667,0.8,66,327,4.95,0.4995620001864154,8
gen_devops_ci_003,graphrag_style,devops/ci,synthetic,semi,errors,0,1,0,0.0,1.0,0.0,66,327,4.95,0.4995620001864154,8
gen_devops_ci_003,mem0_style,devops/ci,synthetic,semi,completed_tasks,5,4,4,1.0,0.8,0.8889,103,327,3.17,0.8523000001332548,11
gen_devops_ci_003,mem0_style,devops/ci,synthetic,semi,pending_tasks,2,1,0,0.0,0.0,0.0,103,327,3.17,0.8523000001332548,11
gen_devops_ci_003,mem0_style,devops/ci,synthetic,semi,decisions,6,4,3,0.75,0.5,0.6,103,327,3.17,0.8523000001332548,11
gen_devops_ci_003,mem0_style,devops/ci,synthetic,semi,files,3,2,2,1.0,0.6667,0.8,103,327,3.17,0.8523000001332548,11
gen_devops_ci_003,memgpt_style,devops/ci,synthetic,semi,completed_tasks,5,3,3,1.0,0.6,0.75,45,327,7.27,0.29684199989787885,4
gen_devops_ci_003,memgpt_style,devops/ci,synthetic,semi,pending_tasks,2,0,0,1.0,0.0,0.0,45,327,7.27,0.29684199989787885,4
gen_devops_ci_003,memgpt_style,devops/ci,synthetic,semi,decisions,6,0,0,1.0,0.0,0.0,45,327,7.27,0.29684199989787885,4
gen_devops_ci_003,memgpt_style,devops/ci,synthetic,semi,files,3,1,1,1.0,0.3333,0.5,45,327,7.27,0.29684199989787885,4
gen_devops_ci_003,sliding_window_10,devops/ci,synthetic,semi,completed_tasks,5,11,4,0.3636,0.8,0.5,124,327,2.64,0.0029769998945994303,11
gen_devops_ci_003,sliding_window_10,devops/ci,synthetic,semi,pending_tasks,2,11,0,0.0,0.0,0.0,124,327,2.64,0.0029769998945994303,11
gen_devops_ci_003,sliding_window_10,devops/ci,synthetic,semi,decisions,6,11,1,0.0909,0.1667,0.1176,124,327,2.64,0.0029769998945994303,11
gen_devops_ci_003,sliding_window_10,devops/ci,synthetic,semi,files,3,11,1,0.0909,0.3333,0.1429,124,327,2.64,0.0029769998945994303,11
gen_devops_ci_003,sliding_window_10,devops/ci,synthetic,semi,errors,0,11,0,0.0,1.0,0.0,124,327,2.64,0.0029769998945994303,11
gen_devops_ci_003,naive_truncation,devops/ci,synthetic,semi,completed_tasks,5,27,5,0.1852,1.0,0.3125,310,327,1.05,0.012374000107229222,27
gen_devops_ci_003,naive_truncation,devops/ci,synthetic,semi,pending_tasks,2,27,2,0.0741,1.0,0.1379,310,327,1.05,0.012374000107229222,27
gen_devops_ci_003,naive_truncation,devops/ci,synthetic,semi,decisions,6,27,6,0.2222,1.0,0.3636,310,327,1.05,0.012374000107229222,27
gen_devops_ci_003,naive_truncation,devops/ci,synthetic,semi,files,3,27,3,0.1111,1.0,0.2,310,327,1.05,0.012374000107229222,27
gen_devops_ci_003,naive_truncation,devops/ci,synthetic,semi,errors,0,27,0,0.0,1.0,0.0,310,327,1.05,0.012374000107229222,27
gen_devops_ci_003,naive_summary,devops/ci,synthetic,semi,completed_tasks,5,17,0,0.0,0.0,0.0,182,327,1.8,0.02833500002452638,17
gen_devops_ci_003,naive_summary,devops/ci,synthetic,semi,pending_tasks,2,17,1,0.0588,0.5,0.1053,182,327,1.8,0.02833500002452638,17
gen_devops_ci_003,naive_summary,devops/ci,synthetic,semi,decisions,6,17,5,0.2941,0.8333,0.4348,182,327,1.8,0.02833500002452638,17
gen_devops_ci_003,naive_summary,devops/ci,synthetic,semi,files,3,17,2,0.1176,0.6667,0.2,182,327,1.8,0.02833500002452638,17
gen_devops_ci_003,naive_summary,devops/ci,synthetic,semi,errors,0,17,0,0.0,1.0,0.0,182,327,1.8,0.02833500002452638,17
gen_devops_ci_004,tokenmizer_v0.5.2,devops/ci,synthetic,semi,completed_tasks,3,3,3,1.0,1.0,1.0,125,268,2.14,220.88632500026506,13
gen_devops_ci_004,tokenmizer_v0.5.2,devops/ci,synthetic,semi,pending_tasks,2,2,2,1.0,1.0,1.0,125,268,2.14,220.88632500026506,13
gen_devops_ci_004,tokenmizer_v0.5.2,devops/ci,synthetic,semi,decisions,4,4,4,1.0,1.0,1.0,125,268,2.14,220.88632500026506,13
gen_devops_ci_004,tokenmizer_v0.5.2,devops/ci,synthetic,semi,files,3,3,3,1.0,1.0,1.0,125,268,2.14,220.88632500026506,13
gen_devops_ci_004,tokenmizer_v0.5.2,devops/ci,synthetic,semi,errors,2,1,1,1.0,0.5,0.6667,125,268,2.14,220.88632500026506,13
gen_devops_ci_004,graphiti_style,devops/ci,synthetic,semi,completed_tasks,3,2,2,1.0,0.6667,0.8,91,268,2.95,0.7964609999362438,10
gen_devops_ci_004,graphiti_style,devops/ci,synthetic,semi,pending_tasks,2,2,0,0.0,0.0,0.0,91,268,2.95,0.7964609999362438,10
gen_devops_ci_004,graphiti_style,devops/ci,synthetic,semi,decisions,4,3,2,0.6667,0.5,0.5714,91,268,2.95,0.7964609999362438,10
gen_devops_ci_004,graphiti_style,devops/ci,synthetic,semi,files,3,1,1,1.0,0.3333,0.5,91,268,2.95,0.7964609999362438,10
gen_devops_ci_004,graphiti_style,devops/ci,synthetic,semi,errors,2,2,2,1.0,1.0,1.0,91,268,2.95,0.7964609999362438,10
gen_devops_ci_004,graphrag_style,devops/ci,synthetic,semi,completed_tasks,3,0,0,1.0,0.0,0.0,48,268,5.58,0.44643599994742544,7
gen_devops_ci_004,graphrag_style,devops/ci,synthetic,semi,pending_tasks,2,1,0,0.0,0.0,0.0,48,268,5.58,0.44643599994742544,7
gen_devops_ci_004,graphrag_style,devops/ci,synthetic,semi,decisions,4,3,2,0.6667,0.5,0.5714,48,268,5.58,0.44643599994742544,7
gen_devops_ci_004,graphrag_style,devops/ci,synthetic,semi,files,3,1,1,1.0,0.3333,0.5,48,268,5.58,0.44643599994742544,7
gen_devops_ci_004,graphrag_style,devops/ci,synthetic,semi,errors,2,2,0,0.0,0.0,0.0,48,268,5.58,0.44643599994742544,7
gen_devops_ci_004,mem0_style,devops/ci,synthetic,semi,completed_tasks,3,2,2,1.0,0.6667,0.8,87,268,3.08,0.7203680002021429,9
gen_devops_ci_004,mem0_style,devops/ci,synthetic,semi,pending_tasks,2,1,0,0.0,0.0,0.0,87,268,3.08,0.7203680002021429,9
gen_devops_ci_004,mem0_style,devops/ci,synthetic,semi,decisions,4,3,2,0.6667,0.5,0.5714,87,268,3.08,0.7203680002021429,9
gen_devops_ci_004,mem0_style,devops/ci,synthetic,semi,files,3,1,1,1.0,0.3333,0.5,87,268,3.08,0.7203680002021429,9
gen_devops_ci_004,mem0_style,devops/ci,synthetic,semi,errors,2,2,2,1.0,1.0,1.0,87,268,3.08,0.7203680002021429,9
gen_devops_ci_004,memgpt_style,devops/ci,synthetic,semi,completed_tasks,3,1,1,1.0,0.3333,0.5,47,268,5.7,0.24431799965896062,4
gen_devops_ci_004,memgpt_style,devops/ci,synthetic,semi,pending_tasks,2,0,0,1.0,0.0,0.0,47,268,5.7,0.24431799965896062,4
gen_devops_ci_004,memgpt_style,devops/ci,synthetic,semi,decisions,4,1,1,1.0,0.25,0.4,47,268,5.7,0.24431799965896062,4
gen_devops_ci_004,memgpt_style,devops/ci,synthetic,semi,files,3,1,1,1.0,0.3333,0.5,47,268,5.7,0.24431799965896062,4
gen_devops_ci_004,memgpt_style,devops/ci,synthetic,semi,errors,2,1,1,1.0,0.5,0.6667,47,268,5.7,0.24431799965896062,4
gen_devops_ci_004,sliding_window_10,devops/ci,synthetic,semi,completed_tasks,3,11,1,0.0909,0.3333,0.1429,111,268,2.41,0.0026650000108929817,11
gen_devops_ci_004,sliding_window_10,devops/ci,synthetic,semi,pending_tasks,2,11,0,0.0,0.0,0.0,111,268,2.41,0.0026650000108929817,11
gen_devops_ci_004,sliding_window_10,devops/ci,synthetic,semi,decisions,4,11,2,0.1818,0.5,0.2667,111,268,2.41,0.0026650000108929817,11
gen_devops_ci_004,sliding_window_10,devops/ci,synthetic,semi,files,3,11,2,0.1818,0.6667,0.2857,111,268,2.41,0.0026650000108929817,11
gen_devops_ci_004,sliding_window_10,devops/ci,synthetic,semi,errors,2,11,1,0.0909,0.5,0.1538,111,268,2.41,0.0026650000108929817,11
gen_devops_ci_004,naive_truncation,devops/ci,synthetic,semi,completed_tasks,3,27,3,0.1111,1.0,0.2,283,268,0.95,0.011798999821621692,27
gen_devops_ci_004,naive_truncation,devops/ci,synthetic,semi,pending_tasks,2,27,2,0.0741,1.0,0.1379,283,268,0.95,0.011798999821621692,27
gen_devops_ci_004,naive_truncation,devops/ci,synthetic,semi,decisions,4,27,4,0.1481,1.0,0.2581,283,268,0.95,0.011798999821621692,27
gen_devops_ci_004,naive_truncation,devops/ci,synthetic,semi,files,3,27,3,0.1111,1.0,0.2,283,268,0.95,0.011798999821621692,27
gen_devops_ci_004,naive_truncation,devops/ci,synthetic,semi,errors,2,27,2,0.0741,1.0,0.1379,283,268,0.95,0.011798999821621692,27
gen_devops_ci_004,naive_summary,devops/ci,synthetic,semi,completed_tasks,3,17,2,0.1176,0.6667,0.2,176,268,1.52,0.032420000025012996,17
gen_devops_ci_004,naive_summary,devops/ci,synthetic,semi,pending_tasks,2,17,2,0.1176,1.0,0.2105,176,268,1.52,0.032420000025012996,17
gen_devops_ci_004,naive_summary,devops/ci,synthetic,semi,decisions,4,17,2,0.1176,0.5,0.1905,176,268,1.52,0.032420000025012996,17
gen_devops_ci_004,naive_summary,devops/ci,synthetic,semi,files,3,17,1,0.0588,0.3333,0.1,176,268,1.52,0.032420000025012996,17
gen_devops_ci_004,naive_summary,devops/ci,synthetic,semi,errors,2,17,1,0.0588,0.5,0.1053,176,268,1.52,0.032420000025012996,17
gen_devops_ci_005,tokenmizer_v0.5.2,devops/ci,synthetic,semi,completed_tasks,7,7,7,1.0,1.0,1.0,179,362,2.02,224.25850899981015,18
gen_devops_ci_005,tokenmizer_v0.5.2,devops/ci,synthetic,semi,pending_tasks,3,3,3,1.0,1.0,1.0,179,362,2.02,224.25850899981015,18
gen_devops_ci_005,tokenmizer_v0.5.2,devops/ci,synthetic,semi,decisions,2,2,2,1.0,1.0,1.0,179,362,2.02,224.25850899981015,18
gen_devops_ci_005,tokenmizer_v0.5.2,devops/ci,synthetic,semi,files,3,3,3,1.0,1.0,1.0,179,362,2.02,224.25850899981015,18
gen_devops_ci_005,tokenmizer_v0.5.2,devops/ci,synthetic,semi,errors,3,3,3,1.0,1.0,1.0,179,362,2.02,224.25850899981015,18
gen_devops_ci_005,graphiti_style,devops/ci,synthetic,semi,completed_tasks,7,5,5,1.0,0.7143,0.8333,163,362,2.22,0.9754399998200824,16
gen_devops_ci_005,graphiti_style,devops/ci,synthetic,semi,pending_tasks,3,4,1,0.25,0.3333,0.2857,163,362,2.22,0.9754399998200824,16
gen_devops_ci_005,graphiti_style,devops/ci,synthetic,semi,decisions,2,3,2,0.6667,1.0,0.8,163,362,2.22,0.9754399998200824,16
gen_devops_ci_005,graphiti_style,devops/ci,synthetic,semi,files,3,1,1,1.0,0.3333,0.5,163,362,2.22,0.9754399998200824,16
gen_devops_ci_005,graphiti_style,devops/ci,synthetic,semi,errors,3,3,3,1.0,1.0,1.0,163,362,2.22,0.9754399998200824,16
gen_devops_ci_005,graphrag_style,devops/ci,synthetic,semi,completed_tasks,7,0,0,1.0,0.0,0.0,64,362,5.66,0.48636600013196585,8
gen_devops_ci_005,graphrag_style,devops/ci,synthetic,semi,pending_tasks,3,2,0,0.0,0.0,0.0,64,362,5.66,0.48636600013196585,8
gen_devops_ci_005,graphrag_style,devops/ci,synthetic,semi,decisions,2,2,2,1.0,1.0,1.0,64,362,5.66,0.48636600013196585,8
gen_devops_ci_005,graphrag_style,devops/ci,synthetic,semi,files,3,1,1,1.0,0.3333,0.5,64,362,5.66,0.48636600013196585,8
gen_devops_ci_005,graphrag_style,devops/ci,synthetic,semi,errors,3,3,2,0.6667,0.6667,0.6667,64,362,5.66,0.48636600013196585,8
gen_devops_ci_005,mem0_style,devops/ci,synthetic,semi,completed_tasks,7,5,5,1.0,0.7143,0.8333,159,362,2.28,0.8986670000012964,15
gen_devops_ci_005,mem0_style,devops/ci,synthetic,semi,pending_tasks,3,3,1,0.3333,0.3333,0.3333,159,362,2.28,0.8986670000012964,15
gen_devops_ci_005,mem0_style,devops/ci,synthetic,semi,decisions,2,3,2,0.6667,1.0,0.8,159,362,2.28,0.8986670000012964,15
gen_devops_ci_005,mem0_style,devops/ci,synthetic,semi,files,3,1,1,1.0,0.3333,0.5,159,362,2.28,0.8986670000012964,15
gen_devops_ci_005,mem0_style,devops/ci,synthetic,semi,errors,3,3,3,1.0,1.0,1.0,159,362,2.28,0.8986670000012964,15
gen_devops_ci_005,memgpt_style,devops/ci,synthetic,semi,completed_tasks,7,3,3,1.0,0.4286,0.6,71,362,5.1,0.28886300015074085,5
gen_devops_ci_005,memgpt_style,devops/ci,synthetic,semi,pending_tasks,3,1,1,1.0,0.3333,0.5,71,362,5.1,0.28886300015074085,5
gen_devops_ci_005,memgpt_style,devops/ci,synthetic,semi,decisions,2,0,0,1.0,0.0,0.0,71,362,5.1,0.28886300015074085,5
gen_devops_ci_005,memgpt_style,devops/ci,synthetic,semi,files,3,0,0,1.0,0.0,0.0,71,362,5.1,0.28886300015074085,5
gen_devops_ci_005,memgpt_style,devops/ci,synthetic,semi,errors,3,1,1,1.0,0.3333,0.5,71,362,5.1,0.28886300015074085,5
gen_devops_ci_005,sliding_window_10,devops/ci,synthetic,semi,completed_tasks,7,10,3,0.3,0.4286,0.3529,98,362,3.69,0.0034709996725723613,10
gen_devops_ci_005,sliding_window_10,devops/ci,synthetic,semi,pending_tasks,3,10,0,0.0,0.0,0.0,98,362,3.69,0.0034709996725723613,10
gen_devops_ci_005,sliding_window_10,devops/ci,synthetic,semi,decisions,2,10,0,0.0,0.0,0.0,98,362,3.69,0.0034709996725723613,10
gen_devops_ci_005,sliding_window_10,devops/ci,synthetic,semi,files,3,10,1,0.1,0.3333,0.1538,98,362,3.69,0.0034709996725723613,10
gen_devops_ci_005,sliding_window_10,devops/ci,synthetic,semi,errors,3,10,1,0.1,0.3333,0.1538,98,362,3.69,0.0034709996725723613,10
gen_devops_ci_005,naive_truncation,devops/ci,synthetic,semi,completed_tasks,7,29,7,0.2414,1.0,0.3889,310,362,1.17,0.01341500001217355,29
gen_devops_ci_005,naive_truncation,devops/ci,synthetic,semi,pending_tasks,3,29,3,0.1034,1.0,0.1875,310,362,1.17,0.01341500001217355,29
gen_devops_ci_005,naive_truncation,devops/ci,synthetic,semi,decisions,2,29,1,0.0345,0.5,0.0645,310,362,1.17,0.01341500001217355,29
gen_devops_ci_005,naive_truncation,devops/ci,synthetic,semi,files,3,29,3,0.1034,1.0,0.1875,310,362,1.17,0.01341500001217355,29
gen_devops_ci_005,naive_truncation,devops/ci,synthetic,semi,errors,3,29,2,0.069,0.6667,0.125,310,362,1.17,0.01341500001217355,29
gen_devops_ci_005,naive_summary,devops/ci,synthetic,semi,completed_tasks,7,15,1,0.0667,0.1429,0.0909,172,362,2.1,0.045973999931447906,15
gen_devops_ci_005,naive_summary,devops/ci,synthetic,semi,pending_tasks,3,15,1,0.0667,0.3333,0.1111,172,362,2.1,0.045973999931447906,15
gen_devops_ci_005,naive_summary,devops/ci,synthetic,semi,decisions,2,15,2,0.1333,1.0,0.2353,172,362,2.1,0.045973999931447906,15
gen_devops_ci_005,naive_summary,devops/ci,synthetic,semi,files,3,15,0,0.0,0.0,0.0,172,362,2.1,0.045973999931447906,15
gen_devops_ci_005,naive_summary,devops/ci,synthetic,semi,errors,3,15,2,0.1333,0.6667,0.2222,172,362,2.1,0.045973999931447906,15
gen_devops_kubernetes_001,tokenmizer_v0.5.2,devops/kubernetes,synthetic,implicit,completed_tasks,7,5,5,1.0,0.7143,0.8333,132,514,3.89,236.8569089999255,12
gen_devops_kubernetes_001,tokenmizer_v0.5.2,devops/kubernetes,synthetic,implicit,pending_tasks,4,2,2,1.0,0.5,0.6667,132,514,3.89,236.8569089999255,12
gen_devops_kubernetes_001,tokenmizer_v0.5.2,devops/kubernetes,synthetic,implicit,decisions,2,2,2,1.0,1.0,1.0,132,514,3.89,236.8569089999255,12
gen_devops_kubernetes_001,tokenmizer_v0.5.2,devops/kubernetes,synthetic,implicit,files,2,2,2,1.0,1.0,1.0,132,514,3.89,236.8569089999255,12
gen_devops_kubernetes_001,tokenmizer_v0.5.2,devops/kubernetes,synthetic,implicit,errors,2,1,1,1.0,0.5,0.6667,132,514,3.89,236.8569089999255,12
gen_devops_kubernetes_001,graphiti_style,devops/kubernetes,synthetic,implicit,completed_tasks,7,0,0,1.0,0.0,0.0,20,514,25.7,1.3059389998488768,3
gen_devops_kubernetes_001,graphiti_style,devops/kubernetes,synthetic,implicit,pending_tasks,4,1,0,0.0,0.0,0.0,20,514,25.7,1.3059389998488768,3
gen_devops_kubernetes_001,graphiti_style,devops/kubernetes,synthetic,implicit,decisions,2,0,0,1.0,0.0,0.0,20,514,25.7,1.3059389998488768,3
gen_devops_kubernetes_001,graphiti_style,devops/kubernetes,synthetic,implicit,files,2,2,2,1.0,1.0,1.0,20,514,25.7,1.3059389998488768,3
gen_devops_kubernetes_001,graphiti_style,devops/kubernetes,synthetic,implicit,errors,2,0,0,1.0,0.0,0.0,20,514,25.7,1.3059389998488768,3
gen_devops_kubernetes_001,graphrag_style,devops/kubernetes,synthetic,implicit,completed_tasks,7,0,0,1.0,0.0,0.0,47,514,10.94,0.6451240001297265,5
gen_devops_kubernetes_001,graphrag_style,devops/kubernetes,synthetic,implicit,pending_tasks,4,1,0,0.0,0.0,0.0,47,514,10.94,0.6451240001297265,5
gen_devops_kubernetes_001,graphrag_style,devops/kubernetes,synthetic,implicit,decisions,2,0,0,1.0,0.0,0.0,47,514,10.94,0.6451240001297265,5
gen_devops_kubernetes_001,graphrag_style,devops/kubernetes,synthetic,implicit,files,2,2,2,1.0,1.0,1.0,47,514,10.94,0.6451240001297265,5
gen_devops_kubernetes_001,graphrag_style,devops/kubernetes,synthetic,implicit,errors,2,2,0,0.0,0.0,0.0,47,514,10.94,0.6451240001297265,5
gen_devops_kubernetes_001,mem0_style,devops/kubernetes,synthetic,implicit,completed_tasks,7,0,0,1.0,0.0,0.0,19,514,27.05,1.2585180002133711,3
gen_devops_kubernetes_001,mem0_style,devops/kubernetes,synthetic,implicit,pending_tasks,4,1,0,0.0,0.0,0.0,19,514,27.05,1.2585180002133711,3
gen_devops_kubernetes_001,mem0_style,devops/kubernetes,synthetic,implicit,decisions,2,0,0,1.0,0.0,0.0,19,514,27.05,1.2585180002133711,3
gen_devops_kubernetes_001,mem0_style,devops/kubernetes,synthetic,implicit,files,2,2,2,1.0,1.0,1.0,19,514,27.05,1.2585180002133711,3
gen_devops_kubernetes_001,mem0_style,devops/kubernetes,synthetic,implicit,errors,2,0,0,1.0,0.0,0.0,19,514,27.05,1.2585180002133711,3
gen_devops_kubernetes_001,memgpt_style,devops/kubernetes,synthetic,implicit,completed_tasks,7,0,0,1.0,0.0,0.0,14,514,36.71,0.4845150001528964,2
gen_devops_kubernetes_001,memgpt_style,devops/kubernetes,synthetic,implicit,pending_tasks,4,1,0,0.0,0.0,0.0,14,514,36.71,0.4845150001528964,2
gen_devops_kubernetes_001,memgpt_style,devops/kubernetes,synthetic,implicit,decisions,2,0,0,1.0,0.0,0.0,14,514,36.71,0.4845150001528964,2
gen_devops_kubernetes_001,memgpt_style,devops/kubernetes,synthetic,implicit,files,2,1,1,1.0,0.5,0.6667,14,514,36.71,0.4845150001528964,2
gen_devops_kubernetes_001,memgpt_style,devops/kubernetes,synthetic,implicit,errors,2,0,0,1.0,0.0,0.0,14,514,36.71,0.4845150001528964,2
gen_devops_kubernetes_001,sliding_window_10,devops/kubernetes,synthetic,implicit,completed_tasks,7,12,2,0.1667,0.2857,0.2105,199,514,2.58,0.0059809999584103934,12
gen_devops_kubernetes_001,sliding_window_10,devops/kubernetes,synthetic,implicit,pending_tasks,4,12,3,0.25,0.75,0.375,199,514,2.58,0.0059809999584103934,12
gen_devops_kubernetes_001,sliding_window_10,devops/kubernetes,synthetic,implicit,decisions,2,12,0,0.0,0.0,0.0,199,514,2.58,0.0059809999584103934,12
gen_devops_kubernetes_001,sliding_window_10,devops/kubernetes,synthetic,implicit,files,2,12,1,0.0833,0.5,0.1429,199,514,2.58,0.0059809999584103934,12
gen_devops_kubernetes_001,sliding_window_10,devops/kubernetes,synthetic,implicit,errors,2,12,1,0.0833,0.5,0.1429,199,514,2.58,0.0059809999584103934,12
gen_devops_kubernetes_001,naive_truncation,devops/kubernetes,synthetic,implicit,completed_tasks,7,17,2,0.1176,0.2857,0.1667,285,514,1.8,0.011345000075380085,17
gen_devops_kubernetes_001,naive_truncation,devops/kubernetes,synthetic,implicit,pending_tasks,4,17,4,0.2353,1.0,0.381,285,514,1.8,0.011345000075380085,17
gen_devops_kubernetes_001,naive_truncation,devops/kubernetes,synthetic,implicit,decisions,2,17,1,0.0588,0.5,0.1053,285,514,1.8,0.011345000075380085,17
gen_devops_kubernetes_001,naive_truncation,devops/kubernetes,synthetic,implicit,files,2,17,2,0.1176,1.0,0.2105,285,514,1.8,0.011345000075380085,17
gen_devops_kubernetes_001,naive_truncation,devops/kubernetes,synthetic,implicit,errors,2,17,1,0.0588,0.5,0.1053,285,514,1.8,0.011345000075380085,17
gen_devops_kubernetes_001,naive_summary,devops/kubernetes,synthetic,implicit,completed_tasks,7,11,3,0.2727,0.4286,0.3333,178,514,2.89,0.06718199983879458,11
gen_devops_kubernetes_001,naive_summary,devops/kubernetes,synthetic,implicit,pending_tasks,4,11,0,0.0,0.0,0.0,178,514,2.89,0.06718199983879458,11
gen_devops_kubernetes_001,naive_summary,devops/kubernetes,synthetic,implicit,decisions,2,11,0,0.0,0.0,0.0,178,514,2.89,0.06718199983879458,11
gen_devops_kubernetes_001,naive_summary,devops/kubernetes,synthetic,implicit,files,2,11,0,0.0,0.0,0.0,178,514,2.89,0.06718199983879458,11
gen_devops_kubernetes_001,naive_summary,devops/kubernetes,synthetic,implicit,errors,2,11,1,0.0909,0.5,0.1538,178,514,2.89,0.06718199983879458,11
gen_devops_kubernetes_002,tokenmizer_v0.5.2,devops/kubernetes,synthetic,implicit,completed_tasks,6,4,4,1.0,0.6667,0.8,150,435,2.9,250.67847899981643,15
gen_devops_kubernetes_002,tokenmizer_v0.5.2,devops/kubernetes,synthetic,implicit,pending_tasks,1,1,1,1.0,1.0,1.0,150,435,2.9,250.67847899981643,15
gen_devops_kubernetes_002,tokenmizer_v0.5.2,devops/kubernetes,synthetic,implicit,decisions,3,4,3,0.75,1.0,0.8571,150,435,2.9,250.67847899981643,15
gen_devops_kubernetes_002,tokenmizer_v0.5.2,devops/kubernetes,synthetic,implicit,files,3,3,3,1.0,1.0,1.0,150,435,2.9,250.67847899981643,15
gen_devops_kubernetes_002,tokenmizer_v0.5.2,devops/kubernetes,synthetic,implicit,errors,3,3,3,1.0,1.0,1.0,150,435,2.9,250.67847899981643,15
gen_devops_kubernetes_002,graphiti_style,devops/kubernetes,synthetic,implicit,completed_tasks,6,0,0,1.0,0.0,0.0,32,435,13.59,1.1416389997975784,6
gen_devops_kubernetes_002,graphiti_style,devops/kubernetes,synthetic,implicit,pending_tasks,1,2,0,0.0,0.0,0.0,32,435,13.59,1.1416389997975784,6
gen_devops_kubernetes_002,graphiti_style,devops/kubernetes,synthetic,implicit,decisions,3,1,0,0.0,0.0,0.0,32,435,13.59,1.1416389997975784,6
gen_devops_kubernetes_002,graphiti_style,devops/kubernetes,synthetic,implicit,files,3,3,3,1.0,1.0,1.0,32,435,13.59,1.1416389997975784,6
gen_devops_kubernetes_002,graphiti_style,devops/kubernetes,synthetic,implicit,errors,3,0,0,1.0,0.0,0.0,32,435,13.59,1.1416389997975784,6
gen_devops_kubernetes_002,graphrag_style,devops/kubernetes,synthetic,implicit,completed_tasks,6,0,0,1.0,0.0,0.0,41,435,10.61,2.061593999769684,6
gen_devops_kubernetes_002,graphrag_style,devops/kubernetes,synthetic,implicit,pending_tasks,1,2,0,0.0,0.0,0.0,41,435,10.61,2.061593999769684,6
gen_devops_kubernetes_002,graphrag_style,devops/kubernetes,synthetic,implicit,decisions,3,0,0,1.0,0.0,0.0,41,435,10.61,2.061593999769684,6
gen_devops_kubernetes_002,graphrag_style,devops/kubernetes,synthetic,implicit,files,3,3,3,1.0,1.0,1.0,41,435,10.61,2.061593999769684,6
gen_devops_kubernetes_002,graphrag_style,devops/kubernetes,synthetic,implicit,errors,3,1,0,0.0,0.0,0.0,41,435,10.61,2.061593999769684,6
gen_devops_kubernetes_002,mem0_style,devops/kubernetes,synthetic,implicit,completed_tasks,6,0,0,1.0,0.0,0.0,31,435,14.03,1.1298399999759567,6
gen_devops_kubernetes_002,mem0_style,devops/kubernetes,synthetic,implicit,pending_tasks,1,2,0,0.0,0.0,0.0,31,435,14.03,1.1298399999759567,6
gen_devops_kubernetes_002,mem0_style,devops/kubernetes,synthetic,implicit,decisions,3,1,0,0.0,0.0,0.0,31,435,14.03,1.1298399999759567,6
gen_devops_kubernetes_002,mem0_style,devops/kubernetes,synthetic,implicit,files,3,3,3,1.0,1.0,1.0,31,435,14.03,1.1298399999759567,6
gen_devops_kubernetes_002,mem0_style,devops/kubernetes,synthetic,implicit,errors,3,0,0,1.0,0.0,0.0,31,435,14.03,1.1298399999759567,6
gen_devops_kubernetes_002,memgpt_style,devops/kubernetes,synthetic,implicit,completed_tasks,6,0,0,1.0,0.0,0.0,19,435,22.89,0.444356000116386,3
gen_devops_kubernetes_002,memgpt_style,devops/kubernetes,synthetic,implicit,pending_tasks,1,1,0,0.0,0.0,0.0,19,435,22.89,0.444356000116386,3
gen_devops_kubernetes_002,memgpt_style,devops/kubernetes,synthetic,implicit,decisions,3,1,0,0.0,0.0,0.0,19,435,22.89,0.444356000116386,3
gen_devops_kubernetes_002,memgpt_style,devops/kubernetes,synthetic,implicit,files,3,1,1,1.0,0.3333,0.5,19,435,22.89,0.444356000116386,3
gen_devops_kubernetes_002,memgpt_style,devops/kubernetes,synthetic,implicit,errors,3,0,0,1.0,0.0,0.0,19,435,22.89,0.444356000116386,3
gen_devops_kubernetes_002,sliding_window_10,devops/kubernetes,synthetic,implicit,completed_tasks,6,12,2,0.1667,0.3333,0.2222,192,435,2.27,0.0029269999686221126,12
gen_devops_kubernetes_002,sliding_window_10,devops/kubernetes,synthetic,implicit,pending_tasks,1,12,0,0.0,0.0,0.0,192,435,2.27,0.0029269999686221126,12
gen_devops_kubernetes_002,sliding_window_10,devops/kubernetes,synthetic,implicit,decisions,3,12,3,0.25,1.0,0.4,192,435,2.27,0.0029269999686221126,12
gen_devops_kubernetes_002,sliding_window_10,devops/kubernetes,synthetic,implicit,files,3,12,1,0.0833,0.3333,0.1333,192,435,2.27,0.0029269999686221126,12
gen_devops_kubernetes_002,sliding_window_10,devops/kubernetes,synthetic,implicit,errors,3,12,1,0.0833,0.3333,0.1333,192,435,2.27,0.0029269999686221126,12
gen_devops_kubernetes_002,naive_truncation,devops/kubernetes,synthetic,implicit,completed_tasks,6,19,5,0.2632,0.8333,0.4,304,435,1.43,0.012705000244750408,19
gen_devops_kubernetes_002,naive_truncation,devops/kubernetes,synthetic,implicit,pending_tasks,1,19,0,0.0,0.0,0.0,304,435,1.43,0.012705000244750408,19
gen_devops_kubernetes_002,naive_truncation,devops/kubernetes,synthetic,implicit,decisions,3,19,3,0.1579,1.0,0.2727,304,435,1.43,0.012705000244750408,19
gen_devops_kubernetes_002,naive_truncation,devops/kubernetes,synthetic,implicit,files,3,19,1,0.0526,0.3333,0.0909,304,435,1.43,0.012705000244750408,19
gen_devops_kubernetes_002,naive_truncation,devops/kubernetes,synthetic,implicit,errors,3,19,2,0.1053,0.6667,0.1818,304,435,1.43,0.012705000244750408,19
gen_devops_kubernetes_002,naive_summary,devops/kubernetes,synthetic,implicit,completed_tasks,6,13,2,0.1538,0.3333,0.2105,178,435,2.44,0.04456699980437406,13
gen_devops_kubernetes_002,naive_summary,devops/kubernetes,synthetic,implicit,pending_tasks,1,13,1,0.0769,1.0,0.1429,178,435,2.44,0.04456699980437406,13
gen_devops_kubernetes_002,naive_summary,devops/kubernetes,synthetic,implicit,decisions,3,13,0,0.0,0.0,0.0,178,435,2.44,0.04456699980437406,13
gen_devops_kubernetes_002,naive_summary,devops/kubernetes,synthetic,implicit,files,3,13,2,0.1538,0.6667,0.25,178,435,2.44,0.04456699980437406,13
gen_devops_kubernetes_002,naive_summary,devops/kubernetes,synthetic,implicit,errors,3,13,1,0.0769,0.3333,0.125,178,435,2.44,0.04456699980437406,13
gen_devops_kubernetes_003,tokenmizer_v0.5.2,devops/kubernetes,synthetic,implicit,completed_tasks,3,1,1,1.0,0.3333,0.5,79,312,3.95,217.94239200016818,8
gen_devops_kubernetes_003,tokenmizer_v0.5.2,devops/kubernetes,synthetic,implicit,pending_tasks,1,1,1,1.0,1.0,1.0,79,312,3.95,217.94239200016818,8
gen_devops_kubernetes_003,tokenmizer_v0.5.2,devops/kubernetes,synthetic,implicit,decisions,4,4,4,1.0,1.0,1.0,79,312,3.95,217.94239200016818,8
gen_devops_kubernetes_003,tokenmizer_v0.5.2,devops/kubernetes,synthetic,implicit,files,2,2,2,1.0,1.0,1.0,79,312,3.95,217.94239200016818,8
gen_devops_kubernetes_003,tokenmizer_v0.5.2,devops/kubernetes,synthetic,implicit,errors,1,0,0,1.0,0.0,0.0,79,312,3.95,217.94239200016818,8
gen_devops_kubernetes_003,graphiti_style,devops/kubernetes,synthetic,implicit,completed_tasks,3,0,0,1.0,0.0,0.0,24,312,13.0,0.7668210000701947,3
gen_devops_kubernetes_003,graphiti_style,devops/kubernetes,synthetic,implicit,pending_tasks,1,0,0,1.0,0.0,0.0,24,312,13.0,0.7668210000701947,3
gen_devops_kubernetes_003,graphiti_style,devops/kubernetes,synthetic,implicit,decisions,4,1,0,0.0,0.0,0.0,24,312,13.0,0.7668210000701947,3
gen_devops_kubernetes_003,graphiti_style,devops/kubernetes,synthetic,implicit,files,2,2,2,1.0,1.0,1.0,24,312,13.0,0.7668210000701947,3
gen_devops_kubernetes_003,graphiti_style,devops/kubernetes,synthetic,implicit,errors,1,0,0,1.0,0.0,0.0,24,312,13.0,0.7668210000701947,3
gen_devops_kubernetes_003,graphrag_style,devops/kubernetes,synthetic,implicit,completed_tasks,3,0,0,1.0,0.0,0.0,38,312,8.21,0.39072699973985436,4
gen_devops_kubernetes_003,graphrag_style,devops/kubernetes,synthetic,implicit,pending_tasks,1,0,0,1.0,0.0,0.0,38,312,8.21,0.39072699973985436,4
gen_devops_kubernetes_003,graphrag_style,devops/kubernetes,synthetic,implicit,decisions,4,1,0,0.0,0.0,0.0,38,312,8.21,0.39072699973985436,4
gen_devops_kubernetes_003,graphrag_style,devops/kubernetes,synthetic,implicit,files,2,2,2,1.0,1.0,1.0,38,312,8.21,0.39072699973985436,4
gen_devops_kubernetes_003,graphrag_style,devops/kubernetes,synthetic,implicit,errors,1,1,0,0.0,0.0,0.0,38,312,8.21,0.39072699973985436,4
gen_devops_kubernetes_003,mem0_style,devops/kubernetes,synthetic,implicit,completed_tasks,3,0,0,1.0,0.0,0.0,23,312,13.57,0.7760539997434535,3
gen_devops_kubernetes_003,mem0_style,devops/kubernetes,synthetic,implicit,pending_tasks,1,0,0,1.0,0.0,0.0,23,312,13.57,0.7760539997434535,3
gen_devops_kubernetes_003,mem0_style,devops/kubernetes,synthetic,implicit,decisions,4,1,0,0.0,0.0,0.0,23,312,13.57,0.7760539997434535,3
gen_devops_kubernetes_003,mem0_style,devops/kubernetes,synthetic,implicit,files,2,2,2,1.0,1.0,1.0,23,312,13.57,0.7760539997434535,3
gen_devops_kubernetes_003,mem0_style,devops/kubernetes,synthetic,implicit,errors,1,0,0,1.0,0.0,0.0,23,312,13.57,0.7760539997434535,3
gen_devops_kubernetes_003,memgpt_style,devops/kubernetes,synthetic,implicit,completed_tasks,3,0,0,1.0,0.0,0.0,7,312,44.57,0.2614920003907173,1
gen_devops_kubernetes_003,memgpt_style,devops/kubernetes,synthetic,implicit,pending_tasks,1,0,0,1.0,0.0,0.0,7,312,44.57,0.2614920003907173,1
gen_devops_kubernetes_003,memgpt_style,devops/kubernetes,synthetic,implicit,decisions,4,1,0,0.0,0.0,0.0,7,312,44.57,0.2614920003907173,1
gen_devops_kubernetes_003,memgpt_style,devops/kubernetes,synthetic,implicit,files,2,0,0,1.0,0.0,0.0,7,312,44.57,0.2614920003907173,1
gen_devops_kubernetes_003,memgpt_style,devops/kubernetes,synthetic,implicit,errors,1,0,0,1.0,0.0,0.0,7,312,44.57,0.2614920003907173,1
gen_devops_kubernetes_003,sliding_window_10,devops/kubernetes,synthetic,implicit,completed_tasks,3,11,2,0.1818,0.6667,0.2857,167,312,1.87,0.003465000190772116,11
gen_devops_kubernetes_003,sliding_window_10,devops/kubernetes,synthetic,implicit,pending_tasks,1,11,0,0.0,0.0,0.0,167,312,1.87,0.003465000190772116,11
gen_devops_kubernetes_003,sliding_window_10,devops/kubernetes,synthetic,implicit,decisions,4,11,3,0.2727,0.75,0.4,167,312,1.87,0.003465000190772116,11
gen_devops_kubernetes_003,sliding_window_10,devops/kubernetes,synthetic,implicit,files,2,11,1,0.0909,0.5,0.1538,167,312,1.87,0.003465000190772116,11
gen_devops_kubernetes_003,sliding_window_10,devops/kubernetes,synthetic,implicit,errors,1,11,0,0.0,0.0,0.0,167,312,1.87,0.003465000190772116,11
gen_devops_kubernetes_003,naive_truncation,devops/kubernetes,synthetic,implicit,completed_tasks,3,19,3,0.1579,1.0,0.2727,301,312,1.04,0.023321000298892614,19
gen_devops_kubernetes_003,naive_truncation,devops/kubernetes,synthetic,implicit,pending_tasks,1,19,1,0.0526,1.0,0.1,301,312,1.04,0.023321000298892614,19
gen_devops_kubernetes_003,naive_truncation,devops/kubernetes,synthetic,implicit,decisions,4,19,4,0.2105,1.0,0.3478,301,312,1.04,0.023321000298892614,19
gen_devops_kubernetes_003,naive_truncation,devops/kubernetes,synthetic,implicit,files,2,19,2,0.1053,1.0,0.1905,301,312,1.04,0.023321000298892614,19
gen_devops_kubernetes_003,naive_truncation,devops/kubernetes,synthetic,implicit,errors,1,19,1,0.0526,1.0,0.1,301,312,1.04,0.023321000298892614,19
gen_devops_kubernetes_003,naive_summary,devops/kubernetes,synthetic,implicit,completed_tasks,3,12,2,0.1667,0.6667,0.2667,182,312,1.71,0.04020300002594013,12
gen_devops_kubernetes_003,naive_summary,devops/kubernetes,synthetic,implicit,pending_tasks,1,12,1,0.0833,1.0,0.1538,182,312,1.71,0.04020300002594013,12
gen_devops_kubernetes_003,naive_summary,devops/kubernetes,synthetic,implicit,decisions,4,12,1,0.0833,0.25,0.125,182,312,1.71,0.04020300002594013,12
gen_devops_kubernetes_003,naive_summary,devops/kubernetes,synthetic,implicit,files,2,12,2,0.0833,1.0,0.1538,182,312,1.71,0.04020300002594013,12
gen_devops_kubernetes_003,naive_summary,devops/kubernetes,synthetic,implicit,errors,1,12,1,0.0833,1.0,0.1538,182,312,1.71,0.04020300002594013,12
gen_devops_kubernetes_004,tokenmizer_v0.5.2,devops/kubernetes,synthetic,implicit,completed_tasks,7,3,3,1.0,0.4286,0.6,115,590,5.13,255.24655100025484,14
gen_devops_kubernetes_004,tokenmizer_v0.5.2,devops/kubernetes,synthetic,implicit,pending_tasks,4,3,3,1.0,0.75,0.8571,115,590,5.13,255.24655100025484,14
gen_devops_kubernetes_004,tokenmizer_v0.5.2,devops/kubernetes,synthetic,implicit,decisions,3,1,1,1.0,0.3333,0.5,115,590,5.13,255.24655100025484,14
gen_devops_kubernetes_004,tokenmizer_v0.5.2,devops/kubernetes,synthetic,implicit,files,6,6,6,1.0,1.0,1.0,115,590,5.13,255.24655100025484,14
gen_devops_kubernetes_004,tokenmizer_v0.5.2,devops/kubernetes,synthetic,implicit,errors,2,1,0,0.0,0.0,0.0,115,590,5.13,255.24655100025484,14
gen_devops_kubernetes_004,graphiti_style,devops/kubernetes,synthetic,implicit,completed_tasks,7,0,0,1.0,0.0,0.0,41,590,14.39,1.6120149998641864,8
gen_devops_kubernetes_004,graphiti_style,devops/kubernetes,synthetic,implicit,pending_tasks,4,2,0,0.0,0.0,0.0,41,590,14.39,1.6120149998641864,8
gen_devops_kubernetes_004,graphiti_style,devops/kubernetes,synthetic,implicit,decisions,3,1,0,0.0,0.0,0.0,41,590,14.39,1.6120149998641864,8
gen_devops_kubernetes_004,graphiti_style,devops/kubernetes,synthetic,implicit,files,6,5,5,1.0,0.8333,0.9091,41,590,14.39,1.6120149998641864,8
gen_devops_kubernetes_004,graphiti_style,devops/kubernetes,synthetic,implicit,errors,2,0,0,1.0,0.0,0.0,41,590,14.39,1.6120149998641864,8
gen_devops_kubernetes_004,graphrag_style,devops/kubernetes,synthetic,implicit,completed_tasks,7,0,0,1.0,0.0,0.0,55,590,10.73,0.8124010000756243,9
gen_devops_kubernetes_004,graphrag_style,devops/kubernetes,synthetic,implicit,pending_tasks,4,2,0,0.0,0.0,0.0,55,590,10.73,0.8124010000756243,9
gen_devops_kubernetes_004,graphrag_style,devops/kubernetes,synthetic,implicit,decisions,3,1,0,0.0,0.0,0.0,55,590,10.73,0.8124010000756243,9
gen_devops_kubernetes_004,graphrag_style,devops/kubernetes,synthetic,implicit,files,6,5,5,1.0,0.8333,0.9091,55,590,10.73,0.8124010000756243,9
gen_devops_kubernetes_004,graphrag_style,devops/kubernetes,synthetic,implicit,errors,2,1,0,0.0,0.0,0.0,55,590,10.73,0.8124010000756243,9
gen_devops_kubernetes_004,mem0_style,devops/kubernetes,synthetic,implicit,completed_tasks,7,0,0,1.0,0.0,0.0,40,590,14.75,1.6061699998317636,8
gen_devops_kubernetes_004,mem0_style,devops/kubernetes,synthetic,implicit,pending_tasks,4,2,0,0.0,0.0,0.0,40,590,14.75,1.6061699998317636,8
gen_devops_kubernetes_004,mem0_style,devops/kubernetes,synthetic,implicit,decisions,3,1,0,0.0,0.0,0.0,40,590,14.75,1.6061699998317636,8
gen_devops_kubernetes_004,mem0_style,devops/kubernetes,synthetic,implicit,files,6,5,5,1.0,0.8333,0.9091,40,590,14.75,1.6061699998317636,8
gen_devops_kubernetes_004,mem0_style,devops/kubernetes,synthetic,implicit,errors,2,0,0,1.0,0.0,0.0,40,590,14.75,1.6061699998317636,8
gen_devops_kubernetes_004,memgpt_style,devops/kubernetes,synthetic,implicit,completed_tasks,7,0,0,1.0,0.0,0.0,23,590,25.65,0.6593840003006335,4
gen_devops_kubernetes_004,memgpt_style,devops/kubernetes,synthetic,implicit,pending_tasks,4,0,0,1.0,0.0,0.0,23,590,25.65,0.6593840003006335,4
gen_devops_kubernetes_004,memgpt_style,devops/kubernetes,synthetic,implicit,decisions,3,0,0,1.0,0.0,0.0,23,590,25.65,0.6593840003006335,4
gen_devops_kubernetes_004,memgpt_style,devops/kubernetes,synthetic,implicit,files,6,4,4,1.0,0.6667,0.8,23,590,25.65,0.6593840003006335,4
gen_devops_kubernetes_004,memgpt_style,devops/kubernetes,synthetic,implicit,errors,2,0,0,1.0,0.0,0.0,23,590,25.65,0.6593840003006335,4
gen_devops_kubernetes_004,sliding_window_10,devops/kubernetes,synthetic,implicit,completed_tasks,7,13,1,0.0769,0.1429,0.1,207,590,2.85,0.0031559998205921147,13
gen_devops_kubernetes_004,sliding_window_10,devops/kubernetes,synthetic,implicit,pending_tasks,4,13,1,0.0769,0.25,0.1176,207,590,2.85,0.0031559998205921147,13
gen_devops_kubernetes_004,sliding_window_10,devops/kubernetes,synthetic,implicit,decisions,3,13,1,0.0769,0.3333,0.125,207,590,2.85,0.0031559998205921147,13
gen_devops_kubernetes_004,sliding_window_10,devops/kubernetes,synthetic,implicit,files,6,13,3,0.2308,0.5,0.3158,207,590,2.85,0.0031559998205921147,13
gen_devops_kubernetes_004,sliding_window_10,devops/kubernetes,synthetic,implicit,errors,2,13,2,0.1538,1.0,0.2667,207,590,2.85,0.0031559998205921147,13
gen_devops_kubernetes_004,naive_truncation,devops/kubernetes,synthetic,implicit,completed_tasks,7,19,2,0.1053,0.2857,0.1538,296,590,1.99,0.010243999895465095,19
gen_devops_kubernetes_004,naive_truncation,devops/kubernetes,synthetic,implicit,pending_tasks,4,19,2,0.1053,0.5,0.1739,296,590,1.99,0.010243999895465095,19
gen_devops_kubernetes_004,naive_truncation,devops/kubernetes,synthetic,implicit,decisions,3,19,1,0.0526,0.3333,0.0909,296,590,1.99,0.010243999895465095,19
gen_devops_kubernetes_004,naive_truncation,devops/kubernetes,synthetic,implicit,files,6,19,4,0.2105,0.6667,0.32,296,590,1.99,0.010243999895465095,19
gen_devops_kubernetes_004,naive_truncation,devops/kubernetes,synthetic,implicit,errors,2,19,2,0.1053,1.0,0.1905,296,590,1.99,0.010243999895465095,19
gen_devops_kubernetes_004,naive_summary,devops/kubernetes,synthetic,implicit,completed_tasks,7,13,2,0.1538,0.2857,0.2,182,590,3.24,0.06575299994437955,13
gen_devops_kubernetes_004,naive_summary,devops/kubernetes,synthetic,implicit,pending_tasks,4,13,2,0.1538,0.5,0.2353,182,590,3.24,0.06575299994437955,13
gen_devops_kubernetes_004,naive_summary,devops/kubernetes,synthetic,implicit,decisions,3,13,1,0.0769,0.3333,0.125,182,590,3.24,0.06575299994437955,13
gen_devops_kubernetes_004,naive_summary,devops/kubernetes,synthetic,implicit,files,6,13,1,0.0769,0.1667,0.1053,182,590,3.24,0.06575299994437955,13
gen_devops_kubernetes_004,naive_summary,devops/kubernetes,synthetic,implicit,errors,2,13,0,0.0,0.0,0.0,182,590,3.24,0.06575299994437955,13
gen_devops_kubernetes_005,tokenmizer_v0.5.2,devops/kubernetes,synthetic,implicit,completed_tasks,7,3,3,1.0,0.4286,0.6,123,480,3.9,271.534402999805,14
gen_devops_kubernetes_005,tokenmizer_v0.5.2,devops/kubernetes,synthetic,implicit,pending_tasks,1,0,0,1.0,0.0,0.0,123,480,3.9,271.534402999805,14
gen_devops_kubernetes_005,tokenmizer_v0.5.2,devops/kubernetes,synthetic,implicit,decisions,4,5,4,0.8,1.0,0.8889,123,480,3.9,271.534402999805,14
gen_devops_kubernetes_005,tokenmizer_v0.5.2,devops/kubernetes,synthetic,implicit,files,5,5,5,1.0,1.0,1.0,123,480,3.9,271.534402999805,14
gen_devops_kubernetes_005,tokenmizer_v0.5.2,devops/kubernetes,synthetic,implicit,errors,1,1,0,0.0,0.0,0.0,123,480,3.9,271.534402999805,14
gen_devops_kubernetes_005,graphiti_style,devops/kubernetes,synthetic,implicit,completed_tasks,7,0,0,1.0,0.0,0.0,42,480,11.43,1.2463030002436426,8
gen_devops_kubernetes_005,graphiti_style,devops/kubernetes,synthetic,implicit,pending_tasks,1,2,0,0.0,0.0,0.0,42,480,11.43,1.2463030002436426,8
gen_devops_kubernetes_005,graphiti_style,devops/kubernetes,synthetic,implicit,decisions,4,1,0,0.0,0.0,0.0,42,480,11.43,1.2463030002436426,8
gen_devops_kubernetes_005,graphiti_style,devops/kubernetes,synthetic,implicit,files,5,5,5,1.0,1.0,1.0,42,480,11.43,1.2463030002436426,8
gen_devops_kubernetes_005,graphiti_style,devops/kubernetes,synthetic,implicit,errors,1,0,0,1.0,0.0,0.0,42,480,11.43,1.2463030002436426,8
gen_devops_kubernetes_005,graphrag_style,devops/kubernetes,synthetic,implicit,completed_tasks,7,0,0,1.0,0.0,0.0,38,480,12.63,0.6933230001777702,7
gen_devops_kubernetes_005,graphrag_style,devops/kubernetes,synthetic,implicit,pending_tasks,1,2,0,0.0,0.0,0.0,38,480,12.63,0.6933230001777702,7
gen_devops_kubernetes_005,graphrag_style,devops/kubernetes,synthetic,implicit,decisions,4,0,0,1.0,0.0,0.0,38,480,12.63,0.6933230001777702,7
gen_devops_kubernetes_005,graphrag_style,devops/kubernetes,synthetic,implicit,files,5,5,5,1.0,1.0,1.0,38,480,12.63,0.6933230001777702,7
gen_devops_kubernetes_005,graphrag_style,devops/kubernetes,synthetic,implicit,errors,1,0,0,1.0,0.0,0.0,38,480,12.63,0.6933230001777702,7
gen_devops_kubernetes_005,mem0_style,devops/kubernetes,synthetic,implicit,completed_tasks,7,0,0,1.0,0.0,0.0,41,480,11.71,1.1754990000554244,8
gen_devops_kubernetes_005,mem0_style,devops/kubernetes,synthetic,implicit,pending_tasks,1,2,0,0.0,0.0,0.0,41,480,11.71,1.1754990000554244,8
gen_devops_kubernetes_005,mem0_style,devops/kubernetes,synthetic,implicit,decisions,4,1,0,0.0,0.0,0.0,41,480,11.71,1.1754990000554244,8
gen_devops_kubernetes_005,mem0_style,devops/kubernetes,synthetic,implicit,files,5,5,5,1.0,1.0,1.0,41,480,11.71,1.1754990000554244,8
gen_devops_kubernetes_005,mem0_style,devops/kubernetes,synthetic,implicit,errors,1,0,0,1.0,0.0,0.0,41,480,11.71,1.1754990000554244,8
gen_devops_kubernetes_005,memgpt_style,devops/kubernetes,synthetic,implicit,completed_tasks,7,0,0,1.0,0.0,0.0,24,480,20.0,0.49819500009107287,4
gen_devops_kubernetes_005,memgpt_style,devops/kubernetes,synthetic,implicit,pending_tasks,1,1,0,0.0,0.0,0.0,24,480,20.0,0.49819500009107287,4
gen_devops_kubernetes_005,memgpt_style,devops/kubernetes,synthetic,implicit,decisions,4,0,0,1.0,0.0,0.0,24,480,20.0,0.49819500009107287,4
gen_devops_kubernetes_005,memgpt_style,devops/kubernetes,synthetic,implicit,files,5,3,3,1.0,0.6,0.75,24,480,20.0,0.49819500009107287,4
gen_devops_kubernetes_005,memgpt_style,devops/kubernetes,synthetic,implicit,errors,1,0,0,1.0,0.0,0.0,24,480,20.0,0.49819500009107287,4
gen_devops_kubernetes_005,sliding_window_10,devops/kubernetes,synthetic,implicit,completed_tasks,7,12,3,0.25,0.4286,0.3158,179,480,2.68,0.0031820000003790483,12
gen_devops_kubernetes_005,sliding_window_10,devops/kubernetes,synthetic,implicit,pending_tasks,1,12,0,0.0,0.0,0.0,179,480,2.68,0.0031820000003790483,12
gen_devops_kubernetes_005,sliding_window_10,devops/kubernetes,synthetic,implicit,decisions,4,12,0,0.0,0.0,0.0,179,480,2.68,0.0031820000003790483,12
gen_devops_kubernetes_005,sliding_window_10,devops/kubernetes,synthetic,implicit,files,5,12,3,0.25,0.6,0.3529,179,480,2.68,0.0031820000003790483,12
gen_devops_kubernetes_005,sliding_window_10,devops/kubernetes,synthetic,implicit,errors,1,12,1,0.0833,1.0,0.1538,179,480,2.68,0.0031820000003790483,12
gen_devops_kubernetes_005,naive_truncation,devops/kubernetes,synthetic,implicit,completed_tasks,7,20,4,0.2,0.5714,0.2963,286,480,1.68,0.013755000054516131,20
gen_devops_kubernetes_005,naive_truncation,devops/kubernetes,synthetic,implicit,pending_tasks,1,20,0,0.0,0.0,0.0,286,480,1.68,0.013755000054516131,20
gen_devops_kubernetes_005,naive_truncation,devops/kubernetes,synthetic,implicit,decisions,4,20,1,0.05,0.25,0.0833,286,480,1.68,0.013755000054516131,20
gen_devops_kubernetes_005,naive_truncation,devops/kubernetes,synthetic,implicit,files,5,20,5,0.25,1.0,0.4,286,480,1.68,0.013755000054516131,20
gen_devops_kubernetes_005,naive_truncation,devops/kubernetes,synthetic,implicit,errors,1,20,1,0.05,1.0,0.0952,286,480,1.68,0.013755000054516131,20
gen_devops_kubernetes_005,naive_summary,devops/kubernetes,synthetic,implicit,completed_tasks,7,12,2,0.1667,0.2857,0.2105,176,480,2.73,0.05424499977380037,12
gen_devops_kubernetes_005,naive_summary,devops/kubernetes,synthetic,implicit,pending_tasks,1,12,1,0.0833,1.0,0.1538,176,480,2.73,0.05424499977380037,12
gen_devops_kubernetes_005,naive_summary,devops/kubernetes,synthetic,implicit,decisions,4,12,3,0.25,0.75,0.375,176,480,2.73,0.05424499977380037,12
gen_devops_kubernetes_005,naive_summary,devops/kubernetes,synthetic,implicit,files,5,12,0,0.0,0.0,0.0,176,480,2.73,0.05424499977380037,12
gen_devops_kubernetes_005,naive_summary,devops/kubernetes,synthetic,implicit,errors,1,12,0,0.0,0.0,0.0,176,480,2.73,0.05424499977380037,12
gen_devops_kubernetes_006,tokenmizer_v0.5.2,devops/kubernetes,synthetic,implicit,completed_tasks,7,3,3,1.0,0.4286,0.6,136,519,3.82,256.07200600006763,15
gen_devops_kubernetes_006,tokenmizer_v0.5.2,devops/kubernetes,synthetic,implicit,pending_tasks,3,2,2,1.0,0.6667,0.8,136,519,3.82,256.07200600006763,15
gen_devops_kubernetes_006,tokenmizer_v0.5.2,devops/kubernetes,synthetic,implicit,decisions,3,4,3,0.75,1.0,0.8571,136,519,3.82,256.07200600006763,15
gen_devops_kubernetes_006,tokenmizer_v0.5.2,devops/kubernetes,synthetic,implicit,files,5,5,5,1.0,1.0,1.0,136,519,3.82,256.07200600006763,15
gen_devops_kubernetes_006,tokenmizer_v0.5.2,devops/kubernetes,synthetic,implicit,errors,1,1,1,1.0,1.0,1.0,136,519,3.82,256.07200600006763,15
gen_devops_kubernetes_006,graphiti_style,devops/kubernetes,synthetic,implicit,completed_tasks,7,0,0,1.0,0.0,0.0,34,519,15.26,1.4600300000893185,6
gen_devops_kubernetes_006,graphiti_style,devops/kubernetes,synthetic,implicit,pending_tasks,3,2,0,0.0,0.0,0.0,34,519,15.26,1.4600300000893185,6
gen_devops_kubernetes_006,graphiti_style,devops/kubernetes,synthetic,implicit,decisions,3,0,0,1.0,0.0,0.0,34,519,15.26,1.4600300000893185,6
gen_devops_kubernetes_006,graphiti_style,devops/kubernetes,synthetic,implicit,files,5,4,4,1.0,0.8,0.8889,34,519,15.26,1.4600300000893185,6
gen_devops_kubernetes_006,graphiti_style,devops/kubernetes,synthetic,implicit,errors,1,0,0,1.0,0.0,0.0,34,519,15.26,1.4600300000893185,6
gen_devops_kubernetes_006,graphrag_style,devops/kubernetes,synthetic,implicit,completed_tasks,7,0,0,1.0,0.0,0.0,49,519,10.59,0.6645739999839861,7
gen_devops_kubernetes_006,graphrag_style,devops/kubernetes,synthetic,implicit,pending_tasks,3,2,0,0.0,0.0,0.0,49,519,10.59,0.6645739999839861,7
gen_devops_kubernetes_006,graphrag_style,devops/kubernetes,synthetic,implicit,decisions,3,0,0,1.0,0.0,0.0,49,519,10.59,0.6645739999839861,7
gen_devops_kubernetes_006,graphrag_style,devops/kubernetes,synthetic,implicit,files,5,4,4,1.0,0.8,0.8889,49,519,10.59,0.6645739999839861,7
gen_devops_kubernetes_006,graphrag_style,devops/kubernetes,synthetic,implicit,errors,1,1,0,0.0,0.0,0.0,49,519,10.59,0.6645739999839861,7
gen_devops_kubernetes_006,mem0_style,devops/kubernetes,synthetic,implicit,completed_tasks,7,0,0,1.0,0.0,0.0,33,519,15.73,1.2647280000237515,6
gen_devops_kubernetes_006,mem0_style,devops/kubernetes,synthetic,implicit,pending_tasks,3,2,0,0.0,0.0,0.0,33,519,15.73,1.2647280000237515,6
gen_devops_kubernetes_006,mem0_style,devops/kubernetes,synthetic,implicit,decisions,3,0,0,1.0,0.0,0.0,33,519,15.73,1.2647280000237515,6
gen_devops_kubernetes_006,mem0_style,devops/kubernetes,synthetic,implicit,files,5,4,4,1.0,0.8,0.8889,33,519,15.73,1.2647280000237515,6
gen_devops_kubernetes_006,mem0_style,devops/kubernetes,synthetic,implicit,errors,1,0,0,1.0,0.0,0.0,33,519,15.73,1.2647280000237515,6
gen_devops_kubernetes_006,memgpt_style,devops/kubernetes,synthetic,implicit,completed_tasks,7,0,0,1.0,0.0,0.0,17,519,30.53,0.530783000158408,2
gen_devops_kubernetes_006,memgpt_style,devops/kubernetes,synthetic,implicit,pending_tasks,3,0,0,1.0,0.0,0.0,17,519,30.53,0.530783000158408,2
gen_devops_kubernetes_006,memgpt_style,devops/kubernetes,synthetic,implicit,decisions,3,0,0,1.0,0.0,0.0,17,519,30.53,0.530783000158408,2
gen_devops_kubernetes_006,memgpt_style,devops/kubernetes,synthetic,implicit,files,5,2,2,1.0,0.4,0.5714,17,519,30.53,0.530783000158408,2
gen_devops_kubernetes_006,memgpt_style,devops/kubernetes,synthetic,implicit,errors,1,0,0,1.0,0.0,0.0,17,519,30.53,0.530783000158408,2
gen_devops_kubernetes_006,sliding_window_10,devops/kubernetes,synthetic,implicit,completed_tasks,7,12,2,0.1667,0.2857,0.2105,184,519,2.82,0.0035480002225085627,12
gen_devops_kubernetes_006,sliding_window_10,devops/kubernetes,synthetic,implicit,pending_tasks,3,12,1,0.0833,0.3333,0.1333,184,519,2.82,0.0035480002225085627,12
gen_devops_kubernetes_006,sliding_window_10,devops/kubernetes,synthetic,implicit,decisions,3,12,1,0.0833,0.3333,0.1333,184,519,2.82,0.0035480002225085627,12
gen_devops_kubernetes_006,sliding_window_10,devops/kubernetes,synthetic,implicit,files,5,12,3,0.25,0.6,0.3529,184,519,2.82,0.0035480002225085627,12
gen_devops_kubernetes_006,sliding_window_10,devops/kubernetes,synthetic,implicit,errors,1,12,0,0.0,0.0,0.0,184,519,2.82,0.0035480002225085627,12
gen_devops_kubernetes_006,naive_truncation,devops/kubernetes,synthetic,implicit,completed_tasks,7,19,5,0.2632,0.7143,0.3846,299,519,1.74,0.01127700033975998,19
gen_devops_kubernetes_006,naive_truncation,devops/kubernetes,synthetic,implicit,pending_tasks,3,19,2,0.1053,0.6667,0.1818,299,519,1.74,0.01127700033975998,19
gen_devops_kubernetes_006,naive_truncation,devops/kubernetes,synthetic,implicit,decisions,3,19,1,0.0526,0.3333,0.0909,299,519,1.74,0.01127700033975998,19
gen_devops_kubernetes_006,naive_truncation,devops/kubernetes,synthetic,implicit,files,5,19,3,0.1579,0.6,0.25,299,519,1.74,0.01127700033975998,19
gen_devops_kubernetes_006,naive_truncation,devops/kubernetes,synthetic,implicit,errors,1,19,0,0.0,0.0,0.0,299,519,1.74,0.01127700033975998,19
gen_devops_kubernetes_006,naive_summary,devops/kubernetes,synthetic,implicit,completed_tasks,7,13,1,0.0769,0.1429,0.1,171,519,3.04,0.0540510000064387,13
gen_devops_kubernetes_006,naive_summary,devops/kubernetes,synthetic,implicit,pending_tasks,3,13,1,0.0769,0.3333,0.125,171,519,3.04,0.0540510000064387,13
gen_devops_kubernetes_006,naive_summary,devops/kubernetes,synthetic,implicit,decisions,3,13,2,0.1538,0.6667,0.25,171,519,3.04,0.0540510000064387,13
gen_devops_kubernetes_006,naive_summary,devops/kubernetes,synthetic,implicit,files,5,13,1,0.0769,0.2,0.1111,171,519,3.04,0.0540510000064387,13
gen_devops_kubernetes_006,naive_summary,devops/kubernetes,synthetic,implicit,errors,1,13,1,0.0769,1.0,0.1429,171,519,3.04,0.0540510000064387,13
gen_frontend_react_001,tokenmizer_v0.5.2,frontend/react,synthetic,semi,completed_tasks,5,5,5,1.0,1.0,1.0,223,380,1.7,261.56696899988674,21
gen_frontend_react_001,tokenmizer_v0.5.2,frontend/react,synthetic,semi,pending_tasks,4,4,4,1.0,1.0,1.0,223,380,1.7,261.56696899988674,21
gen_frontend_react_001,tokenmizer_v0.5.2,frontend/react,synthetic,semi,decisions,5,7,5,0.7143,1.0,0.8333,223,380,1.7,261.56696899988674,21
gen_frontend_react_001,tokenmizer_v0.5.2,frontend/react,synthetic,semi,files,4,4,4,1.0,1.0,1.0,223,380,1.7,261.56696899988674,21
gen_frontend_react_001,tokenmizer_v0.5.2,frontend/react,synthetic,semi,errors,2,1,1,1.0,0.5,0.6667,223,380,1.7,261.56696899988674,21
gen_frontend_react_001,graphiti_style,frontend/react,synthetic,semi,completed_tasks,5,4,4,1.0,0.8,0.8889,174,380,2.18,1.0346150002078502,21
gen_frontend_react_001,graphiti_style,frontend/react,synthetic,semi,pending_tasks,4,4,1,0.25,0.25,0.25,174,380,2.18,1.0346150002078502,21
gen_frontend_react_001,graphiti_style,frontend/react,synthetic,semi,decisions,5,6,4,0.6667,0.8,0.7273,174,380,2.18,1.0346150002078502,21
gen_frontend_react_001,graphiti_style,frontend/react,synthetic,semi,files,4,4,4,1.0,1.0,1.0,174,380,2.18,1.0346150002078502,21
gen_frontend_react_001,graphiti_style,frontend/react,synthetic,semi,errors,2,3,2,0.6667,1.0,0.8,174,380,2.18,1.0346150002078502,21
gen_frontend_react_001,graphrag_style,frontend/react,synthetic,semi,completed_tasks,5,0,0,1.0,0.0,0.0,77,380,4.94,0.5097270000078424,12
gen_frontend_react_001,graphrag_style,frontend/react,synthetic,semi,pending_tasks,4,2,0,0.0,0.0,0.0,77,380,4.94,0.5097270000078424,12
gen_frontend_react_001,graphrag_style,frontend/react,synthetic,semi,decisions,5,5,4,0.8,0.8,0.8,77,380,4.94,0.5097270000078424,12
gen_frontend_react_001,graphrag_style,frontend/react,synthetic,semi,files,4,4,4,1.0,1.0,1.0,77,380,4.94,0.5097270000078424,12
gen_frontend_react_001,graphrag_style,frontend/react,synthetic,semi,errors,2,1,0,0.0,0.0,0.0,77,380,4.94,0.5097270000078424,12
gen_frontend_react_001,mem0_style,frontend/react,synthetic,semi,completed_tasks,5,4,4,1.0,0.8,0.8889,169,380,2.25,0.974997999946936,20
gen_frontend_react_001,mem0_style,frontend/react,synthetic,semi,pending_tasks,4,3,1,0.3333,0.25,0.2857,169,380,2.25,0.974997999946936,20
gen_frontend_react_001,mem0_style,frontend/react,synthetic,semi,decisions,5,6,4,0.6667,0.8,0.7273,169,380,2.25,0.974997999946936,20
gen_frontend_react_001,mem0_style,frontend/react,synthetic,semi,files,4,4,4,1.0,1.0,1.0,169,380,2.25,0.974997999946936,20
gen_frontend_react_001,mem0_style,frontend/react,synthetic,semi,errors,2,3,2,0.6667,1.0,0.8,169,380,2.25,0.974997999946936,20
gen_frontend_react_001,memgpt_style,frontend/react,synthetic,semi,completed_tasks,5,2,2,1.0,0.4,0.5714,76,380,5.0,0.41290599983767606,9
gen_frontend_react_001,memgpt_style,frontend/react,synthetic,semi,pending_tasks,4,2,0,0.0,0.0,0.0,76,380,5.0,0.41290599983767606,9
gen_frontend_react_001,memgpt_style,frontend/react,synthetic,semi,decisions,5,1,0,0.0,0.0,0.0,76,380,5.0,0.41290599983767606,9
gen_frontend_react_001,memgpt_style,frontend/react,synthetic,semi,files,4,2,2,1.0,0.5,0.6667,76,380,5.0,0.41290599983767606,9
gen_frontend_react_001,memgpt_style,frontend/react,synthetic,semi,errors,2,2,2,1.0,1.0,1.0,76,380,5.0,0.41290599983767606,9
gen_frontend_react_001,sliding_window_10,frontend/react,synthetic,semi,completed_tasks,5,11,1,0.0909,0.2,0.125,119,380,3.19,0.0052759996833628975,11
gen_frontend_react_001,sliding_window_10,frontend/react,synthetic,semi,pending_tasks,4,11,1,0.0909,0.25,0.1333,119,380,3.19,0.0052759996833628975,11
gen_frontend_react_001,sliding_window_10,frontend/react,synthetic,semi,decisions,5,11,1,0.0909,0.2,0.125,119,380,3.19,0.0052759996833628975,11
gen_frontend_react_001,sliding_window_10,frontend/react,synthetic,semi,files,4,11,2,0.1818,0.5,0.2667,119,380,3.19,0.0052759996833628975,11
gen_frontend_react_001,sliding_window_10,frontend/react,synthetic,semi,errors,2,11,1,0.0909,0.5,0.1538,119,380,3.19,0.0052759996833628975,11
gen_frontend_react_001,naive_truncation,frontend/react,synthetic,semi,completed_tasks,5,30,4,0.1333,0.8,0.2286,310,380,1.23,0.014839999948890181,30
gen_frontend_react_001,naive_truncation,frontend/react,synthetic,semi,pending_tasks,4,30,3,0.1,0.75,0.1765,310,380,1.23,0.014839999948890181,30
gen_frontend_react_001,naive_truncation,frontend/react,synthetic,semi,decisions,5,30,5,0.1667,1.0,0.2857,310,380,1.23,0.014839999948890181,30
gen_frontend_react_001,naive_truncation,frontend/react,synthetic,semi,files,4,30,3,0.1,0.75,0.1765,310,380,1.23,0.014839999948890181,30
gen_frontend_react_001,naive_truncation,frontend/react,synthetic,semi,errors,2,30,2,0.0667,1.0,0.125,310,380,1.23,0.014839999948890181,30
gen_frontend_react_001,naive_summary,frontend/react,synthetic,semi,completed_tasks,5,18,2,0.1111,0.4,0.1739,180,380,2.11,0.030294999760371866,18
gen_frontend_react_001,naive_summary,frontend/react,synthetic,semi,pending_tasks,4,18,2,0.1111,0.5,0.1818,180,380,2.11,0.030294999760371866,18
gen_frontend_react_001,naive_summary,frontend/react,synthetic,semi,decisions,5,18,2,0.1111,0.4,0.1739,180,380,2.11,0.030294999760371866,18
gen_frontend_react_001,naive_summary,frontend/react,synthetic,semi,files,4,18,2,0.1111,0.5,0.1818,180,380,2.11,0.030294999760371866,18
gen_frontend_react_001,naive_summary,frontend/react,synthetic,semi,errors,2,18,0,0.0,0.0,0.0,180,380,2.11,0.030294999760371866,18
gen_frontend_react_002,tokenmizer_v0.5.2,frontend/react,synthetic,semi,completed_tasks,6,6,6,1.0,1.0,1.0,224,430,1.92,254.87088399995628,22
gen_frontend_react_002,tokenmizer_v0.5.2,frontend/react,synthetic,semi,pending_tasks,3,3,3,1.0,1.0,1.0,224,430,1.92,254.87088399995628,22
gen_frontend_react_002,tokenmizer_v0.5.2,frontend/react,synthetic,semi,decisions,4,4,4,1.0,1.0,1.0,224,430,1.92,254.87088399995628,22
gen_frontend_react_002,tokenmizer_v0.5.2,frontend/react,synthetic,semi,files,6,6,6,1.0,1.0,1.0,224,430,1.92,254.87088399995628,22
gen_frontend_react_002,tokenmizer_v0.5.2,frontend/react,synthetic,semi,errors,3,3,3,1.0,1.0,1.0,224,430,1.92,254.87088399995628,22
gen_frontend_react_002,graphiti_style,frontend/react,synthetic,semi,completed_tasks,6,5,5,1.0,0.8333,0.9091,212,430,2.03,1.0785119998217851,21
gen_frontend_react_002,graphiti_style,frontend/react,synthetic,semi,pending_tasks,3,2,1,0.5,0.3333,0.4,212,430,2.03,1.0785119998217851,21
gen_frontend_react_002,graphiti_style,frontend/react,synthetic,semi,decisions,4,4,4,1.0,1.0,1.0,212,430,2.03,1.0785119998217851,21
gen_frontend_react_002,graphiti_style,frontend/react,synthetic,semi,files,6,6,4,0.6667,0.6667,0.6667,212,430,2.03,1.0785119998217851,21
gen_frontend_react_002,graphiti_style,frontend/react,synthetic,semi,errors,3,4,3,0.75,1.0,0.8571,212,430,2.03,1.0785119998217851,21
gen_frontend_react_002,graphrag_style,frontend/react,synthetic,semi,completed_tasks,6,0,0,1.0,0.0,0.0,121,430,3.55,1.0424259999126662,14
gen_frontend_react_002,graphrag_style,frontend/react,synthetic,semi,pending_tasks,3,1,0,0.0,0.0,0.0,121,430,3.55,1.0424259999126662,14
gen_frontend_react_002,graphrag_style,frontend/react,synthetic,semi,decisions,4,4,4,1.0,1.0,1.0,121,430,3.55,1.0424259999126662,14
gen_frontend_react_002,graphrag_style,frontend/react,synthetic,semi,files,6,6,4,0.6667,0.6667,0.6667,121,430,3.55,1.0424259999126662,14
gen_frontend_react_002,graphrag_style,frontend/react,synthetic,semi,errors,3,3,2,0.6667,0.6667,0.6667,121,430,3.55,1.0424259999126662,14
gen_frontend_react_002,mem0_style,frontend/react,synthetic,semi,completed_tasks,6,5,5,1.0,0.8333,0.9091,211,430,2.04,1.3399780000327155,21
gen_frontend_react_002,mem0_style,frontend/react,synthetic,semi,pending_tasks,3,2,1,0.5,0.3333,0.4,211,430,2.04,1.3399780000327155,21
gen_frontend_react_002,mem0_style,frontend/react,synthetic,semi,decisions,4,4,4,1.0,1.0,1.0,211,430,2.04,1.3399780000327155,21
gen_frontend_react_002,mem0_style,frontend/react,synthetic,semi,files,6,6,4,0.6667,0.6667,0.6667,211,430,2.04,1.3399780000327155,21
gen_frontend_react_002,mem0_style,frontend/react,synthetic,semi,errors,3,4,3,0.75,1.0,0.8571,211,430,2.04,1.3399780000327155,21
gen_frontend_react_002,memgpt_style,frontend/react,synthetic,semi,completed_tasks,6,3,3,1.0,0.5,0.6667,97,430,4.43,0.40111199996317737,9
gen_frontend_react_002,memgpt_style,frontend/react,synthetic,semi,pending_tasks,3,0,0,1.0,0.0,0.0,97,430,4.43,0.40111199996317737,9
gen_frontend_react_002,memgpt_style,frontend/react,synthetic,semi,decisions,4,1,1,1.0,0.25,0.4,97,430,4.43,0.40111199996317737,9
gen_frontend_react_002,memgpt_style,frontend/react,synthetic,semi,files,6,3,2,0.6667,0.3333,0.4444,97,430,4.43,0.40111199996317737,9
gen_frontend_react_002,memgpt_style,frontend/react,synthetic,semi,errors,3,2,2,1.0,0.6667,0.8,97,430,4.43,0.40111199996317737,9
gen_frontend_react_002,sliding_window_10,frontend/react,synthetic,semi,completed_tasks,6,12,1,0.0833,0.1667,0.1111,123,430,3.5,0.003292999736004276,12
gen_frontend_react_002,sliding_window_10,frontend/react,synthetic,semi,pending_tasks,3,12,1,0.0833,0.3333,0.1333,123,430,3.5,0.003292999736004276,12
gen_frontend_react_002,sliding_window_10,frontend/react,synthetic,semi,decisions,4,12,1,0.0833,0.25,0.125,123,430,3.5,0.003292999736004276,12
gen_frontend_react_002,sliding_window_10,frontend/react,synthetic,semi,files,6,12,3,0.25,0.5,0.3333,123,430,3.5,0.003292999736004276,12
gen_frontend_react_002,sliding_window_10,frontend/react,synthetic,semi,errors,3,12,1,0.0833,0.3333,0.1333,123,430,3.5,0.003292999736004276,12
gen_frontend_react_002,naive_truncation,frontend/react,synthetic,semi,completed_tasks,6,29,5,0.1724,0.8333,0.2857,307,430,1.4,0.05009400001654285,29
gen_frontend_react_002,naive_truncation,frontend/react,synthetic,semi,pending_tasks,3,29,2,0.069,0.6667,0.125,307,430,1.4,0.05009400001654285,29
gen_frontend_react_002,naive_truncation,frontend/react,synthetic,semi,decisions,4,29,3,0.1034,0.75,0.1818,307,430,1.4,0.05009400001654285,29
gen_frontend_react_002,naive_truncation,frontend/react,synthetic,semi,files,6,29,4,0.1379,0.6667,0.2286,307,430,1.4,0.05009400001654285,29
gen_frontend_react_002,naive_truncation,frontend/react,synthetic,semi,errors,3,29,2,0.069,0.6667,0.125,307,430,1.4,0.05009400001654285,29
gen_frontend_react_002,naive_summary,frontend/react,synthetic,semi,completed_tasks,6,17,1,0.0588,0.1667,0.087,178,430,2.42,0.066384000092512,17
gen_frontend_react_002,naive_summary,frontend/react,synthetic,semi,pending_tasks,3,17,1,0.0588,0.3333,0.1,178,430,2.42,0.066384000092512,17
gen_frontend_react_002,naive_summary,frontend/react,synthetic,semi,decisions,4,17,1,0.0588,0.25,0.0952,178,430,2.42,0.066384000092512,17
gen_frontend_react_002,naive_summary,frontend/react,synthetic,semi,files,6,17,3,0.1765,0.5,0.2609,178,430,2.42,0.066384000092512,17
gen_frontend_react_002,naive_summary,frontend/react,synthetic,semi,errors,3,17,1,0.0588,0.3333,0.1,178,430,2.42,0.066384000092512,17
gen_frontend_react_003,tokenmizer_v0.5.2,frontend/react,synthetic,semi,completed_tasks,4,4,4,1.0,1.0,1.0,111,206,1.86,217.06368500008466,11
gen_frontend_react_003,tokenmizer_v0.5.2,frontend/react,synthetic,semi,pending_tasks,2,2,2,1.0,1.0,1.0,111,206,1.86,217.06368500008466,11
gen_frontend_react_003,tokenmizer_v0.5.2,frontend/react,synthetic,semi,decisions,2,2,2,1.0,1.0,1.0,111,206,1.86,217.06368500008466,11
gen_frontend_react_003,tokenmizer_v0.5.2,frontend/react,synthetic,semi,files,3,3,3,1.0,1.0,1.0,111,206,1.86,217.06368500008466,11
gen_frontend_react_003,graphiti_style,frontend/react,synthetic,semi,completed_tasks,4,4,4,1.0,1.0,1.0,94,206,2.19,0.615635000031034,11
gen_frontend_react_003,graphiti_style,frontend/react,synthetic,semi,pending_tasks,2,3,0,0.0,0.0,0.0,94,206,2.19,0.615635000031034,11
gen_frontend_react_003,graphiti_style,frontend/react,synthetic,semi,decisions,2,0,0,1.0,0.0,0.0,94,206,2.19,0.615635000031034,11
gen_frontend_react_003,graphiti_style,frontend/react,synthetic,semi,files,3,3,2,0.6667,0.6667,0.6667,94,206,2.19,0.615635000031034,11
gen_frontend_react_003,graphiti_style,frontend/react,synthetic,semi,errors,0,1,0,0.0,1.0,0.0,94,206,2.19,0.615635000031034,11
gen_frontend_react_003,graphrag_style,frontend/react,synthetic,semi,completed_tasks,4,0,0,1.0,0.0,0.0,39,206,5.28,0.36210799999025767,6
gen_frontend_react_003,graphrag_style,frontend/react,synthetic,semi,pending_tasks,2,2,0,0.0,0.0,0.0,39,206,5.28,0.36210799999025767,6
gen_frontend_react_003,graphrag_style,frontend/react,synthetic,semi,decisions,2,0,0,1.0,0.0,0.0,39,206,5.28,0.36210799999025767,6
gen_frontend_react_003,graphrag_style,frontend/react,synthetic,semi,files,3,3,2,0.6667,0.6667,0.6667,39,206,5.28,0.36210799999025767,6
gen_frontend_react_003,graphrag_style,frontend/react,synthetic,semi,errors,0,1,0,0.0,1.0,0.0,39,206,5.28,0.36210799999025767,6
gen_frontend_react_003,mem0_style,frontend/react,synthetic,semi,completed_tasks,4,4,4,1.0,1.0,1.0,90,206,2.29,0.5567480002355296,10
gen_frontend_react_003,mem0_style,frontend/react,synthetic,semi,pending_tasks,2,2,0,0.0,0.0,0.0,90,206,2.29,0.5567480002355296,10
gen_frontend_react_003,mem0_style,frontend/react,synthetic,semi,decisions,2,0,0,1.0,0.0,0.0,90,206,2.29,0.5567480002355296,10
gen_frontend_react_003,mem0_style,frontend/react,synthetic,semi,files,3,3,2,0.6667,0.6667,0.6667,90,206,2.29,0.5567480002355296,10
gen_frontend_react_003,mem0_style,frontend/react,synthetic,semi,errors,0,1,0,0.0,1.0,0.0,90,206,2.29,0.5567480002355296,10
gen_frontend_react_003,memgpt_style,frontend/react,synthetic,semi,completed_tasks,4,2,2,1.0,0.5,0.6667,65,206,3.17,0.1975759996639681,8
gen_frontend_react_003,memgpt_style,frontend/react,synthetic,semi,pending_tasks,2,2,0,0.0,0.0,0.0,65,206,3.17,0.1975759996639681,8
gen_frontend_react_003,memgpt_style,frontend/react,synthetic,semi,decisions,2,0,0,1.0,0.0,0.0,65,206,3.17,0.1975759996639681,8
gen_frontend_react_003,memgpt_style,frontend/react,synthetic,semi,files,3,3,2,0.6667,0.6667,0.6667,65,206,3.17,0.1975759996639681,8
gen_frontend_react_003,memgpt_style,frontend/react,synthetic,semi,errors,0,1,0,0.0,1.0,0.0,65,206,3.17,0.1975759996639681,8
gen_frontend_react_003,sliding_window_10,frontend/react,synthetic,semi,completed_tasks,4,12,3,0.25,0.75,0.375,114,206,1.81,0.0026309999157092534,12
gen_frontend_react_003,sliding_window_10,frontend/react,synthetic,semi,pending_tasks,2,12,1,0.0833,0.5,0.1429,114,206,1.81,0.0026309999157092534,12
gen_frontend_react_003,sliding_window_10,frontend/react,synthetic,semi,decisions,2,12,0,0.0,0.0,0.0,114,206,1.81,0.0026309999157092534,12
gen_frontend_react_003,sliding_window_10,frontend/react,synthetic,semi,files,3,12,3,0.25,1.0,0.4,114,206,1.81,0.0026309999157092534,12
gen_frontend_react_003,sliding_window_10,frontend/react,synthetic,semi,errors,0,12,0,0.0,1.0,0.0,114,206,1.81,0.0026309999157092534,12
gen_frontend_react_003,naive_truncation,frontend/react,synthetic,semi,completed_tasks,4,21,4,0.1905,1.0,0.32,217,206,0.95,0.009829000191530213,21
gen_frontend_react_003,naive_truncation,frontend/react,synthetic,semi,pending_tasks,2,21,2,0.0952,1.0,0.1739,217,206,0.95,0.009829000191530213,21
gen_frontend_react_003,naive_truncation,frontend/react,synthetic,semi,decisions,2,21,2,0.0952,1.0,0.1739,217,206,0.95,0.009829000191530213,21
gen_frontend_react_003,naive_truncation,frontend/react,synthetic,semi,files,3,21,3,0.1429,1.0,0.25,217,206,0.95,0.009829000191530213,21
gen_frontend_react_003,naive_truncation,frontend/react,synthetic,semi,errors,0,21,0,0.0,1.0,0.0,217,206,0.95,0.009829000191530213,21
gen_frontend_react_003,naive_summary,frontend/react,synthetic,semi,completed_tasks,4,17,3,0.1765,0.75,0.2857,172,206,1.2,0.02034800036199158,17
gen_frontend_react_003,naive_summary,frontend/react,synthetic,semi,pending_tasks,2,17,2,0.1176,1.0,0.2105,172,206,1.2,0.02034800036199158,17
gen_frontend_react_003,naive_summary,frontend/react,synthetic,semi,decisions,2,17,2,0.1176,1.0,0.2105,172,206,1.2,0.02034800036199158,17
gen_frontend_react_003,naive_summary,frontend/react,synthetic,semi,files,3,17,1,0.0588,0.3333,0.1,172,206,1.2,0.02034800036199158,17
gen_frontend_react_003,naive_summary,frontend/react,synthetic,semi,errors,0,17,0,0.0,1.0,0.0,172,206,1.2,0.02034800036199158,17
gen_frontend_react_004,tokenmizer_v0.5.2,frontend/react,synthetic,semi,completed_tasks,6,6,6,1.0,1.0,1.0,223,322,1.44,239.40458400011266,20
gen_frontend_react_004,tokenmizer_v0.5.2,frontend/react,synthetic,semi,pending_tasks,1,1,1,1.0,1.0,1.0,223,322,1.44,239.40458400011266,20
gen_frontend_react_004,tokenmizer_v0.5.2,frontend/react,synthetic,semi,decisions,5,7,5,0.7143,1.0,0.8333,223,322,1.44,239.40458400011266,20
gen_frontend_react_004,tokenmizer_v0.5.2,frontend/react,synthetic,semi,files,6,6,6,1.0,1.0,1.0,223,322,1.44,239.40458400011266,20
gen_frontend_react_004,graphiti_style,frontend/react,synthetic,semi,completed_tasks,6,6,6,1.0,1.0,1.0,155,322,2.08,0.8122849999381287,19
gen_frontend_react_004,graphiti_style,frontend/react,synthetic,semi,pending_tasks,1,3,0,0.0,0.0,0.0,155,322,2.08,0.8122849999381287,19
gen_frontend_react_004,graphiti_style,frontend/react,synthetic,semi,decisions,5,4,3,0.75,0.6,0.6667,155,322,2.08,0.8122849999381287,19
gen_frontend_react_004,graphiti_style,frontend/react,synthetic,semi,files,6,6,5,0.8333,0.8333,0.8333,155,322,2.08,0.8122849999381287,19
gen_frontend_react_004,graphrag_style,frontend/react,synthetic,semi,completed_tasks,6,0,0,1.0,0.0,0.0,73,322,4.41,0.43579700013651745,12
gen_frontend_react_004,graphrag_style,frontend/react,synthetic,semi,pending_tasks,1,2,0,0.0,0.0,0.0,73,322,4.41,0.43579700013651745,12
gen_frontend_react_004,graphrag_style,frontend/react,synthetic,semi,decisions,5,4,3,0.75,0.6,0.6667,73,322,4.41,0.43579700013651745,12
gen_frontend_react_004,graphrag_style,frontend/react,synthetic,semi,files,6,6,5,0.8333,0.8333,0.8333,73,322,4.41,0.43579700013651745,12
gen_frontend_react_004,mem0_style,frontend/react,synthetic,semi,completed_tasks,6,6,6,1.0,1.0,1.0,151,322,2.13,1.0356230000070354,18
gen_frontend_react_004,mem0_style,frontend/react,synthetic,semi,pending_tasks,1,2,0,0.0,0.0,0.0,151,322,2.13,1.0356230000070354,18
gen_frontend_react_004,mem0_style,frontend/react,synthetic,semi,decisions,5,4,3,0.75,0.6,0.6667,151,322,2.13,1.0356230000070354,18
gen_frontend_react_004,mem0_style,frontend/react,synthetic,semi,files,6,6,5,0.8333,0.8333,0.8333,151,322,2.13,1.0356230000070354,18
gen_frontend_react_004,memgpt_style,frontend/react,synthetic,semi,completed_tasks,6,3,3,1.0,0.5,0.6667,86,322,3.74,0.3900919996340235,9
gen_frontend_react_004,memgpt_style,frontend/react,synthetic,semi,pending_tasks,1,2,0,0.0,0.0,0.0,86,322,3.74,0.3900919996340235,9
gen_frontend_react_004,memgpt_style,frontend/react,synthetic,semi,decisions,5,3,3,1.0,0.6,0.75,86,322,3.74,0.3900919996340235,9
gen_frontend_react_004,memgpt_style,frontend/react,synthetic,semi,files,6,1,1,1.0,0.1667,0.2857,86,322,3.74,0.3900919996340235,9
gen_frontend_react_004,sliding_window_10,frontend/react,synthetic,semi,completed_tasks,6,10,2,0.2,0.3333,0.25,101,322,3.19,0.0038759999370086007,10
gen_frontend_react_004,sliding_window_10,frontend/react,synthetic,semi,pending_tasks,1,10,1,0.1,1.0,0.1818,101,322,3.19,0.0038759999370086007,10
gen_frontend_react_004,sliding_window_10,frontend/react,synthetic,semi,decisions,5,10,2,0.2,0.4,0.2667,101,322,3.19,0.0038759999370086007,10
gen_frontend_react_004,sliding_window_10,frontend/react,synthetic,semi,files,6,10,0,0.0,0.0,0.0,101,322,3.19,0.0038759999370086007,10
gen_frontend_react_004,sliding_window_10,frontend/react,synthetic,semi,errors,0,10,0,0.0,1.0,0.0,101,322,3.19,0.0038759999370086007,10
gen_frontend_react_004,naive_truncation,frontend/react,synthetic,semi,completed_tasks,6,33,6,0.1818,1.0,0.3077,319,322,1.01,0.01966600029845722,33
gen_frontend_react_004,naive_truncation,frontend/react,synthetic,semi,pending_tasks,1,33,1,0.0303,1.0,0.0588,319,322,1.01,0.01966600029845722,33
gen_frontend_react_004,naive_truncation,frontend/react,synthetic,semi,decisions,5,33,5,0.1515,1.0,0.2632,319,322,1.01,0.01966600029845722,33
gen_frontend_react_004,naive_truncation,frontend/react,synthetic,semi,files,6,33,6,0.1818,1.0,0.3077,319,322,1.01,0.01966600029845722,33
gen_frontend_react_004,naive_truncation,frontend/react,synthetic,semi,errors,0,33,0,0.0,1.0,0.0,319,322,1.01,0.01966600029845722,33
gen_frontend_react_004,naive_summary,frontend/react,synthetic,semi,completed_tasks,6,20,3,0.15,0.5,0.2308,181,322,1.78,0.04252100006851833,20
gen_frontend_react_004,naive_summary,frontend/react,synthetic,semi,pending_tasks,1,20,0,0.0,0.0,0.0,181,322,1.78,0.04252100006851833,20
gen_frontend_react_004,naive_summary,frontend/react,synthetic,semi,decisions,5,20,2,0.1,0.4,0.16,181,322,1.78,0.04252100006851833,20
gen_frontend_react_004,naive_summary,frontend/react,synthetic,semi,files,6,20,4,0.2,0.6667,0.3077,181,322,1.78,0.04252100006851833,20
gen_frontend_react_004,naive_summary,frontend/react,synthetic,semi,errors,0,20,0,0.0,1.0,0.0,181,322,1.78,0.04252100006851833,20
gen_frontend_react_005,tokenmizer_v0.5.2,frontend/react,synthetic,semi,completed_tasks,6,6,6,1.0,1.0,1.0,146,275,1.88,244.1874840001219,14
gen_frontend_react_005,tokenmizer_v0.5.2,frontend/react,synthetic,semi,pending_tasks,3,3,3,1.0,1.0,1.0,146,275,1.88,244.1874840001219,14
gen_frontend_react_005,tokenmizer_v0.5.2,frontend/react,synthetic,semi,decisions,2,2,2,1.0,1.0,1.0,146,275,1.88,244.1874840001219,14
gen_frontend_react_005,tokenmizer_v0.5.2,frontend/react,synthetic,semi,files,2,2,2,1.0,1.0,1.0,146,275,1.88,244.1874840001219,14
gen_frontend_react_005,tokenmizer_v0.5.2,frontend/react,synthetic,semi,errors,1,1,1,1.0,1.0,1.0,146,275,1.88,244.1874840001219,14
gen_frontend_react_005,graphiti_style,frontend/react,synthetic,semi,completed_tasks,6,4,4,1.0,0.6667,0.8,158,275,1.74,0.7098909995875147,14
gen_frontend_react_005,graphiti_style,frontend/react,synthetic,semi,pending_tasks,3,3,3,1.0,1.0,1.0,158,275,1.74,0.7098909995875147,14
gen_frontend_react_005,graphiti_style,frontend/react,synthetic,semi,decisions,2,3,2,0.6667,1.0,0.8,158,275,1.74,0.7098909995875147,14
gen_frontend_react_005,graphiti_style,frontend/react,synthetic,semi,files,2,2,0,0.0,0.0,0.0,158,275,1.74,0.7098909995875147,14
gen_frontend_react_005,graphiti_style,frontend/react,synthetic,semi,errors,1,2,1,0.5,1.0,0.6667,158,275,1.74,0.7098909995875147,14
gen_frontend_react_005,graphrag_style,frontend/react,synthetic,semi,completed_tasks,6,0,0,1.0,0.0,0.0,63,275,4.37,0.36531200021272525,7
gen_frontend_react_005,graphrag_style,frontend/react,synthetic,semi,pending_tasks,3,0,0,1.0,0.0,0.0,63,275,4.37,0.36531200021272525,7
gen_frontend_react_005,graphrag_style,frontend/react,synthetic,semi,decisions,2,3,2,0.6667,1.0,0.8,63,275,4.37,0.36531200021272525,7
gen_frontend_react_005,graphrag_style,frontend/react,synthetic,semi,files,2,2,0,0.0,0.0,0.0,63,275,4.37,0.36531200021272525,7
gen_frontend_react_005,graphrag_style,frontend/react,synthetic,semi,errors,1,2,1,0.5,1.0,0.6667,63,275,4.37,0.36531200021272525,7
gen_frontend_react_005,mem0_style,frontend/react,synthetic,semi,completed_tasks,6,4,4,1.0,0.6667,0.8,157,275,1.75,0.7672930000808265,14
gen_frontend_react_005,mem0_style,frontend/react,synthetic,semi,pending_tasks,3,3,3,1.0,1.0,1.0,157,275,1.75,0.7672930000808265,14
gen_frontend_react_005,mem0_style,frontend/react,synthetic,semi,decisions,2,3,2,0.6667,1.0,0.8,157,275,1.75,0.7672930000808265,14
gen_frontend_react_005,mem0_style,frontend/react,synthetic,semi,files,2,2,0,0.0,0.0,0.0,157,275,1.75,0.7672930000808265,14
gen_frontend_react_005,mem0_style,frontend/react,synthetic,semi,errors,1,2,1,0.5,1.0,0.6667,157,275,1.75,0.7672930000808265,14
gen_frontend_react_005,memgpt_style,frontend/react,synthetic,semi,completed_tasks,6,2,2,1.0,0.3333,0.5,80,275,3.44,0.27176899993719417,7
gen_frontend_react_005,memgpt_style,frontend/react,synthetic,semi,pending_tasks,3,1,1,1.0,0.3333,0.5,80,275,3.44,0.27176899993719417,7
gen_frontend_react_005,memgpt_style,frontend/react,synthetic,semi,decisions,2,1,1,1.0,0.5,0.6667,80,275,3.44,0.27176899993719417,7
gen_frontend_react_005,memgpt_style,frontend/react,synthetic,semi,files,2,2,0,0.0,0.0,0.0,80,275,3.44,0.27176899993719417,7
gen_frontend_react_005,memgpt_style,frontend/react,synthetic,semi,errors,1,1,1,1.0,1.0,1.0,80,275,3.44,0.27176899993719417,7
gen_frontend_react_005,sliding_window_10,frontend/react,synthetic,semi,completed_tasks,6,12,2,0.1667,0.3333,0.2222,126,275,2.18,0.002936999862868106,12
gen_frontend_react_005,sliding_window_10,frontend/react,synthetic,semi,pending_tasks,3,12,1,0.0833,0.3333,0.1333,126,275,2.18,0.002936999862868106,12
gen_frontend_react_005,sliding_window_10,frontend/react,synthetic,semi,decisions,2,12,1,0.0833,0.5,0.1429,126,275,2.18,0.002936999862868106,12
gen_frontend_react_005,sliding_window_10,frontend/react,synthetic,semi,files,2,12,2,0.1667,1.0,0.2857,126,275,2.18,0.002936999862868106,12
gen_frontend_react_005,sliding_window_10,frontend/react,synthetic,semi,errors,1,12,1,0.0833,1.0,0.1538,126,275,2.18,0.002936999862868106,12
gen_frontend_react_005,naive_truncation,frontend/react,synthetic,semi,completed_tasks,6,26,6,0.2308,1.0,0.375,287,275,0.96,0.011432000064814929,26
gen_frontend_react_005,naive_truncation,frontend/react,synthetic,semi,pending_tasks,3,26,3,0.1154,1.0,0.2069,287,275,0.96,0.011432000064814929,26
gen_frontend_react_005,naive_truncation,frontend/react,synthetic,semi,decisions,2,26,2,0.0769,1.0,0.1429,287,275,0.96,0.011432000064814929,26
gen_frontend_react_005,naive_truncation,frontend/react,synthetic,semi,files,2,26,2,0.0769,1.0,0.1429,287,275,0.96,0.011432000064814929,26
gen_frontend_react_005,naive_truncation,frontend/react,synthetic,semi,errors,1,26,1,0.0385,1.0,0.0741,287,275,0.96,0.011432000064814929,26
gen_frontend_react_005,naive_summary,frontend/react,synthetic,semi,completed_tasks,6,16,4,0.25,0.6667,0.3636,175,275,1.57,0.03425900013098726,16
gen_frontend_react_005,naive_summary,frontend/react,synthetic,semi,pending_tasks,3,16,2,0.125,0.6667,0.2105,175,275,1.57,0.03425900013098726,16
gen_frontend_react_005,naive_summary,frontend/react,synthetic,semi,decisions,2,16,1,0.0625,0.5,0.1111,175,275,1.57,0.03425900013098726,16
gen_frontend_react_005,naive_summary,frontend/react,synthetic,semi,files,2,16,0,0.0,0.0,0.0,175,275,1.57,0.03425900013098726,16
gen_frontend_react_005,naive_summary,frontend/react,synthetic,semi,errors,1,16,0,0.0,0.0,0.0,175,275,1.57,0.03425900013098726,16
gen_frontend_react_006,tokenmizer_v0.5.2,frontend/react,synthetic,semi,completed_tasks,3,3,3,1.0,1.0,1.0,187,277,1.48,218.16222000006746,17
gen_frontend_react_006,tokenmizer_v0.5.2,frontend/react,synthetic,semi,pending_tasks,3,3,3,1.0,1.0,1.0,187,277,1.48,218.16222000006746,17
gen_frontend_react_006,tokenmizer_v0.5.2,frontend/react,synthetic,semi,decisions,3,5,3,0.6,1.0,0.75,187,277,1.48,218.16222000006746,17
gen_frontend_react_006,tokenmizer_v0.5.2,frontend/react,synthetic,semi,files,4,4,4,1.0,1.0,1.0,187,277,1.48,218.16222000006746,17
gen_frontend_react_006,tokenmizer_v0.5.2,frontend/react,synthetic,semi,errors,2,2,2,1.0,1.0,1.0,187,277,1.48,218.16222000006746,17
gen_frontend_react_006,graphiti_style,frontend/react,synthetic,semi,completed_tasks,3,3,3,1.0,1.0,1.0,145,277,1.91,0.7379600001513609,17
gen_frontend_react_006,graphiti_style,frontend/react,synthetic,semi,pending_tasks,3,3,1,0.3333,0.3333,0.3333,145,277,1.91,0.7379600001513609,17
gen_frontend_react_006,graphiti_style,frontend/react,synthetic,semi,decisions,3,5,3,0.6,1.0,0.75,145,277,1.91,0.7379600001513609,17
gen_frontend_react_006,graphiti_style,frontend/react,synthetic,semi,files,4,4,3,0.75,0.75,0.75,145,277,1.91,0.7379600001513609,17
gen_frontend_react_006,graphiti_style,frontend/react,synthetic,semi,errors,2,2,2,1.0,1.0,1.0,145,277,1.91,0.7379600001513609,17
gen_frontend_react_006,graphrag_style,frontend/react,synthetic,semi,completed_tasks,3,0,0,1.0,0.0,0.0,78,277,3.55,0.3949570000258973,10
gen_frontend_react_006,graphrag_style,frontend/react,synthetic,semi,pending_tasks,3,1,0,0.0,0.0,0.0,78,277,3.55,0.3949570000258973,10
gen_frontend_react_006,graphrag_style,frontend/react,synthetic,semi,decisions,3,4,3,0.75,1.0,0.8571,78,277,3.55,0.3949570000258973,10
gen_frontend_react_006,graphrag_style,frontend/react,synthetic,semi,files,4,4,3,0.75,0.75,0.75,78,277,3.55,0.3949570000258973,10
gen_frontend_react_006,graphrag_style,frontend/react,synthetic,semi,errors,2,1,1,1.0,0.5,0.6667,78,277,3.55,0.3949570000258973,10
gen_frontend_react_006,mem0_style,frontend/react,synthetic,semi,completed_tasks,3,3,3,1.0,1.0,1.0,141,277,1.96,0.7315779998862126,16
gen_frontend_react_006,mem0_style,frontend/react,synthetic,semi,pending_tasks,3,2,1,0.5,0.3333,0.4,141,277,1.96,0.7315779998862126,16
gen_frontend_react_006,mem0_style,frontend/react,synthetic,semi,decisions,3,5,3,0.6,1.0,0.75,141,277,1.96,0.7315779998862126,16
gen_frontend_react_006,mem0_style,frontend/react,synthetic,semi,files,4,4,3,0.75,0.75,0.75,141,277,1.96,0.7315779998862126,16
gen_frontend_react_006,mem0_style,frontend/react,synthetic,semi,errors,2,2,2,1.0,1.0,1.0,141,277,1.96,0.7315779998862126,16
gen_frontend_react_006,memgpt_style,frontend/react,synthetic,semi,completed_tasks,3,2,2,1.0,0.6667,0.8,71,277,3.9,0.27784100029748515,9
gen_frontend_react_006,memgpt_style,frontend/react,synthetic,semi,pending_tasks,3,2,0,0.0,0.0,0.0,71,277,3.9,0.27784100029748515,9
gen_frontend_react_006,memgpt_style,frontend/react,synthetic,semi,decisions,3,3,2,0.6667,0.6667,0.6667,71,277,3.9,0.27784100029748515,9
gen_frontend_react_006,memgpt_style,frontend/react,synthetic,semi,files,4,2,1,0.5,0.25,0.3333,71,277,3.9,0.27784100029748515,9
gen_frontend_react_006,memgpt_style,frontend/react,synthetic,semi,errors,2,0,0,1.0,0.0,0.0,71,277,3.9,0.27784100029748515,9
gen_frontend_react_006,sliding_window_10,frontend/react,synthetic,semi,completed_tasks,3,12,2,0.1667,0.6667,0.2667,121,277,2.29,0.002527000106056221,12
gen_frontend_react_006,sliding_window_10,frontend/react,synthetic,semi,pending_tasks,3,12,1,0.0833,0.3333,0.1333,121,277,2.29,0.002527000106056221,12
gen_frontend_react_006,sliding_window_10,frontend/react,synthetic,semi,decisions,3,12,2,0.1667,0.6667,0.2667,121,277,2.29,0.002527000106056221,12
gen_frontend_react_006,sliding_window_10,frontend/react,synthetic,semi,files,4,12,2,0.1667,0.5,0.25,121,277,2.29,0.002527000106056221,12
gen_frontend_react_006,sliding_window_10,frontend/react,synthetic,semi,errors,2,12,0,0.0,0.0,0.0,121,277,2.29,0.002527000106056221,12
gen_frontend_react_006,naive_truncation,frontend/react,synthetic,semi,completed_tasks,3,28,3,0.1071,1.0,0.1935,293,277,0.95,0.011132000054203672,28
gen_frontend_react_006,naive_truncation,frontend/react,synthetic,semi,pending_tasks,3,28,3,0.1071,1.0,0.1935,293,277,0.95,0.011132000054203672,28
gen_frontend_react_006,naive_truncation,frontend/react,synthetic,semi,decisions,3,28,3,0.1071,1.0,0.1935,293,277,0.95,0.011132000054203672,28
gen_frontend_react_006,naive_truncation,frontend/react,synthetic,semi,files,4,28,4,0.1429,1.0,0.25,293,277,0.95,0.011132000054203672,28
gen_frontend_react_006,naive_truncation,frontend/react,synthetic,semi,errors,2,28,2,0.0714,1.0,0.1333,293,277,0.95,0.011132000054203672,28
gen_frontend_react_006,naive_summary,frontend/react,synthetic,semi,completed_tasks,3,17,1,0.0588,0.3333,0.1,172,277,1.61,0.06403999987014686,17
gen_frontend_react_006,naive_summary,frontend/react,synthetic,semi,pending_tasks,3,17,2,0.1176,0.6667,0.2,172,277,1.61,0.06403999987014686,17
gen_frontend_react_006,naive_summary,frontend/react,synthetic,semi,decisions,3,17,1,0.0588,0.3333,0.1,172,277,1.61,0.06403999987014686,17
gen_frontend_react_006,naive_summary,frontend/react,synthetic,semi,files,4,17,2,0.1176,0.5,0.1905,172,277,1.61,0.06403999987014686,17
gen_frontend_react_006,naive_summary,frontend/react,synthetic,semi,errors,2,17,2,0.1176,1.0,0.2105,172,277,1.61,0.06403999987014686,17
gen_infra_terraform_001,tokenmizer_v0.5.2,infra/terraform,synthetic,implicit,completed_tasks,4,1,1,1.0,0.25,0.4,136,480,3.53,226.7465209997681,12
gen_infra_terraform_001,tokenmizer_v0.5.2,infra/terraform,synthetic,implicit,pending_tasks,3,0,0,1.0,0.0,0.0,136,480,3.53,226.7465209997681,12
gen_infra_terraform_001,tokenmizer_v0.5.2,infra/terraform,synthetic,implicit,decisions,5,4,4,1.0,0.8,0.8889,136,480,3.53,226.7465209997681,12
gen_infra_terraform_001,tokenmizer_v0.5.2,infra/terraform,synthetic,implicit,files,5,5,5,1.0,1.0,1.0,136,480,3.53,226.7465209997681,12
gen_infra_terraform_001,tokenmizer_v0.5.2,infra/terraform,synthetic,implicit,errors,1,2,1,1.0,1.0,1.0,136,480,3.53,226.7465209997681,12
gen_infra_terraform_001,graphiti_style,infra/terraform,synthetic,implicit,completed_tasks,4,0,0,1.0,0.0,0.0,56,480,8.57,1.2805470000785135,9
gen_infra_terraform_001,graphiti_style,infra/terraform,synthetic,implicit,pending_tasks,3,2,0,0.0,0.0,0.0,56,480,8.57,1.2805470000785135,9
gen_infra_terraform_001,graphiti_style,infra/terraform,synthetic,implicit,decisions,5,1,0,0.0,0.0,0.0,56,480,8.57,1.2805470000785135,9
gen_infra_terraform_001,graphiti_style,infra/terraform,synthetic,implicit,files,5,5,5,1.0,1.0,1.0,56,480,8.57,1.2805470000785135,9
gen_infra_terraform_001,graphiti_style,infra/terraform,synthetic,implicit,errors,1,1,0,0.0,0.0,0.0,56,480,8.57,1.2805470000785135,9
gen_infra_terraform_001,graphrag_style,infra/terraform,synthetic,implicit,completed_tasks,4,0,0,1.0,0.0,0.0,70,480,6.86,0.5925130003561208,10
gen_infra_terraform_001,graphrag_style,infra/terraform,synthetic,implicit,pending_tasks,3,2,0,0.0,0.0,0.0,70,480,6.86,0.5925130003561208,10
gen_infra_terraform_001,graphrag_style,infra/terraform,synthetic,implicit,decisions,5,1,0,0.0,0.0,0.0,70,480,6.86,0.5925130003561208,10
gen_infra_terraform_001,graphrag_style,infra/terraform,synthetic,implicit,files,5,5,5,1.0,1.0,1.0,70,480,6.86,0.5925130003561208,10
gen_infra_terraform_001,graphrag_style,infra/terraform,synthetic,implicit,errors,1,2,1,0.5,1.0,0.6667,70,480,6.86,0.5925130003561208,10
gen_infra_terraform_001,mem0_style,infra/terraform,synthetic,implicit,completed_tasks,4,0,0,1.0,0.0,0.0,55,480,8.73,1.1791629999606812,9
gen_infra_terraform_001,mem0_style,infra/terraform,synthetic,implicit,pending_tasks,3,2,0,0.0,0.0,0.0,55,480,8.73,1.1791629999606812,9
gen_infra_terraform_001,mem0_style,infra/terraform,synthetic,implicit,decisions,5,1,0,0.0,0.0,0.0,55,480,8.73,1.1791629999606812,9
gen_infra_terraform_001,mem0_style,infra/terraform,synthetic,implicit,files,5,5,5,1.0,1.0,1.0,55,480,8.73,1.1791629999606812,9
gen_infra_terraform_001,mem0_style,infra/terraform,synthetic,implicit,errors,1,1,0,0.0,0.0,0.0,55,480,8.73,1.1791629999606812,9
gen_infra_terraform_001,memgpt_style,infra/terraform,synthetic,implicit,completed_tasks,4,0,0,1.0,0.0,0.0,38,480,12.63,0.4332839998824056,6
gen_infra_terraform_001,memgpt_style,infra/terraform,synthetic,implicit,pending_tasks,3,1,0,0.0,0.0,0.0,38,480,12.63,0.4332839998824056,6
gen_infra_terraform_001,memgpt_style,infra/terraform,synthetic,implicit,decisions,5,1,0,0.0,0.0,0.0,38,480,12.63,0.4332839998824056,6
gen_infra_terraform_001,memgpt_style,infra/terraform,synthetic,implicit,files,5,4,4,1.0,0.8,0.8889,38,480,12.63,0.4332839998824056,6
gen_infra_terraform_001,memgpt_style,infra/terraform,synthetic,implicit,errors,1,0,0,1.0,0.0,0.0,38,480,12.63,0.4332839998824056,6
gen_infra_terraform_001,sliding_window_10,infra/terraform,synthetic,implicit,completed_tasks,4,12,1,0.0833,0.25,0.125,187,480,2.57,0.003304999609099468,12
gen_infra_terraform_001,sliding_window_10,infra/terraform,synthetic,implicit,pending_tasks,3,12,0,0.0,0.0,0.0,187,480,2.57,0.003304999609099468,12
gen_infra_terraform_001,sliding_window_10,infra/terraform,synthetic,implicit,decisions,5,12,1,0.0833,0.2,0.1176,187,480,2.57,0.003304999609099468,12
gen_infra_terraform_001,sliding_window_10,infra/terraform,synthetic,implicit,files,5,12,4,0.3333,0.8,0.4706,187,480,2.57,0.003304999609099468,12
gen_infra_terraform_001,sliding_window_10,infra/terraform,synthetic,implicit,errors,1,12,1,0.0833,1.0,0.1538,187,480,2.57,0.003304999609099468,12
gen_infra_terraform_001,naive_truncation,infra/terraform,synthetic,implicit,completed_tasks,4,19,2,0.1053,0.5,0.1739,308,480,1.56,0.012882999726571143,19
gen_infra_terraform_001,naive_truncation,infra/terraform,synthetic,implicit,pending_tasks,3,19,2,0.1053,0.6667,0.1818,308,480,1.56,0.012882999726571143,19
gen_infra_terraform_001,naive_truncation,infra/terraform,synthetic,implicit,decisions,5,19,2,0.1053,0.4,0.1667,308,480,1.56,0.012882999726571143,19
gen_infra_terraform_001,naive_truncation,infra/terraform,synthetic,implicit,files,5,19,5,0.2632,1.0,0.4167,308,480,1.56,0.012882999726571143,19
gen_infra_terraform_001,naive_truncation,infra/terraform,synthetic,implicit,errors,1,19,1,0.0526,1.0,0.1,308,480,1.56,0.012882999726571143,19
gen_infra_terraform_001,naive_summary,infra/terraform,synthetic,implicit,completed_tasks,4,10,2,0.2,0.5,0.2857,172,480,2.79,0.05062199988969951,10
gen_infra_terraform_001,naive_summary,infra/terraform,synthetic,implicit,pending_tasks,3,10,1,0.1,0.3333,0.1538,172,480,2.79,0.05062199988969951,10
gen_infra_terraform_001,naive_summary,infra/terraform,synthetic,implicit,decisions,5,10,3,0.3,0.6,0.4,172,480,2.79,0.05062199988969951,10
gen_infra_terraform_001,naive_summary,infra/terraform,synthetic,implicit,files,5,10,0,0.0,0.0,0.0,172,480,2.79,0.05062199988969951,10
gen_infra_terraform_001,naive_summary,infra/terraform,synthetic,implicit,errors,1,10,0,0.0,0.0,0.0,172,480,2.79,0.05062199988969951,10
gen_infra_terraform_002,tokenmizer_v0.5.2,infra/terraform,synthetic,implicit,completed_tasks,4,2,2,1.0,0.5,0.6667,90,387,4.3,230.0574260002577,11
gen_infra_terraform_002,tokenmizer_v0.5.2,infra/terraform,synthetic,implicit,pending_tasks,4,3,3,1.0,0.75,0.8571,90,387,4.3,230.0574260002577,11
gen_infra_terraform_002,tokenmizer_v0.5.2,infra/terraform,synthetic,implicit,decisions,2,3,2,0.6667,1.0,0.8,90,387,4.3,230.0574260002577,11
gen_infra_terraform_002,tokenmizer_v0.5.2,infra/terraform,synthetic,implicit,files,3,3,3,1.0,1.0,1.0,90,387,4.3,230.0574260002577,11
gen_infra_terraform_002,tokenmizer_v0.5.2,infra/terraform,synthetic,implicit,errors,1,0,0,1.0,0.0,0.0,90,387,4.3,230.0574260002577,11
gen_infra_terraform_002,graphiti_style,infra/terraform,synthetic,implicit,completed_tasks,4,0,0,1.0,0.0,0.0,41,387,9.44,0.9809539997149841,7
gen_infra_terraform_002,graphiti_style,infra/terraform,synthetic,implicit,pending_tasks,4,2,0,0.0,0.0,0.0,41,387,9.44,0.9809539997149841,7
gen_infra_terraform_002,graphiti_style,infra/terraform,synthetic,implicit,decisions,2,1,0,0.0,0.0,0.0,41,387,9.44,0.9809539997149841,7
gen_infra_terraform_002,graphiti_style,infra/terraform,synthetic,implicit,files,3,3,3,1.0,1.0,1.0,41,387,9.44,0.9809539997149841,7
gen_infra_terraform_002,graphiti_style,infra/terraform,synthetic,implicit,errors,1,1,0,0.0,0.0,0.0,41,387,9.44,0.9809539997149841,7
gen_infra_terraform_002,graphrag_style,infra/terraform,synthetic,implicit,completed_tasks,4,0,0,1.0,0.0,0.0,36,387,10.75,0.4757130000143661,6
gen_infra_terraform_002,graphrag_style,infra/terraform,synthetic,implicit,pending_tasks,4,2,0,0.0,0.0,0.0,36,387,10.75,0.4757130000143661,6
gen_infra_terraform_002,graphrag_style,infra/terraform,synthetic,implicit,decisions,2,0,0,1.0,0.0,0.0,36,387,10.75,0.4757130000143661,6
gen_infra_terraform_002,graphrag_style,infra/terraform,synthetic,implicit,files,3,3,3,1.0,1.0,1.0,36,387,10.75,0.4757130000143661,6
gen_infra_terraform_002,graphrag_style,infra/terraform,synthetic,implicit,errors,1,1,0,0.0,0.0,0.0,36,387,10.75,0.4757130000143661,6
gen_infra_terraform_002,mem0_style,infra/terraform,synthetic,implicit,completed_tasks,4,0,0,1.0,0.0,0.0,40,387,9.68,1.2650789999497647,7
gen_infra_terraform_002,mem0_style,infra/terraform,synthetic,implicit,pending_tasks,4,2,0,0.0,0.0,0.0,40,387,9.68,1.2650789999497647,7
gen_infra_terraform_002,mem0_style,infra/terraform,synthetic,implicit,decisions,2,1,0,0.0,0.0,0.0,40,387,9.68,1.2650789999497647,7
gen_infra_terraform_002,mem0_style,infra/terraform,synthetic,implicit,files,3,3,3,1.0,1.0,1.0,40,387,9.68,1.2650789999497647,7
gen_infra_terraform_002,mem0_style,infra/terraform,synthetic,implicit,errors,1,1,0,0.0,0.0,0.0,40,387,9.68,1.2650789999497647,7
gen_infra_terraform_002,memgpt_style,infra/terraform,synthetic,implicit,completed_tasks,4,0,0,1.0,0.0,0.0,23,387,16.83,0.4644770001505094,3
gen_infra_terraform_002,memgpt_style,infra/terraform,synthetic,implicit,pending_tasks,4,1,0,0.0,0.0,0.0,23,387,16.83,0.4644770001505094,3
gen_infra_terraform_002,memgpt_style,infra/terraform,synthetic,implicit,decisions,2,0,0,1.0,0.0,0.0,23,387,16.83,0.4644770001505094,3
gen_infra_terraform_002,memgpt_style,infra/terraform,synthetic,implicit,files,3,1,1,1.0,0.3333,0.5,23,387,16.83,0.4644770001505094,3
gen_infra_terraform_002,memgpt_style,infra/terraform,synthetic,implicit,errors,1,1,0,0.0,0.0,0.0,23,387,16.83,0.4644770001505094,3
gen_infra_terraform_002,sliding_window_10,infra/terraform,synthetic,implicit,completed_tasks,4,12,3,0.25,0.75,0.375,186,387,2.08,0.0034360000427113846,12
gen_infra_terraform_002,sliding_window_10,infra/terraform,synthetic,implicit,pending_tasks,4,12,3,0.25,0.75,0.375,186,387,2.08,0.0034360000427113846,12
gen_infra_terraform_002,sliding_window_10,infra/terraform,synthetic,implicit,decisions,2,12,0,0.0,0.0,0.0,186,387,2.08,0.0034360000427113846,12
gen_infra_terraform_002,sliding_window_10,infra/terraform,synthetic,implicit,files,3,12,1,0.0833,0.3333,0.1333,186,387,2.08,0.0034360000427113846,12
gen_infra_terraform_002,sliding_window_10,infra/terraform,synthetic,implicit,errors,1,12,0,0.0,0.0,0.0,186,387,2.08,0.0034360000427113846,12
gen_infra_terraform_002,naive_truncation,infra/terraform,synthetic,implicit,completed_tasks,4,19,4,0.2105,1.0,0.3478,291,387,1.33,0.013480999768944457,19
gen_infra_terraform_002,naive_truncation,infra/terraform,synthetic,implicit,pending_tasks,4,19,3,0.1579,0.75,0.2609,291,387,1.33,0.013480999768944457,19
gen_infra_terraform_002,naive_truncation,infra/terraform,synthetic,implicit,decisions,2,19,1,0.0526,0.5,0.0952,291,387,1.33,0.013480999768944457,19
gen_infra_terraform_002,naive_truncation,infra/terraform,synthetic,implicit,files,3,19,3,0.1579,1.0,0.2727,291,387,1.33,0.013480999768944457,19
gen_infra_terraform_002,naive_truncation,infra/terraform,synthetic,implicit,errors,1,19,0,0.0,0.0,0.0,291,387,1.33,0.013480999768944457,19
gen_infra_terraform_002,naive_summary,infra/terraform,synthetic,implicit,completed_tasks,4,13,0,0.0,0.0,0.0,190,387,2.04,0.036083000395592535,13
gen_infra_terraform_002,naive_summary,infra/terraform,synthetic,implicit,pending_tasks,4,13,1,0.0769,0.25,0.1176,190,387,2.04,0.036083000395592535,13
gen_infra_terraform_002,naive_summary,infra/terraform,synthetic,implicit,decisions,2,13,2,0.1538,1.0,0.2667,190,387,2.04,0.036083000395592535,13
gen_infra_terraform_002,naive_summary,infra/terraform,synthetic,implicit,files,3,13,2,0.1538,0.6667,0.25,190,387,2.04,0.036083000395592535,13
gen_infra_terraform_002,naive_summary,infra/terraform,synthetic,implicit,errors,1,13,1,0.0769,1.0,0.1429,190,387,2.04,0.036083000395592535,13
gen_infra_terraform_003,tokenmizer_v0.5.2,infra/terraform,synthetic,implicit,completed_tasks,4,2,2,1.0,0.5,0.6667,94,404,4.3,226.15297799984546,11
gen_infra_terraform_003,tokenmizer_v0.5.2,infra/terraform,synthetic,implicit,pending_tasks,2,1,1,1.0,0.5,0.6667,94,404,4.3,226.15297799984546,11
gen_infra_terraform_003,tokenmizer_v0.5.2,infra/terraform,synthetic,implicit,decisions,2,2,2,1.0,1.0,1.0,94,404,4.3,226.15297799984546,11
gen_infra_terraform_003,tokenmizer_v0.5.2,infra/terraform,synthetic,implicit,files,6,6,6,1.0,1.0,1.0,94,404,4.3,226.15297799984546,11
gen_infra_terraform_003,tokenmizer_v0.5.2,infra/terraform,synthetic,implicit,errors,1,0,0,1.0,0.0,0.0,94,404,4.3,226.15297799984546,11
gen_infra_terraform_003,graphiti_style,infra/terraform,synthetic,implicit,completed_tasks,4,0,0,1.0,0.0,0.0,47,404,8.6,1.1053900002480077,8
gen_infra_terraform_003,graphiti_style,infra/terraform,synthetic,implicit,pending_tasks,2,1,0,0.0,0.0,0.0,47,404,8.6,1.1053900002480077,8
gen_infra_terraform_003,graphiti_style,infra/terraform,synthetic,implicit,decisions,2,1,0,0.0,0.0,0.0,47,404,8.6,1.1053900002480077,8
gen_infra_terraform_003,graphiti_style,infra/terraform,synthetic,implicit,files,6,6,6,1.0,1.0,1.0,47,404,8.6,1.1053900002480077,8
gen_infra_terraform_003,graphiti_style,infra/terraform,synthetic,implicit,errors,1,0,0,1.0,0.0,0.0,47,404,8.6,1.1053900002480077,8
gen_infra_terraform_003,graphrag_style,infra/terraform,synthetic,implicit,completed_tasks,4,0,0,1.0,0.0,0.0,47,404,8.6,0.47553900003549643,8
gen_infra_terraform_003,graphrag_style,infra/terraform,synthetic,implicit,pending_tasks,2,1,0,0.0,0.0,0.0,47,404,8.6,0.47553900003549643,8
gen_infra_terraform_003,graphrag_style,infra/terraform,synthetic,implicit,decisions,2,1,0,0.0,0.0,0.0,47,404,8.6,0.47553900003549643,8
gen_infra_terraform_003,graphrag_style,infra/terraform,synthetic,implicit,files,6,6,6,1.0,1.0,1.0,47,404,8.6,0.47553900003549643,8
gen_infra_terraform_003,graphrag_style,infra/terraform,synthetic,implicit,errors,1,0,0,1.0,0.0,0.0,47,404,8.6,0.47553900003549643,8
gen_infra_terraform_003,mem0_style,infra/terraform,synthetic,implicit,completed_tasks,4,0,0,1.0,0.0,0.0,46,404,8.78,1.0186240001530678,8
gen_infra_terraform_003,mem0_style,infra/terraform,synthetic,implicit,pending_tasks,2,1,0,0.0,0.0,0.0,46,404,8.78,1.0186240001530678,8
gen_infra_terraform_003,mem0_style,infra/terraform,synthetic,implicit,decisions,2,1,0,0.0,0.0,0.0,46,404,8.78,1.0186240001530678,8
gen_infra_terraform_003,mem0_style,infra/terraform,synthetic,implicit,files,6,6,6,1.0,1.0,1.0,46,404,8.78,1.0186240001530678,8
gen_infra_terraform_003,mem0_style,infra/terraform,synthetic,implicit,errors,1,0,0,1.0,0.0,0.0,46,404,8.78,1.0186240001530678,8
gen_infra_terraform_003,memgpt_style,infra/terraform,synthetic,implicit,completed_tasks,4,0,0,1.0,0.0,0.0,32,404,12.62,0.3767540001717862,5
gen_infra_terraform_003,memgpt_style,infra/terraform,synthetic,implicit,pending_tasks,2,0,0,1.0,0.0,0.0,32,404,12.62,0.3767540001717862,5
gen_infra_terraform_003,memgpt_style,infra/terraform,synthetic,implicit,decisions,2,1,0,0.0,0.0,0.0,32,404,12.62,0.3767540001717862,5
gen_infra_terraform_003,memgpt_style,infra/terraform,synthetic,implicit,files,6,4,4,1.0,0.6667,0.8,32,404,12.62,0.3767540001717862,5
gen_infra_terraform_003,memgpt_style,infra/terraform,synthetic,implicit,errors,1,0,0,1.0,0.0,0.0,32,404,12.62,0.3767540001717862,5
gen_infra_terraform_003,sliding_window_10,infra/terraform,synthetic,implicit,completed_tasks,4,12,2,0.1667,0.5,0.25,177,404,2.28,0.002590999883977929,12
gen_infra_terraform_003,sliding_window_10,infra/terraform,synthetic,implicit,pending_tasks,2,12,0,0.0,0.0,0.0,177,404,2.28,0.002590999883977929,12
gen_infra_terraform_003,sliding_window_10,infra/terraform,synthetic,implicit,decisions,2,12,1,0.0833,0.5,0.1429,177,404,2.28,0.002590999883977929,12
gen_infra_terraform_003,sliding_window_10,infra/terraform,synthetic,implicit,files,6,12,4,0.3333,0.6667,0.4444,177,404,2.28,0.002590999883977929,12
gen_infra_terraform_003,sliding_window_10,infra/terraform,synthetic,implicit,errors,1,12,0,0.0,0.0,0.0,177,404,2.28,0.002590999883977929,12
gen_infra_terraform_003,naive_truncation,infra/terraform,synthetic,implicit,completed_tasks,4,20,3,0.15,0.75,0.25,282,404,1.43,0.014287000340118539,20
gen_infra_terraform_003,naive_truncation,infra/terraform,synthetic,implicit,pending_tasks,2,20,0,0.0,0.0,0.0,282,404,1.43,0.014287000340118539,20
gen_infra_terraform_003,naive_truncation,infra/terraform,synthetic,implicit,decisions,2,20,1,0.05,0.5,0.0909,282,404,1.43,0.014287000340118539,20
gen_infra_terraform_003,naive_truncation,infra/terraform,synthetic,implicit,files,6,20,6,0.3,1.0,0.4615,282,404,1.43,0.014287000340118539,20
gen_infra_terraform_003,naive_truncation,infra/terraform,synthetic,implicit,errors,1,20,1,0.05,1.0,0.0952,282,404,1.43,0.014287000340118539,20
gen_infra_terraform_003,naive_summary,infra/terraform,synthetic,implicit,completed_tasks,4,13,1,0.0769,0.25,0.1176,171,404,2.36,0.054427000122814206,13
gen_infra_terraform_003,naive_summary,infra/terraform,synthetic,implicit,pending_tasks,2,13,2,0.1538,1.0,0.2667,171,404,2.36,0.054427000122814206,13
gen_infra_terraform_003,naive_summary,infra/terraform,synthetic,implicit,decisions,2,13,1,0.0769,0.5,0.1333,171,404,2.36,0.054427000122814206,13
gen_infra_terraform_003,naive_summary,infra/terraform,synthetic,implicit,files,6,13,0,0.0,0.0,0.0,171,404,2.36,0.054427000122814206,13
gen_infra_terraform_003,naive_summary,infra/terraform,synthetic,implicit,errors,1,13,1,0.0769,1.0,0.1429,171,404,2.36,0.054427000122814206,13
gen_infra_terraform_004,tokenmizer_v0.5.2,infra/terraform,synthetic,implicit,completed_tasks,7,4,3,0.75,0.4286,0.5455,139,576,4.14,277.8213080000569,16
gen_infra_terraform_004,tokenmizer_v0.5.2,infra/terraform,synthetic,implicit,pending_tasks,4,3,3,1.0,0.75,0.8571,139,576,4.14,277.8213080000569,16
gen_infra_terraform_004,tokenmizer_v0.5.2,infra/terraform,synthetic,implicit,decisions,4,4,4,1.0,1.0,1.0,139,576,4.14,277.8213080000569,16
gen_infra_terraform_004,tokenmizer_v0.5.2,infra/terraform,synthetic,implicit,files,5,5,5,1.0,1.0,1.0,139,576,4.14,277.8213080000569,16
gen_infra_terraform_004,tokenmizer_v0.5.2,infra/terraform,synthetic,implicit,errors,1,0,0,1.0,0.0,0.0,139,576,4.14,277.8213080000569,16
gen_infra_terraform_004,graphiti_style,infra/terraform,synthetic,implicit,completed_tasks,7,1,0,0.0,0.0,0.0,54,576,10.67,1.5135089997784235,8
gen_infra_terraform_004,graphiti_style,infra/terraform,synthetic,implicit,pending_tasks,4,2,0,0.0,0.0,0.0,54,576,10.67,1.5135089997784235,8
gen_infra_terraform_004,graphiti_style,infra/terraform,synthetic,implicit,decisions,4,0,0,1.0,0.0,0.0,54,576,10.67,1.5135089997784235,8
gen_infra_terraform_004,graphiti_style,infra/terraform,synthetic,implicit,files,5,5,5,1.0,1.0,1.0,54,576,10.67,1.5135089997784235,8
gen_infra_terraform_004,graphiti_style,infra/terraform,synthetic,implicit,errors,1,0,0,1.0,0.0,0.0,54,576,10.67,1.5135089997784235,8
gen_infra_terraform_004,graphrag_style,infra/terraform,synthetic,implicit,completed_tasks,7,0,0,1.0,0.0,0.0,43,576,13.4,0.7257300003402634,7
gen_infra_terraform_004,graphrag_style,infra/terraform,synthetic,implicit,pending_tasks,4,2,0,0.0,0.0,0.0,43,576,13.4,0.7257300003402634,7
gen_infra_terraform_004,graphrag_style,infra/terraform,synthetic,implicit,decisions,4,0,0,1.0,0.0,0.0,43,576,13.4,0.7257300003402634,7
gen_infra_terraform_004,graphrag_style,infra/terraform,synthetic,implicit,files,5,5,5,1.0,1.0,1.0,43,576,13.4,0.7257300003402634,7
gen_infra_terraform_004,graphrag_style,infra/terraform,synthetic,implicit,errors,1,0,0,1.0,0.0,0.0,43,576,13.4,0.7257300003402634,7
gen_infra_terraform_004,mem0_style,infra/terraform,synthetic,implicit,completed_tasks,7,1,0,0.0,0.0,0.0,53,576,10.87,1.382899000418547,8
gen_infra_terraform_004,mem0_style,infra/terraform,synthetic,implicit,pending_tasks,4,2,0,0.0,0.0,0.0,53,576,10.87,1.382899000418547,8
gen_infra_terraform_004,mem0_style,infra/terraform,synthetic,implicit,decisions,4,0,0,1.0,0.0,0.0,53,576,10.87,1.382899000418547,8
gen_infra_terraform_004,mem0_style,infra/terraform,synthetic,implicit,files,5,5,5,1.0,1.0,1.0,53,576,10.87,1.382899000418547,8
gen_infra_terraform_004,mem0_style,infra/terraform,synthetic,implicit,errors,1,0,0,1.0,0.0,0.0,53,576,10.87,1.382899000418547,8
gen_infra_terraform_004,memgpt_style,infra/terraform,synthetic,implicit,completed_tasks,7,0,0,1.0,0.0,0.0,27,576,21.33,0.5084549998173316,4
gen_infra_terraform_004,memgpt_style,infra/terraform,synthetic,implicit,pending_tasks,4,1,0,0.0,0.0,0.0,27,576,21.33,0.5084549998173316,4
gen_infra_terraform_004,memgpt_style,infra/terraform,synthetic,implicit,decisions,4,0,0,1.0,0.0,0.0,27,576,21.33,0.5084549998173316,4
gen_infra_terraform_004,memgpt_style,infra/terraform,synthetic,implicit,files,5,3,3,1.0,0.6,0.75,27,576,21.33,0.5084549998173316,4
gen_infra_terraform_004,memgpt_style,infra/terraform,synthetic,implicit,errors,1,0,0,1.0,0.0,0.0,27,576,21.33,0.5084549998173316,4
gen_infra_terraform_004,sliding_window_10,infra/terraform,synthetic,implicit,completed_tasks,7,12,4,0.3333,0.5714,0.4211,181,576,3.18,0.004059999810124282,12
gen_infra_terraform_004,sliding_window_10,infra/terraform,synthetic,implicit,pending_tasks,4,12,1,0.0833,0.25,0.125,181,576,3.18,0.004059999810124282,12
gen_infra_terraform_004,sliding_window_10,infra/terraform,synthetic,implicit,decisions,4,12,0,0.0,0.0,0.0,181,576,3.18,0.004059999810124282,12
gen_infra_terraform_004,sliding_window_10,infra/terraform,synthetic,implicit,files,5,12,2,0.1667,0.4,0.2353,181,576,3.18,0.004059999810124282,12
gen_infra_terraform_004,sliding_window_10,infra/terraform,synthetic,implicit,errors,1,12,0,0.0,0.0,0.0,181,576,3.18,0.004059999810124282,12
gen_infra_terraform_004,naive_truncation,infra/terraform,synthetic,implicit,completed_tasks,7,18,4,0.2222,0.5714,0.32,264,576,2.18,0.012324999715929152,18
gen_infra_terraform_004,naive_truncation,infra/terraform,synthetic,implicit,pending_tasks,4,18,1,0.0556,0.25,0.0909,264,576,2.18,0.012324999715929152,18
gen_infra_terraform_004,naive_truncation,infra/terraform,synthetic,implicit,decisions,4,18,1,0.0556,0.25,0.0909,264,576,2.18,0.012324999715929152,18
gen_infra_terraform_004,naive_truncation,infra/terraform,synthetic,implicit,files,5,18,3,0.1667,0.6,0.2609,264,576,2.18,0.012324999715929152,18
gen_infra_terraform_004,naive_truncation,infra/terraform,synthetic,implicit,errors,1,18,1,0.0556,1.0,0.1053,264,576,2.18,0.012324999715929152,18
gen_infra_terraform_004,naive_summary,infra/terraform,synthetic,implicit,completed_tasks,7,12,2,0.1667,0.2857,0.2105,170,576,3.39,0.052162999963911716,12
gen_infra_terraform_004,naive_summary,infra/terraform,synthetic,implicit,pending_tasks,4,12,1,0.0833,0.25,0.125,170,576,3.39,0.052162999963911716,12
gen_infra_terraform_004,naive_summary,infra/terraform,synthetic,implicit,decisions,4,12,1,0.0833,0.25,0.125,170,576,3.39,0.052162999963911716,12
gen_infra_terraform_004,naive_summary,infra/terraform,synthetic,implicit,files,5,12,1,0.0833,0.2,0.1176,170,576,3.39,0.052162999963911716,12
gen_infra_terraform_004,naive_summary,infra/terraform,synthetic,implicit,errors,1,12,0,0.0,0.0,0.0,170,576,3.39,0.052162999963911716,12
gen_infra_terraform_005,tokenmizer_v0.5.2,infra/terraform,synthetic,implicit,completed_tasks,3,1,0,0.0,0.0,0.0,101,408,4.04,231.61811799991483,10
gen_infra_terraform_005,tokenmizer_v0.5.2,infra/terraform,synthetic,implicit,pending_tasks,4,2,2,1.0,0.5,0.6667,101,408,4.04,231.61811799991483,10
gen_infra_terraform_005,tokenmizer_v0.5.2,infra/terraform,synthetic,implicit,decisions,6,5,5,1.0,0.8333,0.9091,101,408,4.04,231.61811799991483,10
gen_infra_terraform_005,tokenmizer_v0.5.2,infra/terraform,synthetic,implicit,files,2,2,2,1.0,1.0,1.0,101,408,4.04,231.61811799991483,10
gen_infra_terraform_005,graphiti_style,infra/terraform,synthetic,implicit,completed_tasks,3,1,0,0.0,0.0,0.0,37,408,11.03,1.0887739999816404,6
gen_infra_terraform_005,graphiti_style,infra/terraform,synthetic,implicit,pending_tasks,4,1,0,0.0,0.0,0.0,37,408,11.03,1.0887739999816404,6
gen_infra_terraform_005,graphiti_style,infra/terraform,synthetic,implicit,decisions,6,2,0,0.0,0.0,0.0,37,408,11.03,1.0887739999816404,6
gen_infra_terraform_005,graphiti_style,infra/terraform,synthetic,implicit,files,2,2,2,1.0,1.0,1.0,37,408,11.03,1.0887739999816404,6
gen_infra_terraform_005,graphrag_style,infra/terraform,synthetic,implicit,completed_tasks,3,0,0,1.0,0.0,0.0,23,408,17.74,0.49892200013346155,4
gen_infra_terraform_005,graphrag_style,infra/terraform,synthetic,implicit,pending_tasks,4,1,0,0.0,0.0,0.0,23,408,17.74,0.49892200013346155,4
gen_infra_terraform_005,graphrag_style,infra/terraform,synthetic,implicit,decisions,6,1,0,0.0,0.0,0.0,23,408,17.74,0.49892200013346155,4
gen_infra_terraform_005,graphrag_style,infra/terraform,synthetic,implicit,files,2,2,2,1.0,1.0,1.0,23,408,17.74,0.49892200013346155,4
gen_infra_terraform_005,mem0_style,infra/terraform,synthetic,implicit,completed_tasks,3,1,0,0.0,0.0,0.0,36,408,11.33,0.9926289999384608,6
gen_infra_terraform_005,mem0_style,infra/terraform,synthetic,implicit,pending_tasks,4,1,0,0.0,0.0,0.0,36,408,11.33,0.9926289999384608,6
gen_infra_terraform_005,mem0_style,infra/terraform,synthetic,implicit,decisions,6,2,0,0.0,0.0,0.0,36,408,11.33,0.9926289999384608,6
gen_infra_terraform_005,mem0_style,infra/terraform,synthetic,implicit,files,2,2,2,1.0,1.0,1.0,36,408,11.33,0.9926289999384608,6
gen_infra_terraform_005,memgpt_style,infra/terraform,synthetic,implicit,completed_tasks,3,0,0,1.0,0.0,0.0,13,408,31.38,0.3418630003579892,2
gen_infra_terraform_005,memgpt_style,infra/terraform,synthetic,implicit,pending_tasks,4,0,0,1.0,0.0,0.0,13,408,31.38,0.3418630003579892,2
gen_infra_terraform_005,memgpt_style,infra/terraform,synthetic,implicit,decisions,6,1,0,0.0,0.0,0.0,13,408,31.38,0.3418630003579892,2
gen_infra_terraform_005,memgpt_style,infra/terraform,synthetic,implicit,files,2,1,1,1.0,0.5,0.6667,13,408,31.38,0.3418630003579892,2
gen_infra_terraform_005,sliding_window_10,infra/terraform,synthetic,implicit,completed_tasks,3,13,0,0.0,0.0,0.0,206,408,1.98,0.0029630000426550396,13
gen_infra_terraform_005,sliding_window_10,infra/terraform,synthetic,implicit,pending_tasks,4,13,3,0.2308,0.75,0.3529,206,408,1.98,0.0029630000426550396,13
gen_infra_terraform_005,sliding_window_10,infra/terraform,synthetic,implicit,decisions,6,13,3,0.2308,0.5,0.3158,206,408,1.98,0.0029630000426550396,13
gen_infra_terraform_005,sliding_window_10,infra/terraform,synthetic,implicit,files,2,13,2,0.1538,1.0,0.2667,206,408,1.98,0.0029630000426550396,13
gen_infra_terraform_005,sliding_window_10,infra/terraform,synthetic,implicit,errors,0,13,0,0.0,1.0,0.0,206,408,1.98,0.0029630000426550396,13
gen_infra_terraform_005,naive_truncation,infra/terraform,synthetic,implicit,completed_tasks,3,18,2,0.1111,0.6667,0.1905,290,408,1.41,0.011208000159967924,18
gen_infra_terraform_005,naive_truncation,infra/terraform,synthetic,implicit,pending_tasks,4,18,4,0.2222,1.0,0.3636,290,408,1.41,0.011208000159967924,18
gen_infra_terraform_005,naive_truncation,infra/terraform,synthetic,implicit,decisions,6,18,3,0.1667,0.5,0.25,290,408,1.41,0.011208000159967924,18
gen_infra_terraform_005,naive_truncation,infra/terraform,synthetic,implicit,files,2,18,2,0.1111,1.0,0.2,290,408,1.41,0.011208000159967924,18
gen_infra_terraform_005,naive_truncation,infra/terraform,synthetic,implicit,errors,0,18,0,0.0,1.0,0.0,290,408,1.41,0.011208000159967924,18
gen_infra_terraform_005,naive_summary,infra/terraform,synthetic,implicit,completed_tasks,3,13,2,0.1538,0.6667,0.25,174,408,2.34,0.03647899984571268,13
gen_infra_terraform_005,naive_summary,infra/terraform,synthetic,implicit,pending_tasks,4,13,0,0.0,0.0,0.0,174,408,2.34,0.03647899984571268,13
gen_infra_terraform_005,naive_summary,infra/terraform,synthetic,implicit,decisions,6,13,3,0.2308,0.5,0.3158,174,408,2.34,0.03647899984571268,13
gen_infra_terraform_005,naive_summary,infra/terraform,synthetic,implicit,files,2,13,0,0.0,0.0,0.0,174,408,2.34,0.03647899984571268,13
gen_infra_terraform_005,naive_summary,infra/terraform,synthetic,implicit,errors,0,13,0,0.0,1.0,0.0,174,408,2.34,0.03647899984571268,13
gen_ml_python_001,tokenmizer_v0.5.2,ml/python,synthetic,explicit,completed_tasks,6,6,6,1.0,1.0,1.0,222,375,1.69,226.7200569999659,22
gen_ml_python_001,tokenmizer_v0.5.2,ml/python,synthetic,explicit,pending_tasks,2,2,2,1.0,1.0,1.0,222,375,1.69,226.7200569999659,22
gen_ml_python_001,tokenmizer_v0.5.2,ml/python,synthetic,explicit,decisions,6,6,6,1.0,1.0,1.0,222,375,1.69,226.7200569999659,22
gen_ml_python_001,tokenmizer_v0.5.2,ml/python,synthetic,explicit,files,5,5,5,1.0,1.0,1.0,222,375,1.69,226.7200569999659,22
gen_ml_python_001,tokenmizer_v0.5.2,ml/python,synthetic,explicit,errors,3,3,3,1.0,1.0,1.0,222,375,1.69,226.7200569999659,22
gen_ml_python_001,graphiti_style,ml/python,synthetic,explicit,completed_tasks,6,8,4,0.5,0.6667,0.5714,224,375,1.67,0.9653629999775148,26
gen_ml_python_001,graphiti_style,ml/python,synthetic,explicit,pending_tasks,2,3,2,0.6667,1.0,0.8,224,375,1.67,0.9653629999775148,26
gen_ml_python_001,graphiti_style,ml/python,synthetic,explicit,decisions,6,8,6,0.75,1.0,0.8571,224,375,1.67,0.9653629999775148,26
gen_ml_python_001,graphiti_style,ml/python,synthetic,explicit,files,5,4,4,1.0,0.8,0.8889,224,375,1.67,0.9653629999775148,26
gen_ml_python_001,graphiti_style,ml/python,synthetic,explicit,errors,3,3,3,1.0,1.0,1.0,224,375,1.67,0.9653629999775148,26
gen_ml_python_001,graphrag_style,ml/python,synthetic,explicit,completed_tasks,6,2,2,1.0,0.3333,0.5,164,375,2.29,0.5618800000775082,18
gen_ml_python_001,graphrag_style,ml/python,synthetic,explicit,pending_tasks,2,2,1,0.5,0.5,0.5,164,375,2.29,0.5618800000775082,18
gen_ml_python_001,graphrag_style,ml/python,synthetic,explicit,decisions,6,7,6,0.8571,1.0,0.9231,164,375,2.29,0.5618800000775082,18
gen_ml_python_001,graphrag_style,ml/python,synthetic,explicit,files,5,4,4,1.0,0.8,0.8889,164,375,2.29,0.5618800000775082,18
gen_ml_python_001,graphrag_style,ml/python,synthetic,explicit,errors,3,3,3,1.0,1.0,1.0,164,375,2.29,0.5618800000775082,18
gen_ml_python_001,mem0_style,ml/python,synthetic,explicit,completed_tasks,6,8,4,0.5,0.6667,0.5714,223,375,1.68,1.0660289999577799,26
gen_ml_python_001,mem0_style,ml/python,synthetic,explicit,pending_tasks,2,3,2,0.6667,1.0,0.8,223,375,1.68,1.0660289999577799,26
gen_ml_python_001,mem0_style,ml/python,synthetic,explicit,decisions,6,8,6,0.75,1.0,0.8571,223,375,1.68,1.0660289999577799,26
gen_ml_python_001,mem0_style,ml/python,synthetic,explicit,files,5,4,4,1.0,0.8,0.8889,223,375,1.68,1.0660289999577799,26
gen_ml_python_001,mem0_style,ml/python,synthetic,explicit,errors,3,3,3,1.0,1.0,1.0,223,375,1.68,1.0660289999577799,26
gen_ml_python_001,memgpt_style,ml/python,synthetic,explicit,completed_tasks,6,2,1,0.5,0.1667,0.25,90,375,4.17,0.30519299980369397,11
gen_ml_python_001,memgpt_style,ml/python,synthetic,explicit,pending_tasks,2,1,1,1.0,0.5,0.6667,90,375,4.17,0.30519299980369397,11
gen_ml_python_001,memgpt_style,ml/python,synthetic,explicit,decisions,6,5,3,0.6,0.5,0.5455,90,375,4.17,0.30519299980369397,11
gen_ml_python_001,memgpt_style,ml/python,synthetic,explicit,files,5,2,2,1.0,0.4,0.5714,90,375,4.17,0.30519299980369397,11
gen_ml_python_001,memgpt_style,ml/python,synthetic,explicit,errors,3,1,1,1.0,0.3333,0.5,90,375,4.17,0.30519299980369397,11
gen_ml_python_001,sliding_window_10,ml/python,synthetic,explicit,completed_tasks,6,11,0,0.0,0.0,0.0,103,375,3.64,0.003270999968663091,11
gen_ml_python_001,sliding_window_10,ml/python,synthetic,explicit,pending_tasks,2,11,1,0.0909,0.5,0.1538,103,375,3.64,0.003270999968663091,11
gen_ml_python_001,sliding_window_10,ml/python,synthetic,explicit,decisions,6,11,3,0.2727,0.5,0.3529,103,375,3.64,0.003270999968663091,11
gen_ml_python_001,sliding_window_10,ml/python,synthetic,explicit,files,5,11,1,0.0909,0.2,0.125,103,375,3.64,0.003270999968663091,11
gen_ml_python_001,sliding_window_10,ml/python,synthetic,explicit,errors,3,11,1,0.0909,0.3333,0.1429,103,375,3.64,0.003270999968663091,11
gen_ml_python_001,naive_truncation,ml/python,synthetic,explicit,completed_tasks,6,33,4,0.1212,0.6667,0.2051,303,375,1.24,0.015826999970158795,33
gen_ml_python_001,naive_truncation,ml/python,synthetic,explicit,pending_tasks,2,33,2,0.0606,1.0,0.1143,303,375,1.24,0.015826999970158795,33
gen_ml_python_001,naive_truncation,ml/python,synthetic,explicit,decisions,6,33,6,0.1818,1.0,0.3077,303,375,1.24,0.015826999970158795,33
gen_ml_python_001,naive_truncation,ml/python,synthetic,explicit,files,5,33,5,0.1515,1.0,0.2632,303,375,1.24,0.015826999970158795,33
gen_ml_python_001,naive_truncation,ml/python,synthetic,explicit,errors,3,33,1,0.0303,0.3333,0.0556,303,375,1.24,0.015826999970158795,33
gen_ml_python_001,naive_summary,ml/python,synthetic,explicit,completed_tasks,6,20,2,0.1,0.3333,0.1538,195,375,1.92,0.054787000408396125,20
gen_ml_python_001,naive_summary,ml/python,synthetic,explicit,pending_tasks,2,20,1,0.05,0.5,0.0909,195,375,1.92,0.054787000408396125,20
gen_ml_python_001,naive_summary,ml/python,synthetic,explicit,decisions,6,20,3,0.15,0.5,0.2308,195,375,1.92,0.054787000408396125,20
gen_ml_python_001,naive_summary,ml/python,synthetic,explicit,files,5,20,2,0.1,0.4,0.16,195,375,1.92,0.054787000408396125,20
gen_ml_python_001,naive_summary,ml/python,synthetic,explicit,errors,3,20,2,0.1,0.6667,0.1739,195,375,1.92,0.054787000408396125,20
gen_ml_python_002,tokenmizer_v0.5.2,ml/python,synthetic,explicit,completed_tasks,7,7,7,1.0,1.0,1.0,136,271,1.99,214.85385599999063,17
gen_ml_python_002,tokenmizer_v0.5.2,ml/python,synthetic,explicit,pending_tasks,1,1,1,1.0,1.0,1.0,136,271,1.99,214.85385599999063,17
gen_ml_python_002,tokenmizer_v0.5.2,ml/python,synthetic,explicit,decisions,3,3,3,1.0,1.0,1.0,136,271,1.99,214.85385599999063,17
gen_ml_python_002,tokenmizer_v0.5.2,ml/python,synthetic,explicit,files,6,6,6,1.0,1.0,1.0,136,271,1.99,214.85385599999063,17
gen_ml_python_002,graphiti_style,ml/python,synthetic,explicit,completed_tasks,7,10,5,0.5,0.7143,0.5882,136,271,1.99,0.9268660000998352,20
gen_ml_python_002,graphiti_style,ml/python,synthetic,explicit,pending_tasks,1,2,1,0.5,1.0,0.6667,136,271,1.99,0.9268660000998352,20
gen_ml_python_002,graphiti_style,ml/python,synthetic,explicit,decisions,3,4,3,0.75,1.0,0.8571,136,271,1.99,0.9268660000998352,20
gen_ml_python_002,graphiti_style,ml/python,synthetic,explicit,files,6,4,3,0.75,0.5,0.6,136,271,1.99,0.9268660000998352,20
gen_ml_python_002,graphrag_style,ml/python,synthetic,explicit,completed_tasks,7,4,2,0.5,0.2857,0.3636,98,271,2.77,0.4249419998814119,13
gen_ml_python_002,graphrag_style,ml/python,synthetic,explicit,pending_tasks,1,1,0,0.0,0.0,0.0,98,271,2.77,0.4249419998814119,13
gen_ml_python_002,graphrag_style,ml/python,synthetic,explicit,decisions,3,4,3,0.75,1.0,0.8571,98,271,2.77,0.4249419998814119,13
gen_ml_python_002,graphrag_style,ml/python,synthetic,explicit,files,6,4,3,0.75,0.5,0.6,98,271,2.77,0.4249419998814119,13
gen_ml_python_002,mem0_style,ml/python,synthetic,explicit,completed_tasks,7,10,5,0.5,0.7143,0.5882,135,271,2.01,0.7629199999428238,20
gen_ml_python_002,mem0_style,ml/python,synthetic,explicit,pending_tasks,1,2,1,0.5,1.0,0.6667,135,271,2.01,0.7629199999428238,20
gen_ml_python_002,mem0_style,ml/python,synthetic,explicit,decisions,3,4,3,0.75,1.0,0.8571,135,271,2.01,0.7629199999428238,20
gen_ml_python_002,mem0_style,ml/python,synthetic,explicit,files,6,4,3,0.75,0.5,0.6,135,271,2.01,0.7629199999428238,20
gen_ml_python_002,memgpt_style,ml/python,synthetic,explicit,completed_tasks,7,2,1,0.5,0.1429,0.2222,47,271,5.77,0.21859700018467265,7
gen_ml_python_002,memgpt_style,ml/python,synthetic,explicit,pending_tasks,1,0,0,1.0,0.0,0.0,47,271,5.77,0.21859700018467265,7
gen_ml_python_002,memgpt_style,ml/python,synthetic,explicit,decisions,3,2,1,0.5,0.3333,0.4,47,271,5.77,0.21859700018467265,7
gen_ml_python_002,memgpt_style,ml/python,synthetic,explicit,files,6,3,2,0.6667,0.3333,0.4444,47,271,5.77,0.21859700018467265,7
gen_ml_python_002,sliding_window_10,ml/python,synthetic,explicit,completed_tasks,7,10,1,0.1,0.1429,0.1176,70,271,3.87,0.0034109998523490503,10
gen_ml_python_002,sliding_window_10,ml/python,synthetic,explicit,pending_tasks,1,10,0,0.0,0.0,0.0,70,271,3.87,0.0034109998523490503,10
gen_ml_python_002,sliding_window_10,ml/python,synthetic,explicit,decisions,3,10,1,0.2,0.3333,0.25,70,271,3.87,0.0034109998523490503,10
gen_ml_python_002,sliding_window_10,ml/python,synthetic,explicit,files,6,10,3,0.3,0.5,0.375,70,271,3.87,0.0034109998523490503,10
gen_ml_python_002,sliding_window_10,ml/python,synthetic,explicit,errors,0,10,0,0.0,1.0,0.0,70,271,3.87,0.0034109998523490503,10
gen_ml_python_002,naive_truncation,ml/python,synthetic,explicit,completed_tasks,7,34,7,0.2059,1.0,0.3415,289,271,0.94,0.013253999895823654,34
gen_ml_python_002,naive_truncation,ml/python,synthetic,explicit,pending_tasks,1,34,1,0.0294,1.0,0.0571,289,271,0.94,0.013253999895823654,34
gen_ml_python_002,naive_truncation,ml/python,synthetic,explicit,decisions,3,34,3,0.1176,1.0,0.2105,289,271,0.94,0.013253999895823654,34
gen_ml_python_002,naive_truncation,ml/python,synthetic,explicit,files,6,34,6,0.1765,1.0,0.3,289,271,0.94,0.013253999895823654,34
gen_ml_python_002,naive_truncation,ml/python,synthetic,explicit,errors,0,34,0,0.0,1.0,0.0,289,271,0.94,0.013253999895823654,34
gen_ml_python_002,naive_summary,ml/python,synthetic,explicit,completed_tasks,7,23,5,0.2174,0.7143,0.3333,205,271,1.32,0.03374299967617844,23
gen_ml_python_002,naive_summary,ml/python,synthetic,explicit,pending_tasks,1,23,1,0.0435,1.0,0.0833,205,271,1.32,0.03374299967617844,23
gen_ml_python_002,naive_summary,ml/python,synthetic,explicit,decisions,3,23,2,0.087,0.6667,0.1538,205,271,1.32,0.03374299967617844,23
gen_ml_python_002,naive_summary,ml/python,synthetic,explicit,files,6,23,3,0.1304,0.5,0.2069,205,271,1.32,0.03374299967617844,23
gen_ml_python_002,naive_summary,ml/python,synthetic,explicit,errors,0,23,0,0.0,1.0,0.0,205,271,1.32,0.03374299967617844,23
gen_ml_python_003,tokenmizer_v0.5.2,ml/python,synthetic,explicit,completed_tasks,7,7,7,1.0,1.0,1.0,146,270,1.85,215.45876100026362,16
gen_ml_python_003,tokenmizer_v0.5.2,ml/python,synthetic,explicit,pending_tasks,1,1,1,1.0,1.0,1.0,146,270,1.85,215.45876100026362,16
gen_ml_python_003,tokenmizer_v0.5.2,ml/python,synthetic,explicit,decisions,3,3,3,1.0,1.0,1.0,146,270,1.85,215.45876100026362,16
gen_ml_python_003,tokenmizer_v0.5.2,ml/python,synthetic,explicit,files,4,4,4,1.0,1.0,1.0,146,270,1.85,215.45876100026362,16
gen_ml_python_003,tokenmizer_v0.5.2,ml/python,synthetic,explicit,errors,1,1,1,1.0,1.0,1.0,146,270,1.85,215.45876100026362,16
gen_ml_python_003,graphiti_style,ml/python,synthetic,explicit,completed_tasks,7,10,7,0.7,1.0,0.8235,141,270,1.91,0.7505709995712095,19
gen_ml_python_003,graphiti_style,ml/python,synthetic,explicit,pending_tasks,1,1,1,1.0,1.0,1.0,141,270,1.91,0.7505709995712095,19
gen_ml_python_003,graphiti_style,ml/python,synthetic,explicit,decisions,3,4,3,0.75,1.0,0.8571,141,270,1.91,0.7505709995712095,19
gen_ml_python_003,graphiti_style,ml/python,synthetic,explicit,files,4,3,2,0.6667,0.5,0.5714,141,270,1.91,0.7505709995712095,19
gen_ml_python_003,graphiti_style,ml/python,synthetic,explicit,errors,1,1,1,1.0,1.0,1.0,141,270,1.91,0.7505709995712095,19
gen_ml_python_003,graphrag_style,ml/python,synthetic,explicit,completed_tasks,7,5,5,1.0,0.7143,0.8333,116,270,2.33,0.46261500028776936,13
gen_ml_python_003,graphrag_style,ml/python,synthetic,explicit,pending_tasks,1,0,0,1.0,0.0,0.0,116,270,2.33,0.46261500028776936,13
gen_ml_python_003,graphrag_style,ml/python,synthetic,explicit,decisions,3,4,3,0.75,1.0,0.8571,116,270,2.33,0.46261500028776936,13
gen_ml_python_003,graphrag_style,ml/python,synthetic,explicit,files,4,3,2,0.6667,0.5,0.5714,116,270,2.33,0.46261500028776936,13
gen_ml_python_003,graphrag_style,ml/python,synthetic,explicit,errors,1,1,1,1.0,1.0,1.0,116,270,2.33,0.46261500028776936,13
gen_ml_python_003,mem0_style,ml/python,synthetic,explicit,completed_tasks,7,10,7,0.7,1.0,0.8235,140,270,1.93,0.7106319999365951,19
gen_ml_python_003,mem0_style,ml/python,synthetic,explicit,pending_tasks,1,1,1,1.0,1.0,1.0,140,270,1.93,0.7106319999365951,19
gen_ml_python_003,mem0_style,ml/python,synthetic,explicit,decisions,3,4,3,0.75,1.0,0.8571,140,270,1.93,0.7106319999365951,19
gen_ml_python_003,mem0_style,ml/python,synthetic,explicit,files,4,3,2,0.6667,0.5,0.5714,140,270,1.93,0.7106319999365951,19
gen_ml_python_003,mem0_style,ml/python,synthetic,explicit,errors,1,1,1,1.0,1.0,1.0,140,270,1.93,0.7106319999365951,19
gen_ml_python_003,memgpt_style,ml/python,synthetic,explicit,completed_tasks,7,5,4,0.8,0.5714,0.6667,87,270,3.1,0.28885200026707025,9
gen_ml_python_003,memgpt_style,ml/python,synthetic,explicit,pending_tasks,1,1,1,1.0,1.0,1.0,87,270,3.1,0.28885200026707025,9
gen_ml_python_003,memgpt_style,ml/python,synthetic,explicit,decisions,3,1,1,1.0,0.3333,0.5,87,270,3.1,0.28885200026707025,9
gen_ml_python_003,memgpt_style,ml/python,synthetic,explicit,files,4,2,2,1.0,0.5,0.6667,87,270,3.1,0.28885200026707025,9
gen_ml_python_003,memgpt_style,ml/python,synthetic,explicit,errors,1,0,0,1.0,0.0,0.0,87,270,3.1,0.28885200026707025,9
gen_ml_python_003,sliding_window_10,ml/python,synthetic,explicit,completed_tasks,7,13,4,0.3077,0.5714,0.4,129,270,2.09,0.0028959998417121824,13
gen_ml_python_003,sliding_window_10,ml/python,synthetic,explicit,pending_tasks,1,13,1,0.0769,1.0,0.1429,129,270,2.09,0.0028959998417121824,13
gen_ml_python_003,sliding_window_10,ml/python,synthetic,explicit,decisions,3,13,1,0.0769,0.3333,0.125,129,270,2.09,0.0028959998417121824,13
gen_ml_python_003,sliding_window_10,ml/python,synthetic,explicit,files,4,13,2,0.1538,0.5,0.2353,129,270,2.09,0.0028959998417121824,13
gen_ml_python_003,sliding_window_10,ml/python,synthetic,explicit,errors,1,13,0,0.0,0.0,0.0,129,270,2.09,0.0028959998417121824,13
gen_ml_python_003,naive_truncation,ml/python,synthetic,explicit,completed_tasks,7,29,7,0.2414,1.0,0.3889,283,270,0.95,0.014547000318998471,29
gen_ml_python_003,naive_truncation,ml/python,synthetic,explicit,pending_tasks,1,29,1,0.0345,1.0,0.0667,283,270,0.95,0.014547000318998471,29
gen_ml_python_003,naive_truncation,ml/python,synthetic,explicit,decisions,3,29,3,0.1379,1.0,0.2424,283,270,0.95,0.014547000318998471,29
gen_ml_python_003,naive_truncation,ml/python,synthetic,explicit,files,4,29,4,0.1379,1.0,0.2424,283,270,0.95,0.014547000318998471,29
gen_ml_python_003,naive_truncation,ml/python,synthetic,explicit,errors,1,29,1,0.0345,1.0,0.0667,283,270,0.95,0.014547000318998471,29
gen_ml_python_003,naive_summary,ml/python,synthetic,explicit,completed_tasks,7,22,5,0.2273,0.7143,0.3448,206,270,1.31,0.02952700015157461,22
gen_ml_python_003,naive_summary,ml/python,synthetic,explicit,pending_tasks,1,22,0,0.0,0.0,0.0,206,270,1.31,0.02952700015157461,22
gen_ml_python_003,naive_summary,ml/python,synthetic,explicit,decisions,3,22,2,0.1364,0.6667,0.2264,206,270,1.31,0.02952700015157461,22
gen_ml_python_003,naive_summary,ml/python,synthetic,explicit,files,4,22,3,0.1364,0.75,0.2308,206,270,1.31,0.02952700015157461,22
gen_ml_python_003,naive_summary,ml/python,synthetic,explicit,errors,1,22,1,0.0455,1.0,0.087,206,270,1.31,0.02952700015157461,22
gen_ml_python_004,tokenmizer_v0.5.2,ml/python,synthetic,explicit,completed_tasks,4,4,4,1.0,1.0,1.0,185,312,1.69,249.10748199999944,19
gen_ml_python_004,tokenmizer_v0.5.2,ml/python,synthetic,explicit,pending_tasks,2,2,2,1.0,1.0,1.0,185,312,1.69,249.10748199999944,19
gen_ml_python_004,tokenmizer_v0.5.2,ml/python,synthetic,explicit,decisions,6,6,6,1.0,1.0,1.0,185,312,1.69,249.10748199999944,19
gen_ml_python_004,tokenmizer_v0.5.2,ml/python,synthetic,explicit,files,5,5,5,1.0,1.0,1.0,185,312,1.69,249.10748199999944,19
gen_ml_python_004,tokenmizer_v0.5.2,ml/python,synthetic,explicit,errors,2,2,2,1.0,1.0,1.0,185,312,1.69,249.10748199999944,19
gen_ml_python_004,graphiti_style,ml/python,synthetic,explicit,completed_tasks,4,9,3,0.3333,0.75,0.4615,196,312,1.59,0.8251039998867782,26
gen_ml_python_004,graphiti_style,ml/python,synthetic,explicit,pending_tasks,2,3,2,0.6667,1.0,0.8,196,312,1.59,0.8251039998867782,26
gen_ml_python_004,graphiti_style,ml/python,synthetic,explicit,decisions,6,7,6,0.8571,1.0,0.9231,196,312,1.59,0.8251039998867782,26
gen_ml_python_004,graphiti_style,ml/python,synthetic,explicit,files,5,5,4,0.8,0.8,0.8,196,312,1.59,0.8251039998867782,26
gen_ml_python_004,graphiti_style,ml/python,synthetic,explicit,errors,2,2,2,1.0,1.0,1.0,196,312,1.59,0.8251039998867782,26
gen_ml_python_004,graphrag_style,ml/python,synthetic,explicit,completed_tasks,4,4,3,0.75,0.75,0.75,172,312,1.81,0.5058899996583932,19
gen_ml_python_004,graphrag_style,ml/python,synthetic,explicit,pending_tasks,2,2,1,0.5,0.5,0.5,172,312,1.81,0.5058899996583932,19
gen_ml_python_004,graphrag_style,ml/python,synthetic,explicit,decisions,6,6,6,1.0,1.0,1.0,172,312,1.81,0.5058899996583932,19
gen_ml_python_004,graphrag_style,ml/python,synthetic,explicit,files,5,5,4,0.8,0.8,0.8,172,312,1.81,0.5058899996583932,19
gen_ml_python_004,graphrag_style,ml/python,synthetic,explicit,errors,2,2,2,1.0,1.0,1.0,172,312,1.81,0.5058899996583932,19
gen_ml_python_004,mem0_style,ml/python,synthetic,explicit,completed_tasks,4,9,3,0.3333,0.75,0.4615,195,312,1.6,0.9170640000775165,26
gen_ml_python_004,mem0_style,ml/python,synthetic,explicit,pending_tasks,2,3,2,0.6667,1.0,0.8,195,312,1.6,0.9170640000775165,26
gen_ml_python_004,mem0_style,ml/python,synthetic,explicit,decisions,6,7,6,0.8571,1.0,0.9231,195,312,1.6,0.9170640000775165,26
gen_ml_python_004,mem0_style,ml/python,synthetic,explicit,files,5,5,4,0.8,0.8,0.8,195,312,1.6,0.9170640000775165,26
gen_ml_python_004,mem0_style,ml/python,synthetic,explicit,errors,2,2,2,1.0,1.0,1.0,195,312,1.6,0.9170640000775165,26
gen_ml_python_004,memgpt_style,ml/python,synthetic,explicit,completed_tasks,4,4,1,0.25,0.25,0.25,92,312,3.39,0.29414799973892514,11
gen_ml_python_004,memgpt_style,ml/python,synthetic,explicit,pending_tasks,2,1,1,1.0,0.5,0.6667,92,312,3.39,0.29414799973892514,11
gen_ml_python_004,memgpt_style,ml/python,synthetic,explicit,decisions,6,3,2,0.6667,0.3333,0.4444,92,312,3.39,0.29414799973892514,11
gen_ml_python_004,memgpt_style,ml/python,synthetic,explicit,files,5,2,2,1.0,0.4,0.5714,92,312,3.39,0.29414799973892514,11
gen_ml_python_004,memgpt_style,ml/python,synthetic,explicit,errors,2,1,1,1.0,0.5,0.6667,92,312,3.39,0.29414799973892514,11
gen_ml_python_004,sliding_window_10,ml/python,synthetic,explicit,completed_tasks,4,12,2,0.1667,0.5,0.25,111,312,2.81,0.0031099998523131944,12
gen_ml_python_004,sliding_window_10,ml/python,synthetic,explicit,pending_tasks,2,12,1,0.0833,0.5,0.1429,111,312,2.81,0.0031099998523131944,12
gen_ml_python_004,sliding_window_10,ml/python,synthetic,explicit,decisions,6,12,2,0.1667,0.3333,0.2222,111,312,2.81,0.0031099998523131944,12
gen_ml_python_004,sliding_window_10,ml/python,synthetic,explicit,files,5,12,1,0.0833,0.2,0.1176,111,312,2.81,0.0031099998523131944,12
gen_ml_python_004,sliding_window_10,ml/python,synthetic,explicit,errors,2,12,1,0.0833,0.5,0.1429,111,312,2.81,0.0031099998523131944,12
gen_ml_python_004,naive_truncation,ml/python,synthetic,explicit,completed_tasks,4,33,4,0.1212,1.0,0.2162,307,312,1.02,0.01510499987489311,33
gen_ml_python_004,naive_truncation,ml/python,synthetic,explicit,pending_tasks,2,33,2,0.0606,1.0,0.1143,307,312,1.02,0.01510499987489311,33
gen_ml_python_004,naive_truncation,ml/python,synthetic,explicit,decisions,6,33,6,0.1818,1.0,0.3077,307,312,1.02,0.01510499987489311,33
gen_ml_python_004,naive_truncation,ml/python,synthetic,explicit,files,5,33,5,0.1515,1.0,0.2632,307,312,1.02,0.01510499987489311,33
gen_ml_python_004,naive_truncation,ml/python,synthetic,explicit,errors,2,33,2,0.0606,1.0,0.1143,307,312,1.02,0.01510499987489311,33
gen_ml_python_004,naive_summary,ml/python,synthetic,explicit,completed_tasks,4,20,2,0.1,0.5,0.1667,194,312,1.61,0.03095700003541424,20
gen_ml_python_004,naive_summary,ml/python,synthetic,explicit,pending_tasks,2,20,1,0.05,0.5,0.0909,194,312,1.61,0.03095700003541424,20
gen_ml_python_004,naive_summary,ml/python,synthetic,explicit,decisions,6,20,4,0.2,0.6667,0.3077,194,312,1.61,0.03095700003541424,20
gen_ml_python_004,naive_summary,ml/python,synthetic,explicit,files,5,20,2,0.1,0.4,0.16,194,312,1.61,0.03095700003541424,20
gen_ml_python_004,naive_summary,ml/python,synthetic,explicit,errors,2,20,1,0.05,0.5,0.0909,194,312,1.61,0.03095700003541424,20
gen_ml_python_005,tokenmizer_v0.5.2,ml/python,synthetic,explicit,completed_tasks,7,7,7,1.0,1.0,1.0,165,303,1.84,250.1590770002622,17
gen_ml_python_005,tokenmizer_v0.5.2,ml/python,synthetic,explicit,pending_tasks,2,2,2,1.0,1.0,1.0,165,303,1.84,250.1590770002622,17
gen_ml_python_005,tokenmizer_v0.5.2,ml/python,synthetic,explicit,decisions,4,4,4,1.0,1.0,1.0,165,303,1.84,250.1590770002622,17
gen_ml_python_005,tokenmizer_v0.5.2,ml/python,synthetic,explicit,files,4,4,4,1.0,1.0,1.0,165,303,1.84,250.1590770002622,17
gen_ml_python_005,graphiti_style,ml/python,synthetic,explicit,completed_tasks,7,9,7,0.7778,1.0,0.875,162,303,1.87,0.777927999934036,19
gen_ml_python_005,graphiti_style,ml/python,synthetic,explicit,pending_tasks,2,2,2,1.0,1.0,1.0,162,303,1.87,0.777927999934036,19
gen_ml_python_005,graphiti_style,ml/python,synthetic,explicit,decisions,4,4,4,1.0,1.0,1.0,162,303,1.87,0.777927999934036,19
gen_ml_python_005,graphiti_style,ml/python,synthetic,explicit,files,4,4,3,0.75,0.75,0.75,162,303,1.87,0.777927999934036,19
gen_ml_python_005,graphrag_style,ml/python,synthetic,explicit,completed_tasks,7,4,4,1.0,0.5714,0.7273,110,303,2.75,0.7317589997910545,12
gen_ml_python_005,graphrag_style,ml/python,synthetic,explicit,pending_tasks,2,0,0,1.0,0.0,0.0,110,303,2.75,0.7317589997910545,12
gen_ml_python_005,graphrag_style,ml/python,synthetic,explicit,decisions,4,4,4,1.0,1.0,1.0,110,303,2.75,0.7317589997910545,12
gen_ml_python_005,graphrag_style,ml/python,synthetic,explicit,files,4,4,3,0.75,0.75,0.75,110,303,2.75,0.7317589997910545,12
gen_ml_python_005,mem0_style,ml/python,synthetic,explicit,completed_tasks,7,9,7,0.7778,1.0,0.875,161,303,1.88,0.7659359998797299,19
gen_ml_python_005,mem0_style,ml/python,synthetic,explicit,pending_tasks,2,2,2,1.0,1.0,1.0,161,303,1.88,0.7659359998797299,19
gen_ml_python_005,mem0_style,ml/python,synthetic,explicit,decisions,4,4,4,1.0,1.0,1.0,161,303,1.88,0.7659359998797299,19
gen_ml_python_005,mem0_style,ml/python,synthetic,explicit,files,4,4,3,0.75,0.75,0.75,161,303,1.88,0.7659359998797299,19
gen_ml_python_005,memgpt_style,ml/python,synthetic,explicit,completed_tasks,7,5,4,0.8,0.5714,0.6667,77,303,3.94,0.26712499993664096,9
gen_ml_python_005,memgpt_style,ml/python,synthetic,explicit,pending_tasks,2,0,0,1.0,0.0,0.0,77,303,3.94,0.26712499993664096,9
gen_ml_python_005,memgpt_style,ml/python,synthetic,explicit,decisions,4,1,1,1.0,0.25,0.4,77,303,3.94,0.26712499993664096,9
gen_ml_python_005,memgpt_style,ml/python,synthetic,explicit,files,4,3,2,0.6667,0.5,0.5714,77,303,3.94,0.26712499993664096,9
gen_ml_python_005,sliding_window_10,ml/python,synthetic,explicit,completed_tasks,7,11,4,0.3636,0.5714,0.4444,115,303,2.63,0.003515000116749434,11
gen_ml_python_005,sliding_window_10,ml/python,synthetic,explicit,pending_tasks,2,11,0,0.0,0.0,0.0,115,303,2.63,0.003515000116749434,11
gen_ml_python_005,sliding_window_10,ml/python,synthetic,explicit,decisions,4,11,1,0.0909,0.25,0.1333,115,303,2.63,0.003515000116749434,11
gen_ml_python_005,sliding_window_10,ml/python,synthetic,explicit,files,4,11,1,0.0909,0.25,0.1333,115,303,2.63,0.003515000116749434,11
gen_ml_python_005,sliding_window_10,ml/python,synthetic,explicit,errors,0,11,0,0.0,1.0,0.0,115,303,2.63,0.003515000116749434,11
gen_ml_python_005,naive_truncation,ml/python,synthetic,explicit,completed_tasks,7,31,7,0.2258,1.0,0.3684,308,303,0.98,0.014180000107444357,31
gen_ml_python_005,naive_truncation,ml/python,synthetic,explicit,pending_tasks,2,31,2,0.0645,1.0,0.1212,308,303,0.98,0.014180000107444357,31
gen_ml_python_005,naive_truncation,ml/python,synthetic,explicit,decisions,4,31,4,0.129,1.0,0.2286,308,303,0.98,0.014180000107444357,31
gen_ml_python_005,naive_truncation,ml/python,synthetic,explicit,files,4,31,4,0.129,1.0,0.2286,308,303,0.98,0.014180000107444357,31
gen_ml_python_005,naive_truncation,ml/python,synthetic,explicit,errors,0,31,0,0.0,1.0,0.0,308,303,0.98,0.014180000107444357,31
gen_ml_python_005,naive_summary,ml/python,synthetic,explicit,completed_tasks,7,20,3,0.15,0.4286,0.2222,192,303,1.58,0.033007999718392966,20
gen_ml_python_005,naive_summary,ml/python,synthetic,explicit,pending_tasks,2,20,2,0.1,1.0,0.1818,192,303,1.58,0.033007999718392966,20
gen_ml_python_005,naive_summary,ml/python,synthetic,explicit,decisions,4,20,3,0.15,0.75,0.25,192,303,1.58,0.033007999718392966,20
gen_ml_python_005,naive_summary,ml/python,synthetic,explicit,files,4,20,1,0.05,0.25,0.0833,192,303,1.58,0.033007999718392966,20
gen_ml_python_005,naive_summary,ml/python,synthetic,explicit,errors,0,20,0,0.0,1.0,0.0,192,303,1.58,0.033007999718392966,20
gen_ml_python_006,tokenmizer_v0.5.2,ml/python,synthetic,explicit,completed_tasks,7,7,7,1.0,1.0,1.0,156,282,1.81,220.87214099974517,18
gen_ml_python_006,tokenmizer_v0.5.2,ml/python,synthetic,explicit,pending_tasks,1,1,1,1.0,1.0,1.0,156,282,1.81,220.87214099974517,18
gen_ml_python_006,tokenmizer_v0.5.2,ml/python,synthetic,explicit,decisions,2,2,2,1.0,1.0,1.0,156,282,1.81,220.87214099974517,18
gen_ml_python_006,tokenmizer_v0.5.2,ml/python,synthetic,explicit,files,5,5,5,1.0,1.0,1.0,156,282,1.81,220.87214099974517,18
gen_ml_python_006,tokenmizer_v0.5.2,ml/python,synthetic,explicit,errors,3,3,3,1.0,1.0,1.0,156,282,1.81,220.87214099974517,18
gen_ml_python_006,graphiti_style,ml/python,synthetic,explicit,completed_tasks,7,11,6,0.5455,0.8571,0.6667,158,282,1.78,0.8187599996745121,21
gen_ml_python_006,graphiti_style,ml/python,synthetic,explicit,pending_tasks,1,1,1,1.0,1.0,1.0,158,282,1.78,0.8187599996745121,21
gen_ml_python_006,graphiti_style,ml/python,synthetic,explicit,decisions,2,2,2,1.0,1.0,1.0,158,282,1.78,0.8187599996745121,21
gen_ml_python_006,graphiti_style,ml/python,synthetic,explicit,files,5,4,4,1.0,0.8,0.8889,158,282,1.78,0.8187599996745121,21
gen_ml_python_006,graphiti_style,ml/python,synthetic,explicit,errors,3,3,3,1.0,1.0,1.0,158,282,1.78,0.8187599996745121,21
gen_ml_python_006,graphrag_style,ml/python,synthetic,explicit,completed_tasks,7,2,1,0.5,0.1429,0.2222,108,282,2.61,0.6317560000752565,12
gen_ml_python_006,graphrag_style,ml/python,synthetic,explicit,pending_tasks,1,1,1,1.0,1.0,1.0,108,282,2.61,0.6317560000752565,12
gen_ml_python_006,graphrag_style,ml/python,synthetic,explicit,decisions,2,2,2,1.0,1.0,1.0,108,282,2.61,0.6317560000752565,12
gen_ml_python_006,graphrag_style,ml/python,synthetic,explicit,files,5,4,4,1.0,0.8,0.8889,108,282,2.61,0.6317560000752565,12
gen_ml_python_006,graphrag_style,ml/python,synthetic,explicit,errors,3,3,3,1.0,1.0,1.0,108,282,2.61,0.6317560000752565,12
gen_ml_python_006,mem0_style,ml/python,synthetic,explicit,completed_tasks,7,11,6,0.5455,0.8571,0.6667,157,282,1.8,1.1260309997851436,21
gen_ml_python_006,mem0_style,ml/python,synthetic,explicit,pending_tasks,1,1,1,1.0,1.0,1.0,157,282,1.8,1.1260309997851436,21
gen_ml_python_006,mem0_style,ml/python,synthetic,explicit,decisions,2,2,2,1.0,1.0,1.0,157,282,1.8,1.1260309997851436,21
gen_ml_python_006,mem0_style,ml/python,synthetic,explicit,files,5,4,4,1.0,0.8,0.8889,157,282,1.8,1.1260309997851436,21
gen_ml_python_006,mem0_style,ml/python,synthetic,explicit,errors,3,3,3,1.0,1.0,1.0,157,282,1.8,1.1260309997851436,21
gen_ml_python_006,memgpt_style,ml/python,synthetic,explicit,completed_tasks,7,5,2,0.4,0.2857,0.3333,80,282,3.52,0.3582020003705111,10
gen_ml_python_006,memgpt_style,ml/python,synthetic,explicit,pending_tasks,1,0,0,1.0,0.0,0.0,80,282,3.52,0.3582020003705111,10
gen_ml_python_006,memgpt_style,ml/python,synthetic,explicit,decisions,2,1,1,1.0,0.5,0.6667,80,282,3.52,0.3582020003705111,10
gen_ml_python_006,memgpt_style,ml/python,synthetic,explicit,files,5,3,3,1.0,0.6,0.75,80,282,3.52,0.3582020003705111,10
gen_ml_python_006,memgpt_style,ml/python,synthetic,explicit,errors,3,1,1,1.0,0.3333,0.5,80,282,3.52,0.3582020003705111,10
gen_ml_python_006,sliding_window_10,ml/python,synthetic,explicit,completed_tasks,7,12,3,0.25,0.4286,0.3158,108,282,2.61,0.00454500013802317,12
gen_ml_python_006,sliding_window_10,ml/python,synthetic,explicit,pending_tasks,1,12,0,0.0,0.0,0.0,108,282,2.61,0.00454500013802317,12
gen_ml_python_006,sliding_window_10,ml/python,synthetic,explicit,decisions,2,12,2,0.1667,1.0,0.2857,108,282,2.61,0.00454500013802317,12
gen_ml_python_006,sliding_window_10,ml/python,synthetic,explicit,files,5,12,2,0.1667,0.4,0.2353,108,282,2.61,0.00454500013802317,12
gen_ml_python_006,sliding_window_10,ml/python,synthetic,explicit,errors,3,12,1,0.0833,0.3333,0.1333,108,282,2.61,0.00454500013802317,12
gen_ml_python_006,naive_truncation,ml/python,synthetic,explicit,completed_tasks,7,34,7,0.2059,1.0,0.3415,300,282,0.94,0.01707600040390389,34
gen_ml_python_006,naive_truncation,ml/python,synthetic,explicit,pending_tasks,1,34,1,0.0294,1.0,0.0571,300,282,0.94,0.01707600040390389,34
gen_ml_python_006,naive_truncation,ml/python,synthetic,explicit,decisions,2,34,2,0.0882,1.0,0.1622,300,282,0.94,0.01707600040390389,34
gen_ml_python_006,naive_truncation,ml/python,synthetic,explicit,files,5,34,5,0.1471,1.0,0.2564,300,282,0.94,0.01707600040390389,34
gen_ml_python_006,naive_truncation,ml/python,synthetic,explicit,errors,3,34,3,0.0882,1.0,0.1622,300,282,0.94,0.01707600040390389,34
gen_ml_python_006,naive_summary,ml/python,synthetic,explicit,completed_tasks,7,24,4,0.1667,0.5714,0.2581,210,282,1.34,0.044657000216830056,24
gen_ml_python_006,naive_summary,ml/python,synthetic,explicit,pending_tasks,1,24,1,0.0417,1.0,0.08,210,282,1.34,0.044657000216830056,24
gen_ml_python_006,naive_summary,ml/python,synthetic,explicit,decisions,2,24,1,0.0833,0.5,0.1429,210,282,1.34,0.044657000216830056,24
gen_ml_python_006,naive_summary,ml/python,synthetic,explicit,files,5,24,3,0.125,0.6,0.2069,210,282,1.34,0.044657000216830056,24
gen_ml_python_006,naive_summary,ml/python,synthetic,explicit,errors,3,24,2,0.0833,0.6667,0.1481,210,282,1.34,0.044657000216830056,24
gen_mobile_ios_001,tokenmizer_v0.5.2,mobile/ios,synthetic,explicit,completed_tasks,6,6,6,1.0,1.0,1.0,176,299,1.7,231.09236199979932,17
gen_mobile_ios_001,tokenmizer_v0.5.2,mobile/ios,synthetic,explicit,pending_tasks,2,2,2,1.0,1.0,1.0,176,299,1.7,231.09236199979932,17
gen_mobile_ios_001,tokenmizer_v0.5.2,mobile/ios,synthetic,explicit,decisions,3,3,3,1.0,1.0,1.0,176,299,1.7,231.09236199979932,17
gen_mobile_ios_001,tokenmizer_v0.5.2,mobile/ios,synthetic,explicit,files,3,3,3,1.0,1.0,1.0,176,299,1.7,231.09236199979932,17
gen_mobile_ios_001,tokenmizer_v0.5.2,mobile/ios,synthetic,explicit,errors,3,3,3,1.0,1.0,1.0,176,299,1.7,231.09236199979932,17
gen_mobile_ios_001,graphiti_style,mobile/ios,synthetic,explicit,completed_tasks,6,8,6,0.75,1.0,0.8571,190,299,1.57,1.3335500002540357,21
gen_mobile_ios_001,graphiti_style,mobile/ios,synthetic,explicit,pending_tasks,2,3,2,0.6667,1.0,0.8,190,299,1.57,1.3335500002540357,21
gen_mobile_ios_001,graphiti_style,mobile/ios,synthetic,explicit,decisions,3,4,3,0.75,1.0,0.8571,190,299,1.57,1.3335500002540357,21
gen_mobile_ios_001,graphiti_style,mobile/ios,synthetic,explicit,files,3,3,3,1.0,1.0,1.0,190,299,1.57,1.3335500002540357,21
gen_mobile_ios_001,graphiti_style,mobile/ios,synthetic,explicit,errors,3,3,3,1.0,1.0,1.0,190,299,1.57,1.3335500002540357,21
gen_mobile_ios_001,graphrag_style,mobile/ios,synthetic,explicit,completed_tasks,6,3,3,1.0,0.5,0.6667,145,299,2.06,0.7734000000709784,16
gen_mobile_ios_001,graphrag_style,mobile/ios,synthetic,explicit,pending_tasks,2,2,1,0.5,0.5,0.5,145,299,2.06,0.7734000000709784,16
gen_mobile_ios_001,graphrag_style,mobile/ios,synthetic,explicit,decisions,3,4,3,0.75,1.0,0.8571,145,299,2.06,0.7734000000709784,16
gen_mobile_ios_001,graphrag_style,mobile/ios,synthetic,explicit,files,3,3,3,1.0,1.0,1.0,145,299,2.06,0.7734000000709784,16
gen_mobile_ios_001,graphrag_style,mobile/ios,synthetic,explicit,errors,3,4,3,0.75,1.0,0.8571,145,299,2.06,0.7734000000709784,16
gen_mobile_ios_001,mem0_style,mobile/ios,synthetic,explicit,completed_tasks,6,8,6,0.75,1.0,0.8571,189,299,1.58,1.401064000219776,21
gen_mobile_ios_001,mem0_style,mobile/ios,synthetic,explicit,pending_tasks,2,3,2,0.6667,1.0,0.8,189,299,1.58,1.401064000219776,21
gen_mobile_ios_001,mem0_style,mobile/ios,synthetic,explicit,decisions,3,4,3,0.75,1.0,0.8571,189,299,1.58,1.401064000219776,21
gen_mobile_ios_001,mem0_style,mobile/ios,synthetic,explicit,files,3,3,3,1.0,1.0,1.0,189,299,1.58,1.401064000219776,21
gen_mobile_ios_001,mem0_style,mobile/ios,synthetic,explicit,errors,3,3,3,1.0,1.0,1.0,189,299,1.58,1.401064000219776,21
gen_mobile_ios_001,memgpt_style,mobile/ios,synthetic,explicit,completed_tasks,6,4,4,1.0,0.6667,0.8,85,299,3.52,0.6700760000057926,8
gen_mobile_ios_001,memgpt_style,mobile/ios,synthetic,explicit,pending_tasks,2,1,1,1.0,0.5,0.6667,85,299,3.52,0.6700760000057926,8
gen_mobile_ios_001,memgpt_style,mobile/ios,synthetic,explicit,decisions,3,1,1,1.0,0.3333,0.5,85,299,3.52,0.6700760000057926,8
gen_mobile_ios_001,memgpt_style,mobile/ios,synthetic,explicit,files,3,1,1,1.0,0.3333,0.5,85,299,3.52,0.6700760000057926,8
gen_mobile_ios_001,memgpt_style,mobile/ios,synthetic,explicit,errors,3,1,1,1.0,0.3333,0.5,85,299,3.52,0.6700760000057926,8
gen_mobile_ios_001,sliding_window_10,mobile/ios,synthetic,explicit,completed_tasks,6,13,4,0.3077,0.6667,0.4211,138,299,2.17,0.004584999715007143,13
gen_mobile_ios_001,sliding_window_10,mobile/ios,synthetic,explicit,pending_tasks,2,13,1,0.0769,0.5,0.1333,138,299,2.17,0.004584999715007143,13
gen_mobile_ios_001,sliding_window_10,mobile/ios,synthetic,explicit,decisions,3,13,1,0.0769,0.3333,0.125,138,299,2.17,0.004584999715007143,13
gen_mobile_ios_001,sliding_window_10,mobile/ios,synthetic,explicit,files,3,13,1,0.0769,0.3333,0.125,138,299,2.17,0.004584999715007143,13
gen_mobile_ios_001,sliding_window_10,mobile/ios,synthetic,explicit,errors,3,13,1,0.0769,0.3333,0.125,138,299,2.17,0.004584999715007143,13
gen_mobile_ios_001,naive_truncation,mobile/ios,synthetic,explicit,completed_tasks,6,30,6,0.2,1.0,0.3333,315,299,0.95,0.020102999769733287,30
gen_mobile_ios_001,naive_truncation,mobile/ios,synthetic,explicit,pending_tasks,2,30,2,0.0667,1.0,0.125,315,299,0.95,0.020102999769733287,30
gen_mobile_ios_001,naive_truncation,mobile/ios,synthetic,explicit,decisions,3,30,3,0.1,1.0,0.1818,315,299,0.95,0.020102999769733287,30
gen_mobile_ios_001,naive_truncation,mobile/ios,synthetic,explicit,files,3,30,3,0.1,1.0,0.1818,315,299,0.95,0.020102999769733287,30
gen_mobile_ios_001,naive_truncation,mobile/ios,synthetic,explicit,errors,3,30,3,0.1,1.0,0.1818,315,299,0.95,0.020102999769733287,30
gen_mobile_ios_001,naive_summary,mobile/ios,synthetic,explicit,completed_tasks,6,20,2,0.1,0.3333,0.1538,204,299,1.47,0.04944500005876762,20
gen_mobile_ios_001,naive_summary,mobile/ios,synthetic,explicit,pending_tasks,2,20,1,0.05,0.5,0.0909,204,299,1.47,0.04944500005876762,20
gen_mobile_ios_001,naive_summary,mobile/ios,synthetic,explicit,decisions,3,20,2,0.1,0.6667,0.1739,204,299,1.47,0.04944500005876762,20
gen_mobile_ios_001,naive_summary,mobile/ios,synthetic,explicit,files,3,20,2,0.1,0.6667,0.1739,204,299,1.47,0.04944500005876762,20
gen_mobile_ios_001,naive_summary,mobile/ios,synthetic,explicit,errors,3,20,3,0.15,1.0,0.2609,204,299,1.47,0.04944500005876762,20
gen_mobile_ios_002,tokenmizer_v0.5.2,mobile/ios,synthetic,explicit,completed_tasks,7,7,7,1.0,1.0,1.0,206,357,1.73,221.8231110000488,21
gen_mobile_ios_002,tokenmizer_v0.5.2,mobile/ios,synthetic,explicit,pending_tasks,2,2,2,1.0,1.0,1.0,206,357,1.73,221.8231110000488,21
gen_mobile_ios_002,tokenmizer_v0.5.2,mobile/ios,synthetic,explicit,decisions,6,6,6,1.0,1.0,1.0,206,357,1.73,221.8231110000488,21
gen_mobile_ios_002,tokenmizer_v0.5.2,mobile/ios,synthetic,explicit,files,3,3,3,1.0,1.0,1.0,206,357,1.73,221.8231110000488,21
gen_mobile_ios_002,tokenmizer_v0.5.2,mobile/ios,synthetic,explicit,errors,3,3,3,1.0,1.0,1.0,206,357,1.73,221.8231110000488,21
gen_mobile_ios_002,graphiti_style,mobile/ios,synthetic,explicit,completed_tasks,7,10,7,0.7,1.0,0.8235,196,357,1.82,1.0110709999935352,23
gen_mobile_ios_002,graphiti_style,mobile/ios,synthetic,explicit,pending_tasks,2,2,2,1.0,1.0,1.0,196,357,1.82,1.0110709999935352,23
gen_mobile_ios_002,graphiti_style,mobile/ios,synthetic,explicit,decisions,6,6,6,1.0,1.0,1.0,196,357,1.82,1.0110709999935352,23
gen_mobile_ios_002,graphiti_style,mobile/ios,synthetic,explicit,files,3,2,2,1.0,0.6667,0.8,196,357,1.82,1.0110709999935352,23
gen_mobile_ios_002,graphiti_style,mobile/ios,synthetic,explicit,errors,3,3,3,1.0,1.0,1.0,196,357,1.82,1.0110709999935352,23
gen_mobile_ios_002,graphrag_style,mobile/ios,synthetic,explicit,completed_tasks,7,2,2,1.0,0.2857,0.4444,140,357,2.55,0.5155090002517682,14
gen_mobile_ios_002,graphrag_style,mobile/ios,synthetic,explicit,pending_tasks,2,0,0,1.0,0.0,0.0,140,357,2.55,0.5155090002517682,14
gen_mobile_ios_002,graphrag_style,mobile/ios,synthetic,explicit,decisions,6,6,6,1.0,1.0,1.0,140,357,2.55,0.5155090002517682,14
gen_mobile_ios_002,graphrag_style,mobile/ios,synthetic,explicit,files,3,2,2,1.0,0.6667,0.8,140,357,2.55,0.5155090002517682,14
gen_mobile_ios_002,graphrag_style,mobile/ios,synthetic,explicit,errors,3,4,3,0.75,1.0,0.8571,140,357,2.55,0.5155090002517682,14
gen_mobile_ios_002,mem0_style,mobile/ios,synthetic,explicit,completed_tasks,7,10,7,0.7,1.0,0.8235,195,357,1.83,0.957442000071751,23
gen_mobile_ios_002,mem0_style,mobile/ios,synthetic,explicit,pending_tasks,2,2,2,1.0,1.0,1.0,195,357,1.83,0.957442000071751,23
gen_mobile_ios_002,mem0_style,mobile/ios,synthetic,explicit,decisions,6,6,6,1.0,1.0,1.0,195,357,1.83,0.957442000071751,23
gen_mobile_ios_002,mem0_style,mobile/ios,synthetic,explicit,files,3,2,2,1.0,0.6667,0.8,195,357,1.83,0.957442000071751,23
gen_mobile_ios_002,mem0_style,mobile/ios,synthetic,explicit,errors,3,3,3,1.0,1.0,1.0,195,357,1.83,0.957442000071751,23
gen_mobile_ios_002,memgpt_style,mobile/ios,synthetic,explicit,completed_tasks,7,5,4,0.8,0.5714,0.6667,99,357,3.61,0.3670060000331432,10
gen_mobile_ios_002,memgpt_style,mobile/ios,synthetic,explicit,pending_tasks,2,0,0,1.0,0.0,0.0,99,357,3.61,0.3670060000331432,10
gen_mobile_ios_002,memgpt_style,mobile/ios,synthetic,explicit,decisions,6,4,4,1.0,0.6667,0.8,99,357,3.61,0.3670060000331432,10
gen_mobile_ios_002,memgpt_style,mobile/ios,synthetic,explicit,files,3,0,0,1.0,0.0,0.0,99,357,3.61,0.3670060000331432,10
gen_mobile_ios_002,memgpt_style,mobile/ios,synthetic,explicit,errors,3,1,1,1.0,0.3333,0.5,99,357,3.61,0.3670060000331432,10
gen_mobile_ios_002,sliding_window_10,mobile/ios,synthetic,explicit,completed_tasks,7,12,4,0.3333,0.5714,0.4211,114,357,3.13,0.0027659998522722162,12
gen_mobile_ios_002,sliding_window_10,mobile/ios,synthetic,explicit,pending_tasks,2,12,0,0.0,0.0,0.0,114,357,3.13,0.0027659998522722162,12
gen_mobile_ios_002,sliding_window_10,mobile/ios,synthetic,explicit,decisions,6,12,2,0.1667,0.3333,0.2222,114,357,3.13,0.0027659998522722162,12
gen_mobile_ios_002,sliding_window_10,mobile/ios,synthetic,explicit,files,3,12,0,0.0,0.0,0.0,114,357,3.13,0.0027659998522722162,12
gen_mobile_ios_002,sliding_window_10,mobile/ios,synthetic,explicit,errors,3,12,1,0.0833,0.3333,0.1333,114,357,3.13,0.0027659998522722162,12
gen_mobile_ios_002,naive_truncation,mobile/ios,synthetic,explicit,completed_tasks,7,34,7,0.2059,1.0,0.3415,314,357,1.14,0.012819999938074034,34
gen_mobile_ios_002,naive_truncation,mobile/ios,synthetic,explicit,pending_tasks,2,34,1,0.0294,0.5,0.0556,314,357,1.14,0.012819999938074034,34
gen_mobile_ios_002,naive_truncation,mobile/ios,synthetic,explicit,decisions,6,34,5,0.1471,0.8333,0.25,314,357,1.14,0.012819999938074034,34
gen_mobile_ios_002,naive_truncation,mobile/ios,synthetic,explicit,files,3,34,3,0.0882,1.0,0.1622,314,357,1.14,0.012819999938074034,34
gen_mobile_ios_002,naive_truncation,mobile/ios,synthetic,explicit,errors,3,34,3,0.0882,1.0,0.1622,314,357,1.14,0.012819999938074034,34
gen_mobile_ios_002,naive_summary,mobile/ios,synthetic,explicit,completed_tasks,7,22,2,0.0909,0.2857,0.1379,206,357,1.73,0.05143300040799659,22
gen_mobile_ios_002,naive_summary,mobile/ios,synthetic,explicit,pending_tasks,2,22,2,0.0909,1.0,0.1667,206,357,1.73,0.05143300040799659,22
gen_mobile_ios_002,naive_summary,mobile/ios,synthetic,explicit,decisions,6,22,2,0.0909,0.3333,0.1429,206,357,1.73,0.05143300040799659,22
gen_mobile_ios_002,naive_summary,mobile/ios,synthetic,explicit,files,3,22,2,0.0909,0.6667,0.16,206,357,1.73,0.05143300040799659,22
gen_mobile_ios_002,naive_summary,mobile/ios,synthetic,explicit,errors,3,22,2,0.0909,0.6667,0.16,206,357,1.73,0.05143300040799659,22
gen_mobile_ios_003,tokenmizer_v0.5.2,mobile/ios,synthetic,explicit,completed_tasks,6,6,6,1.0,1.0,1.0,213,381,1.79,264.76385500018296,23
gen_mobile_ios_003,tokenmizer_v0.5.2,mobile/ios,synthetic,explicit,pending_tasks,3,3,3,1.0,1.0,1.0,213,381,1.79,264.76385500018296,23
gen_mobile_ios_003,tokenmizer_v0.5.2,mobile/ios,synthetic,explicit,decisions,6,6,6,1.0,1.0,1.0,213,381,1.79,264.76385500018296,23
gen_mobile_ios_003,tokenmizer_v0.5.2,mobile/ios,synthetic,explicit,files,6,6,6,1.0,1.0,1.0,213,381,1.79,264.76385500018296,23
gen_mobile_ios_003,tokenmizer_v0.5.2,mobile/ios,synthetic,explicit,errors,2,2,2,1.0,1.0,1.0,213,381,1.79,264.76385500018296,23
gen_mobile_ios_003,graphiti_style,mobile/ios,synthetic,explicit,completed_tasks,6,10,6,0.6,1.0,0.75,214,381,1.78,1.0355109998272383,27
gen_mobile_ios_003,graphiti_style,mobile/ios,synthetic,explicit,pending_tasks,3,4,3,0.75,1.0,0.8571,214,381,1.78,1.0355109998272383,27
gen_mobile_ios_003,graphiti_style,mobile/ios,synthetic,explicit,decisions,6,7,6,0.8571,1.0,0.9231,214,381,1.78,1.0355109998272383,27
gen_mobile_ios_003,graphiti_style,mobile/ios,synthetic,explicit,files,6,4,4,1.0,0.6667,0.8,214,381,1.78,1.0355109998272383,27
gen_mobile_ios_003,graphiti_style,mobile/ios,synthetic,explicit,errors,2,2,2,1.0,1.0,1.0,214,381,1.78,1.0355109998272383,27
gen_mobile_ios_003,graphrag_style,mobile/ios,synthetic,explicit,completed_tasks,6,2,2,1.0,0.3333,0.5,182,381,2.09,0.5651429996760271,20
gen_mobile_ios_003,graphrag_style,mobile/ios,synthetic,explicit,pending_tasks,3,4,3,0.75,1.0,0.8571,182,381,2.09,0.5651429996760271,20
gen_mobile_ios_003,graphrag_style,mobile/ios,synthetic,explicit,decisions,6,7,6,0.8571,1.0,0.9231,182,381,2.09,0.5651429996760271,20
gen_mobile_ios_003,graphrag_style,mobile/ios,synthetic,explicit,files,6,4,4,1.0,0.6667,0.8,182,381,2.09,0.5651429996760271,20
gen_mobile_ios_003,graphrag_style,mobile/ios,synthetic,explicit,errors,2,3,2,0.6667,1.0,0.8,182,381,2.09,0.5651429996760271,20
gen_mobile_ios_003,mem0_style,mobile/ios,synthetic,explicit,completed_tasks,6,10,6,0.6,1.0,0.75,213,381,1.79,1.1094820001744665,27
gen_mobile_ios_003,mem0_style,mobile/ios,synthetic,explicit,pending_tasks,3,4,3,0.75,1.0,0.8571,213,381,1.79,1.1094820001744665,27
gen_mobile_ios_003,mem0_style,mobile/ios,synthetic,explicit,decisions,6,7,6,0.8571,1.0,0.9231,213,381,1.79,1.1094820001744665,27
gen_mobile_ios_003,mem0_style,mobile/ios,synthetic,explicit,files,6,4,4,1.0,0.6667,0.8,213,381,1.79,1.1094820001744665,27
gen_mobile_ios_003,mem0_style,mobile/ios,synthetic,explicit,errors,2,2,2,1.0,1.0,1.0,213,381,1.79,1.1094820001744665,27
gen_mobile_ios_003,memgpt_style,mobile/ios,synthetic,explicit,completed_tasks,6,6,4,0.6667,0.6667,0.6667,96,381,3.97,0.3391889999875275,11
gen_mobile_ios_003,memgpt_style,mobile/ios,synthetic,explicit,pending_tasks,3,0,0,1.0,0.0,0.0,96,381,3.97,0.3391889999875275,11
gen_mobile_ios_003,memgpt_style,mobile/ios,synthetic,explicit,decisions,6,2,2,1.0,0.3333,0.5,96,381,3.97,0.3391889999875275,11
gen_mobile_ios_003,memgpt_style,mobile/ios,synthetic,explicit,files,6,3,3,1.0,0.5,0.6667,96,381,3.97,0.3391889999875275,11
gen_mobile_ios_003,memgpt_style,mobile/ios,synthetic,explicit,errors,2,0,0,1.0,0.0,0.0,96,381,3.97,0.3391889999875275,11
gen_mobile_ios_003,sliding_window_10,mobile/ios,synthetic,explicit,completed_tasks,6,10,3,0.3,0.5,0.375,81,381,4.7,0.003539999852364417,10
gen_mobile_ios_003,sliding_window_10,mobile/ios,synthetic,explicit,pending_tasks,3,10,0,0.0,0.0,0.0,81,381,4.7,0.003539999852364417,10
gen_mobile_ios_003,sliding_window_10,mobile/ios,synthetic,explicit,decisions,6,10,0,0.0,0.0,0.0,81,381,4.7,0.003539999852364417,10
gen_mobile_ios_003,sliding_window_10,mobile/ios,synthetic,explicit,files,6,10,2,0.2,0.3333,0.25,81,381,4.7,0.003539999852364417,10
gen_mobile_ios_003,sliding_window_10,mobile/ios,synthetic,explicit,errors,2,10,0,0.0,0.0,0.0,81,381,4.7,0.003539999852364417,10
gen_mobile_ios_003,naive_truncation,mobile/ios,synthetic,explicit,completed_tasks,6,38,5,0.1579,0.8333,0.2655,324,381,1.18,0.01554000027681468,38
gen_mobile_ios_003,naive_truncation,mobile/ios,synthetic,explicit,pending_tasks,3,38,3,0.0789,1.0,0.1463,324,381,1.18,0.01554000027681468,38
gen_mobile_ios_003,naive_truncation,mobile/ios,synthetic,explicit,decisions,6,38,4,0.1053,0.6667,0.1818,324,381,1.18,0.01554000027681468,38
gen_mobile_ios_003,naive_truncation,mobile/ios,synthetic,explicit,files,6,38,6,0.1579,1.0,0.2727,324,381,1.18,0.01554000027681468,38
gen_mobile_ios_003,naive_truncation,mobile/ios,synthetic,explicit,errors,2,38,2,0.0526,1.0,0.1,324,381,1.18,0.01554000027681468,38
gen_mobile_ios_003,naive_summary,mobile/ios,synthetic,explicit,completed_tasks,6,22,1,0.0455,0.1667,0.0714,201,381,1.9,0.049125000259664375,22
gen_mobile_ios_003,naive_summary,mobile/ios,synthetic,explicit,pending_tasks,3,22,3,0.1364,1.0,0.24,201,381,1.9,0.049125000259664375,22
gen_mobile_ios_003,naive_summary,mobile/ios,synthetic,explicit,decisions,6,22,4,0.1818,0.6667,0.2857,201,381,1.9,0.049125000259664375,22
gen_mobile_ios_003,naive_summary,mobile/ios,synthetic,explicit,files,6,22,2,0.0909,0.3333,0.1429,201,381,1.9,0.049125000259664375,22
gen_mobile_ios_003,naive_summary,mobile/ios,synthetic,explicit,errors,2,22,0,0.0,0.0,0.0,201,381,1.9,0.049125000259664375,22
gen_mobile_ios_004,tokenmizer_v0.5.2,mobile/ios,synthetic,explicit,completed_tasks,5,5,5,1.0,1.0,1.0,157,273,1.74,232.14400699998805,17
gen_mobile_ios_004,tokenmizer_v0.5.2,mobile/ios,synthetic,explicit,pending_tasks,1,1,1,1.0,1.0,1.0,157,273,1.74,232.14400699998805,17
gen_mobile_ios_004,tokenmizer_v0.5.2,mobile/ios,synthetic,explicit,decisions,2,2,2,1.0,1.0,1.0,157,273,1.74,232.14400699998805,17
gen_mobile_ios_004,tokenmizer_v0.5.2,mobile/ios,synthetic,explicit,files,6,6,6,1.0,1.0,1.0,157,273,1.74,232.14400699998805,17
gen_mobile_ios_004,tokenmizer_v0.5.2,mobile/ios,synthetic,explicit,errors,3,3,3,1.0,1.0,1.0,157,273,1.74,232.14400699998805,17
gen_mobile_ios_004,graphiti_style,mobile/ios,synthetic,explicit,completed_tasks,5,8,5,0.625,1.0,0.7692,164,273,1.66,0.8108139995783858,21
gen_mobile_ios_004,graphiti_style,mobile/ios,synthetic,explicit,pending_tasks,1,2,1,0.5,1.0,0.6667,164,273,1.66,0.8108139995783858,21
gen_mobile_ios_004,graphiti_style,mobile/ios,synthetic,explicit,decisions,2,3,2,0.6667,1.0,0.8,164,273,1.66,0.8108139995783858,21
gen_mobile_ios_004,graphiti_style,mobile/ios,synthetic,explicit,files,6,5,5,1.0,0.8333,0.9091,164,273,1.66,0.8108139995783858,21
gen_mobile_ios_004,graphiti_style,mobile/ios,synthetic,explicit,errors,3,3,3,1.0,1.0,1.0,164,273,1.66,0.8108139995783858,21
gen_mobile_ios_004,graphrag_style,mobile/ios,synthetic,explicit,completed_tasks,5,1,1,1.0,0.2,0.3333,106,273,2.58,0.407837000238942,13
gen_mobile_ios_004,graphrag_style,mobile/ios,synthetic,explicit,pending_tasks,1,1,0,0.0,0.0,0.0,106,273,2.58,0.407837000238942,13
gen_mobile_ios_004,graphrag_style,mobile/ios,synthetic,explicit,decisions,2,3,2,0.6667,1.0,0.8,106,273,2.58,0.407837000238942,13
gen_mobile_ios_004,graphrag_style,mobile/ios,synthetic,explicit,files,6,5,5,1.0,0.8333,0.9091,106,273,2.58,0.407837000238942,13
gen_mobile_ios_004,graphrag_style,mobile/ios,synthetic,explicit,errors,3,3,3,1.0,1.0,1.0,106,273,2.58,0.407837000238942,13
gen_mobile_ios_004,mem0_style,mobile/ios,synthetic,explicit,completed_tasks,5,8,5,0.625,1.0,0.7692,163,273,1.67,0.7385310000245227,21
gen_mobile_ios_004,mem0_style,mobile/ios,synthetic,explicit,pending_tasks,1,2,1,0.5,1.0,0.6667,163,273,1.67,0.7385310000245227,21
gen_mobile_ios_004,mem0_style,mobile/ios,synthetic,explicit,decisions,2,3,2,0.6667,1.0,0.8,163,273,1.67,0.7385310000245227,21
gen_mobile_ios_004,mem0_style,mobile/ios,synthetic,explicit,files,6,5,5,1.0,0.8333,0.9091,163,273,1.67,0.7385310000245227,21
gen_mobile_ios_004,mem0_style,mobile/ios,synthetic,explicit,errors,3,3,3,1.0,1.0,1.0,163,273,1.67,0.7385310000245227,21
gen_mobile_ios_004,memgpt_style,mobile/ios,synthetic,explicit,completed_tasks,5,4,2,0.5,0.4,0.4444,86,273,3.17,0.3086320002694265,10
gen_mobile_ios_004,memgpt_style,mobile/ios,synthetic,explicit,pending_tasks,1,0,0,1.0,0.0,0.0,86,273,3.17,0.3086320002694265,10
gen_mobile_ios_004,memgpt_style,mobile/ios,synthetic,explicit,decisions,2,0,0,1.0,0.0,0.0,86,273,3.17,0.3086320002694265,10
gen_mobile_ios_004,memgpt_style,mobile/ios,synthetic,explicit,files,6,4,4,1.0,0.6667,0.8,86,273,3.17,0.3086320002694265,10
gen_mobile_ios_004,memgpt_style,mobile/ios,synthetic,explicit,errors,3,2,2,1.0,0.6667,0.8,86,273,3.17,0.3086320002694265,10
gen_mobile_ios_004,sliding_window_10,mobile/ios,synthetic,explicit,completed_tasks,5,11,2,0.1818,0.4,0.25,110,273,2.48,0.00434200001109275,11
gen_mobile_ios_004,sliding_window_10,mobile/ios,synthetic,explicit,pending_tasks,1,11,0,0.0,0.0,0.0,110,273,2.48,0.00434200001109275,11
gen_mobile_ios_004,sliding_window_10,mobile/ios,synthetic,explicit,decisions,2,11,0,0.0,0.0,0.0,110,273,2.48,0.00434200001109275,11
gen_mobile_ios_004,sliding_window_10,mobile/ios,synthetic,explicit,files,6,11,3,0.2727,0.5,0.3529,110,273,2.48,0.00434200001109275,11
gen_mobile_ios_004,sliding_window_10,mobile/ios,synthetic,explicit,errors,3,11,1,0.0909,0.3333,0.1429,110,273,2.48,0.00434200001109275,11
gen_mobile_ios_004,naive_truncation,mobile/ios,synthetic,explicit,completed_tasks,5,32,5,0.1562,1.0,0.2703,288,273,0.95,0.015289000202756142,32
gen_mobile_ios_004,naive_truncation,mobile/ios,synthetic,explicit,pending_tasks,1,32,1,0.0312,1.0,0.0606,288,273,0.95,0.015289000202756142,32
gen_mobile_ios_004,naive_truncation,mobile/ios,synthetic,explicit,decisions,2,32,2,0.0625,1.0,0.1176,288,273,0.95,0.015289000202756142,32
gen_mobile_ios_004,naive_truncation,mobile/ios,synthetic,explicit,files,6,32,6,0.2188,1.0,0.359,288,273,0.95,0.015289000202756142,32
gen_mobile_ios_004,naive_truncation,mobile/ios,synthetic,explicit,errors,3,32,3,0.0938,1.0,0.1714,288,273,0.95,0.015289000202756142,32
gen_mobile_ios_004,naive_summary,mobile/ios,synthetic,explicit,completed_tasks,5,23,4,0.1739,0.8,0.2857,199,273,1.37,0.03251100042689359,23
gen_mobile_ios_004,naive_summary,mobile/ios,synthetic,explicit,pending_tasks,1,23,1,0.0435,1.0,0.0833,199,273,1.37,0.03251100042689359,23
gen_mobile_ios_004,naive_summary,mobile/ios,synthetic,explicit,decisions,2,23,2,0.087,1.0,0.16,199,273,1.37,0.03251100042689359,23
gen_mobile_ios_004,naive_summary,mobile/ios,synthetic,explicit,files,6,23,3,0.1739,0.5,0.2581,199,273,1.37,0.03251100042689359,23
gen_mobile_ios_004,naive_summary,mobile/ios,synthetic,explicit,errors,3,23,2,0.087,0.6667,0.1538,199,273,1.37,0.03251100042689359,23
gen_mobile_ios_005,tokenmizer_v0.5.2,mobile/ios,synthetic,explicit,completed_tasks,5,5,5,1.0,1.0,1.0,143,270,1.89,230.1908189997448,16
gen_mobile_ios_005,tokenmizer_v0.5.2,mobile/ios,synthetic,explicit,pending_tasks,2,2,2,1.0,1.0,1.0,143,270,1.89,230.1908189997448,16
gen_mobile_ios_005,tokenmizer_v0.5.2,mobile/ios,synthetic,explicit,decisions,3,3,3,1.0,1.0,1.0,143,270,1.89,230.1908189997448,16
gen_mobile_ios_005,tokenmizer_v0.5.2,mobile/ios,synthetic,explicit,files,6,6,6,1.0,1.0,1.0,143,270,1.89,230.1908189997448,16
gen_mobile_ios_005,graphiti_style,mobile/ios,synthetic,explicit,completed_tasks,5,8,5,0.625,1.0,0.7692,150,270,1.8,0.7238429998324136,19
gen_mobile_ios_005,graphiti_style,mobile/ios,synthetic,explicit,pending_tasks,2,2,2,1.0,1.0,1.0,150,270,1.8,0.7238429998324136,19
gen_mobile_ios_005,graphiti_style,mobile/ios,synthetic,explicit,decisions,3,4,3,0.75,1.0,0.8571,150,270,1.8,0.7238429998324136,19
gen_mobile_ios_005,graphiti_style,mobile/ios,synthetic,explicit,files,6,5,5,1.0,0.8333,0.9091,150,270,1.8,0.7238429998324136,19
gen_mobile_ios_005,graphrag_style,mobile/ios,synthetic,explicit,completed_tasks,5,2,2,1.0,0.4,0.5714,91,270,2.97,0.44603700007428415,11
gen_mobile_ios_005,graphrag_style,mobile/ios,synthetic,explicit,pending_tasks,2,0,0,1.0,0.0,0.0,91,270,2.97,0.44603700007428415,11
gen_mobile_ios_005,graphrag_style,mobile/ios,synthetic,explicit,decisions,3,4,3,0.75,1.0,0.8571,91,270,2.97,0.44603700007428415,11
gen_mobile_ios_005,graphrag_style,mobile/ios,synthetic,explicit,files,6,5,5,1.0,0.8333,0.9091,91,270,2.97,0.44603700007428415,11
gen_mobile_ios_005,mem0_style,mobile/ios,synthetic,explicit,completed_tasks,5,8,5,0.625,1.0,0.7692,149,270,1.81,0.7745679999970889,19
gen_mobile_ios_005,mem0_style,mobile/ios,synthetic,explicit,pending_tasks,2,2,2,1.0,1.0,1.0,149,270,1.81,0.7745679999970889,19
gen_mobile_ios_005,mem0_style,mobile/ios,synthetic,explicit,decisions,3,4,3,0.75,1.0,0.8571,149,270,1.81,0.7745679999970889,19
gen_mobile_ios_005,mem0_style,mobile/ios,synthetic,explicit,files,6,5,5,1.0,0.8333,0.9091,149,270,1.81,0.7745679999970889,19
gen_mobile_ios_005,memgpt_style,mobile/ios,synthetic,explicit,completed_tasks,5,4,2,0.5,0.4,0.4444,75,270,3.6,0.2243330000055721,9
gen_mobile_ios_005,memgpt_style,mobile/ios,synthetic,explicit,pending_tasks,2,1,1,1.0,0.5,0.6667,75,270,3.6,0.2243330000055721,9
gen_mobile_ios_005,memgpt_style,mobile/ios,synthetic,explicit,decisions,3,2,2,1.0,0.6667,0.8,75,270,3.6,0.2243330000055721,9
gen_mobile_ios_005,memgpt_style,mobile/ios,synthetic,explicit,files,6,2,2,1.0,0.3333,0.5,75,270,3.6,0.2243330000055721,9
gen_mobile_ios_005,sliding_window_10,mobile/ios,synthetic,explicit,completed_tasks,5,11,1,0.0909,0.2,0.125,93,270,2.9,0.003059999926335877,11
gen_mobile_ios_005,sliding_window_10,mobile/ios,synthetic,explicit,pending_tasks,2,11,1,0.0909,0.5,0.1538,93,270,2.9,0.003059999926335877,11
gen_mobile_ios_005,sliding_window_10,mobile/ios,synthetic,explicit,decisions,3,11,2,0.1818,0.6667,0.2857,93,270,2.9,0.003059999926335877,11
gen_mobile_ios_005,sliding_window_10,mobile/ios,synthetic,explicit,files,6,11,2,0.1818,0.3333,0.2353,93,270,2.9,0.003059999926335877,11
gen_mobile_ios_005,sliding_window_10,mobile/ios,synthetic,explicit,errors,0,11,0,0.0,1.0,0.0,93,270,2.9,0.003059999926335877,11
gen_mobile_ios_005,naive_truncation,mobile/ios,synthetic,explicit,completed_tasks,5,31,5,0.1613,1.0,0.2778,289,270,0.93,0.012341999990894692,31
gen_mobile_ios_005,naive_truncation,mobile/ios,synthetic,explicit,pending_tasks,2,31,2,0.0645,1.0,0.1212,289,270,0.93,0.012341999990894692,31
gen_mobile_ios_005,naive_truncation,mobile/ios,synthetic,explicit,decisions,3,31,3,0.0968,1.0,0.1765,289,270,0.93,0.012341999990894692,31
gen_mobile_ios_005,naive_truncation,mobile/ios,synthetic,explicit,files,6,31,6,0.1935,1.0,0.3243,289,270,0.93,0.012341999990894692,31
gen_mobile_ios_005,naive_truncation,mobile/ios,synthetic,explicit,errors,0,31,0,0.0,1.0,0.0,289,270,0.93,0.012341999990894692,31
gen_mobile_ios_005,naive_summary,mobile/ios,synthetic,explicit,completed_tasks,5,21,4,0.1905,0.8,0.3077,207,270,1.3,0.029878999612265034,21
gen_mobile_ios_005,naive_summary,mobile/ios,synthetic,explicit,pending_tasks,2,21,1,0.0476,0.5,0.087,207,270,1.3,0.029878999612265034,21
gen_mobile_ios_005,naive_summary,mobile/ios,synthetic,explicit,decisions,3,21,1,0.0476,0.3333,0.0833,207,270,1.3,0.029878999612265034,21
gen_mobile_ios_005,naive_summary,mobile/ios,synthetic,explicit,files,6,21,4,0.1905,0.6667,0.2963,207,270,1.3,0.029878999612265034,21
gen_mobile_ios_005,naive_summary,mobile/ios,synthetic,explicit,errors,0,21,0,0.0,1.0,0.0,207,270,1.3,0.029878999612265034,21
gen_platform_api_001,tokenmizer_v0.5.2,platform/api,synthetic,semi,completed_tasks,3,3,3,1.0,1.0,1.0,110,316,2.87,253.2161249996534,14
gen_platform_api_001,tokenmizer_v0.5.2,platform/api,synthetic,semi,pending_tasks,4,4,4,1.0,1.0,1.0,110,316,2.87,253.2161249996534,14
gen_platform_api_001,tokenmizer_v0.5.2,platform/api,synthetic,semi,decisions,2,2,2,1.0,1.0,1.0,110,316,2.87,253.2161249996534,14
gen_platform_api_001,tokenmizer_v0.5.2,platform/api,synthetic,semi,files,5,5,5,1.0,1.0,1.0,110,316,2.87,253.2161249996534,14
gen_platform_api_001,tokenmizer_v0.5.2,platform/api,synthetic,semi,errors,1,0,0,1.0,0.0,0.0,110,316,2.87,253.2161249996534,14
gen_platform_api_001,graphiti_style,platform/api,synthetic,semi,completed_tasks,3,3,3,1.0,1.0,1.0,146,316,2.16,0.815906999832805,18
gen_platform_api_001,graphiti_style,platform/api,synthetic,semi,pending_tasks,4,6,3,0.5,0.75,0.6,146,316,2.16,0.815906999832805,18
gen_platform_api_001,graphiti_style,platform/api,synthetic,semi,decisions,2,2,1,0.5,0.5,0.5,146,316,2.16,0.815906999832805,18
gen_platform_api_001,graphiti_style,platform/api,synthetic,semi,files,5,5,5,1.0,1.0,1.0,146,316,2.16,0.815906999832805,18
gen_platform_api_001,graphiti_style,platform/api,synthetic,semi,errors,1,2,1,0.5,1.0,0.6667,146,316,2.16,0.815906999832805,18
gen_platform_api_001,graphrag_style,platform/api,synthetic,semi,completed_tasks,3,0,0,1.0,0.0,0.0,59,316,5.36,0.475999000173033,9
gen_platform_api_001,graphrag_style,platform/api,synthetic,semi,pending_tasks,4,2,0,0.0,0.0,0.0,59,316,5.36,0.475999000173033,9
gen_platform_api_001,graphrag_style,platform/api,synthetic,semi,decisions,2,1,1,1.0,0.5,0.6667,59,316,5.36,0.475999000173033,9
gen_platform_api_001,graphrag_style,platform/api,synthetic,semi,files,5,5,5,1.0,1.0,1.0,59,316,5.36,0.475999000173033,9
gen_platform_api_001,graphrag_style,platform/api,synthetic,semi,errors,1,1,0,0.0,0.0,0.0,59,316,5.36,0.475999000173033,9
gen_platform_api_001,mem0_style,platform/api,synthetic,semi,completed_tasks,3,3,3,1.0,1.0,1.0,155,316,2.04,0.8160759998645517,17
gen_platform_api_001,mem0_style,platform/api,synthetic,semi,pending_tasks,4,5,3,0.6,0.75,0.6667,155,316,2.04,0.8160759998645517,17
gen_platform_api_001,mem0_style,platform/api,synthetic,semi,decisions,2,2,1,0.5,0.5,0.5,155,316,2.04,0.8160759998645517,17
gen_platform_api_001,mem0_style,platform/api,synthetic,semi,files,5,5,5,1.0,1.0,1.0,155,316,2.04,0.8160759998645517,17
gen_platform_api_001,mem0_style,platform/api,synthetic,semi,errors,1,2,1,0.5,1.0,0.6667,155,316,2.04,0.8160759998645517,17
gen_platform_api_001,memgpt_style,platform/api,synthetic,semi,completed_tasks,3,2,2,1.0,0.6667,0.8,87,316,3.63,0.2984580000884307,9
gen_platform_api_001,memgpt_style,platform/api,synthetic,semi,pending_tasks,4,1,1,1.0,0.25,0.4,87,316,3.63,0.2984580000884307,9
gen_platform_api_001,memgpt_style,platform/api,synthetic,semi,decisions,2,2,1,0.5,0.5,0.5,87,316,3.63,0.2984580000884307,9
gen_platform_api_001,memgpt_style,platform/api,synthetic,semi,files,5,3,3,1.0,0.6,0.75,87,316,3.63,0.2984580000884307,9
gen_platform_api_001,memgpt_style,platform/api,synthetic,semi,errors,1,1,0,0.0,0.0,0.0,87,316,3.63,0.2984580000884307,9
gen_platform_api_001,sliding_window_10,platform/api,synthetic,semi,completed_tasks,3,11,1,0.0909,0.3333,0.1429,112,316,2.82,0.0028100002964492887,11
gen_platform_api_001,sliding_window_10,platform/api,synthetic,semi,pending_tasks,4,11,1,0.0909,0.25,0.1333,112,316,2.82,0.0028100002964492887,11
gen_platform_api_001,sliding_window_10,platform/api,synthetic,semi,decisions,2,11,1,0.0909,0.5,0.1538,112,316,2.82,0.0028100002964492887,11
gen_platform_api_001,sliding_window_10,platform/api,synthetic,semi,files,5,11,3,0.2727,0.6,0.375,112,316,2.82,0.0028100002964492887,11
gen_platform_api_001,sliding_window_10,platform/api,synthetic,semi,errors,1,11,0,0.0,0.0,0.0,112,316,2.82,0.0028100002964492887,11
gen_platform_api_001,naive_truncation,platform/api,synthetic,semi,completed_tasks,3,28,3,0.1071,1.0,0.1935,307,316,1.03,0.014519000160362339,28
gen_platform_api_001,naive_truncation,platform/api,synthetic,semi,pending_tasks,4,28,4,0.1429,1.0,0.25,307,316,1.03,0.014519000160362339,28
gen_platform_api_001,naive_truncation,platform/api,synthetic,semi,decisions,2,28,2,0.0714,1.0,0.1333,307,316,1.03,0.014519000160362339,28
gen_platform_api_001,naive_truncation,platform/api,synthetic,semi,files,5,28,5,0.1786,1.0,0.303,307,316,1.03,0.014519000160362339,28
gen_platform_api_001,naive_truncation,platform/api,synthetic,semi,errors,1,28,1,0.0357,1.0,0.069,307,316,1.03,0.014519000160362339,28
gen_platform_api_001,naive_summary,platform/api,synthetic,semi,completed_tasks,3,15,1,0.0667,0.3333,0.1111,174,316,1.82,0.041325999973196303,15
gen_platform_api_001,naive_summary,platform/api,synthetic,semi,pending_tasks,4,15,3,0.2,0.75,0.3158,174,316,1.82,0.041325999973196303,15
gen_platform_api_001,naive_summary,platform/api,synthetic,semi,decisions,2,15,0,0.0,0.0,0.0,174,316,1.82,0.041325999973196303,15
gen_platform_api_001,naive_summary,platform/api,synthetic,semi,files,5,15,2,0.1333,0.4,0.2,174,316,1.82,0.041325999973196303,15
gen_platform_api_001,naive_summary,platform/api,synthetic,semi,errors,1,15,1,0.0667,1.0,0.125,174,316,1.82,0.041325999973196303,15
gen_platform_api_002,tokenmizer_v0.5.2,platform/api,synthetic,semi,completed_tasks,6,6,6,1.0,1.0,1.0,171,309,1.81,218.01899699994465,15
gen_platform_api_002,tokenmizer_v0.5.2,platform/api,synthetic,semi,pending_tasks,3,3,3,1.0,1.0,1.0,171,309,1.81,218.01899699994465,15
gen_platform_api_002,tokenmizer_v0.5.2,platform/api,synthetic,semi,decisions,3,3,3,1.0,1.0,1.0,171,309,1.81,218.01899699994465,15
gen_platform_api_002,tokenmizer_v0.5.2,platform/api,synthetic,semi,files,2,2,2,1.0,1.0,1.0,171,309,1.81,218.01899699994465,15
gen_platform_api_002,tokenmizer_v0.5.2,platform/api,synthetic,semi,errors,1,1,1,1.0,1.0,1.0,171,309,1.81,218.01899699994465,15
gen_platform_api_002,graphiti_style,platform/api,synthetic,semi,completed_tasks,6,4,4,1.0,0.6667,0.8,157,309,1.97,1.2006759998257621,16
gen_platform_api_002,graphiti_style,platform/api,synthetic,semi,pending_tasks,3,4,1,0.25,0.3333,0.2857,157,309,1.97,1.2006759998257621,16
gen_platform_api_002,graphiti_style,platform/api,synthetic,semi,decisions,3,4,3,0.75,1.0,0.8571,157,309,1.97,1.2006759998257621,16
gen_platform_api_002,graphiti_style,platform/api,synthetic,semi,files,2,2,2,1.0,1.0,1.0,157,309,1.97,1.2006759998257621,16
gen_platform_api_002,graphiti_style,platform/api,synthetic,semi,errors,1,2,1,0.5,1.0,0.6667,157,309,1.97,1.2006759998257621,16
gen_platform_api_002,graphrag_style,platform/api,synthetic,semi,completed_tasks,6,0,0,1.0,0.0,0.0,75,309,4.12,0.7948750003379246,8
gen_platform_api_002,graphrag_style,platform/api,synthetic,semi,pending_tasks,3,2,0,0.0,0.0,0.0,75,309,4.12,0.7948750003379246,8
gen_platform_api_002,graphrag_style,platform/api,synthetic,semi,decisions,3,3,3,1.0,1.0,1.0,75,309,4.12,0.7948750003379246,8
gen_platform_api_002,graphrag_style,platform/api,synthetic,semi,files,2,2,2,1.0,1.0,1.0,75,309,4.12,0.7948750003379246,8
gen_platform_api_002,graphrag_style,platform/api,synthetic,semi,errors,1,1,0,0.0,0.0,0.0,75,309,4.12,0.7948750003379246,8
gen_platform_api_002,mem0_style,platform/api,synthetic,semi,completed_tasks,6,4,4,1.0,0.6667,0.8,153,309,2.02,1.8974780000462488,15
gen_platform_api_002,mem0_style,platform/api,synthetic,semi,pending_tasks,3,3,1,0.3333,0.3333,0.3333,153,309,2.02,1.8974780000462488,15
gen_platform_api_002,mem0_style,platform/api,synthetic,semi,decisions,3,4,3,0.75,1.0,0.8571,153,309,2.02,1.8974780000462488,15
gen_platform_api_002,mem0_style,platform/api,synthetic,semi,files,2,2,2,1.0,1.0,1.0,153,309,2.02,1.8974780000462488,15
gen_platform_api_002,mem0_style,platform/api,synthetic,semi,errors,1,2,1,0.5,1.0,0.6667,153,309,2.02,1.8974780000462488,15
gen_platform_api_002,memgpt_style,platform/api,synthetic,semi,completed_tasks,6,2,2,1.0,0.3333,0.5,71,309,4.35,0.5308589998094249,5
gen_platform_api_002,memgpt_style,platform/api,synthetic,semi,pending_tasks,3,0,0,1.0,0.0,0.0,71,309,4.35,0.5308589998094249,5
gen_platform_api_002,memgpt_style,platform/api,synthetic,semi,decisions,3,0,0,1.0,0.0,0.0,71,309,4.35,0.5308589998094249,5
gen_platform_api_002,memgpt_style,platform/api,synthetic,semi,files,2,1,1,1.0,0.5,0.6667,71,309,4.35,0.5308589998094249,5
gen_platform_api_002,memgpt_style,platform/api,synthetic,semi,errors,1,2,1,0.5,1.0,0.6667,71,309,4.35,0.5308589998094249,5
gen_platform_api_002,sliding_window_10,platform/api,synthetic,semi,completed_tasks,6,10,3,0.3,0.5,0.375,106,309,2.92,0.0032850002753548324,10
gen_platform_api_002,sliding_window_10,platform/api,synthetic,semi,pending_tasks,3,10,0,0.0,0.0,0.0,106,309,2.92,0.0032850002753548324,10
gen_platform_api_002,sliding_window_10,platform/api,synthetic,semi,decisions,3,10,0,0.0,0.0,0.0,106,309,2.92,0.0032850002753548324,10
gen_platform_api_002,sliding_window_10,platform/api,synthetic,semi,files,2,10,1,0.1,0.5,0.1667,106,309,2.92,0.0032850002753548324,10
gen_platform_api_002,sliding_window_10,platform/api,synthetic,semi,errors,1,10,1,0.1,1.0,0.1818,106,309,2.92,0.0032850002753548324,10
gen_platform_api_002,naive_truncation,platform/api,synthetic,semi,completed_tasks,6,28,6,0.2143,1.0,0.3529,314,309,0.98,0.015224999970087083,28
gen_platform_api_002,naive_truncation,platform/api,synthetic,semi,pending_tasks,3,28,3,0.1071,1.0,0.1935,314,309,0.98,0.015224999970087083,28
gen_platform_api_002,naive_truncation,platform/api,synthetic,semi,decisions,3,28,3,0.1071,1.0,0.1935,314,309,0.98,0.015224999970087083,28
gen_platform_api_002,naive_truncation,platform/api,synthetic,semi,files,2,28,2,0.0714,1.0,0.1333,314,309,0.98,0.015224999970087083,28
gen_platform_api_002,naive_truncation,platform/api,synthetic,semi,errors,1,28,1,0.0357,1.0,0.069,314,309,0.98,0.015224999970087083,28
gen_platform_api_002,naive_summary,platform/api,synthetic,semi,completed_tasks,6,16,3,0.1875,0.5,0.2727,175,309,1.77,0.03208699990864261,16
gen_platform_api_002,naive_summary,platform/api,synthetic,semi,pending_tasks,3,16,2,0.125,0.6667,0.2105,175,309,1.77,0.03208699990864261,16
gen_platform_api_002,naive_summary,platform/api,synthetic,semi,decisions,3,16,1,0.0625,0.3333,0.1053,175,309,1.77,0.03208699990864261,16
gen_platform_api_002,naive_summary,platform/api,synthetic,semi,files,2,16,1,0.0625,0.5,0.1111,175,309,1.77,0.03208699990864261,16
gen_platform_api_002,naive_summary,platform/api,synthetic,semi,errors,1,16,0,0.0,0.0,0.0,175,309,1.77,0.03208699990864261,16
gen_platform_api_003,tokenmizer_v0.5.2,platform/api,synthetic,semi,completed_tasks,7,7,7,1.0,1.0,1.0,223,476,2.13,297.03227599975435,22
gen_platform_api_003,tokenmizer_v0.5.2,platform/api,synthetic,semi,pending_tasks,4,4,4,1.0,1.0,1.0,223,476,2.13,297.03227599975435,22
gen_platform_api_003,tokenmizer_v0.5.2,platform/api,synthetic,semi,decisions,6,6,6,1.0,1.0,1.0,223,476,2.13,297.03227599975435,22
gen_platform_api_003,tokenmizer_v0.5.2,platform/api,synthetic,semi,files,3,3,3,1.0,1.0,1.0,223,476,2.13,297.03227599975435,22
gen_platform_api_003,tokenmizer_v0.5.2,platform/api,synthetic,semi,errors,3,2,2,1.0,0.6667,0.8,223,476,2.13,297.03227599975435,22
gen_platform_api_003,graphiti_style,platform/api,synthetic,semi,completed_tasks,7,5,5,1.0,0.7143,0.8333,203,476,2.34,1.2477179998313659,21
gen_platform_api_003,graphiti_style,platform/api,synthetic,semi,pending_tasks,4,4,1,0.25,0.25,0.25,203,476,2.34,1.2477179998313659,21
gen_platform_api_003,graphiti_style,platform/api,synthetic,semi,decisions,6,5,3,0.6,0.5,0.5455,203,476,2.34,1.2477179998313659,21
gen_platform_api_003,graphiti_style,platform/api,synthetic,semi,files,3,3,3,1.0,1.0,1.0,203,476,2.34,1.2477179998313659,21
gen_platform_api_003,graphiti_style,platform/api,synthetic,semi,errors,3,4,3,0.75,1.0,0.8571,203,476,2.34,1.2477179998313659,21
gen_platform_api_003,graphrag_style,platform/api,synthetic,semi,completed_tasks,7,0,0,1.0,0.0,0.0,113,476,4.21,0.6327480000436481,13
gen_platform_api_003,graphrag_style,platform/api,synthetic,semi,pending_tasks,4,2,0,0.0,0.0,0.0,113,476,4.21,0.6327480000436481,13
gen_platform_api_003,graphrag_style,platform/api,synthetic,semi,decisions,6,5,4,0.8,0.6667,0.7273,113,476,4.21,0.6327480000436481,13
gen_platform_api_003,graphrag_style,platform/api,synthetic,semi,files,3,3,3,1.0,1.0,1.0,113,476,4.21,0.6327480000436481,13
gen_platform_api_003,graphrag_style,platform/api,synthetic,semi,errors,3,3,2,0.6667,0.6667,0.6667,113,476,4.21,0.6327480000436481,13
gen_platform_api_003,mem0_style,platform/api,synthetic,semi,completed_tasks,7,5,5,1.0,0.7143,0.8333,198,476,2.4,1.2235109998073312,20
gen_platform_api_003,mem0_style,platform/api,synthetic,semi,pending_tasks,4,3,1,0.3333,0.25,0.2857,198,476,2.4,1.2235109998073312,20
gen_platform_api_003,mem0_style,platform/api,synthetic,semi,decisions,6,5,3,0.6,0.5,0.5455,198,476,2.4,1.2235109998073312,20
gen_platform_api_003,mem0_style,platform/api,synthetic,semi,files,3,3,3,1.0,1.0,1.0,198,476,2.4,1.2235109998073312,20
gen_platform_api_003,mem0_style,platform/api,synthetic,semi,errors,3,4,3,0.75,1.0,0.8571,198,476,2.4,1.2235109998073312,20
gen_platform_api_003,memgpt_style,platform/api,synthetic,semi,completed_tasks,7,2,2,1.0,0.2857,0.4444,115,476,4.14,0.5802880000373989,9
gen_platform_api_003,memgpt_style,platform/api,synthetic,semi,pending_tasks,4,3,1,0.3333,0.25,0.2857,115,476,4.14,0.5802880000373989,9
gen_platform_api_003,memgpt_style,platform/api,synthetic,semi,decisions,6,0,0,1.0,0.0,0.0,115,476,4.14,0.5802880000373989,9
gen_platform_api_003,memgpt_style,platform/api,synthetic,semi,files,3,0,0,1.0,0.0,0.0,115,476,4.14,0.5802880000373989,9
gen_platform_api_003,memgpt_style,platform/api,synthetic,semi,errors,3,4,3,0.75,1.0,0.8571,115,476,4.14,0.5802880000373989,9
gen_platform_api_003,sliding_window_10,platform/api,synthetic,semi,completed_tasks,7,13,2,0.1538,0.2857,0.2,155,476,3.07,0.0034839999898395035,13
gen_platform_api_003,sliding_window_10,platform/api,synthetic,semi,pending_tasks,4,13,3,0.2308,0.75,0.3529,155,476,3.07,0.0034839999898395035,13
gen_platform_api_003,sliding_window_10,platform/api,synthetic,semi,decisions,6,13,1,0.0769,0.1667,0.1053,155,476,3.07,0.0034839999898395035,13
gen_platform_api_003,sliding_window_10,platform/api,synthetic,semi,files,3,13,0,0.0,0.0,0.0,155,476,3.07,0.0034839999898395035,13
gen_platform_api_003,sliding_window_10,platform/api,synthetic,semi,errors,3,13,2,0.1538,0.6667,0.25,155,476,3.07,0.0034839999898395035,13
gen_platform_api_003,naive_truncation,platform/api,synthetic,semi,completed_tasks,7,23,6,0.2609,0.8571,0.4,296,476,1.61,0.020357999801490223,23
gen_platform_api_003,naive_truncation,platform/api,synthetic,semi,pending_tasks,4,23,3,0.1304,0.75,0.2222,296,476,1.61,0.020357999801490223,23
gen_platform_api_003,naive_truncation,platform/api,synthetic,semi,decisions,6,23,2,0.087,0.3333,0.1379,296,476,1.61,0.020357999801490223,23
gen_platform_api_003,naive_truncation,platform/api,synthetic,semi,files,3,23,0,0.0,0.0,0.0,296,476,1.61,0.020357999801490223,23
gen_platform_api_003,naive_truncation,platform/api,synthetic,semi,errors,3,23,3,0.1304,1.0,0.2308,296,476,1.61,0.020357999801490223,23
gen_platform_api_003,naive_summary,platform/api,synthetic,semi,completed_tasks,7,17,1,0.0588,0.1429,0.0833,176,476,2.7,0.06432000009226613,17
gen_platform_api_003,naive_summary,platform/api,synthetic,semi,pending_tasks,4,17,1,0.0588,0.25,0.0952,176,476,2.7,0.06432000009226613,17
gen_platform_api_003,naive_summary,platform/api,synthetic,semi,decisions,6,17,3,0.1765,0.5,0.2609,176,476,2.7,0.06432000009226613,17
gen_platform_api_003,naive_summary,platform/api,synthetic,semi,files,3,17,2,0.1176,0.6667,0.2,176,476,2.7,0.06432000009226613,17
gen_platform_api_003,naive_summary,platform/api,synthetic,semi,errors,3,17,0,0.0,0.0,0.0,176,476,2.7,0.06432000009226613,17
gen_platform_api_004,tokenmizer_v0.5.2,platform/api,synthetic,semi,completed_tasks,6,7,6,0.8571,1.0,0.9231,198,404,2.04,241.03415400031736,22
gen_platform_api_004,tokenmizer_v0.5.2,platform/api,synthetic,semi,pending_tasks,2,2,2,1.0,1.0,1.0,198,404,2.04,241.03415400031736,22
gen_platform_api_004,tokenmizer_v0.5.2,platform/api,synthetic,semi,decisions,5,5,4,0.8,0.8,0.8,198,404,2.04,241.03415400031736,22
gen_platform_api_004,tokenmizer_v0.5.2,platform/api,synthetic,semi,files,5,5,5,1.0,1.0,1.0,198,404,2.04,241.03415400031736,22
gen_platform_api_004,tokenmizer_v0.5.2,platform/api,synthetic,semi,errors,3,3,3,1.0,1.0,1.0,198,404,2.04,241.03415400031736,22
gen_platform_api_004,graphiti_style,platform/api,synthetic,semi,completed_tasks,6,5,4,0.8,0.6667,0.7273,162,404,2.49,1.0141809998458484,19
gen_platform_api_004,graphiti_style,platform/api,synthetic,semi,pending_tasks,2,3,0,0.0,0.0,0.0,162,404,2.49,1.0141809998458484,19
gen_platform_api_004,graphiti_style,platform/api,synthetic,semi,decisions,5,3,2,0.6667,0.4,0.5,162,404,2.49,1.0141809998458484,19
gen_platform_api_004,graphiti_style,platform/api,synthetic,semi,files,5,5,5,1.0,1.0,1.0,162,404,2.49,1.0141809998458484,19
gen_platform_api_004,graphiti_style,platform/api,synthetic,semi,errors,3,3,3,1.0,1.0,1.0,162,404,2.49,1.0141809998458484,19
gen_platform_api_004,graphrag_style,platform/api,synthetic,semi,completed_tasks,6,0,0,1.0,0.0,0.0,69,404,5.86,0.6237329998839414,11
gen_platform_api_004,graphrag_style,platform/api,synthetic,semi,pending_tasks,2,2,0,0.0,0.0,0.0,69,404,5.86,0.6237329998839414,11
gen_platform_api_004,graphrag_style,platform/api,synthetic,semi,decisions,5,3,2,0.6667,0.4,0.5,69,404,5.86,0.6237329998839414,11
gen_platform_api_004,graphrag_style,platform/api,synthetic,semi,files,5,5,5,1.0,1.0,1.0,69,404,5.86,0.6237329998839414,11
gen_platform_api_004,graphrag_style,platform/api,synthetic,semi,errors,3,1,1,1.0,0.3333,0.5,69,404,5.86,0.6237329998839414,11
gen_platform_api_004,mem0_style,platform/api,synthetic,semi,completed_tasks,6,5,4,0.8,0.6667,0.7273,158,404,2.56,1.1016600001312327,18
gen_platform_api_004,mem0_style,platform/api,synthetic,semi,pending_tasks,2,2,0,0.0,0.0,0.0,158,404,2.56,1.1016600001312327,18
gen_platform_api_004,mem0_style,platform/api,synthetic,semi,decisions,5,3,2,0.6667,0.4,0.5,158,404,2.56,1.1016600001312327,18
gen_platform_api_004,mem0_style,platform/api,synthetic,semi,files,5,5,5,1.0,1.0,1.0,158,404,2.56,1.1016600001312327,18
gen_platform_api_004,mem0_style,platform/api,synthetic,semi,errors,3,3,3,1.0,1.0,1.0,158,404,2.56,1.1016600001312327,18
gen_platform_api_004,memgpt_style,platform/api,synthetic,semi,completed_tasks,6,3,2,0.6667,0.3333,0.4444,77,404,5.25,0.38444300025730627,7
gen_platform_api_004,memgpt_style,platform/api,synthetic,semi,pending_tasks,2,0,0,1.0,0.0,0.0,77,404,5.25,0.38444300025730627,7
gen_platform_api_004,memgpt_style,platform/api,synthetic,semi,decisions,5,2,1,0.5,0.2,0.2857,77,404,5.25,0.38444300025730627,7
gen_platform_api_004,memgpt_style,platform/api,synthetic,semi,files,5,1,1,1.0,0.2,0.3333,77,404,5.25,0.38444300025730627,7
gen_platform_api_004,memgpt_style,platform/api,synthetic,semi,errors,3,1,1,1.0,0.3333,0.5,77,404,5.25,0.38444300025730627,7
gen_platform_api_004,sliding_window_10,platform/api,synthetic,semi,completed_tasks,6,12,3,0.25,0.5,0.3333,145,404,2.79,0.0033460000850027427,12
gen_platform_api_004,sliding_window_10,platform/api,synthetic,semi,pending_tasks,2,12,0,0.0,0.0,0.0,145,404,2.79,0.0033460000850027427,12
gen_platform_api_004,sliding_window_10,platform/api,synthetic,semi,decisions,5,12,3,0.25,0.6,0.3529,145,404,2.79,0.0033460000850027427,12
gen_platform_api_004,sliding_window_10,platform/api,synthetic,semi,files,5,12,0,0.0,0.0,0.0,145,404,2.79,0.0033460000850027427,12
gen_platform_api_004,sliding_window_10,platform/api,synthetic,semi,errors,3,12,1,0.0833,0.3333,0.1333,145,404,2.79,0.0033460000850027427,12
gen_platform_api_004,naive_truncation,platform/api,synthetic,semi,completed_tasks,6,27,6,0.2222,1.0,0.3636,313,404,1.29,0.01665599984335131,27
gen_platform_api_004,naive_truncation,platform/api,synthetic,semi,pending_tasks,2,27,1,0.037,0.5,0.069,313,404,1.29,0.01665599984335131,27
gen_platform_api_004,naive_truncation,platform/api,synthetic,semi,decisions,5,27,4,0.1481,0.8,0.25,313,404,1.29,0.01665599984335131,27
gen_platform_api_004,naive_truncation,platform/api,synthetic,semi,files,5,27,3,0.1111,0.6,0.1875,313,404,1.29,0.01665599984335131,27
gen_platform_api_004,naive_truncation,platform/api,synthetic,semi,errors,3,27,2,0.0741,0.6667,0.1333,313,404,1.29,0.01665599984335131,27
gen_platform_api_004,naive_summary,platform/api,synthetic,semi,completed_tasks,6,18,1,0.0556,0.1667,0.0833,178,404,2.27,0.041460999909759266,18
gen_platform_api_004,naive_summary,platform/api,synthetic,semi,pending_tasks,2,18,2,0.1111,1.0,0.2,178,404,2.27,0.041460999909759266,18
gen_platform_api_004,naive_summary,platform/api,synthetic,semi,decisions,5,18,1,0.0556,0.2,0.087,178,404,2.27,0.041460999909759266,18
gen_platform_api_004,naive_summary,platform/api,synthetic,semi,files,5,18,3,0.1667,0.6,0.2609,178,404,2.27,0.041460999909759266,18
gen_platform_api_004,naive_summary,platform/api,synthetic,semi,errors,3,18,2,0.1111,0.6667,0.1905,178,404,2.27,0.041460999909759266,18
gen_platform_api_005,tokenmizer_v0.5.2,platform/api,synthetic,semi,completed_tasks,7,7,7,1.0,1.0,1.0,155,386,2.49,235.6431190000876,18
gen_platform_api_005,tokenmizer_v0.5.2,platform/api,synthetic,semi,pending_tasks,4,4,4,1.0,1.0,1.0,155,386,2.49,235.6431190000876,18
gen_platform_api_005,tokenmizer_v0.5.2,platform/api,synthetic,semi,decisions,2,2,2,1.0,1.0,1.0,155,386,2.49,235.6431190000876,18
gen_platform_api_005,tokenmizer_v0.5.2,platform/api,synthetic,semi,files,5,5,5,1.0,1.0,1.0,155,386,2.49,235.6431190000876,18
gen_platform_api_005,graphiti_style,platform/api,synthetic,semi,completed_tasks,7,3,3,1.0,0.4286,0.6,132,386,2.92,1.715671000056318,13
gen_platform_api_005,graphiti_style,platform/api,synthetic,semi,pending_tasks,4,1,1,1.0,0.25,0.4,132,386,2.92,1.715671000056318,13
gen_platform_api_005,graphiti_style,platform/api,synthetic,semi,decisions,2,3,2,0.6667,1.0,0.8,132,386,2.92,1.715671000056318,13
gen_platform_api_005,graphiti_style,platform/api,synthetic,semi,files,5,5,5,1.0,1.0,1.0,132,386,2.92,1.715671000056318,13
gen_platform_api_005,graphiti_style,platform/api,synthetic,semi,errors,0,1,0,0.0,1.0,0.0,132,386,2.92,1.715671000056318,13
gen_platform_api_005,graphrag_style,platform/api,synthetic,semi,completed_tasks,7,0,0,1.0,0.0,0.0,70,386,5.51,1.0306639996997546,8
gen_platform_api_005,graphrag_style,platform/api,synthetic,semi,pending_tasks,4,0,0,1.0,0.0,0.0,70,386,5.51,1.0306639996997546,8
gen_platform_api_005,graphrag_style,platform/api,synthetic,semi,decisions,2,2,2,1.0,1.0,1.0,70,386,5.51,1.0306639996997546,8
gen_platform_api_005,graphrag_style,platform/api,synthetic,semi,files,5,5,5,1.0,1.0,1.0,70,386,5.51,1.0306639996997546,8
gen_platform_api_005,graphrag_style,platform/api,synthetic,semi,errors,0,1,0,0.0,1.0,0.0,70,386,5.51,1.0306639996997546,8
gen_platform_api_005,mem0_style,platform/api,synthetic,semi,completed_tasks,7,3,3,1.0,0.4286,0.6,131,386,2.95,1.7633789998399152,13
gen_platform_api_005,mem0_style,platform/api,synthetic,semi,pending_tasks,4,1,1,1.0,0.25,0.4,131,386,2.95,1.7633789998399152,13
gen_platform_api_005,mem0_style,platform/api,synthetic,semi,decisions,2,3,2,0.6667,1.0,0.8,131,386,2.95,1.7633789998399152,13
gen_platform_api_005,mem0_style,platform/api,synthetic,semi,files,5,5,5,1.0,1.0,1.0,131,386,2.95,1.7633789998399152,13
gen_platform_api_005,mem0_style,platform/api,synthetic,semi,errors,0,1,0,0.0,1.0,0.0,131,386,2.95,1.7633789998399152,13
gen_platform_api_005,memgpt_style,platform/api,synthetic,semi,completed_tasks,7,1,1,1.0,0.1429,0.25,45,386,8.58,0.5889909998586518,5
gen_platform_api_005,memgpt_style,platform/api,synthetic,semi,pending_tasks,4,0,0,1.0,0.0,0.0,45,386,8.58,0.5889909998586518,5
gen_platform_api_005,memgpt_style,platform/api,synthetic,semi,decisions,2,1,1,1.0,0.5,0.6667,45,386,8.58,0.5889909998586518,5
gen_platform_api_005,memgpt_style,platform/api,synthetic,semi,files,5,3,3,1.0,0.6,0.75,45,386,8.58,0.5889909998586518,5
gen_platform_api_005,sliding_window_10,platform/api,synthetic,semi,completed_tasks,7,11,1,0.0909,0.1429,0.1111,110,386,3.51,0.006098000085330568,11
gen_platform_api_005,sliding_window_10,platform/api,synthetic,semi,pending_tasks,4,11,1,0.0909,0.25,0.1333,110,386,3.51,0.006098000085330568,11
gen_platform_api_005,sliding_window_10,platform/api,synthetic,semi,decisions,2,11,1,0.0909,0.5,0.1538,110,386,3.51,0.006098000085330568,11
gen_platform_api_005,sliding_window_10,platform/api,synthetic,semi,files,5,11,3,0.2727,0.6,0.375,110,386,3.51,0.006098000085330568,11
gen_platform_api_005,sliding_window_10,platform/api,synthetic,semi,errors,0,11,0,0.0,1.0,0.0,110,386,3.51,0.006098000085330568,11
gen_platform_api_005,naive_truncation,platform/api,synthetic,semi,completed_tasks,7,27,5,0.1852,0.7143,0.2941,307,386,1.26,0.02625599972816417,27
gen_platform_api_005,naive_truncation,platform/api,synthetic,semi,pending_tasks,4,27,3,0.1111,0.75,0.1935,307,386,1.26,0.02625599972816417,27
gen_platform_api_005,naive_truncation,platform/api,synthetic,semi,decisions,2,27,2,0.0741,1.0,0.1379,307,386,1.26,0.02625599972816417,27
gen_platform_api_005,naive_truncation,platform/api,synthetic,semi,files,5,27,5,0.1852,1.0,0.3125,307,386,1.26,0.02625599972816417,27
gen_platform_api_005,naive_truncation,platform/api,synthetic,semi,errors,0,27,0,0.0,1.0,0.0,307,386,1.26,0.02625599972816417,27
gen_platform_api_005,naive_summary,platform/api,synthetic,semi,completed_tasks,7,16,3,0.1875,0.4286,0.2609,192,386,2.01,0.06486600022981293,16
gen_platform_api_005,naive_summary,platform/api,synthetic,semi,pending_tasks,4,16,3,0.1875,0.75,0.3,192,386,2.01,0.06486600022981293,16
gen_platform_api_005,naive_summary,platform/api,synthetic,semi,decisions,2,16,0,0.0,0.0,0.0,192,386,2.01,0.06486600022981293,16
gen_platform_api_005,naive_summary,platform/api,synthetic,semi,files,5,16,1,0.0625,0.2,0.0952,192,386,2.01,0.06486600022981293,16
gen_platform_api_005,naive_summary,platform/api,synthetic,semi,errors,0,16,0,0.0,1.0,0.0,192,386,2.01,0.06486600022981293,16
gen_product_analytics_001,tokenmizer_v0.5.2,product/analytics,synthetic,mixed,completed_tasks,5,5,5,1.0,1.0,1.0,175,408,2.33,243.64323100007823,15
gen_product_analytics_001,tokenmizer_v0.5.2,product/analytics,synthetic,mixed,pending_tasks,3,3,3,1.0,1.0,1.0,175,408,2.33,243.64323100007823,15
gen_product_analytics_001,tokenmizer_v0.5.2,product/analytics,synthetic,mixed,decisions,4,4,4,1.0,1.0,1.0,175,408,2.33,243.64323100007823,15
gen_product_analytics_001,tokenmizer_v0.5.2,product/analytics,synthetic,mixed,files,2,2,2,1.0,1.0,1.0,175,408,2.33,243.64323100007823,15
gen_product_analytics_001,tokenmizer_v0.5.2,product/analytics,synthetic,mixed,errors,2,1,1,1.0,0.5,0.6667,175,408,2.33,243.64323100007823,15
gen_product_analytics_001,graphiti_style,product/analytics,synthetic,mixed,completed_tasks,5,2,2,1.0,0.4,0.5714,91,408,4.48,1.3059120001344127,9
gen_product_analytics_001,graphiti_style,product/analytics,synthetic,mixed,pending_tasks,3,0,0,1.0,0.0,0.0,91,408,4.48,1.3059120001344127,9
gen_product_analytics_001,graphiti_style,product/analytics,synthetic,mixed,decisions,4,4,2,0.5,0.5,0.5,91,408,4.48,1.3059120001344127,9
gen_product_analytics_001,graphiti_style,product/analytics,synthetic,mixed,files,2,2,1,0.5,0.5,0.5,91,408,4.48,1.3059120001344127,9
gen_product_analytics_001,graphiti_style,product/analytics,synthetic,mixed,errors,2,1,1,1.0,0.5,0.6667,91,408,4.48,1.3059120001344127,9
gen_product_analytics_001,graphrag_style,product/analytics,synthetic,mixed,completed_tasks,5,1,1,1.0,0.2,0.3333,71,408,5.75,0.5066070002612832,7
gen_product_analytics_001,graphrag_style,product/analytics,synthetic,mixed,pending_tasks,3,0,0,1.0,0.0,0.0,71,408,5.75,0.5066070002612832,7
gen_product_analytics_001,graphrag_style,product/analytics,synthetic,mixed,decisions,4,3,2,0.6667,0.5,0.5714,71,408,5.75,0.5066070002612832,7
gen_product_analytics_001,graphrag_style,product/analytics,synthetic,mixed,files,2,2,1,0.5,0.5,0.5,71,408,5.75,0.5066070002612832,7
gen_product_analytics_001,graphrag_style,product/analytics,synthetic,mixed,errors,2,1,1,1.0,0.5,0.6667,71,408,5.75,0.5066070002612832,7
gen_product_analytics_001,mem0_style,product/analytics,synthetic,mixed,completed_tasks,5,2,2,1.0,0.4,0.5714,90,408,4.53,0.9872850000647304,9
gen_product_analytics_001,mem0_style,product/analytics,synthetic,mixed,pending_tasks,3,0,0,1.0,0.0,0.0,90,408,4.53,0.9872850000647304,9
gen_product_analytics_001,mem0_style,product/analytics,synthetic,mixed,decisions,4,4,2,0.5,0.5,0.5,90,408,4.53,0.9872850000647304,9
gen_product_analytics_001,mem0_style,product/analytics,synthetic,mixed,files,2,2,1,0.5,0.5,0.5,90,408,4.53,0.9872850000647304,9
gen_product_analytics_001,mem0_style,product/analytics,synthetic,mixed,errors,2,1,1,1.0,0.5,0.6667,90,408,4.53,0.9872850000647304,9
gen_product_analytics_001,memgpt_style,product/analytics,synthetic,mixed,completed_tasks,5,0,0,1.0,0.0,0.0,25,408,16.32,0.46223900017139385,2
gen_product_analytics_001,memgpt_style,product/analytics,synthetic,mixed,pending_tasks,3,0,0,1.0,0.0,0.0,25,408,16.32,0.46223900017139385,2
gen_product_analytics_001,memgpt_style,product/analytics,synthetic,mixed,decisions,4,0,0,1.0,0.0,0.0,25,408,16.32,0.46223900017139385,2
gen_product_analytics_001,memgpt_style,product/analytics,synthetic,mixed,files,2,1,1,1.0,0.5,0.6667,25,408,16.32,0.46223900017139385,2
gen_product_analytics_001,memgpt_style,product/analytics,synthetic,mixed,errors,2,1,1,1.0,0.5,0.6667,25,408,16.32,0.46223900017139385,2
gen_product_analytics_001,sliding_window_10,product/analytics,synthetic,mixed,completed_tasks,5,13,1,0.0769,0.2,0.1111,207,408,1.97,0.0027310002224112395,13
gen_product_analytics_001,sliding_window_10,product/analytics,synthetic,mixed,pending_tasks,3,13,3,0.2308,1.0,0.375,207,408,1.97,0.0027310002224112395,13
gen_product_analytics_001,sliding_window_10,product/analytics,synthetic,mixed,decisions,4,13,1,0.0769,0.25,0.1176,207,408,1.97,0.0027310002224112395,13
gen_product_analytics_001,sliding_window_10,product/analytics,synthetic,mixed,files,2,13,1,0.0769,0.5,0.1333,207,408,1.97,0.0027310002224112395,13
gen_product_analytics_001,sliding_window_10,product/analytics,synthetic,mixed,errors,2,13,2,0.1538,1.0,0.2667,207,408,1.97,0.0027310002224112395,13
gen_product_analytics_001,naive_truncation,product/analytics,synthetic,mixed,completed_tasks,5,21,2,0.0952,0.4,0.1538,310,408,1.32,0.011036000159947434,21
gen_product_analytics_001,naive_truncation,product/analytics,synthetic,mixed,pending_tasks,3,21,3,0.1429,1.0,0.25,310,408,1.32,0.011036000159947434,21
gen_product_analytics_001,naive_truncation,product/analytics,synthetic,mixed,decisions,4,21,3,0.1429,0.75,0.24,310,408,1.32,0.011036000159947434,21
gen_product_analytics_001,naive_truncation,product/analytics,synthetic,mixed,files,2,21,2,0.0952,1.0,0.1739,310,408,1.32,0.011036000159947434,21
gen_product_analytics_001,naive_truncation,product/analytics,synthetic,mixed,errors,2,21,2,0.0952,1.0,0.1739,310,408,1.32,0.011036000159947434,21
gen_product_analytics_001,naive_summary,product/analytics,synthetic,mixed,completed_tasks,5,16,3,0.1875,0.6,0.2857,190,408,2.15,0.03413200010982109,16
gen_product_analytics_001,naive_summary,product/analytics,synthetic,mixed,pending_tasks,3,16,0,0.0,0.0,0.0,190,408,2.15,0.03413200010982109,16
gen_product_analytics_001,naive_summary,product/analytics,synthetic,mixed,decisions,4,16,3,0.1875,0.75,0.3,190,408,2.15,0.03413200010982109,16
gen_product_analytics_001,naive_summary,product/analytics,synthetic,mixed,files,2,16,1,0.0625,0.5,0.1111,190,408,2.15,0.03413200010982109,16
gen_product_analytics_001,naive_summary,product/analytics,synthetic,mixed,errors,2,16,0,0.0,0.0,0.0,190,408,2.15,0.03413200010982109,16
gen_product_analytics_002,tokenmizer_v0.5.2,product/analytics,synthetic,mixed,completed_tasks,4,4,4,1.0,1.0,1.0,187,406,2.17,227.4125650001224,16
gen_product_analytics_002,tokenmizer_v0.5.2,product/analytics,synthetic,mixed,pending_tasks,1,1,1,1.0,1.0,1.0,187,406,2.17,227.4125650001224,16
gen_product_analytics_002,tokenmizer_v0.5.2,product/analytics,synthetic,mixed,decisions,4,4,4,1.0,1.0,1.0,187,406,2.17,227.4125650001224,16
gen_product_analytics_002,tokenmizer_v0.5.2,product/analytics,synthetic,mixed,files,4,4,4,1.0,1.0,1.0,187,406,2.17,227.4125650001224,16
gen_product_analytics_002,tokenmizer_v0.5.2,product/analytics,synthetic,mixed,errors,3,3,3,1.0,1.0,1.0,187,406,2.17,227.4125650001224,16
gen_product_analytics_002,graphiti_style,product/analytics,synthetic,mixed,completed_tasks,4,3,1,0.3333,0.25,0.2857,85,406,4.78,1.0147589996449824,10
gen_product_analytics_002,graphiti_style,product/analytics,synthetic,mixed,pending_tasks,1,1,0,0.0,0.0,0.0,85,406,4.78,1.0147589996449824,10
gen_product_analytics_002,graphiti_style,product/analytics,synthetic,mixed,decisions,4,1,0,0.0,0.0,0.0,85,406,4.78,1.0147589996449824,10
gen_product_analytics_002,graphiti_style,product/analytics,synthetic,mixed,files,4,3,2,0.6667,0.5,0.5714,85,406,4.78,1.0147589996449824,10
gen_product_analytics_002,graphiti_style,product/analytics,synthetic,mixed,errors,3,2,2,1.0,0.6667,0.8,85,406,4.78,1.0147589996449824,10
gen_product_analytics_002,graphrag_style,product/analytics,synthetic,mixed,completed_tasks,4,1,1,1.0,0.25,0.4,60,406,6.77,0.5049780002082116,7
gen_product_analytics_002,graphrag_style,product/analytics,synthetic,mixed,pending_tasks,1,1,0,0.0,0.0,0.0,60,406,6.77,0.5049780002082116,7
gen_product_analytics_002,graphrag_style,product/analytics,synthetic,mixed,decisions,4,1,0,0.0,0.0,0.0,60,406,6.77,0.5049780002082116,7
gen_product_analytics_002,graphrag_style,product/analytics,synthetic,mixed,files,4,3,2,0.6667,0.5,0.5714,60,406,6.77,0.5049780002082116,7
gen_product_analytics_002,graphrag_style,product/analytics,synthetic,mixed,errors,3,1,1,1.0,0.3333,0.5,60,406,6.77,0.5049780002082116,7
gen_product_analytics_002,mem0_style,product/analytics,synthetic,mixed,completed_tasks,4,3,1,0.3333,0.25,0.2857,84,406,4.83,1.1185350003870553,10
gen_product_analytics_002,mem0_style,product/analytics,synthetic,mixed,pending_tasks,1,1,0,0.0,0.0,0.0,84,406,4.83,1.1185350003870553,10
gen_product_analytics_002,mem0_style,product/analytics,synthetic,mixed,decisions,4,1,0,0.0,0.0,0.0,84,406,4.83,1.1185350003870553,10
gen_product_analytics_002,mem0_style,product/analytics,synthetic,mixed,files,4,3,2,0.6667,0.5,0.5714,84,406,4.83,1.1185350003870553,10
gen_product_analytics_002,mem0_style,product/analytics,synthetic,mixed,errors,3,2,2,1.0,0.6667,0.8,84,406,4.83,1.1185350003870553,10
gen_product_analytics_002,memgpt_style,product/analytics,synthetic,mixed,completed_tasks,4,1,1,1.0,0.25,0.4,43,406,9.44,0.37647600038326345,4
gen_product_analytics_002,memgpt_style,product/analytics,synthetic,mixed,pending_tasks,1,0,0,1.0,0.0,0.0,43,406,9.44,0.37647600038326345,4
gen_product_analytics_002,memgpt_style,product/analytics,synthetic,mixed,decisions,4,1,0,0.0,0.0,0.0,43,406,9.44,0.37647600038326345,4
gen_product_analytics_002,memgpt_style,product/analytics,synthetic,mixed,files,4,1,0,0.0,0.0,0.0,43,406,9.44,0.37647600038326345,4
gen_product_analytics_002,memgpt_style,product/analytics,synthetic,mixed,errors,3,1,1,1.0,0.3333,0.5,43,406,9.44,0.37647600038326345,4
gen_product_analytics_002,sliding_window_10,product/analytics,synthetic,mixed,completed_tasks,4,12,2,0.1667,0.5,0.25,176,406,2.31,0.004863999947701814,12
gen_product_analytics_002,sliding_window_10,product/analytics,synthetic,mixed,pending_tasks,1,12,1,0.0833,1.0,0.1538,176,406,2.31,0.004863999947701814,12
gen_product_analytics_002,sliding_window_10,product/analytics,synthetic,mixed,decisions,4,12,1,0.0833,0.25,0.125,176,406,2.31,0.004863999947701814,12
gen_product_analytics_002,sliding_window_10,product/analytics,synthetic,mixed,files,4,12,1,0.0833,0.25,0.125,176,406,2.31,0.004863999947701814,12
gen_product_analytics_002,sliding_window_10,product/analytics,synthetic,mixed,errors,3,12,2,0.1667,0.6667,0.2667,176,406,2.31,0.004863999947701814,12
gen_product_analytics_002,naive_truncation,product/analytics,synthetic,mixed,completed_tasks,4,21,3,0.1429,0.75,0.24,308,406,1.32,0.01833099986470188,21
gen_product_analytics_002,naive_truncation,product/analytics,synthetic,mixed,pending_tasks,1,21,1,0.0476,1.0,0.0909,308,406,1.32,0.01833099986470188,21
gen_product_analytics_002,naive_truncation,product/analytics,synthetic,mixed,decisions,4,21,3,0.1429,0.75,0.24,308,406,1.32,0.01833099986470188,21
gen_product_analytics_002,naive_truncation,product/analytics,synthetic,mixed,files,4,21,3,0.1429,0.75,0.24,308,406,1.32,0.01833099986470188,21
gen_product_analytics_002,naive_truncation,product/analytics,synthetic,mixed,errors,3,21,3,0.1429,1.0,0.25,308,406,1.32,0.01833099986470188,21
gen_product_analytics_002,naive_summary,product/analytics,synthetic,mixed,completed_tasks,4,14,1,0.0714,0.25,0.1111,198,406,2.05,0.05410599987953901,14
gen_product_analytics_002,naive_summary,product/analytics,synthetic,mixed,pending_tasks,1,14,0,0.0,0.0,0.0,198,406,2.05,0.05410599987953901,14
gen_product_analytics_002,naive_summary,product/analytics,synthetic,mixed,decisions,4,14,3,0.2143,0.75,0.3333,198,406,2.05,0.05410599987953901,14
gen_product_analytics_002,naive_summary,product/analytics,synthetic,mixed,files,4,14,3,0.2143,0.75,0.3333,198,406,2.05,0.05410599987953901,14
gen_product_analytics_002,naive_summary,product/analytics,synthetic,mixed,errors,3,14,0,0.0,0.0,0.0,198,406,2.05,0.05410599987953901,14
gen_product_analytics_003,tokenmizer_v0.5.2,product/analytics,synthetic,mixed,completed_tasks,4,4,4,1.0,1.0,1.0,149,300,2.01,218.21338200015816,13
gen_product_analytics_003,tokenmizer_v0.5.2,product/analytics,synthetic,mixed,pending_tasks,2,1,1,1.0,0.5,0.6667,149,300,2.01,218.21338200015816,13
gen_product_analytics_003,tokenmizer_v0.5.2,product/analytics,synthetic,mixed,decisions,2,2,2,1.0,1.0,1.0,149,300,2.01,218.21338200015816,13
gen_product_analytics_003,tokenmizer_v0.5.2,product/analytics,synthetic,mixed,files,4,4,4,1.0,1.0,1.0,149,300,2.01,218.21338200015816,13
gen_product_analytics_003,tokenmizer_v0.5.2,product/analytics,synthetic,mixed,errors,2,2,2,1.0,1.0,1.0,149,300,2.01,218.21338200015816,13
gen_product_analytics_003,graphiti_style,product/analytics,synthetic,mixed,completed_tasks,4,2,1,0.5,0.25,0.3333,118,300,2.54,0.8129359998747532,12
gen_product_analytics_003,graphiti_style,product/analytics,synthetic,mixed,pending_tasks,2,2,1,0.5,0.5,0.5,118,300,2.54,0.8129359998747532,12
gen_product_analytics_003,graphiti_style,product/analytics,synthetic,mixed,decisions,2,2,2,1.0,1.0,1.0,118,300,2.54,0.8129359998747532,12
gen_product_analytics_003,graphiti_style,product/analytics,synthetic,mixed,files,4,4,3,0.75,0.75,0.75,118,300,2.54,0.8129359998747532,12
gen_product_analytics_003,graphiti_style,product/analytics,synthetic,mixed,errors,2,2,2,1.0,1.0,1.0,118,300,2.54,0.8129359998747532,12
gen_product_analytics_003,graphrag_style,product/analytics,synthetic,mixed,completed_tasks,4,0,0,1.0,0.0,0.0,99,300,3.03,0.44698400006382144,10
gen_product_analytics_003,graphrag_style,product/analytics,synthetic,mixed,pending_tasks,2,2,1,0.5,0.5,0.5,99,300,3.03,0.44698400006382144,10
gen_product_analytics_003,graphrag_style,product/analytics,synthetic,mixed,decisions,2,2,2,1.0,1.0,1.0,99,300,3.03,0.44698400006382144,10
gen_product_analytics_003,graphrag_style,product/analytics,synthetic,mixed,files,4,4,3,0.75,0.75,0.75,99,300,3.03,0.44698400006382144,10
gen_product_analytics_003,graphrag_style,product/analytics,synthetic,mixed,errors,2,2,2,1.0,1.0,1.0,99,300,3.03,0.44698400006382144,10
gen_product_analytics_003,mem0_style,product/analytics,synthetic,mixed,completed_tasks,4,2,1,0.5,0.25,0.3333,117,300,2.56,0.7720419998804573,12
gen_product_analytics_003,mem0_style,product/analytics,synthetic,mixed,pending_tasks,2,2,1,0.5,0.5,0.5,117,300,2.56,0.7720419998804573,12
gen_product_analytics_003,mem0_style,product/analytics,synthetic,mixed,decisions,2,2,2,1.0,1.0,1.0,117,300,2.56,0.7720419998804573,12
gen_product_analytics_003,mem0_style,product/analytics,synthetic,mixed,files,4,4,3,0.75,0.75,0.75,117,300,2.56,0.7720419998804573,12
gen_product_analytics_003,mem0_style,product/analytics,synthetic,mixed,errors,2,2,2,1.0,1.0,1.0,117,300,2.56,0.7720419998804573,12
gen_product_analytics_003,memgpt_style,product/analytics,synthetic,mixed,completed_tasks,4,1,1,1.0,0.25,0.4,70,300,4.29,0.3656969997791748,5
gen_product_analytics_003,memgpt_style,product/analytics,synthetic,mixed,pending_tasks,2,1,1,1.0,0.5,0.6667,70,300,4.29,0.3656969997791748,5
gen_product_analytics_003,memgpt_style,product/analytics,synthetic,mixed,decisions,2,1,1,1.0,0.5,0.6667,70,300,4.29,0.3656969997791748,5
gen_product_analytics_003,memgpt_style,product/analytics,synthetic,mixed,files,4,1,1,1.0,0.25,0.4,70,300,4.29,0.3656969997791748,5
gen_product_analytics_003,memgpt_style,product/analytics,synthetic,mixed,errors,2,1,1,1.0,0.5,0.6667,70,300,4.29,0.3656969997791748,5
gen_product_analytics_003,sliding_window_10,product/analytics,synthetic,mixed,completed_tasks,4,12,2,0.1667,0.5,0.25,151,300,1.99,0.002829000095516676,12
gen_product_analytics_003,sliding_window_10,product/analytics,synthetic,mixed,pending_tasks,2,12,2,0.1667,1.0,0.2857,151,300,1.99,0.002829000095516676,12
gen_product_analytics_003,sliding_window_10,product/analytics,synthetic,mixed,decisions,2,12,1,0.0833,0.5,0.1429,151,300,1.99,0.002829000095516676,12
gen_product_analytics_003,sliding_window_10,product/analytics,synthetic,mixed,files,4,12,1,0.0833,0.25,0.125,151,300,1.99,0.002829000095516676,12
gen_product_analytics_003,sliding_window_10,product/analytics,synthetic,mixed,errors,2,12,1,0.0833,0.5,0.1429,151,300,1.99,0.002829000095516676,12
gen_product_analytics_003,naive_truncation,product/analytics,synthetic,mixed,completed_tasks,4,27,4,0.1481,1.0,0.2581,313,300,0.96,0.014064999959373381,27
gen_product_analytics_003,naive_truncation,product/analytics,synthetic,mixed,pending_tasks,2,27,2,0.0741,1.0,0.1379,313,300,0.96,0.014064999959373381,27
gen_product_analytics_003,naive_truncation,product/analytics,synthetic,mixed,decisions,2,27,2,0.0741,1.0,0.1379,313,300,0.96,0.014064999959373381,27
gen_product_analytics_003,naive_truncation,product/analytics,synthetic,mixed,files,4,27,4,0.1481,1.0,0.2581,313,300,0.96,0.014064999959373381,27
gen_product_analytics_003,naive_truncation,product/analytics,synthetic,mixed,errors,2,27,2,0.0741,1.0,0.1379,313,300,0.96,0.014064999959373381,27
gen_product_analytics_003,naive_summary,product/analytics,synthetic,mixed,completed_tasks,4,18,3,0.1667,0.75,0.2727,198,300,1.52,0.023870999939390458,18
gen_product_analytics_003,naive_summary,product/analytics,synthetic,mixed,pending_tasks,2,18,0,0.0,0.0,0.0,198,300,1.52,0.023870999939390458,18
gen_product_analytics_003,naive_summary,product/analytics,synthetic,mixed,decisions,2,18,1,0.0556,0.5,0.1,198,300,1.52,0.023870999939390458,18
gen_product_analytics_003,naive_summary,product/analytics,synthetic,mixed,files,4,18,3,0.1667,0.75,0.2727,198,300,1.52,0.023870999939390458,18
gen_product_analytics_003,naive_summary,product/analytics,synthetic,mixed,errors,2,18,1,0.0556,0.5,0.1,198,300,1.52,0.023870999939390458,18
gen_product_analytics_004,tokenmizer_v0.5.2,product/analytics,synthetic,mixed,completed_tasks,5,5,5,1.0,1.0,1.0,193,438,2.27,222.69446199970844,16
gen_product_analytics_004,tokenmizer_v0.5.2,product/analytics,synthetic,mixed,pending_tasks,3,2,2,1.0,0.6667,0.8,193,438,2.27,222.69446199970844,16
gen_product_analytics_004,tokenmizer_v0.5.2,product/analytics,synthetic,mixed,decisions,4,4,4,1.0,1.0,1.0,193,438,2.27,222.69446199970844,16
gen_product_analytics_004,tokenmizer_v0.5.2,product/analytics,synthetic,mixed,files,4,4,4,1.0,1.0,1.0,193,438,2.27,222.69446199970844,16
gen_product_analytics_004,tokenmizer_v0.5.2,product/analytics,synthetic,mixed,errors,2,1,1,1.0,0.5,0.6667,193,438,2.27,222.69446199970844,16
gen_product_analytics_004,graphiti_style,product/analytics,synthetic,mixed,completed_tasks,5,4,4,1.0,0.8,0.8889,163,438,2.69,1.0687379999581026,14
gen_product_analytics_004,graphiti_style,product/analytics,synthetic,mixed,pending_tasks,3,2,2,1.0,0.6667,0.8,163,438,2.69,1.0687379999581026,14
gen_product_analytics_004,graphiti_style,product/analytics,synthetic,mixed,decisions,4,3,3,1.0,0.75,0.8571,163,438,2.69,1.0687379999581026,14
gen_product_analytics_004,graphiti_style,product/analytics,synthetic,mixed,files,4,4,4,1.0,1.0,1.0,163,438,2.69,1.0687379999581026,14
gen_product_analytics_004,graphiti_style,product/analytics,synthetic,mixed,errors,2,1,1,1.0,0.5,0.6667,163,438,2.69,1.0687379999581026,14
gen_product_analytics_004,graphrag_style,product/analytics,synthetic,mixed,completed_tasks,5,1,1,1.0,0.2,0.3333,101,438,4.34,0.5806350000057137,10
gen_product_analytics_004,graphrag_style,product/analytics,synthetic,mixed,pending_tasks,3,2,2,1.0,0.6667,0.8,101,438,4.34,0.5806350000057137,10
gen_product_analytics_004,graphrag_style,product/analytics,synthetic,mixed,decisions,4,3,3,1.0,0.75,0.8571,101,438,4.34,0.5806350000057137,10
gen_product_analytics_004,graphrag_style,product/analytics,synthetic,mixed,files,4,4,4,1.0,1.0,1.0,101,438,4.34,0.5806350000057137,10
gen_product_analytics_004,graphrag_style,product/analytics,synthetic,mixed,errors,2,0,0,1.0,0.0,0.0,101,438,4.34,0.5806350000057137,10
gen_product_analytics_004,mem0_style,product/analytics,synthetic,mixed,completed_tasks,5,4,4,1.0,0.8,0.8889,162,438,2.7,1.0592730000098527,14
gen_product_analytics_004,mem0_style,product/analytics,synthetic,mixed,pending_tasks,3,2,2,1.0,0.6667,0.8,162,438,2.7,1.0592730000098527,14
gen_product_analytics_004,mem0_style,product/analytics,synthetic,mixed,decisions,4,3,3,1.0,0.75,0.8571,162,438,2.7,1.0592730000098527,14
gen_product_analytics_004,mem0_style,product/analytics,synthetic,mixed,files,4,4,4,1.0,1.0,1.0,162,438,2.7,1.0592730000098527,14
gen_product_analytics_004,mem0_style,product/analytics,synthetic,mixed,errors,2,1,1,1.0,0.5,0.6667,162,438,2.7,1.0592730000098527,14
gen_product_analytics_004,memgpt_style,product/analytics,synthetic,mixed,completed_tasks,5,2,2,1.0,0.4,0.5714,78,438,5.62,0.398681999740802,6
gen_product_analytics_004,memgpt_style,product/analytics,synthetic,mixed,pending_tasks,3,0,0,1.0,0.0,0.0,78,438,5.62,0.398681999740802,6
gen_product_analytics_004,memgpt_style,product/analytics,synthetic,mixed,decisions,4,2,2,1.0,0.5,0.6667,78,438,5.62,0.398681999740802,6
gen_product_analytics_004,memgpt_style,product/analytics,synthetic,mixed,files,4,2,2,1.0,0.5,0.6667,78,438,5.62,0.398681999740802,6
gen_product_analytics_004,memgpt_style,product/analytics,synthetic,mixed,errors,2,0,0,1.0,0.0,0.0,78,438,5.62,0.398681999740802,6
gen_product_analytics_004,sliding_window_10,product/analytics,synthetic,mixed,completed_tasks,5,13,3,0.2308,0.6,0.3333,191,438,2.29,0.0028539998311316594,13
gen_product_analytics_004,sliding_window_10,product/analytics,synthetic,mixed,pending_tasks,3,13,1,0.0769,0.3333,0.125,191,438,2.29,0.0028539998311316594,13
gen_product_analytics_004,sliding_window_10,product/analytics,synthetic,mixed,decisions,4,13,2,0.1538,0.5,0.2353,191,438,2.29,0.0028539998311316594,13
gen_product_analytics_004,sliding_window_10,product/analytics,synthetic,mixed,files,4,13,2,0.1538,0.5,0.2353,191,438,2.29,0.0028539998311316594,13
gen_product_analytics_004,sliding_window_10,product/analytics,synthetic,mixed,errors,2,13,0,0.0,0.0,0.0,191,438,2.29,0.0028539998311316594,13
gen_product_analytics_004,naive_truncation,product/analytics,synthetic,mixed,completed_tasks,5,22,4,0.1818,0.8,0.2963,313,438,1.4,0.01347699981124606,22
gen_product_analytics_004,naive_truncation,product/analytics,synthetic,mixed,pending_tasks,3,22,2,0.0909,0.6667,0.16,313,438,1.4,0.01347699981124606,22
gen_product_analytics_004,naive_truncation,product/analytics,synthetic,mixed,decisions,4,22,2,0.0909,0.5,0.1538,313,438,1.4,0.01347699981124606,22
gen_product_analytics_004,naive_truncation,product/analytics,synthetic,mixed,files,4,22,4,0.1818,1.0,0.3077,313,438,1.4,0.01347699981124606,22
gen_product_analytics_004,naive_truncation,product/analytics,synthetic,mixed,errors,2,22,1,0.0455,0.5,0.0833,313,438,1.4,0.01347699981124606,22
gen_product_analytics_004,naive_summary,product/analytics,synthetic,mixed,completed_tasks,5,13,1,0.0769,0.2,0.1111,188,438,2.33,0.03482800002529984,13
gen_product_analytics_004,naive_summary,product/analytics,synthetic,mixed,pending_tasks,3,13,1,0.0769,0.3333,0.125,188,438,2.33,0.03482800002529984,13
gen_product_analytics_004,naive_summary,product/analytics,synthetic,mixed,decisions,4,13,2,0.1538,0.5,0.2353,188,438,2.33,0.03482800002529984,13
gen_product_analytics_004,naive_summary,product/analytics,synthetic,mixed,files,4,13,0,0.0,0.0,0.0,188,438,2.33,0.03482800002529984,13
gen_product_analytics_004,naive_summary,product/analytics,synthetic,mixed,errors,2,13,2,0.1538,1.0,0.2667,188,438,2.33,0.03482800002529984,13
gen_product_analytics_005,tokenmizer_v0.5.2,product/analytics,synthetic,mixed,completed_tasks,6,6,6,1.0,1.0,1.0,204,427,2.09,222.08003599962467,20
gen_product_analytics_005,tokenmizer_v0.5.2,product/analytics,synthetic,mixed,pending_tasks,3,3,3,1.0,1.0,1.0,204,427,2.09,222.08003599962467,20
gen_product_analytics_005,tokenmizer_v0.5.2,product/analytics,synthetic,mixed,decisions,6,6,6,1.0,1.0,1.0,204,427,2.09,222.08003599962467,20
gen_product_analytics_005,tokenmizer_v0.5.2,product/analytics,synthetic,mixed,files,5,5,5,1.0,1.0,1.0,204,427,2.09,222.08003599962467,20
gen_product_analytics_005,graphiti_style,product/analytics,synthetic,mixed,completed_tasks,6,4,3,0.75,0.5,0.6,128,427,3.34,1.1155760003020987,15
gen_product_analytics_005,graphiti_style,product/analytics,synthetic,mixed,pending_tasks,3,2,1,0.5,0.3333,0.4,128,427,3.34,1.1155760003020987,15
gen_product_analytics_005,graphiti_style,product/analytics,synthetic,mixed,decisions,6,5,4,0.8,0.6667,0.7273,128,427,3.34,1.1155760003020987,15
gen_product_analytics_005,graphiti_style,product/analytics,synthetic,mixed,files,5,4,4,1.0,0.8,0.8889,128,427,3.34,1.1155760003020987,15
gen_product_analytics_005,graphrag_style,product/analytics,synthetic,mixed,completed_tasks,6,1,1,1.0,0.1667,0.2857,98,427,4.36,0.5851860000802844,11
gen_product_analytics_005,graphrag_style,product/analytics,synthetic,mixed,pending_tasks,3,2,1,0.5,0.3333,0.4,98,427,4.36,0.5851860000802844,11
gen_product_analytics_005,graphrag_style,product/analytics,synthetic,mixed,decisions,6,4,4,1.0,0.6667,0.8,98,427,4.36,0.5851860000802844,11
gen_product_analytics_005,graphrag_style,product/analytics,synthetic,mixed,files,5,4,4,1.0,0.8,0.8889,98,427,4.36,0.5851860000802844,11
gen_product_analytics_005,mem0_style,product/analytics,synthetic,mixed,completed_tasks,6,4,3,0.75,0.5,0.6,127,427,3.36,1.111858999593096,15
gen_product_analytics_005,mem0_style,product/analytics,synthetic,mixed,pending_tasks,3,2,1,0.5,0.3333,0.4,127,427,3.36,1.111858999593096,15
gen_product_analytics_005,mem0_style,product/analytics,synthetic,mixed,decisions,6,5,4,0.8,0.6667,0.7273,127,427,3.36,1.111858999593096,15
gen_product_analytics_005,mem0_style,product/analytics,synthetic,mixed,files,5,4,4,1.0,0.8,0.8889,127,427,3.36,1.111858999593096,15
gen_product_analytics_005,memgpt_style,product/analytics,synthetic,mixed,completed_tasks,6,2,2,1.0,0.3333,0.5,76,427,5.62,0.4486110001380439,7
gen_product_analytics_005,memgpt_style,product/analytics,synthetic,mixed,pending_tasks,3,1,1,1.0,0.3333,0.5,76,427,5.62,0.4486110001380439,7
gen_product_analytics_005,memgpt_style,product/analytics,synthetic,mixed,decisions,6,4,3,0.75,0.5,0.6,76,427,5.62,0.4486110001380439,7
gen_product_analytics_005,memgpt_style,product/analytics,synthetic,mixed,files,5,0,0,1.0,0.0,0.0,76,427,5.62,0.4486110001380439,7
gen_product_analytics_005,sliding_window_10,product/analytics,synthetic,mixed,completed_tasks,6,13,4,0.3077,0.6667,0.4211,178,427,2.4,0.007871999969211174,13
gen_product_analytics_005,sliding_window_10,product/analytics,synthetic,mixed,pending_tasks,3,13,1,0.0769,0.3333,0.125,178,427,2.4,0.007871999969211174,13
gen_product_analytics_005,sliding_window_10,product/analytics,synthetic,mixed,decisions,6,13,3,0.2308,0.5,0.3158,178,427,2.4,0.007871999969211174,13
gen_product_analytics_005,sliding_window_10,product/analytics,synthetic,mixed,files,5,13,0,0.0,0.0,0.0,178,427,2.4,0.007871999969211174,13
gen_product_analytics_005,sliding_window_10,product/analytics,synthetic,mixed,errors,0,13,0,0.0,1.0,0.0,178,427,2.4,0.007871999969211174,13
gen_product_analytics_005,naive_truncation,product/analytics,synthetic,mixed,completed_tasks,6,22,4,0.1818,0.6667,0.2857,309,427,1.38,0.011072000233980361,22
gen_product_analytics_005,naive_truncation,product/analytics,synthetic,mixed,pending_tasks,3,22,3,0.1364,1.0,0.24,309,427,1.38,0.011072000233980361,22
gen_product_analytics_005,naive_truncation,product/analytics,synthetic,mixed,decisions,6,22,5,0.2273,0.8333,0.3571,309,427,1.38,0.011072000233980361,22
gen_product_analytics_005,naive_truncation,product/analytics,synthetic,mixed,files,5,22,2,0.0909,0.4,0.1481,309,427,1.38,0.011072000233980361,22
gen_product_analytics_005,naive_truncation,product/analytics,synthetic,mixed,errors,0,22,0,0.0,1.0,0.0,309,427,1.38,0.011072000233980361,22
gen_product_analytics_005,naive_summary,product/analytics,synthetic,mixed,completed_tasks,6,19,2,0.1053,0.3333,0.16,202,427,2.11,0.032716000077925855,19
gen_product_analytics_005,naive_summary,product/analytics,synthetic,mixed,pending_tasks,3,19,2,0.1053,0.6667,0.1818,202,427,2.11,0.032716000077925855,19
gen_product_analytics_005,naive_summary,product/analytics,synthetic,mixed,decisions,6,19,1,0.0526,0.1667,0.08,202,427,2.11,0.032716000077925855,19
gen_product_analytics_005,naive_summary,product/analytics,synthetic,mixed,files,5,19,4,0.2105,0.8,0.3333,202,427,2.11,0.032716000077925855,19
gen_product_analytics_005,naive_summary,product/analytics,synthetic,mixed,errors,0,19,0,0.0,1.0,0.0,202,427,2.11,0.032716000077925855,19
gen_research_writing_001,tokenmizer_v0.5.2,research/writing,synthetic,mixed,completed_tasks,4,2,2,1.0,0.5,0.6667,98,295,3.01,233.16039400015143,11
gen_research_writing_001,tokenmizer_v0.5.2,research/writing,synthetic,mixed,pending_tasks,2,1,1,1.0,0.5,0.6667,98,295,3.01,233.16039400015143,11
gen_research_writing_001,tokenmizer_v0.5.2,research/writing,synthetic,mixed,decisions,3,3,3,1.0,1.0,1.0,98,295,3.01,233.16039400015143,11
gen_research_writing_001,tokenmizer_v0.5.2,research/writing,synthetic,mixed,files,5,5,5,1.0,1.0,1.0,98,295,3.01,233.16039400015143,11
gen_research_writing_001,graphiti_style,research/writing,synthetic,mixed,completed_tasks,4,4,2,0.5,0.5,0.5,109,295,2.71,1.2225890000081563,14
gen_research_writing_001,graphiti_style,research/writing,synthetic,mixed,pending_tasks,2,3,1,0.3333,0.5,0.4,109,295,2.71,1.2225890000081563,14
gen_research_writing_001,graphiti_style,research/writing,synthetic,mixed,decisions,3,3,3,1.0,1.0,1.0,109,295,2.71,1.2225890000081563,14
gen_research_writing_001,graphiti_style,research/writing,synthetic,mixed,files,5,4,4,1.0,0.8,0.8889,109,295,2.71,1.2225890000081563,14
gen_research_writing_001,graphrag_style,research/writing,synthetic,mixed,completed_tasks,4,2,2,1.0,0.5,0.6667,92,295,3.21,0.7614279998051643,11
gen_research_writing_001,graphrag_style,research/writing,synthetic,mixed,pending_tasks,2,2,0,0.0,0.0,0.0,92,295,3.21,0.7614279998051643,11
gen_research_writing_001,graphrag_style,research/writing,synthetic,mixed,decisions,3,3,3,1.0,1.0,1.0,92,295,3.21,0.7614279998051643,11
gen_research_writing_001,graphrag_style,research/writing,synthetic,mixed,files,5,4,4,1.0,0.8,0.8889,92,295,3.21,0.7614279998051643,11
gen_research_writing_001,mem0_style,research/writing,synthetic,mixed,completed_tasks,4,4,2,0.5,0.5,0.5,108,295,2.73,1.2859459998253442,14
gen_research_writing_001,mem0_style,research/writing,synthetic,mixed,pending_tasks,2,3,1,0.3333,0.5,0.4,108,295,2.73,1.2859459998253442,14
gen_research_writing_001,mem0_style,research/writing,synthetic,mixed,decisions,3,3,3,1.0,1.0,1.0,108,295,2.73,1.2859459998253442,14
gen_research_writing_001,mem0_style,research/writing,synthetic,mixed,files,5,4,4,1.0,0.8,0.8889,108,295,2.73,1.2859459998253442,14
gen_research_writing_001,memgpt_style,research/writing,synthetic,mixed,completed_tasks,4,2,1,0.5,0.25,0.3333,49,295,6.02,0.5796170003122825,6
gen_research_writing_001,memgpt_style,research/writing,synthetic,mixed,pending_tasks,2,1,0,0.0,0.0,0.0,49,295,6.02,0.5796170003122825,6
gen_research_writing_001,memgpt_style,research/writing,synthetic,mixed,decisions,3,1,1,1.0,0.3333,0.5,49,295,6.02,0.5796170003122825,6
gen_research_writing_001,memgpt_style,research/writing,synthetic,mixed,files,5,2,2,1.0,0.4,0.5714,49,295,6.02,0.5796170003122825,6
gen_research_writing_001,sliding_window_10,research/writing,synthetic,mixed,completed_tasks,4,11,2,0.1818,0.5,0.2667,136,295,2.17,0.006404000032489421,11
gen_research_writing_001,sliding_window_10,research/writing,synthetic,mixed,pending_tasks,2,11,1,0.0909,0.5,0.1538,136,295,2.17,0.006404000032489421,11
gen_research_writing_001,sliding_window_10,research/writing,synthetic,mixed,decisions,3,11,1,0.0909,0.3333,0.1429,136,295,2.17,0.006404000032489421,11
gen_research_writing_001,sliding_window_10,research/writing,synthetic,mixed,files,5,11,2,0.1818,0.4,0.25,136,295,2.17,0.006404000032489421,11
gen_research_writing_001,sliding_window_10,research/writing,synthetic,mixed,errors,0,11,0,0.0,1.0,0.0,136,295,2.17,0.006404000032489421,11
gen_research_writing_001,naive_truncation,research/writing,synthetic,mixed,completed_tasks,4,27,4,0.1481,1.0,0.2581,309,295,0.95,0.023764000161463628,27
gen_research_writing_001,naive_truncation,research/writing,synthetic,mixed,pending_tasks,2,27,2,0.0741,1.0,0.1379,309,295,0.95,0.023764000161463628,27
gen_research_writing_001,naive_truncation,research/writing,synthetic,mixed,decisions,3,27,3,0.1111,1.0,0.2,309,295,0.95,0.023764000161463628,27
gen_research_writing_001,naive_truncation,research/writing,synthetic,mixed,files,5,27,5,0.1852,1.0,0.3125,309,295,0.95,0.023764000161463628,27
gen_research_writing_001,naive_truncation,research/writing,synthetic,mixed,errors,0,27,0,0.0,1.0,0.0,309,295,0.95,0.023764000161463628,27
gen_research_writing_001,naive_summary,research/writing,synthetic,mixed,completed_tasks,4,18,2,0.1111,0.5,0.1818,182,295,1.62,0.11012599998139194,18
gen_research_writing_001,naive_summary,research/writing,synthetic,mixed,pending_tasks,2,18,1,0.0556,0.5,0.1,182,295,1.62,0.11012599998139194,18
gen_research_writing_001,naive_summary,research/writing,synthetic,mixed,decisions,3,18,2,0.1111,0.6667,0.1905,182,295,1.62,0.11012599998139194,18
gen_research_writing_001,naive_summary,research/writing,synthetic,mixed,files,5,18,3,0.1667,0.6,0.2609,182,295,1.62,0.11012599998139194,18
gen_research_writing_001,naive_summary,research/writing,synthetic,mixed,errors,0,18,0,0.0,1.0,0.0,182,295,1.62,0.11012599998139194,18
gen_research_writing_002,tokenmizer_v0.5.2,research/writing,synthetic,mixed,completed_tasks,6,7,6,0.8571,1.0,0.9231,169,307,1.82,223.7508160001198,17
gen_research_writing_002,tokenmizer_v0.5.2,research/writing,synthetic,mixed,pending_tasks,1,1,1,1.0,1.0,1.0,169,307,1.82,223.7508160001198,17
gen_research_writing_002,tokenmizer_v0.5.2,research/writing,synthetic,mixed,decisions,5,5,5,1.0,1.0,1.0,169,307,1.82,223.7508160001198,17
gen_research_writing_002,tokenmizer_v0.5.2,research/writing,synthetic,mixed,files,4,4,4,1.0,1.0,1.0,169,307,1.82,223.7508160001198,17
gen_research_writing_002,graphiti_style,research/writing,synthetic,mixed,completed_tasks,6,5,2,0.4,0.3333,0.3636,103,307,2.98,0.8264799998869421,11
gen_research_writing_002,graphiti_style,research/writing,synthetic,mixed,pending_tasks,1,1,1,1.0,1.0,1.0,103,307,2.98,0.8264799998869421,11
gen_research_writing_002,graphiti_style,research/writing,synthetic,mixed,decisions,5,3,3,1.0,0.6,0.75,103,307,2.98,0.8264799998869421,11
gen_research_writing_002,graphiti_style,research/writing,synthetic,mixed,files,4,2,2,1.0,0.5,0.6667,103,307,2.98,0.8264799998869421,11
gen_research_writing_002,graphrag_style,research/writing,synthetic,mixed,completed_tasks,6,0,0,1.0,0.0,0.0,54,307,5.69,0.40360299999520066,5
gen_research_writing_002,graphrag_style,research/writing,synthetic,mixed,pending_tasks,1,0,0,1.0,0.0,0.0,54,307,5.69,0.40360299999520066,5
gen_research_writing_002,graphrag_style,research/writing,synthetic,mixed,decisions,5,3,3,1.0,0.6,0.75,54,307,5.69,0.40360299999520066,5
gen_research_writing_002,graphrag_style,research/writing,synthetic,mixed,files,4,2,2,1.0,0.5,0.6667,54,307,5.69,0.40360299999520066,5
gen_research_writing_002,mem0_style,research/writing,synthetic,mixed,completed_tasks,6,5,2,0.4,0.3333,0.3636,102,307,3.01,0.7807089996276773,11
gen_research_writing_002,mem0_style,research/writing,synthetic,mixed,pending_tasks,1,1,1,1.0,1.0,1.0,102,307,3.01,0.7807089996276773,11
gen_research_writing_002,mem0_style,research/writing,synthetic,mixed,decisions,5,3,3,1.0,0.6,0.75,102,307,3.01,0.7807089996276773,11
gen_research_writing_002,mem0_style,research/writing,synthetic,mixed,files,4,2,2,1.0,0.5,0.6667,102,307,3.01,0.7807089996276773,11
gen_research_writing_002,memgpt_style,research/writing,synthetic,mixed,completed_tasks,6,2,1,0.5,0.1667,0.25,36,307,8.53,0.2901570001085929,3
gen_research_writing_002,memgpt_style,research/writing,synthetic,mixed,pending_tasks,1,0,0,1.0,0.0,0.0,36,307,8.53,0.2901570001085929,3
gen_research_writing_002,memgpt_style,research/writing,synthetic,mixed,decisions,5,1,1,1.0,0.2,0.3333,36,307,8.53,0.2901570001085929,3
gen_research_writing_002,memgpt_style,research/writing,synthetic,mixed,files,4,0,0,1.0,0.0,0.0,36,307,8.53,0.2901570001085929,3
gen_research_writing_002,sliding_window_10,research/writing,synthetic,mixed,completed_tasks,6,12,4,0.3333,0.6667,0.4444,114,307,2.69,0.0027970004339294974,12
gen_research_writing_002,sliding_window_10,research/writing,synthetic,mixed,pending_tasks,1,12,0,0.0,0.0,0.0,114,307,2.69,0.0027970004339294974,12
gen_research_writing_002,sliding_window_10,research/writing,synthetic,mixed,decisions,5,12,1,0.0833,0.2,0.1176,114,307,2.69,0.0027970004339294974,12
gen_research_writing_002,sliding_window_10,research/writing,synthetic,mixed,files,4,12,2,0.1667,0.5,0.25,114,307,2.69,0.0027970004339294974,12
gen_research_writing_002,sliding_window_10,research/writing,synthetic,mixed,errors,0,12,0,0.0,1.0,0.0,114,307,2.69,0.0027970004339294974,12
gen_research_writing_002,naive_truncation,research/writing,synthetic,mixed,completed_tasks,6,28,6,0.2143,1.0,0.3529,315,307,0.97,0.01499599966336973,28
gen_research_writing_002,naive_truncation,research/writing,synthetic,mixed,pending_tasks,1,28,1,0.0357,1.0,0.069,315,307,0.97,0.01499599966336973,28
gen_research_writing_002,naive_truncation,research/writing,synthetic,mixed,decisions,5,28,5,0.1786,1.0,0.303,315,307,0.97,0.01499599966336973,28
gen_research_writing_002,naive_truncation,research/writing,synthetic,mixed,files,4,28,4,0.1429,1.0,0.25,315,307,0.97,0.01499599966336973,28
gen_research_writing_002,naive_truncation,research/writing,synthetic,mixed,errors,0,28,0,0.0,1.0,0.0,315,307,0.97,0.01499599966336973,28
gen_research_writing_002,naive_summary,research/writing,synthetic,mixed,completed_tasks,6,15,1,0.0667,0.1667,0.0952,185,307,1.66,0.030605000119976467,15
gen_research_writing_002,naive_summary,research/writing,synthetic,mixed,pending_tasks,1,15,1,0.0667,1.0,0.125,185,307,1.66,0.030605000119976467,15
gen_research_writing_002,naive_summary,research/writing,synthetic,mixed,decisions,5,15,4,0.2667,0.8,0.4,185,307,1.66,0.030605000119976467,15
gen_research_writing_002,naive_summary,research/writing,synthetic,mixed,files,4,15,2,0.1333,0.5,0.2105,185,307,1.66,0.030605000119976467,15
gen_research_writing_002,naive_summary,research/writing,synthetic,mixed,errors,0,15,0,0.0,1.0,0.0,185,307,1.66,0.030605000119976467,15
gen_research_writing_003,tokenmizer_v0.5.2,research/writing,synthetic,mixed,completed_tasks,6,6,6,1.0,1.0,1.0,216,477,2.21,226.94757299996127,21
gen_research_writing_003,tokenmizer_v0.5.2,research/writing,synthetic,mixed,pending_tasks,2,2,2,1.0,1.0,1.0,216,477,2.21,226.94757299996127,21
gen_research_writing_003,tokenmizer_v0.5.2,research/writing,synthetic,mixed,decisions,6,5,5,1.0,0.8333,0.9091,216,477,2.21,226.94757299996127,21
gen_research_writing_003,tokenmizer_v0.5.2,research/writing,synthetic,mixed,files,6,6,6,1.0,1.0,1.0,216,477,2.21,226.94757299996127,21
gen_research_writing_003,tokenmizer_v0.5.2,research/writing,synthetic,mixed,errors,2,2,2,1.0,1.0,1.0,216,477,2.21,226.94757299996127,21
gen_research_writing_003,graphiti_style,research/writing,synthetic,mixed,completed_tasks,6,6,3,0.5,0.5,0.5,179,477,2.66,1.206196999646636,21
gen_research_writing_003,graphiti_style,research/writing,synthetic,mixed,pending_tasks,2,4,1,0.25,0.5,0.3333,179,477,2.66,1.206196999646636,21
gen_research_writing_003,graphiti_style,research/writing,synthetic,mixed,decisions,6,4,3,0.75,0.5,0.6,179,477,2.66,1.206196999646636,21
gen_research_writing_003,graphiti_style,research/writing,synthetic,mixed,files,6,5,5,1.0,0.8333,0.9091,179,477,2.66,1.206196999646636,21
gen_research_writing_003,graphiti_style,research/writing,synthetic,mixed,errors,2,2,2,1.0,1.0,1.0,179,477,2.66,1.206196999646636,21
gen_research_writing_003,graphrag_style,research/writing,synthetic,mixed,completed_tasks,6,1,1,1.0,0.1667,0.2857,122,477,3.91,0.6733860000167624,13
gen_research_writing_003,graphrag_style,research/writing,synthetic,mixed,pending_tasks,2,2,0,0.0,0.0,0.0,122,477,3.91,0.6733860000167624,13
gen_research_writing_003,graphrag_style,research/writing,synthetic,mixed,decisions,6,3,3,1.0,0.5,0.6667,122,477,3.91,0.6733860000167624,13
gen_research_writing_003,graphrag_style,research/writing,synthetic,mixed,files,6,5,5,1.0,0.8333,0.9091,122,477,3.91,0.6733860000167624,13
gen_research_writing_003,graphrag_style,research/writing,synthetic,mixed,errors,2,2,2,1.0,1.0,1.0,122,477,3.91,0.6733860000167624,13
gen_research_writing_003,mem0_style,research/writing,synthetic,mixed,completed_tasks,6,6,3,0.5,0.5,0.5,175,477,2.73,1.2359839997770905,20
gen_research_writing_003,mem0_style,research/writing,synthetic,mixed,pending_tasks,2,3,1,0.3333,0.5,0.4,175,477,2.73,1.2359839997770905,20
gen_research_writing_003,mem0_style,research/writing,synthetic,mixed,decisions,6,4,3,0.75,0.5,0.6,175,477,2.73,1.2359839997770905,20
gen_research_writing_003,mem0_style,research/writing,synthetic,mixed,files,6,5,5,1.0,0.8333,0.9091,175,477,2.73,1.2359839997770905,20
gen_research_writing_003,mem0_style,research/writing,synthetic,mixed,errors,2,2,2,1.0,1.0,1.0,175,477,2.73,1.2359839997770905,20
gen_research_writing_003,memgpt_style,research/writing,synthetic,mixed,completed_tasks,6,3,1,0.3333,0.1667,0.2222,81,477,5.89,0.5357090003599296,9
gen_research_writing_003,memgpt_style,research/writing,synthetic,mixed,pending_tasks,2,0,0,1.0,0.0,0.0,81,477,5.89,0.5357090003599296,9
gen_research_writing_003,memgpt_style,research/writing,synthetic,mixed,decisions,6,3,2,0.6667,0.3333,0.4444,81,477,5.89,0.5357090003599296,9
gen_research_writing_003,memgpt_style,research/writing,synthetic,mixed,files,6,2,2,1.0,0.3333,0.5,81,477,5.89,0.5357090003599296,9
gen_research_writing_003,memgpt_style,research/writing,synthetic,mixed,errors,2,1,1,1.0,0.5,0.6667,81,477,5.89,0.5357090003599296,9
gen_research_writing_003,sliding_window_10,research/writing,synthetic,mixed,completed_tasks,6,10,2,0.2,0.3333,0.25,99,477,4.82,0.004066000201419229,10
gen_research_writing_003,sliding_window_10,research/writing,synthetic,mixed,pending_tasks,2,10,0,0.0,0.0,0.0,99,477,4.82,0.004066000201419229,10
gen_research_writing_003,sliding_window_10,research/writing,synthetic,mixed,decisions,6,10,1,0.1,0.1667,0.125,99,477,4.82,0.004066000201419229,10
gen_research_writing_003,sliding_window_10,research/writing,synthetic,mixed,files,6,10,1,0.1,0.1667,0.125,99,477,4.82,0.004066000201419229,10
gen_research_writing_003,sliding_window_10,research/writing,synthetic,mixed,errors,2,10,1,0.1,0.5,0.1667,99,477,4.82,0.004066000201419229,10
gen_research_writing_003,naive_truncation,research/writing,synthetic,mixed,completed_tasks,6,26,4,0.1538,0.6667,0.25,295,477,1.62,0.01665799982220051,26
gen_research_writing_003,naive_truncation,research/writing,synthetic,mixed,pending_tasks,2,26,1,0.0385,0.5,0.0714,295,477,1.62,0.01665799982220051,26
gen_research_writing_003,naive_truncation,research/writing,synthetic,mixed,decisions,6,26,5,0.1923,0.8333,0.3125,295,477,1.62,0.01665799982220051,26
gen_research_writing_003,naive_truncation,research/writing,synthetic,mixed,files,6,26,3,0.1154,0.5,0.1875,295,477,1.62,0.01665799982220051,26
gen_research_writing_003,naive_truncation,research/writing,synthetic,mixed,errors,2,26,1,0.0385,0.5,0.0714,295,477,1.62,0.01665799982220051,26
gen_research_writing_003,naive_summary,research/writing,synthetic,mixed,completed_tasks,6,15,2,0.1333,0.3333,0.1905,182,477,2.62,0.043372000163799385,15
gen_research_writing_003,naive_summary,research/writing,synthetic,mixed,pending_tasks,2,15,0,0.0,0.0,0.0,182,477,2.62,0.043372000163799385,15
gen_research_writing_003,naive_summary,research/writing,synthetic,mixed,decisions,6,15,1,0.0667,0.1667,0.0952,182,477,2.62,0.043372000163799385,15
gen_research_writing_003,naive_summary,research/writing,synthetic,mixed,files,6,15,3,0.2,0.5,0.2857,182,477,2.62,0.043372000163799385,15
gen_research_writing_003,naive_summary,research/writing,synthetic,mixed,errors,2,15,1,0.0667,0.5,0.1176,182,477,2.62,0.043372000163799385,15
gen_research_writing_004,tokenmizer_v0.5.2,research/writing,synthetic,mixed,completed_tasks,4,3,2,0.6667,0.5,0.5714,149,324,2.17,224.71386200004417,14
gen_research_writing_004,tokenmizer_v0.5.2,research/writing,synthetic,mixed,pending_tasks,1,1,1,1.0,1.0,1.0,149,324,2.17,224.71386200004417,14
gen_research_writing_004,tokenmizer_v0.5.2,research/writing,synthetic,mixed,decisions,5,5,5,1.0,1.0,1.0,149,324,2.17,224.71386200004417,14
gen_research_writing_004,tokenmizer_v0.5.2,research/writing,synthetic,mixed,files,4,4,4,1.0,1.0,1.0,149,324,2.17,224.71386200004417,14
gen_research_writing_004,tokenmizer_v0.5.2,research/writing,synthetic,mixed,errors,1,1,1,1.0,1.0,1.0,149,324,2.17,224.71386200004417,14
gen_research_writing_004,graphiti_style,research/writing,synthetic,mixed,completed_tasks,4,3,2,0.6667,0.5,0.5714,111,324,2.92,0.8334119997925882,12
gen_research_writing_004,graphiti_style,research/writing,synthetic,mixed,pending_tasks,1,1,1,1.0,1.0,1.0,111,324,2.92,0.8334119997925882,12
gen_research_writing_004,graphiti_style,research/writing,synthetic,mixed,decisions,5,5,4,0.8,0.8,0.8,111,324,2.92,0.8334119997925882,12
gen_research_writing_004,graphiti_style,research/writing,synthetic,mixed,files,4,3,3,1.0,0.75,0.8571,111,324,2.92,0.8334119997925882,12
gen_research_writing_004,graphiti_style,research/writing,synthetic,mixed,errors,1,0,0,1.0,0.0,0.0,111,324,2.92,0.8334119997925882,12
gen_research_writing_004,graphrag_style,research/writing,synthetic,mixed,completed_tasks,4,0,0,1.0,0.0,0.0,74,324,4.38,0.5337140000847285,8
gen_research_writing_004,graphrag_style,research/writing,synthetic,mixed,pending_tasks,1,0,0,1.0,0.0,0.0,74,324,4.38,0.5337140000847285,8
gen_research_writing_004,graphrag_style,research/writing,synthetic,mixed,decisions,5,5,4,0.8,0.8,0.8,74,324,4.38,0.5337140000847285,8
gen_research_writing_004,graphrag_style,research/writing,synthetic,mixed,files,4,3,3,1.0,0.75,0.8571,74,324,4.38,0.5337140000847285,8
gen_research_writing_004,graphrag_style,research/writing,synthetic,mixed,errors,1,0,0,1.0,0.0,0.0,74,324,4.38,0.5337140000847285,8
gen_research_writing_004,mem0_style,research/writing,synthetic,mixed,completed_tasks,4,3,2,0.6667,0.5,0.5714,110,324,2.95,1.2353209999673709,12
gen_research_writing_004,mem0_style,research/writing,synthetic,mixed,pending_tasks,1,1,1,1.0,1.0,1.0,110,324,2.95,1.2353209999673709,12
gen_research_writing_004,mem0_style,research/writing,synthetic,mixed,decisions,5,5,4,0.8,0.8,0.8,110,324,2.95,1.2353209999673709,12
gen_research_writing_004,mem0_style,research/writing,synthetic,mixed,files,4,3,3,1.0,0.75,0.8571,110,324,2.95,1.2353209999673709,12
gen_research_writing_004,mem0_style,research/writing,synthetic,mixed,errors,1,0,0,1.0,0.0,0.0,110,324,2.95,1.2353209999673709,12
gen_research_writing_004,memgpt_style,research/writing,synthetic,mixed,completed_tasks,4,1,1,1.0,0.25,0.4,46,324,7.04,0.6266350001169485,4
gen_research_writing_004,memgpt_style,research/writing,synthetic,mixed,pending_tasks,1,0,0,1.0,0.0,0.0,46,324,7.04,0.6266350001169485,4
gen_research_writing_004,memgpt_style,research/writing,synthetic,mixed,decisions,5,2,2,1.0,0.4,0.5714,46,324,7.04,0.6266350001169485,4
gen_research_writing_004,memgpt_style,research/writing,synthetic,mixed,files,4,1,1,1.0,0.25,0.4,46,324,7.04,0.6266350001169485,4
gen_research_writing_004,memgpt_style,research/writing,synthetic,mixed,errors,1,0,0,1.0,0.0,0.0,46,324,7.04,0.6266350001169485,4
gen_research_writing_004,sliding_window_10,research/writing,synthetic,mixed,completed_tasks,4,13,3,0.2308,0.75,0.3529,171,324,1.89,0.004142999841860728,13
gen_research_writing_004,sliding_window_10,research/writing,synthetic,mixed,pending_tasks,1,13,0,0.0,0.0,0.0,171,324,1.89,0.004142999841860728,13
gen_research_writing_004,sliding_window_10,research/writing,synthetic,mixed,decisions,5,13,2,0.1538,0.4,0.2222,171,324,1.89,0.004142999841860728,13
gen_research_writing_004,sliding_window_10,research/writing,synthetic,mixed,files,4,13,2,0.1538,0.5,0.2353,171,324,1.89,0.004142999841860728,13
gen_research_writing_004,sliding_window_10,research/writing,synthetic,mixed,errors,1,13,1,0.0769,1.0,0.1429,171,324,1.89,0.004142999841860728,13
gen_research_writing_004,naive_truncation,research/writing,synthetic,mixed,completed_tasks,4,26,4,0.1538,1.0,0.2667,311,324,1.04,0.014296000244939933,26
gen_research_writing_004,naive_truncation,research/writing,synthetic,mixed,pending_tasks,1,26,1,0.0385,1.0,0.0741,311,324,1.04,0.014296000244939933,26
gen_research_writing_004,naive_truncation,research/writing,synthetic,mixed,decisions,5,26,5,0.1923,1.0,0.3226,311,324,1.04,0.014296000244939933,26
gen_research_writing_004,naive_truncation,research/writing,synthetic,mixed,files,4,26,4,0.1538,1.0,0.2667,311,324,1.04,0.014296000244939933,26
gen_research_writing_004,naive_truncation,research/writing,synthetic,mixed,errors,1,26,1,0.0385,1.0,0.0741,311,324,1.04,0.014296000244939933,26
gen_research_writing_004,naive_summary,research/writing,synthetic,mixed,completed_tasks,4,19,1,0.0526,0.25,0.087,190,324,1.71,0.03421100018385914,19
gen_research_writing_004,naive_summary,research/writing,synthetic,mixed,pending_tasks,1,19,1,0.0526,1.0,0.1,190,324,1.71,0.03421100018385914,19
gen_research_writing_004,naive_summary,research/writing,synthetic,mixed,decisions,5,19,3,0.1579,0.6,0.25,190,324,1.71,0.03421100018385914,19
gen_research_writing_004,naive_summary,research/writing,synthetic,mixed,files,4,19,3,0.1579,0.75,0.2609,190,324,1.71,0.03421100018385914,19
gen_research_writing_004,naive_summary,research/writing,synthetic,mixed,errors,1,19,0,0.0,0.0,0.0,190,324,1.71,0.03421100018385914,19
gen_research_writing_005,tokenmizer_v0.5.2,research/writing,synthetic,mixed,completed_tasks,7,6,6,1.0,0.8571,0.9231,162,326,2.01,238.52370799977507,12
gen_research_writing_005,tokenmizer_v0.5.2,research/writing,synthetic,mixed,pending_tasks,1,1,1,1.0,1.0,1.0,162,326,2.01,238.52370799977507,12
gen_research_writing_005,tokenmizer_v0.5.2,research/writing,synthetic,mixed,decisions,3,3,3,1.0,1.0,1.0,162,326,2.01,238.52370799977507,12
gen_research_writing_005,tokenmizer_v0.5.2,research/writing,synthetic,mixed,files,2,2,2,1.0,1.0,1.0,162,326,2.01,238.52370799977507,12
gen_research_writing_005,graphiti_style,research/writing,synthetic,mixed,completed_tasks,7,5,5,1.0,0.7143,0.8333,106,326,3.08,0.9215109998876869,10
gen_research_writing_005,graphiti_style,research/writing,synthetic,mixed,pending_tasks,1,2,0,0.0,0.0,0.0,106,326,3.08,0.9215109998876869,10
gen_research_writing_005,graphiti_style,research/writing,synthetic,mixed,decisions,3,1,1,1.0,0.3333,0.5,106,326,3.08,0.9215109998876869,10
gen_research_writing_005,graphiti_style,research/writing,synthetic,mixed,files,2,2,2,1.0,1.0,1.0,106,326,3.08,0.9215109998876869,10
gen_research_writing_005,graphrag_style,research/writing,synthetic,mixed,completed_tasks,7,1,1,1.0,0.1429,0.25,50,326,6.52,0.4492190000746632,6
gen_research_writing_005,graphrag_style,research/writing,synthetic,mixed,pending_tasks,1,2,0,0.0,0.0,0.0,50,326,6.52,0.4492190000746632,6
gen_research_writing_005,graphrag_style,research/writing,synthetic,mixed,decisions,3,1,1,1.0,0.3333,0.5,50,326,6.52,0.4492190000746632,6
gen_research_writing_005,graphrag_style,research/writing,synthetic,mixed,files,2,2,2,1.0,1.0,1.0,50,326,6.52,0.4492190000746632,6
gen_research_writing_005,mem0_style,research/writing,synthetic,mixed,completed_tasks,7,5,5,1.0,0.7143,0.8333,105,326,3.1,0.7790740000928054,10
gen_research_writing_005,mem0_style,research/writing,synthetic,mixed,pending_tasks,1,2,0,0.0,0.0,0.0,105,326,3.1,0.7790740000928054,10
gen_research_writing_005,mem0_style,research/writing,synthetic,mixed,decisions,3,1,1,1.0,0.3333,0.5,105,326,3.1,0.7790740000928054,10
gen_research_writing_005,mem0_style,research/writing,synthetic,mixed,files,2,2,2,1.0,1.0,1.0,105,326,3.1,0.7790740000928054,10
gen_research_writing_005,memgpt_style,research/writing,synthetic,mixed,completed_tasks,7,2,2,1.0,0.2857,0.4444,49,326,6.65,0.2950549996967311,4
gen_research_writing_005,memgpt_style,research/writing,synthetic,mixed,pending_tasks,1,0,0,1.0,0.0,0.0,49,326,6.65,0.2950549996967311,4
gen_research_writing_005,memgpt_style,research/writing,synthetic,mixed,decisions,3,1,1,1.0,0.3333,0.5,49,326,6.65,0.2950549996967311,4
gen_research_writing_005,memgpt_style,research/writing,synthetic,mixed,files,2,1,1,1.0,0.5,0.6667,49,326,6.65,0.2950549996967311,4
gen_research_writing_005,sliding_window_10,research/writing,synthetic,mixed,completed_tasks,7,11,3,0.2727,0.4286,0.3333,142,326,2.3,0.0032329999157809652,11
gen_research_writing_005,sliding_window_10,research/writing,synthetic,mixed,pending_tasks,1,11,1,0.0909,1.0,0.1667,142,326,2.3,0.0032329999157809652,11
gen_research_writing_005,sliding_window_10,research/writing,synthetic,mixed,decisions,3,11,1,0.0909,0.3333,0.1429,142,326,2.3,0.0032329999157809652,11
gen_research_writing_005,sliding_window_10,research/writing,synthetic,mixed,files,2,11,1,0.0909,0.5,0.1538,142,326,2.3,0.0032329999157809652,11
gen_research_writing_005,sliding_window_10,research/writing,synthetic,mixed,errors,0,11,0,0.0,1.0,0.0,142,326,2.3,0.0032329999157809652,11
gen_research_writing_005,naive_truncation,research/writing,synthetic,mixed,completed_tasks,7,21,7,0.3333,1.0,0.5,287,326,1.14,0.01843800009737606,21
gen_research_writing_005,naive_truncation,research/writing,synthetic,mixed,pending_tasks,1,21,1,0.0476,1.0,0.0909,287,326,1.14,0.01843800009737606,21
gen_research_writing_005,naive_truncation,research/writing,synthetic,mixed,decisions,3,21,2,0.0952,0.6667,0.1667,287,326,1.14,0.01843800009737606,21
gen_research_writing_005,naive_truncation,research/writing,synthetic,mixed,files,2,21,2,0.0952,1.0,0.1739,287,326,1.14,0.01843800009737606,21
gen_research_writing_005,naive_truncation,research/writing,synthetic,mixed,errors,0,21,0,0.0,1.0,0.0,287,326,1.14,0.01843800009737606,21
gen_research_writing_005,naive_summary,research/writing,synthetic,mixed,completed_tasks,7,13,3,0.2308,0.4286,0.3,179,326,1.82,0.04541199996310752,13
gen_research_writing_005,naive_summary,research/writing,synthetic,mixed,pending_tasks,1,13,0,0.0,0.0,0.0,179,326,1.82,0.04541199996310752,13
gen_research_writing_005,naive_summary,research/writing,synthetic,mixed,decisions,3,13,2,0.1538,0.6667,0.25,179,326,1.82,0.04541199996310752,13
gen_research_writing_005,naive_summary,research/writing,synthetic,mixed,files,2,13,1,0.0769,0.5,0.1333,179,326,1.82,0.04541199996310752,13
gen_research_writing_005,naive_summary,research/writing,synthetic,mixed,errors,0,13,0,0.0,1.0,0.0,179,326,1.82,0.04541199996310752,13
gen_security_appsec_001,tokenmizer_v0.5.2,security/appsec,synthetic,mixed,completed_tasks,7,6,6,1.0,0.8571,0.9231,136,337,2.48,226.13179500012848,15
gen_security_appsec_001,tokenmizer_v0.5.2,security/appsec,synthetic,mixed,pending_tasks,3,3,3,1.0,1.0,1.0,136,337,2.48,226.13179500012848,15
gen_security_appsec_001,tokenmizer_v0.5.2,security/appsec,synthetic,mixed,decisions,3,3,3,1.0,1.0,1.0,136,337,2.48,226.13179500012848,15
gen_security_appsec_001,tokenmizer_v0.5.2,security/appsec,synthetic,mixed,files,3,3,3,1.0,1.0,1.0,136,337,2.48,226.13179500012848,15
gen_security_appsec_001,graphiti_style,security/appsec,synthetic,mixed,completed_tasks,7,5,5,1.0,0.7143,0.8333,125,337,2.7,0.8950340002229495,15
gen_security_appsec_001,graphiti_style,security/appsec,synthetic,mixed,pending_tasks,3,5,3,0.6,1.0,0.75,125,337,2.7,0.8950340002229495,15
gen_security_appsec_001,graphiti_style,security/appsec,synthetic,mixed,decisions,3,2,1,0.5,0.3333,0.4,125,337,2.7,0.8950340002229495,15
gen_security_appsec_001,graphiti_style,security/appsec,synthetic,mixed,files,3,3,3,1.0,1.0,1.0,125,337,2.7,0.8950340002229495,15
gen_security_appsec_001,graphrag_style,security/appsec,synthetic,mixed,completed_tasks,7,3,3,1.0,0.4286,0.6,68,337,4.96,0.7034189998194051,9
gen_security_appsec_001,graphrag_style,security/appsec,synthetic,mixed,pending_tasks,3,2,0,0.0,0.0,0.0,68,337,4.96,0.7034189998194051,9
gen_security_appsec_001,graphrag_style,security/appsec,synthetic,mixed,decisions,3,1,1,1.0,0.3333,0.5,68,337,4.96,0.7034189998194051,9
gen_security_appsec_001,graphrag_style,security/appsec,synthetic,mixed,files,3,3,3,1.0,1.0,1.0,68,337,4.96,0.7034189998194051,9
gen_security_appsec_001,mem0_style,security/appsec,synthetic,mixed,completed_tasks,7,5,5,1.0,0.7143,0.8333,124,337,2.72,0.8902529998522368,15
gen_security_appsec_001,mem0_style,security/appsec,synthetic,mixed,pending_tasks,3,5,3,0.6,1.0,0.75,124,337,2.72,0.8902529998522368,15
gen_security_appsec_001,mem0_style,security/appsec,synthetic,mixed,decisions,3,2,1,0.5,0.3333,0.4,124,337,2.72,0.8902529998522368,15
gen_security_appsec_001,mem0_style,security/appsec,synthetic,mixed,files,3,3,3,1.0,1.0,1.0,124,337,2.72,0.8902529998522368,15
gen_security_appsec_001,memgpt_style,security/appsec,synthetic,mixed,completed_tasks,7,1,1,1.0,0.1429,0.25,49,337,6.88,0.34535899976617657,7
gen_security_appsec_001,memgpt_style,security/appsec,synthetic,mixed,pending_tasks,3,2,1,0.5,0.3333,0.4,49,337,6.88,0.34535899976617657,7
gen_security_appsec_001,memgpt_style,security/appsec,synthetic,mixed,decisions,3,2,1,0.5,0.3333,0.4,49,337,6.88,0.34535899976617657,7
gen_security_appsec_001,memgpt_style,security/appsec,synthetic,mixed,files,3,2,2,1.0,0.6667,0.8,49,337,6.88,0.34535899976617657,7
gen_security_appsec_001,sliding_window_10,security/appsec,synthetic,mixed,completed_tasks,7,11,2,0.1818,0.2857,0.2222,129,337,2.61,0.003172000106133055,11
gen_security_appsec_001,sliding_window_10,security/appsec,synthetic,mixed,pending_tasks,3,11,1,0.0909,0.3333,0.1429,129,337,2.61,0.003172000106133055,11
gen_security_appsec_001,sliding_window_10,security/appsec,synthetic,mixed,decisions,3,11,1,0.0909,0.3333,0.1429,129,337,2.61,0.003172000106133055,11
gen_security_appsec_001,sliding_window_10,security/appsec,synthetic,mixed,files,3,11,2,0.1818,0.6667,0.2857,129,337,2.61,0.003172000106133055,11
gen_security_appsec_001,sliding_window_10,security/appsec,synthetic,mixed,errors,0,11,0,0.0,1.0,0.0,129,337,2.61,0.003172000106133055,11
gen_security_appsec_001,naive_truncation,security/appsec,synthetic,mixed,completed_tasks,7,26,7,0.2692,1.0,0.4242,308,337,1.09,0.012926000181323616,26
gen_security_appsec_001,naive_truncation,security/appsec,synthetic,mixed,pending_tasks,3,26,2,0.0769,0.6667,0.1379,308,337,1.09,0.012926000181323616,26
gen_security_appsec_001,naive_truncation,security/appsec,synthetic,mixed,decisions,3,26,3,0.1154,1.0,0.2069,308,337,1.09,0.012926000181323616,26
gen_security_appsec_001,naive_truncation,security/appsec,synthetic,mixed,files,3,26,3,0.1154,1.0,0.2069,308,337,1.09,0.012926000181323616,26
gen_security_appsec_001,naive_truncation,security/appsec,synthetic,mixed,errors,0,26,0,0.0,1.0,0.0,308,337,1.09,0.012926000181323616,26
gen_security_appsec_001,naive_summary,security/appsec,synthetic,mixed,completed_tasks,7,18,5,0.2778,0.7143,0.4,190,337,1.77,0.06917100017744815,18
gen_security_appsec_001,naive_summary,security/appsec,synthetic,mixed,pending_tasks,3,18,2,0.1111,0.6667,0.1905,190,337,1.77,0.06917100017744815,18
gen_security_appsec_001,naive_summary,security/appsec,synthetic,mixed,decisions,3,18,0,0.0,0.0,0.0,190,337,1.77,0.06917100017744815,18
gen_security_appsec_001,naive_summary,security/appsec,synthetic,mixed,files,3,18,1,0.0556,0.3333,0.0952,190,337,1.77,0.06917100017744815,18
gen_security_appsec_001,naive_summary,security/appsec,synthetic,mixed,errors,0,18,0,0.0,1.0,0.0,190,337,1.77,0.06917100017744815,18
gen_security_appsec_002,tokenmizer_v0.5.2,security/appsec,synthetic,mixed,completed_tasks,3,2,2,1.0,0.6667,0.8,105,272,2.59,209.18401500011896,11
gen_security_appsec_002,tokenmizer_v0.5.2,security/appsec,synthetic,mixed,pending_tasks,3,2,2,1.0,0.6667,0.8,105,272,2.59,209.18401500011896,11
gen_security_appsec_002,tokenmizer_v0.5.2,security/appsec,synthetic,mixed,decisions,2,2,2,1.0,1.0,1.0,105,272,2.59,209.18401500011896,11
gen_security_appsec_002,tokenmizer_v0.5.2,security/appsec,synthetic,mixed,files,3,3,3,1.0,1.0,1.0,105,272,2.59,209.18401500011896,11
gen_security_appsec_002,tokenmizer_v0.5.2,security/appsec,synthetic,mixed,errors,2,2,2,1.0,1.0,1.0,105,272,2.59,209.18401500011896,11
gen_security_appsec_002,graphiti_style,security/appsec,synthetic,mixed,completed_tasks,3,3,2,0.6667,0.6667,0.6667,93,272,2.92,0.7230750002236164,11
gen_security_appsec_002,graphiti_style,security/appsec,synthetic,mixed,pending_tasks,3,3,2,0.6667,0.6667,0.6667,93,272,2.92,0.7230750002236164,11
gen_security_appsec_002,graphiti_style,security/appsec,synthetic,mixed,decisions,2,0,0,1.0,0.0,0.0,93,272,2.92,0.7230750002236164,11
gen_security_appsec_002,graphiti_style,security/appsec,synthetic,mixed,files,3,3,3,1.0,1.0,1.0,93,272,2.92,0.7230750002236164,11
gen_security_appsec_002,graphiti_style,security/appsec,synthetic,mixed,errors,2,2,2,1.0,1.0,1.0,93,272,2.92,0.7230750002236164,11
gen_security_appsec_002,graphrag_style,security/appsec,synthetic,mixed,completed_tasks,3,0,0,1.0,0.0,0.0,48,272,5.67,0.37130100008653244,6
gen_security_appsec_002,graphrag_style,security/appsec,synthetic,mixed,pending_tasks,3,2,1,0.5,0.3333,0.4,48,272,5.67,0.37130100008653244,6
gen_security_appsec_002,graphrag_style,security/appsec,synthetic,mixed,decisions,2,0,0,1.0,0.0,0.0,48,272,5.67,0.37130100008653244,6
gen_security_appsec_002,graphrag_style,security/appsec,synthetic,mixed,files,3,3,3,1.0,1.0,1.0,48,272,5.67,0.37130100008653244,6
gen_security_appsec_002,graphrag_style,security/appsec,synthetic,mixed,errors,2,1,1,1.0,0.5,0.6667,48,272,5.67,0.37130100008653244,6
gen_security_appsec_002,mem0_style,security/appsec,synthetic,mixed,completed_tasks,3,3,2,0.6667,0.6667,0.6667,92,272,2.96,0.7024760002423136,11
gen_security_appsec_002,mem0_style,security/appsec,synthetic,mixed,pending_tasks,3,3,2,0.6667,0.6667,0.6667,92,272,2.96,0.7024760002423136,11
gen_security_appsec_002,mem0_style,security/appsec,synthetic,mixed,decisions,2,0,0,1.0,0.0,0.0,92,272,2.96,0.7024760002423136,11
gen_security_appsec_002,mem0_style,security/appsec,synthetic,mixed,files,3,3,3,1.0,1.0,1.0,92,272,2.96,0.7024760002423136,11
gen_security_appsec_002,mem0_style,security/appsec,synthetic,mixed,errors,2,2,2,1.0,1.0,1.0,92,272,2.96,0.7024760002423136,11
gen_security_appsec_002,memgpt_style,security/appsec,synthetic,mixed,completed_tasks,3,2,1,0.5,0.3333,0.4,40,272,6.8,0.2953319999505766,5
gen_security_appsec_002,memgpt_style,security/appsec,synthetic,mixed,pending_tasks,3,1,1,1.0,0.3333,0.5,40,272,6.8,0.2953319999505766,5
gen_security_appsec_002,memgpt_style,security/appsec,synthetic,mixed,decisions,2,0,0,1.0,0.0,0.0,40,272,6.8,0.2953319999505766,5
gen_security_appsec_002,memgpt_style,security/appsec,synthetic,mixed,files,3,2,2,1.0,0.6667,0.8,40,272,6.8,0.2953319999505766,5
gen_security_appsec_002,memgpt_style,security/appsec,synthetic,mixed,errors,2,0,0,1.0,0.0,0.0,40,272,6.8,0.2953319999505766,5
gen_security_appsec_002,sliding_window_10,security/appsec,synthetic,mixed,completed_tasks,3,13,3,0.2308,1.0,0.375,177,272,1.54,0.0034169997888966464,13
gen_security_appsec_002,sliding_window_10,security/appsec,synthetic,mixed,pending_tasks,3,13,2,0.3077,0.6667,0.4211,177,272,1.54,0.0034169997888966464,13
gen_security_appsec_002,sliding_window_10,security/appsec,synthetic,mixed,decisions,2,13,1,0.0769,0.5,0.1333,177,272,1.54,0.0034169997888966464,13
gen_security_appsec_002,sliding_window_10,security/appsec,synthetic,mixed,files,3,13,2,0.1538,0.6667,0.25,177,272,1.54,0.0034169997888966464,13
gen_security_appsec_002,sliding_window_10,security/appsec,synthetic,mixed,errors,2,13,0,0.0,0.0,0.0,177,272,1.54,0.0034169997888966464,13
gen_security_appsec_002,naive_truncation,security/appsec,synthetic,mixed,completed_tasks,3,23,3,0.1304,1.0,0.2308,283,272,0.96,0.016383000001951586,23
gen_security_appsec_002,naive_truncation,security/appsec,synthetic,mixed,pending_tasks,3,23,3,0.3043,1.0,0.4667,283,272,0.96,0.016383000001951586,23
gen_security_appsec_002,naive_truncation,security/appsec,synthetic,mixed,decisions,2,23,2,0.087,1.0,0.16,283,272,0.96,0.016383000001951586,23
gen_security_appsec_002,naive_truncation,security/appsec,synthetic,mixed,files,3,23,3,0.1304,1.0,0.2308,283,272,0.96,0.016383000001951586,23
gen_security_appsec_002,naive_truncation,security/appsec,synthetic,mixed,errors,2,23,2,0.087,1.0,0.16,283,272,0.96,0.016383000001951586,23
gen_security_appsec_002,naive_summary,security/appsec,synthetic,mixed,completed_tasks,3,16,2,0.125,0.6667,0.2105,186,272,1.46,0.028264999855309725,16
gen_security_appsec_002,naive_summary,security/appsec,synthetic,mixed,pending_tasks,3,16,2,0.3125,0.6667,0.4255,186,272,1.46,0.028264999855309725,16
gen_security_appsec_002,naive_summary,security/appsec,synthetic,mixed,decisions,2,16,1,0.0625,0.5,0.1111,186,272,1.46,0.028264999855309725,16
gen_security_appsec_002,naive_summary,security/appsec,synthetic,mixed,files,3,16,2,0.125,0.6667,0.2105,186,272,1.46,0.028264999855309725,16
gen_security_appsec_002,naive_summary,security/appsec,synthetic,mixed,errors,2,16,2,0.125,1.0,0.2222,186,272,1.46,0.028264999855309725,16
gen_security_appsec_003,tokenmizer_v0.5.2,security/appsec,synthetic,mixed,completed_tasks,6,5,5,1.0,0.8333,0.9091,139,321,2.31,227.32742900006997,15
gen_security_appsec_003,tokenmizer_v0.5.2,security/appsec,synthetic,mixed,pending_tasks,3,3,3,1.0,1.0,1.0,139,321,2.31,227.32742900006997,15
gen_security_appsec_003,tokenmizer_v0.5.2,security/appsec,synthetic,mixed,decisions,3,3,3,1.0,1.0,1.0,139,321,2.31,227.32742900006997,15
gen_security_appsec_003,tokenmizer_v0.5.2,security/appsec,synthetic,mixed,files,2,2,2,1.0,1.0,1.0,139,321,2.31,227.32742900006997,15
gen_security_appsec_003,tokenmizer_v0.5.2,security/appsec,synthetic,mixed,errors,2,2,2,1.0,1.0,1.0,139,321,2.31,227.32742900006997,15
gen_security_appsec_003,graphiti_style,security/appsec,synthetic,mixed,completed_tasks,6,3,3,1.0,0.5,0.6667,110,321,2.92,0.88116999995691,13
gen_security_appsec_003,graphiti_style,security/appsec,synthetic,mixed,pending_tasks,3,4,2,0.5,0.6667,0.5714,110,321,2.92,0.88116999995691,13
gen_security_appsec_003,graphiti_style,security/appsec,synthetic,mixed,decisions,3,2,2,1.0,0.6667,0.8,110,321,2.92,0.88116999995691,13
gen_security_appsec_003,graphiti_style,security/appsec,synthetic,mixed,files,2,2,2,1.0,1.0,1.0,110,321,2.92,0.88116999995691,13
gen_security_appsec_003,graphiti_style,security/appsec,synthetic,mixed,errors,2,2,2,1.0,1.0,1.0,110,321,2.92,0.88116999995691,13
gen_security_appsec_003,graphrag_style,security/appsec,synthetic,mixed,completed_tasks,6,1,1,1.0,0.1667,0.2857,69,321,4.65,0.4798869999831368,9
gen_security_appsec_003,graphrag_style,security/appsec,synthetic,mixed,pending_tasks,3,4,2,0.5,0.6667,0.5714,69,321,4.65,0.4798869999831368,9
gen_security_appsec_003,graphrag_style,security/appsec,synthetic,mixed,decisions,3,2,2,1.0,0.6667,0.8,69,321,4.65,0.4798869999831368,9
gen_security_appsec_003,graphrag_style,security/appsec,synthetic,mixed,files,2,2,2,1.0,1.0,1.0,69,321,4.65,0.4798869999831368,9
gen_security_appsec_003,graphrag_style,security/appsec,synthetic,mixed,errors,2,0,0,1.0,0.0,0.0,69,321,4.65,0.4798869999831368,9
gen_security_appsec_003,mem0_style,security/appsec,synthetic,mixed,completed_tasks,6,3,3,1.0,0.5,0.6667,109,321,2.94,0.9336289999737346,13
gen_security_appsec_003,mem0_style,security/appsec,synthetic,mixed,pending_tasks,3,4,2,0.5,0.6667,0.5714,109,321,2.94,0.9336289999737346,13
gen_security_appsec_003,mem0_style,security/appsec,synthetic,mixed,decisions,3,2,2,1.0,0.6667,0.8,109,321,2.94,0.9336289999737346,13
gen_security_appsec_003,mem0_style,security/appsec,synthetic,mixed,files,2,2,2,1.0,1.0,1.0,109,321,2.94,0.9336289999737346,13
gen_security_appsec_003,mem0_style,security/appsec,synthetic,mixed,errors,2,2,2,1.0,1.0,1.0,109,321,2.94,0.9336289999737346,13
gen_security_appsec_003,memgpt_style,security/appsec,synthetic,mixed,completed_tasks,6,2,2,1.0,0.3333,0.5,66,321,4.86,0.44614100033868453,7
gen_security_appsec_003,memgpt_style,security/appsec,synthetic,mixed,pending_tasks,3,3,2,0.6667,0.6667,0.6667,66,321,4.86,0.44614100033868453,7
gen_security_appsec_003,memgpt_style,security/appsec,synthetic,mixed,decisions,3,0,0,1.0,0.0,0.0,66,321,4.86,0.44614100033868453,7
gen_security_appsec_003,memgpt_style,security/appsec,synthetic,mixed,files,2,1,1,1.0,0.5,0.6667,66,321,4.86,0.44614100033868453,7
gen_security_appsec_003,memgpt_style,security/appsec,synthetic,mixed,errors,2,1,1,1.0,0.5,0.6667,66,321,4.86,0.44614100033868453,7
gen_security_appsec_003,sliding_window_10,security/appsec,synthetic,mixed,completed_tasks,6,13,4,0.3077,0.6667,0.4211,155,321,2.07,0.0035530001696315594,13
gen_security_appsec_003,sliding_window_10,security/appsec,synthetic,mixed,pending_tasks,3,13,2,0.1538,0.6667,0.25,155,321,2.07,0.0035530001696315594,13
gen_security_appsec_003,sliding_window_10,security/appsec,synthetic,mixed,decisions,3,13,0,0.0,0.0,0.0,155,321,2.07,0.0035530001696315594,13
gen_security_appsec_003,sliding_window_10,security/appsec,synthetic,mixed,files,2,13,1,0.0769,0.5,0.1333,155,321,2.07,0.0035530001696315594,13
gen_security_appsec_003,sliding_window_10,security/appsec,synthetic,mixed,errors,2,13,1,0.0769,0.5,0.1333,155,321,2.07,0.0035530001696315594,13
gen_security_appsec_003,naive_truncation,security/appsec,synthetic,mixed,completed_tasks,6,29,6,0.2069,1.0,0.3429,310,321,1.04,0.014581999948859448,29
gen_security_appsec_003,naive_truncation,security/appsec,synthetic,mixed,pending_tasks,3,29,3,0.1034,1.0,0.1875,310,321,1.04,0.014581999948859448,29
gen_security_appsec_003,naive_truncation,security/appsec,synthetic,mixed,decisions,3,29,3,0.1034,1.0,0.1875,310,321,1.04,0.014581999948859448,29
gen_security_appsec_003,naive_truncation,security/appsec,synthetic,mixed,files,2,29,2,0.069,1.0,0.129,310,321,1.04,0.014581999948859448,29
gen_security_appsec_003,naive_truncation,security/appsec,synthetic,mixed,errors,2,29,2,0.069,1.0,0.129,310,321,1.04,0.014581999948859448,29
gen_security_appsec_003,naive_summary,security/appsec,synthetic,mixed,completed_tasks,6,19,2,0.1053,0.3333,0.16,195,321,1.65,0.039586000184499426,19
gen_security_appsec_003,naive_summary,security/appsec,synthetic,mixed,pending_tasks,3,19,1,0.0526,0.3333,0.0909,195,321,1.65,0.039586000184499426,19
gen_security_appsec_003,naive_summary,security/appsec,synthetic,mixed,decisions,3,19,3,0.1579,1.0,0.2727,195,321,1.65,0.039586000184499426,19
gen_security_appsec_003,naive_summary,security/appsec,synthetic,mixed,files,2,19,1,0.0526,0.5,0.0952,195,321,1.65,0.039586000184499426,19
gen_security_appsec_003,naive_summary,security/appsec,synthetic,mixed,errors,2,19,1,0.0526,0.5,0.0952,195,321,1.65,0.039586000184499426,19
gen_security_appsec_004,tokenmizer_v0.5.2,security/appsec,synthetic,mixed,completed_tasks,5,5,5,1.0,1.0,1.0,112,253,2.26,221.23135399988314,14
gen_security_appsec_004,tokenmizer_v0.5.2,security/appsec,synthetic,mixed,pending_tasks,2,1,1,1.0,0.5,0.6667,112,253,2.26,221.23135399988314,14
gen_security_appsec_004,tokenmizer_v0.5.2,security/appsec,synthetic,mixed,decisions,2,2,2,1.0,1.0,1.0,112,253,2.26,221.23135399988314,14
gen_security_appsec_004,tokenmizer_v0.5.2,security/appsec,synthetic,mixed,files,6,6,6,1.0,1.0,1.0,112,253,2.26,221.23135399988314,14
gen_security_appsec_004,graphiti_style,security/appsec,synthetic,mixed,completed_tasks,5,5,4,0.8,0.8,0.8,104,253,2.43,0.7282120000127179,14
gen_security_appsec_004,graphiti_style,security/appsec,synthetic,mixed,pending_tasks,2,2,1,0.5,0.5,0.5,104,253,2.43,0.7282120000127179,14
gen_security_appsec_004,graphiti_style,security/appsec,synthetic,mixed,decisions,2,1,1,1.0,0.5,0.6667,104,253,2.43,0.7282120000127179,14
gen_security_appsec_004,graphiti_style,security/appsec,synthetic,mixed,files,6,6,5,0.8333,0.8333,0.8333,104,253,2.43,0.7282120000127179,14
gen_security_appsec_004,graphrag_style,security/appsec,synthetic,mixed,completed_tasks,5,0,0,1.0,0.0,0.0,57,253,4.44,0.37711100003434694,9
gen_security_appsec_004,graphrag_style,security/appsec,synthetic,mixed,pending_tasks,2,2,1,0.5,0.5,0.5,57,253,4.44,0.37711100003434694,9
gen_security_appsec_004,graphrag_style,security/appsec,synthetic,mixed,decisions,2,1,1,1.0,0.5,0.6667,57,253,4.44,0.37711100003434694,9
gen_security_appsec_004,graphrag_style,security/appsec,synthetic,mixed,files,6,6,5,0.8333,0.8333,0.8333,57,253,4.44,0.37711100003434694,9
gen_security_appsec_004,mem0_style,security/appsec,synthetic,mixed,completed_tasks,5,5,4,0.8,0.8,0.8,103,253,2.46,0.9321190000264323,14
gen_security_appsec_004,mem0_style,security/appsec,synthetic,mixed,pending_tasks,2,2,1,0.5,0.5,0.5,103,253,2.46,0.9321190000264323,14
gen_security_appsec_004,mem0_style,security/appsec,synthetic,mixed,decisions,2,1,1,1.0,0.5,0.6667,103,253,2.46,0.9321190000264323,14
gen_security_appsec_004,mem0_style,security/appsec,synthetic,mixed,files,6,6,5,0.8333,0.8333,0.8333,103,253,2.46,0.9321190000264323,14
gen_security_appsec_004,memgpt_style,security/appsec,synthetic,mixed,completed_tasks,5,3,2,0.6667,0.4,0.5,56,253,4.52,0.2959819998977764,7
gen_security_appsec_004,memgpt_style,security/appsec,synthetic,mixed,pending_tasks,2,1,1,1.0,0.5,0.6667,56,253,4.52,0.2959819998977764,7
gen_security_appsec_004,memgpt_style,security/appsec,synthetic,mixed,decisions,2,0,0,1.0,0.0,0.0,56,253,4.52,0.2959819998977764,7
gen_security_appsec_004,memgpt_style,security/appsec,synthetic,mixed,files,6,3,3,1.0,0.5,0.6667,56,253,4.52,0.2959819998977764,7
gen_security_appsec_004,sliding_window_10,security/appsec,synthetic,mixed,completed_tasks,5,13,3,0.2308,0.6,0.3333,123,253,2.06,0.0033820001590356696,13
gen_security_appsec_004,sliding_window_10,security/appsec,synthetic,mixed,pending_tasks,2,13,2,0.1538,1.0,0.2667,123,253,2.06,0.0033820001590356696,13
gen_security_appsec_004,sliding_window_10,security/appsec,synthetic,mixed,decisions,2,13,0,0.0,0.0,0.0,123,253,2.06,0.0033820001590356696,13
gen_security_appsec_004,sliding_window_10,security/appsec,synthetic,mixed,files,6,13,3,0.2308,0.5,0.3158,123,253,2.06,0.0033820001590356696,13
gen_security_appsec_004,sliding_window_10,security/appsec,synthetic,mixed,errors,0,13,0,0.0,1.0,0.0,123,253,2.06,0.0033820001590356696,13
gen_security_appsec_004,naive_truncation,security/appsec,synthetic,mixed,completed_tasks,5,27,5,0.1852,1.0,0.3125,267,253,0.95,0.015335000171035063,27
gen_security_appsec_004,naive_truncation,security/appsec,synthetic,mixed,pending_tasks,2,27,2,0.0741,1.0,0.1379,267,253,0.95,0.015335000171035063,27
gen_security_appsec_004,naive_truncation,security/appsec,synthetic,mixed,decisions,2,27,2,0.0741,1.0,0.1379,267,253,0.95,0.015335000171035063,27
gen_security_appsec_004,naive_truncation,security/appsec,synthetic,mixed,files,6,27,6,0.2222,1.0,0.3636,267,253,0.95,0.015335000171035063,27
gen_security_appsec_004,naive_truncation,security/appsec,synthetic,mixed,errors,0,27,0,0.0,1.0,0.0,267,253,0.95,0.015335000171035063,27
gen_security_appsec_004,naive_summary,security/appsec,synthetic,mixed,completed_tasks,5,19,2,0.1053,0.4,0.1667,177,253,1.43,0.024682999992364785,19
gen_security_appsec_004,naive_summary,security/appsec,synthetic,mixed,pending_tasks,2,19,1,0.0526,0.5,0.0952,177,253,1.43,0.024682999992364785,19
gen_security_appsec_004,naive_summary,security/appsec,synthetic,mixed,decisions,2,19,2,0.1053,1.0,0.1905,177,253,1.43,0.024682999992364785,19
gen_security_appsec_004,naive_summary,security/appsec,synthetic,mixed,files,6,19,4,0.2105,0.6667,0.32,177,253,1.43,0.024682999992364785,19
gen_security_appsec_004,naive_summary,security/appsec,synthetic,mixed,errors,0,19,0,0.0,1.0,0.0,177,253,1.43,0.024682999992364785,19
gen_security_appsec_005,tokenmizer_v0.5.2,security/appsec,synthetic,mixed,completed_tasks,5,5,5,1.0,1.0,1.0,134,360,2.69,224.98717799999213,15
gen_security_appsec_005,tokenmizer_v0.5.2,security/appsec,synthetic,mixed,pending_tasks,2,2,2,1.0,1.0,1.0,134,360,2.69,224.98717799999213,15
gen_security_appsec_005,tokenmizer_v0.5.2,security/appsec,synthetic,mixed,decisions,3,3,3,1.0,1.0,1.0,134,360,2.69,224.98717799999213,15
gen_security_appsec_005,tokenmizer_v0.5.2,security/appsec,synthetic,mixed,files,4,4,4,1.0,1.0,1.0,134,360,2.69,224.98717799999213,15
gen_security_appsec_005,tokenmizer_v0.5.2,security/appsec,synthetic,mixed,errors,1,1,0,0.0,0.0,0.0,134,360,2.69,224.98717799999213,15
gen_security_appsec_005,graphiti_style,security/appsec,synthetic,mixed,completed_tasks,5,4,4,1.0,0.8,0.8889,103,360,3.5,0.9549779997541918,11
gen_security_appsec_005,graphiti_style,security/appsec,synthetic,mixed,pending_tasks,2,2,1,0.5,0.5,0.5,103,360,3.5,0.9549779997541918,11
gen_security_appsec_005,graphiti_style,security/appsec,synthetic,mixed,decisions,3,1,1,1.0,0.3333,0.5,103,360,3.5,0.9549779997541918,11
gen_security_appsec_005,graphiti_style,security/appsec,synthetic,mixed,files,4,4,4,1.0,1.0,1.0,103,360,3.5,0.9549779997541918,11
gen_security_appsec_005,graphiti_style,security/appsec,synthetic,mixed,errors,1,0,0,1.0,0.0,0.0,103,360,3.5,0.9549779997541918,11
gen_security_appsec_005,graphrag_style,security/appsec,synthetic,mixed,completed_tasks,5,0,0,1.0,0.0,0.0,44,360,8.18,0.47457700020459015,6
gen_security_appsec_005,graphrag_style,security/appsec,synthetic,mixed,pending_tasks,2,1,0,0.0,0.0,0.0,44,360,8.18,0.47457700020459015,6
gen_security_appsec_005,graphrag_style,security/appsec,synthetic,mixed,decisions,3,1,1,1.0,0.3333,0.5,44,360,8.18,0.47457700020459015,6
gen_security_appsec_005,graphrag_style,security/appsec,synthetic,mixed,files,4,4,4,1.0,1.0,1.0,44,360,8.18,0.47457700020459015,6
gen_security_appsec_005,graphrag_style,security/appsec,synthetic,mixed,errors,1,0,0,1.0,0.0,0.0,44,360,8.18,0.47457700020459015,6
gen_security_appsec_005,mem0_style,security/appsec,synthetic,mixed,completed_tasks,5,4,4,1.0,0.8,0.8889,102,360,3.53,0.8905879999474564,11
gen_security_appsec_005,mem0_style,security/appsec,synthetic,mixed,pending_tasks,2,2,1,0.5,0.5,0.5,102,360,3.53,0.8905879999474564,11
gen_security_appsec_005,mem0_style,security/appsec,synthetic,mixed,decisions,3,1,1,1.0,0.3333,0.5,102,360,3.53,0.8905879999474564,11
gen_security_appsec_005,mem0_style,security/appsec,synthetic,mixed,files,4,4,4,1.0,1.0,1.0,102,360,3.53,0.8905879999474564,11
gen_security_appsec_005,mem0_style,security/appsec,synthetic,mixed,errors,1,0,0,1.0,0.0,0.0,102,360,3.53,0.8905879999474564,11
gen_security_appsec_005,memgpt_style,security/appsec,synthetic,mixed,completed_tasks,5,2,2,1.0,0.4,0.5714,45,360,8.0,0.35879100005331566,3
gen_security_appsec_005,memgpt_style,security/appsec,synthetic,mixed,pending_tasks,2,1,1,1.0,0.5,0.6667,45,360,8.0,0.35879100005331566,3
gen_security_appsec_005,memgpt_style,security/appsec,synthetic,mixed,decisions,3,0,0,1.0,0.0,0.0,45,360,8.0,0.35879100005331566,3
gen_security_appsec_005,memgpt_style,security/appsec,synthetic,mixed,files,4,0,0,1.0,0.0,0.0,45,360,8.0,0.35879100005331566,3
gen_security_appsec_005,memgpt_style,security/appsec,synthetic,mixed,errors,1,0,0,1.0,0.0,0.0,45,360,8.0,0.35879100005331566,3
gen_security_appsec_005,sliding_window_10,security/appsec,synthetic,mixed,completed_tasks,5,10,2,0.2,0.4,0.2667,142,360,2.54,0.0033129999792436138,10
gen_security_appsec_005,sliding_window_10,security/appsec,synthetic,mixed,pending_tasks,2,10,2,0.2,1.0,0.3333,142,360,2.54,0.0033129999792436138,10
gen_security_appsec_005,sliding_window_10,security/appsec,synthetic,mixed,decisions,3,10,2,0.2,0.6667,0.3077,142,360,2.54,0.0033129999792436138,10
gen_security_appsec_005,sliding_window_10,security/appsec,synthetic,mixed,files,4,10,0,0.0,0.0,0.0,142,360,2.54,0.0033129999792436138,10
gen_security_appsec_005,sliding_window_10,security/appsec,synthetic,mixed,errors,1,10,0,0.0,0.0,0.0,142,360,2.54,0.0033129999792436138,10
gen_security_appsec_005,naive_truncation,security/appsec,synthetic,mixed,completed_tasks,5,23,4,0.1739,0.8,0.2857,298,360,1.21,0.018398000065644737,23
gen_security_appsec_005,naive_truncation,security/appsec,synthetic,mixed,pending_tasks,2,23,2,0.1304,1.0,0.2308,298,360,1.21,0.018398000065644737,23
gen_security_appsec_005,naive_truncation,security/appsec,synthetic,mixed,decisions,3,23,3,0.1739,1.0,0.2963,298,360,1.21,0.018398000065644737,23
gen_security_appsec_005,naive_truncation,security/appsec,synthetic,mixed,files,4,23,2,0.087,0.5,0.1481,298,360,1.21,0.018398000065644737,23
gen_security_appsec_005,naive_truncation,security/appsec,synthetic,mixed,errors,1,23,1,0.0435,1.0,0.0833,298,360,1.21,0.018398000065644737,23
gen_security_appsec_005,naive_summary,security/appsec,synthetic,mixed,completed_tasks,5,17,2,0.1176,0.4,0.1818,199,360,1.81,0.03313099978186074,17
gen_security_appsec_005,naive_summary,security/appsec,synthetic,mixed,pending_tasks,2,17,1,0.0588,0.5,0.1053,199,360,1.81,0.03313099978186074,17
gen_security_appsec_005,naive_summary,security/appsec,synthetic,mixed,decisions,3,17,2,0.1176,0.6667,0.2,199,360,1.81,0.03313099978186074,17
gen_security_appsec_005,naive_summary,security/appsec,synthetic,mixed,files,4,17,3,0.1765,0.75,0.2857,199,360,1.81,0.03313099978186074,17
gen_security_appsec_005,naive_summary,security/appsec,synthetic,mixed,errors,1,17,1,0.0588,1.0,0.1111,199,360,1.81,0.03313099978186074,17
gen_systems_rust_001,tokenmizer_v0.5.2,systems/rust,synthetic,implicit,completed_tasks,4,1,1,1.0,0.25,0.4,90,394,4.38,233.20742299983976,11
gen_systems_rust_001,tokenmizer_v0.5.2,systems/rust,synthetic,implicit,pending_tasks,2,2,2,1.0,1.0,1.0,90,394,4.38,233.20742299983976,11
gen_systems_rust_001,tokenmizer_v0.5.2,systems/rust,synthetic,implicit,decisions,2,2,2,1.0,1.0,1.0,90,394,4.38,233.20742299983976,11
gen_systems_rust_001,tokenmizer_v0.5.2,systems/rust,synthetic,implicit,files,5,5,5,1.0,1.0,1.0,90,394,4.38,233.20742299983976,11
gen_systems_rust_001,tokenmizer_v0.5.2,systems/rust,synthetic,implicit,errors,2,1,1,1.0,0.5,0.6667,90,394,4.38,233.20742299983976,11
gen_systems_rust_001,graphiti_style,systems/rust,synthetic,implicit,completed_tasks,4,0,0,1.0,0.0,0.0,33,394,11.94,1.1098079999101174,8
gen_systems_rust_001,graphiti_style,systems/rust,synthetic,implicit,pending_tasks,2,2,0,0.0,0.0,0.0,33,394,11.94,1.1098079999101174,8
gen_systems_rust_001,graphiti_style,systems/rust,synthetic,implicit,decisions,2,1,0,0.0,0.0,0.0,33,394,11.94,1.1098079999101174,8
gen_systems_rust_001,graphiti_style,systems/rust,synthetic,implicit,files,5,5,5,1.0,1.0,1.0,33,394,11.94,1.1098079999101174,8
gen_systems_rust_001,graphiti_style,systems/rust,synthetic,implicit,errors,2,0,0,1.0,0.0,0.0,33,394,11.94,1.1098079999101174,8
gen_systems_rust_001,graphrag_style,systems/rust,synthetic,implicit,completed_tasks,4,0,0,1.0,0.0,0.0,29,394,13.59,0.5439480000859476,7
gen_systems_rust_001,graphrag_style,systems/rust,synthetic,implicit,pending_tasks,2,2,0,0.0,0.0,0.0,29,394,13.59,0.5439480000859476,7
gen_systems_rust_001,graphrag_style,systems/rust,synthetic,implicit,decisions,2,0,0,1.0,0.0,0.0,29,394,13.59,0.5439480000859476,7
gen_systems_rust_001,graphrag_style,systems/rust,synthetic,implicit,files,5,5,5,1.0,1.0,1.0,29,394,13.59,0.5439480000859476,7
gen_systems_rust_001,graphrag_style,systems/rust,synthetic,implicit,errors,2,0,0,1.0,0.0,0.0,29,394,13.59,0.5439480000859476,7
gen_systems_rust_001,mem0_style,systems/rust,synthetic,implicit,completed_tasks,4,0,0,1.0,0.0,0.0,32,394,12.31,0.9893610003928188,8
gen_systems_rust_001,mem0_style,systems/rust,synthetic,implicit,pending_tasks,2,2,0,0.0,0.0,0.0,32,394,12.31,0.9893610003928188,8
gen_systems_rust_001,mem0_style,systems/rust,synthetic,implicit,decisions,2,1,0,0.0,0.0,0.0,32,394,12.31,0.9893610003928188,8
gen_systems_rust_001,mem0_style,systems/rust,synthetic,implicit,files,5,5,5,1.0,1.0,1.0,32,394,12.31,0.9893610003928188,8
gen_systems_rust_001,mem0_style,systems/rust,synthetic,implicit,errors,2,0,0,1.0,0.0,0.0,32,394,12.31,0.9893610003928188,8
gen_systems_rust_001,memgpt_style,systems/rust,synthetic,implicit,completed_tasks,4,0,0,1.0,0.0,0.0,11,394,35.82,0.42022499974336824,2
gen_systems_rust_001,memgpt_style,systems/rust,synthetic,implicit,pending_tasks,2,1,0,0.0,0.0,0.0,11,394,35.82,0.42022499974336824,2
gen_systems_rust_001,memgpt_style,systems/rust,synthetic,implicit,decisions,2,0,0,1.0,0.0,0.0,11,394,35.82,0.42022499974336824,2
gen_systems_rust_001,memgpt_style,systems/rust,synthetic,implicit,files,5,1,1,1.0,0.2,0.3333,11,394,35.82,0.42022499974336824,2
gen_systems_rust_001,memgpt_style,systems/rust,synthetic,implicit,errors,2,0,0,1.0,0.0,0.0,11,394,35.82,0.42022499974336824,2
gen_systems_rust_001,sliding_window_10,systems/rust,synthetic,implicit,completed_tasks,4,11,2,0.1818,0.5,0.2667,167,394,2.36,0.003385999661986716,11
gen_systems_rust_001,sliding_window_10,systems/rust,synthetic,implicit,pending_tasks,2,11,1,0.0909,0.5,0.1538,167,394,2.36,0.003385999661986716,11
gen_systems_rust_001,sliding_window_10,systems/rust,synthetic,implicit,decisions,2,11,0,0.0,0.0,0.0,167,394,2.36,0.003385999661986716,11
gen_systems_rust_001,sliding_window_10,systems/rust,synthetic,implicit,files,5,11,1,0.0909,0.2,0.125,167,394,2.36,0.003385999661986716,11
gen_systems_rust_001,sliding_window_10,systems/rust,synthetic,implicit,errors,2,11,2,0.1818,1.0,0.3077,167,394,2.36,0.003385999661986716,11
gen_systems_rust_001,naive_truncation,systems/rust,synthetic,implicit,completed_tasks,4,20,3,0.15,0.75,0.25,291,394,1.35,0.013367000065045431,20
gen_systems_rust_001,naive_truncation,systems/rust,synthetic,implicit,pending_tasks,2,20,1,0.05,0.5,0.0909,291,394,1.35,0.013367000065045431,20
gen_systems_rust_001,naive_truncation,systems/rust,synthetic,implicit,decisions,2,20,1,0.05,0.5,0.0909,291,394,1.35,0.013367000065045431,20
gen_systems_rust_001,naive_truncation,systems/rust,synthetic,implicit,files,5,20,4,0.2,0.8,0.32,291,394,1.35,0.013367000065045431,20
gen_systems_rust_001,naive_truncation,systems/rust,synthetic,implicit,errors,2,20,2,0.1,1.0,0.1818,291,394,1.35,0.013367000065045431,20
gen_systems_rust_001,naive_summary,systems/rust,synthetic,implicit,completed_tasks,4,13,2,0.1538,0.5,0.2353,171,394,2.3,0.04621300013241125,13
gen_systems_rust_001,naive_summary,systems/rust,synthetic,implicit,pending_tasks,2,13,1,0.0769,0.5,0.1333,171,394,2.3,0.04621300013241125,13
gen_systems_rust_001,naive_summary,systems/rust,synthetic,implicit,decisions,2,13,2,0.1538,1.0,0.2667,171,394,2.3,0.04621300013241125,13
gen_systems_rust_001,naive_summary,systems/rust,synthetic,implicit,files,5,13,1,0.0769,0.2,0.1111,171,394,2.3,0.04621300013241125,13
gen_systems_rust_001,naive_summary,systems/rust,synthetic,implicit,errors,2,13,0,0.0,0.0,0.0,171,394,2.3,0.04621300013241125,13
gen_systems_rust_002,tokenmizer_v0.5.2,systems/rust,synthetic,implicit,completed_tasks,7,6,6,1.0,0.8571,0.9231,169,506,2.99,243.47133999981452,18
gen_systems_rust_002,tokenmizer_v0.5.2,systems/rust,synthetic,implicit,pending_tasks,1,1,1,1.0,1.0,1.0,169,506,2.99,243.47133999981452,18
gen_systems_rust_002,tokenmizer_v0.5.2,systems/rust,synthetic,implicit,decisions,6,6,6,1.0,1.0,1.0,169,506,2.99,243.47133999981452,18
gen_systems_rust_002,tokenmizer_v0.5.2,systems/rust,synthetic,implicit,files,4,4,4,1.0,1.0,1.0,169,506,2.99,243.47133999981452,18
gen_systems_rust_002,tokenmizer_v0.5.2,systems/rust,synthetic,implicit,errors,1,1,1,1.0,1.0,1.0,169,506,2.99,243.47133999981452,18
gen_systems_rust_002,graphiti_style,systems/rust,synthetic,implicit,completed_tasks,7,0,0,1.0,0.0,0.0,50,506,10.12,1.318526999966707,8
gen_systems_rust_002,graphiti_style,systems/rust,synthetic,implicit,pending_tasks,1,2,0,0.0,0.0,0.0,50,506,10.12,1.318526999966707,8
gen_systems_rust_002,graphiti_style,systems/rust,synthetic,implicit,decisions,6,1,0,0.0,0.0,0.0,50,506,10.12,1.318526999966707,8
gen_systems_rust_002,graphiti_style,systems/rust,synthetic,implicit,files,4,4,4,1.0,1.0,1.0,50,506,10.12,1.318526999966707,8
gen_systems_rust_002,graphiti_style,systems/rust,synthetic,implicit,errors,1,1,0,0.0,0.0,0.0,50,506,10.12,1.318526999966707,8
gen_systems_rust_002,graphrag_style,systems/rust,synthetic,implicit,completed_tasks,7,0,0,1.0,0.0,0.0,26,506,19.46,0.7572449999315722,6
gen_systems_rust_002,graphrag_style,systems/rust,synthetic,implicit,pending_tasks,1,2,0,0.0,0.0,0.0,26,506,19.46,0.7572449999315722,6
gen_systems_rust_002,graphrag_style,systems/rust,synthetic,implicit,decisions,6,0,0,1.0,0.0,0.0,26,506,19.46,0.7572449999315722,6
gen_systems_rust_002,graphrag_style,systems/rust,synthetic,implicit,files,4,4,4,1.0,1.0,1.0,26,506,19.46,0.7572449999315722,6
gen_systems_rust_002,graphrag_style,systems/rust,synthetic,implicit,errors,1,0,0,1.0,0.0,0.0,26,506,19.46,0.7572449999315722,6
gen_systems_rust_002,mem0_style,systems/rust,synthetic,implicit,completed_tasks,7,0,0,1.0,0.0,0.0,49,506,10.33,1.421874000243406,8
gen_systems_rust_002,mem0_style,systems/rust,synthetic,implicit,pending_tasks,1,2,0,0.0,0.0,0.0,49,506,10.33,1.421874000243406,8
gen_systems_rust_002,mem0_style,systems/rust,synthetic,implicit,decisions,6,1,0,0.0,0.0,0.0,49,506,10.33,1.421874000243406,8
gen_systems_rust_002,mem0_style,systems/rust,synthetic,implicit,files,4,4,4,1.0,1.0,1.0,49,506,10.33,1.421874000243406,8
gen_systems_rust_002,mem0_style,systems/rust,synthetic,implicit,errors,1,1,0,0.0,0.0,0.0,49,506,10.33,1.421874000243406,8
gen_systems_rust_002,memgpt_style,systems/rust,synthetic,implicit,completed_tasks,7,0,0,1.0,0.0,0.0,11,506,46.0,0.5114079999657406,2
gen_systems_rust_002,memgpt_style,systems/rust,synthetic,implicit,pending_tasks,1,1,0,0.0,0.0,0.0,11,506,46.0,0.5114079999657406,2
gen_systems_rust_002,memgpt_style,systems/rust,synthetic,implicit,decisions,6,1,0,0.0,0.0,0.0,11,506,46.0,0.5114079999657406,2
gen_systems_rust_002,memgpt_style,systems/rust,synthetic,implicit,files,4,0,0,1.0,0.0,0.0,11,506,46.0,0.5114079999657406,2
gen_systems_rust_002,memgpt_style,systems/rust,synthetic,implicit,errors,1,0,0,1.0,0.0,0.0,11,506,46.0,0.5114079999657406,2
gen_systems_rust_002,sliding_window_10,systems/rust,synthetic,implicit,completed_tasks,7,10,2,0.2,0.2857,0.2353,145,506,3.49,0.0031409999792231247,10
gen_systems_rust_002,sliding_window_10,systems/rust,synthetic,implicit,pending_tasks,1,10,0,0.0,0.0,0.0,145,506,3.49,0.0031409999792231247,10
gen_systems_rust_002,sliding_window_10,systems/rust,synthetic,implicit,decisions,6,10,3,0.3,0.5,0.375,145,506,3.49,0.0031409999792231247,10
gen_systems_rust_002,sliding_window_10,systems/rust,synthetic,implicit,files,4,10,0,0.0,0.0,0.0,145,506,3.49,0.0031409999792231247,10
gen_systems_rust_002,sliding_window_10,systems/rust,synthetic,implicit,errors,1,10,0,0.0,0.0,0.0,145,506,3.49,0.0031409999792231247,10
gen_systems_rust_002,naive_truncation,systems/rust,synthetic,implicit,completed_tasks,7,21,4,0.1905,0.5714,0.2857,302,506,1.68,0.013611999747809023,21
gen_systems_rust_002,naive_truncation,systems/rust,synthetic,implicit,pending_tasks,1,21,1,0.0476,1.0,0.0909,302,506,1.68,0.013611999747809023,21
gen_systems_rust_002,naive_truncation,systems/rust,synthetic,implicit,decisions,6,21,4,0.1905,0.6667,0.2963,302,506,1.68,0.013611999747809023,21
gen_systems_rust_002,naive_truncation,systems/rust,synthetic,implicit,files,4,21,2,0.0952,0.5,0.16,302,506,1.68,0.013611999747809023,21
gen_systems_rust_002,naive_truncation,systems/rust,synthetic,implicit,errors,1,21,0,0.0,0.0,0.0,302,506,1.68,0.013611999747809023,21
gen_systems_rust_002,naive_summary,systems/rust,synthetic,implicit,completed_tasks,7,13,2,0.1538,0.2857,0.2,167,506,3.03,0.06275900022956193,13
gen_systems_rust_002,naive_summary,systems/rust,synthetic,implicit,pending_tasks,1,13,0,0.0,0.0,0.0,167,506,3.03,0.06275900022956193,13
gen_systems_rust_002,naive_summary,systems/rust,synthetic,implicit,decisions,6,13,1,0.0769,0.1667,0.1053,167,506,3.03,0.06275900022956193,13
gen_systems_rust_002,naive_summary,systems/rust,synthetic,implicit,files,4,13,2,0.1538,0.5,0.2353,167,506,3.03,0.06275900022956193,13
gen_systems_rust_002,naive_summary,systems/rust,synthetic,implicit,errors,1,13,1,0.0769,1.0,0.1429,167,506,3.03,0.06275900022956193,13
gen_systems_rust_003,tokenmizer_v0.5.2,systems/rust,synthetic,implicit,completed_tasks,3,2,2,1.0,0.6667,0.8,142,369,2.6,221.83733000019856,14
gen_systems_rust_003,tokenmizer_v0.5.2,systems/rust,synthetic,implicit,pending_tasks,2,2,2,1.0,1.0,1.0,142,369,2.6,221.83733000019856,14
gen_systems_rust_003,tokenmizer_v0.5.2,systems/rust,synthetic,implicit,decisions,3,3,3,1.0,1.0,1.0,142,369,2.6,221.83733000019856,14
gen_systems_rust_003,tokenmizer_v0.5.2,systems/rust,synthetic,implicit,files,4,4,4,1.0,1.0,1.0,142,369,2.6,221.83733000019856,14
gen_systems_rust_003,tokenmizer_v0.5.2,systems/rust,synthetic,implicit,errors,2,3,2,1.0,1.0,1.0,142,369,2.6,221.83733000019856,14
gen_systems_rust_003,graphiti_style,systems/rust,synthetic,implicit,completed_tasks,3,0,0,1.0,0.0,0.0,42,369,8.79,1.0055719999400026,6
gen_systems_rust_003,graphiti_style,systems/rust,synthetic,implicit,pending_tasks,2,2,1,0.5,0.5,0.5,42,369,8.79,1.0055719999400026,6
gen_systems_rust_003,graphiti_style,systems/rust,synthetic,implicit,decisions,3,0,0,1.0,0.0,0.0,42,369,8.79,1.0055719999400026,6
gen_systems_rust_003,graphiti_style,systems/rust,synthetic,implicit,files,4,4,4,1.0,1.0,1.0,42,369,8.79,1.0055719999400026,6
gen_systems_rust_003,graphiti_style,systems/rust,synthetic,implicit,errors,2,0,0,1.0,0.0,0.0,42,369,8.79,1.0055719999400026,6
gen_systems_rust_003,graphrag_style,systems/rust,synthetic,implicit,completed_tasks,3,0,0,1.0,0.0,0.0,28,369,13.18,0.4622850001396728,5
gen_systems_rust_003,graphrag_style,systems/rust,synthetic,implicit,pending_tasks,2,1,0,0.0,0.0,0.0,28,369,13.18,0.4622850001396728,5
gen_systems_rust_003,graphrag_style,systems/rust,synthetic,implicit,decisions,3,0,0,1.0,0.0,0.0,28,369,13.18,0.4622850001396728,5
gen_systems_rust_003,graphrag_style,systems/rust,synthetic,implicit,files,4,4,4,1.0,1.0,1.0,28,369,13.18,0.4622850001396728,5
gen_systems_rust_003,graphrag_style,systems/rust,synthetic,implicit,errors,2,0,0,1.0,0.0,0.0,28,369,13.18,0.4622850001396728,5
gen_systems_rust_003,mem0_style,systems/rust,synthetic,implicit,completed_tasks,3,0,0,1.0,0.0,0.0,41,369,9.0,1.0072119998767448,6
gen_systems_rust_003,mem0_style,systems/rust,synthetic,implicit,pending_tasks,2,2,1,0.5,0.5,0.5,41,369,9.0,1.0072119998767448,6
gen_systems_rust_003,mem0_style,systems/rust,synthetic,implicit,decisions,3,0,0,1.0,0.0,0.0,41,369,9.0,1.0072119998767448,6
gen_systems_rust_003,mem0_style,systems/rust,synthetic,implicit,files,4,4,4,1.0,1.0,1.0,41,369,9.0,1.0072119998767448,6
gen_systems_rust_003,mem0_style,systems/rust,synthetic,implicit,errors,2,0,0,1.0,0.0,0.0,41,369,9.0,1.0072119998767448,6
gen_systems_rust_003,memgpt_style,systems/rust,synthetic,implicit,completed_tasks,3,0,0,1.0,0.0,0.0,15,369,24.6,0.3455930000200169,2
gen_systems_rust_003,memgpt_style,systems/rust,synthetic,implicit,pending_tasks,2,0,0,1.0,0.0,0.0,15,369,24.6,0.3455930000200169,2
gen_systems_rust_003,memgpt_style,systems/rust,synthetic,implicit,decisions,3,0,0,1.0,0.0,0.0,15,369,24.6,0.3455930000200169,2
gen_systems_rust_003,memgpt_style,systems/rust,synthetic,implicit,files,4,2,2,1.0,0.5,0.6667,15,369,24.6,0.3455930000200169,2
gen_systems_rust_003,memgpt_style,systems/rust,synthetic,implicit,errors,2,0,0,1.0,0.0,0.0,15,369,24.6,0.3455930000200169,2
gen_systems_rust_003,sliding_window_10,systems/rust,synthetic,implicit,completed_tasks,3,11,1,0.0909,0.3333,0.1429,162,369,2.28,0.002554999809945002,11
gen_systems_rust_003,sliding_window_10,systems/rust,synthetic,implicit,pending_tasks,2,11,1,0.0909,0.5,0.1538,162,369,2.28,0.002554999809945002,11
gen_systems_rust_003,sliding_window_10,systems/rust,synthetic,implicit,decisions,3,11,1,0.0909,0.3333,0.1429,162,369,2.28,0.002554999809945002,11
gen_systems_rust_003,sliding_window_10,systems/rust,synthetic,implicit,files,4,11,2,0.1818,0.5,0.2667,162,369,2.28,0.002554999809945002,11
gen_systems_rust_003,sliding_window_10,systems/rust,synthetic,implicit,errors,2,11,1,0.0909,0.5,0.1538,162,369,2.28,0.002554999809945002,11
gen_systems_rust_003,naive_truncation,systems/rust,synthetic,implicit,completed_tasks,3,21,2,0.0952,0.6667,0.1667,304,369,1.21,0.011343000096530886,21
gen_systems_rust_003,naive_truncation,systems/rust,synthetic,implicit,pending_tasks,2,21,1,0.0476,0.5,0.087,304,369,1.21,0.011343000096530886,21
gen_systems_rust_003,naive_truncation,systems/rust,synthetic,implicit,decisions,3,21,3,0.1429,1.0,0.25,304,369,1.21,0.011343000096530886,21
gen_systems_rust_003,naive_truncation,systems/rust,synthetic,implicit,files,4,21,4,0.1905,1.0,0.32,304,369,1.21,0.011343000096530886,21
gen_systems_rust_003,naive_truncation,systems/rust,synthetic,implicit,errors,2,21,2,0.0952,1.0,0.1739,304,369,1.21,0.011343000096530886,21
gen_systems_rust_003,naive_summary,systems/rust,synthetic,implicit,completed_tasks,3,14,2,0.1429,0.6667,0.2353,176,369,2.1,0.035307999951328384,14
gen_systems_rust_003,naive_summary,systems/rust,synthetic,implicit,pending_tasks,2,14,1,0.0714,0.5,0.125,176,369,2.1,0.035307999951328384,14
gen_systems_rust_003,naive_summary,systems/rust,synthetic,implicit,decisions,3,14,1,0.0714,0.3333,0.1176,176,369,2.1,0.035307999951328384,14
gen_systems_rust_003,naive_summary,systems/rust,synthetic,implicit,files,4,14,2,0.1429,0.5,0.2222,176,369,2.1,0.035307999951328384,14
gen_systems_rust_003,naive_summary,systems/rust,synthetic,implicit,errors,2,14,0,0.0,0.0,0.0,176,369,2.1,0.035307999951328384,14
gen_systems_rust_004,tokenmizer_v0.5.2,systems/rust,synthetic,implicit,completed_tasks,5,4,4,1.0,0.8,0.8889,105,357,3.4,222.02377400026307,10
gen_systems_rust_004,tokenmizer_v0.5.2,systems/rust,synthetic,implicit,pending_tasks,4,2,2,1.0,0.5,0.6667,105,357,3.4,222.02377400026307,10
gen_systems_rust_004,tokenmizer_v0.5.2,systems/rust,synthetic,implicit,decisions,2,2,2,1.0,1.0,1.0,105,357,3.4,222.02377400026307,10
gen_systems_rust_004,tokenmizer_v0.5.2,systems/rust,synthetic,implicit,files,2,2,2,1.0,1.0,1.0,105,357,3.4,222.02377400026307,10
gen_systems_rust_004,graphiti_style,systems/rust,synthetic,implicit,completed_tasks,5,0,0,1.0,0.0,0.0,54,357,6.61,0.8599069997217157,6
gen_systems_rust_004,graphiti_style,systems/rust,synthetic,implicit,pending_tasks,4,2,1,0.5,0.25,0.3333,54,357,6.61,0.8599069997217157,6
gen_systems_rust_004,graphiti_style,systems/rust,synthetic,implicit,decisions,2,1,0,0.0,0.0,0.0,54,357,6.61,0.8599069997217157,6
gen_systems_rust_004,graphiti_style,systems/rust,synthetic,implicit,files,2,2,2,1.0,1.0,1.0,54,357,6.61,0.8599069997217157,6
gen_systems_rust_004,graphiti_style,systems/rust,synthetic,implicit,errors,0,1,0,0.0,1.0,0.0,54,357,6.61,0.8599069997217157,6
gen_systems_rust_004,graphrag_style,systems/rust,synthetic,implicit,completed_tasks,5,0,0,1.0,0.0,0.0,40,357,8.93,0.4353340000307071,5
gen_systems_rust_004,graphrag_style,systems/rust,synthetic,implicit,pending_tasks,4,1,0,0.0,0.0,0.0,40,357,8.93,0.4353340000307071,5
gen_systems_rust_004,graphrag_style,systems/rust,synthetic,implicit,decisions,2,1,0,0.0,0.0,0.0,40,357,8.93,0.4353340000307071,5
gen_systems_rust_004,graphrag_style,systems/rust,synthetic,implicit,files,2,2,2,1.0,1.0,1.0,40,357,8.93,0.4353340000307071,5
gen_systems_rust_004,graphrag_style,systems/rust,synthetic,implicit,errors,0,1,0,0.0,1.0,0.0,40,357,8.93,0.4353340000307071,5
gen_systems_rust_004,mem0_style,systems/rust,synthetic,implicit,completed_tasks,5,0,0,1.0,0.0,0.0,53,357,6.74,0.9264899999834597,6
gen_systems_rust_004,mem0_style,systems/rust,synthetic,implicit,pending_tasks,4,2,1,0.5,0.25,0.3333,53,357,6.74,0.9264899999834597,6
gen_systems_rust_004,mem0_style,systems/rust,synthetic,implicit,decisions,2,1,0,0.0,0.0,0.0,53,357,6.74,0.9264899999834597,6
gen_systems_rust_004,mem0_style,systems/rust,synthetic,implicit,files,2,2,2,1.0,1.0,1.0,53,357,6.74,0.9264899999834597,6
gen_systems_rust_004,mem0_style,systems/rust,synthetic,implicit,errors,0,1,0,0.0,1.0,0.0,53,357,6.74,0.9264899999834597,6
gen_systems_rust_004,memgpt_style,systems/rust,synthetic,implicit,completed_tasks,5,0,0,1.0,0.0,0.0,24,357,14.88,0.4146659998696123,2
gen_systems_rust_004,memgpt_style,systems/rust,synthetic,implicit,pending_tasks,4,0,0,1.0,0.0,0.0,24,357,14.88,0.4146659998696123,2
gen_systems_rust_004,memgpt_style,systems/rust,synthetic,implicit,decisions,2,0,0,1.0,0.0,0.0,24,357,14.88,0.4146659998696123,2
gen_systems_rust_004,memgpt_style,systems/rust,synthetic,implicit,files,2,1,1,1.0,0.5,0.6667,24,357,14.88,0.4146659998696123,2
gen_systems_rust_004,memgpt_style,systems/rust,synthetic,implicit,errors,0,1,0,0.0,1.0,0.0,24,357,14.88,0.4146659998696123,2
gen_systems_rust_004,sliding_window_10,systems/rust,synthetic,implicit,completed_tasks,5,12,2,0.1667,0.4,0.2353,193,357,1.85,0.0030900000638212077,12
gen_systems_rust_004,sliding_window_10,systems/rust,synthetic,implicit,pending_tasks,4,12,3,0.25,0.75,0.375,193,357,1.85,0.0030900000638212077,12
gen_systems_rust_004,sliding_window_10,systems/rust,synthetic,implicit,decisions,2,12,1,0.0833,0.5,0.1429,193,357,1.85,0.0030900000638212077,12
gen_systems_rust_004,sliding_window_10,systems/rust,synthetic,implicit,files,2,12,1,0.0833,0.5,0.1429,193,357,1.85,0.0030900000638212077,12
gen_systems_rust_004,sliding_window_10,systems/rust,synthetic,implicit,errors,0,12,0,0.0,1.0,0.0,193,357,1.85,0.0030900000638212077,12
gen_systems_rust_004,naive_truncation,systems/rust,synthetic,implicit,completed_tasks,5,20,5,0.25,1.0,0.4,304,357,1.17,0.010682000265660463,20
gen_systems_rust_004,naive_truncation,systems/rust,synthetic,implicit,pending_tasks,4,20,3,0.15,0.75,0.25,304,357,1.17,0.010682000265660463,20
gen_systems_rust_004,naive_truncation,systems/rust,synthetic,implicit,decisions,2,20,2,0.1,1.0,0.1818,304,357,1.17,0.010682000265660463,20
gen_systems_rust_004,naive_truncation,systems/rust,synthetic,implicit,files,2,20,1,0.05,0.5,0.0909,304,357,1.17,0.010682000265660463,20
gen_systems_rust_004,naive_truncation,systems/rust,synthetic,implicit,errors,0,20,0,0.0,1.0,0.0,304,357,1.17,0.010682000265660463,20
gen_systems_rust_004,naive_summary,systems/rust,synthetic,implicit,completed_tasks,5,13,3,0.2308,0.6,0.3333,174,357,2.05,0.05247999979474116,13
gen_systems_rust_004,naive_summary,systems/rust,synthetic,implicit,pending_tasks,4,13,1,0.0769,0.25,0.1176,174,357,2.05,0.05247999979474116,13
gen_systems_rust_004,naive_summary,systems/rust,synthetic,implicit,decisions,2,13,1,0.0769,0.5,0.1333,174,357,2.05,0.05247999979474116,13
gen_systems_rust_004,naive_summary,systems/rust,synthetic,implicit,files,2,13,1,0.0769,0.5,0.1333,174,357,2.05,0.05247999979474116,13
gen_systems_rust_004,naive_summary,systems/rust,synthetic,implicit,errors,0,13,0,0.0,1.0,0.0,174,357,2.05,0.05247999979474116,13
gen_systems_rust_005,tokenmizer_v0.5.2,systems/rust,synthetic,implicit,completed_tasks,6,6,5,0.8333,0.8333,0.8333,135,488,3.61,232.33590000018012,15
gen_systems_rust_005,tokenmizer_v0.5.2,systems/rust,synthetic,implicit,pending_tasks,4,2,2,1.0,0.5,0.6667,135,488,3.61,232.33590000018012,15
gen_systems_rust_005,tokenmizer_v0.5.2,systems/rust,synthetic,implicit,decisions,2,1,1,1.0,0.5,0.6667,135,488,3.61,232.33590000018012,15
gen_systems_rust_005,tokenmizer_v0.5.2,systems/rust,synthetic,implicit,files,4,4,4,1.0,1.0,1.0,135,488,3.61,232.33590000018012,15
gen_systems_rust_005,tokenmizer_v0.5.2,systems/rust,synthetic,implicit,errors,2,2,2,1.0,1.0,1.0,135,488,3.61,232.33590000018012,15
gen_systems_rust_005,graphiti_style,systems/rust,synthetic,implicit,completed_tasks,6,0,0,1.0,0.0,0.0,51,488,9.57,1.3191580001148395,9
gen_systems_rust_005,graphiti_style,systems/rust,synthetic,implicit,pending_tasks,4,2,0,0.0,0.0,0.0,51,488,9.57,1.3191580001148395,9
gen_systems_rust_005,graphiti_style,systems/rust,synthetic,implicit,decisions,2,2,0,0.0,0.0,0.0,51,488,9.57,1.3191580001148395,9
gen_systems_rust_005,graphiti_style,systems/rust,synthetic,implicit,files,4,4,4,1.0,1.0,1.0,51,488,9.57,1.3191580001148395,9
gen_systems_rust_005,graphiti_style,systems/rust,synthetic,implicit,errors,2,1,0,0.0,0.0,0.0,51,488,9.57,1.3191580001148395,9
gen_systems_rust_005,graphrag_style,systems/rust,synthetic,implicit,completed_tasks,6,0,0,1.0,0.0,0.0,29,488,16.83,0.5942080001659633,7
gen_systems_rust_005,graphrag_style,systems/rust,synthetic,implicit,pending_tasks,4,2,0,0.0,0.0,0.0,29,488,16.83,0.5942080001659633,7
gen_systems_rust_005,graphrag_style,systems/rust,synthetic,implicit,decisions,2,1,0,0.0,0.0,0.0,29,488,16.83,0.5942080001659633,7
gen_systems_rust_005,graphrag_style,systems/rust,synthetic,implicit,files,4,4,4,1.0,1.0,1.0,29,488,16.83,0.5942080001659633,7
gen_systems_rust_005,graphrag_style,systems/rust,synthetic,implicit,errors,2,0,0,1.0,0.0,0.0,29,488,16.83,0.5942080001659633,7
gen_systems_rust_005,mem0_style,systems/rust,synthetic,implicit,completed_tasks,6,0,0,1.0,0.0,0.0,50,488,9.76,1.181475999601389,9
gen_systems_rust_005,mem0_style,systems/rust,synthetic,implicit,pending_tasks,4,2,0,0.0,0.0,0.0,50,488,9.76,1.181475999601389,9
gen_systems_rust_005,mem0_style,systems/rust,synthetic,implicit,decisions,2,2,0,0.0,0.0,0.0,50,488,9.76,1.181475999601389,9
gen_systems_rust_005,mem0_style,systems/rust,synthetic,implicit,files,4,4,4,1.0,1.0,1.0,50,488,9.76,1.181475999601389,9
gen_systems_rust_005,mem0_style,systems/rust,synthetic,implicit,errors,2,1,0,0.0,0.0,0.0,50,488,9.76,1.181475999601389,9
gen_systems_rust_005,memgpt_style,systems/rust,synthetic,implicit,completed_tasks,6,0,0,1.0,0.0,0.0,31,488,15.74,0.7945449997350806,3
gen_systems_rust_005,memgpt_style,systems/rust,synthetic,implicit,pending_tasks,4,0,0,1.0,0.0,0.0,31,488,15.74,0.7945449997350806,3
gen_systems_rust_005,memgpt_style,systems/rust,synthetic,implicit,decisions,2,1,0,0.0,0.0,0.0,31,488,15.74,0.7945449997350806,3
gen_systems_rust_005,memgpt_style,systems/rust,synthetic,implicit,files,4,1,1,1.0,0.25,0.4,31,488,15.74,0.7945449997350806,3
gen_systems_rust_005,memgpt_style,systems/rust,synthetic,implicit,errors,2,1,0,0.0,0.0,0.0,31,488,15.74,0.7945449997350806,3
gen_systems_rust_005,sliding_window_10,systems/rust,synthetic,implicit,completed_tasks,6,12,4,0.3333,0.6667,0.4444,189,488,2.58,0.004302999968786025,12
gen_systems_rust_005,sliding_window_10,systems/rust,synthetic,implicit,pending_tasks,4,12,0,0.0,0.0,0.0,189,488,2.58,0.004302999968786025,12
gen_systems_rust_005,sliding_window_10,systems/rust,synthetic,implicit,decisions,2,12,1,0.0833,0.5,0.1429,189,488,2.58,0.004302999968786025,12
gen_systems_rust_005,sliding_window_10,systems/rust,synthetic,implicit,files,4,12,1,0.0833,0.25,0.125,189,488,2.58,0.004302999968786025,12
gen_systems_rust_005,sliding_window_10,systems/rust,synthetic,implicit,errors,2,12,1,0.0833,0.5,0.1429,189,488,2.58,0.004302999968786025,12
gen_systems_rust_005,naive_truncation,systems/rust,synthetic,implicit,completed_tasks,6,19,5,0.2632,0.8333,0.4,300,488,1.63,0.031632000172976404,19
gen_systems_rust_005,naive_truncation,systems/rust,synthetic,implicit,pending_tasks,4,19,2,0.1053,0.5,0.1739,300,488,1.63,0.031632000172976404,19
gen_systems_rust_005,naive_truncation,systems/rust,synthetic,implicit,decisions,2,19,1,0.0526,0.5,0.0952,300,488,1.63,0.031632000172976404,19
gen_systems_rust_005,naive_truncation,systems/rust,synthetic,implicit,files,4,19,2,0.1053,0.5,0.1739,300,488,1.63,0.031632000172976404,19
gen_systems_rust_005,naive_truncation,systems/rust,synthetic,implicit,errors,2,19,1,0.0526,0.5,0.0952,300,488,1.63,0.031632000172976404,19
gen_systems_rust_005,naive_summary,systems/rust,synthetic,implicit,completed_tasks,6,12,1,0.0833,0.1667,0.1111,166,488,2.94,0.05187299984754645,12
gen_systems_rust_005,naive_summary,systems/rust,synthetic,implicit,pending_tasks,4,12,2,0.1667,0.5,0.25,166,488,2.94,0.05187299984754645,12
gen_systems_rust_005,naive_summary,systems/rust,synthetic,implicit,decisions,2,12,0,0.0,0.0,0.0,166,488,2.94,0.05187299984754645,12
gen_systems_rust_005,naive_summary,systems/rust,synthetic,implicit,files,4,12,2,0.1667,0.5,0.25,166,488,2.94,0.05187299984754645,12
gen_systems_rust_005,naive_summary,systems/rust,synthetic,implicit,errors,2,12,1,0.0833,0.5,0.1429,166,488,2.94,0.05187299984754645,12
go_microservice,tokenmizer_v0.5.2,backend/go,synthetic,unspecified,completed_tasks,4,4,4,1.0,1.0,1.0,167,206,1.23,216.98070100001132,17
go_microservice,tokenmizer_v0.5.2,backend/go,synthetic,unspecified,pending_tasks,1,1,1,1.0,1.0,1.0,167,206,1.23,216.98070100001132,17
go_microservice,tokenmizer_v0.5.2,backend/go,synthetic,unspecified,decisions,4,4,4,1.0,1.0,1.0,167,206,1.23,216.98070100001132,17
go_microservice,tokenmizer_v0.5.2,backend/go,synthetic,unspecified,files,6,6,6,1.0,1.0,1.0,167,206,1.23,216.98070100001132,17
go_microservice,tokenmizer_v0.5.2,backend/go,synthetic,unspecified,errors,2,2,2,1.0,1.0,1.0,167,206,1.23,216.98070100001132,17
go_microservice,graphiti_style,backend/go,synthetic,unspecified,completed_tasks,4,2,1,0.5,0.25,0.3333,106,206,1.94,0.5299469999044959,13
go_microservice,graphiti_style,backend/go,synthetic,unspecified,pending_tasks,1,2,1,0.5,1.0,0.6667,106,206,1.94,0.5299469999044959,13
go_microservice,graphiti_style,backend/go,synthetic,unspecified,decisions,4,3,2,0.6667,0.5,0.5714,106,206,1.94,0.5299469999044959,13
go_microservice,graphiti_style,backend/go,synthetic,unspecified,files,6,6,6,1.0,1.0,1.0,106,206,1.94,0.5299469999044959,13
go_microservice,graphiti_style,backend/go,synthetic,unspecified,errors,2,0,0,1.0,0.0,0.0,106,206,1.94,0.5299469999044959,13
go_microservice,graphrag_style,backend/go,synthetic,unspecified,completed_tasks,4,0,0,1.0,0.0,0.0,58,206,3.55,0.27919000012843753,9
go_microservice,graphrag_style,backend/go,synthetic,unspecified,pending_tasks,1,0,0,1.0,0.0,0.0,58,206,3.55,0.27919000012843753,9
go_microservice,graphrag_style,backend/go,synthetic,unspecified,decisions,4,3,2,0.6667,0.5,0.5714,58,206,3.55,0.27919000012843753,9
go_microservice,graphrag_style,backend/go,synthetic,unspecified,files,6,6,6,1.0,1.0,1.0,58,206,3.55,0.27919000012843753,9
go_microservice,graphrag_style,backend/go,synthetic,unspecified,errors,2,0,0,1.0,0.0,0.0,58,206,3.55,0.27919000012843753,9
go_microservice,mem0_style,backend/go,synthetic,unspecified,completed_tasks,4,2,1,0.5,0.25,0.3333,105,206,1.96,0.6142120000731666,13
go_microservice,mem0_style,backend/go,synthetic,unspecified,pending_tasks,1,2,1,0.5,1.0,0.6667,105,206,1.96,0.6142120000731666,13
go_microservice,mem0_style,backend/go,synthetic,unspecified,decisions,4,3,2,0.6667,0.5,0.5714,105,206,1.96,0.6142120000731666,13
go_microservice,mem0_style,backend/go,synthetic,unspecified,files,6,6,6,1.0,1.0,1.0,105,206,1.96,0.6142120000731666,13
go_microservice,mem0_style,backend/go,synthetic,unspecified,errors,2,0,0,1.0,0.0,0.0,105,206,1.96,0.6142120000731666,13
go_microservice,memgpt_style,backend/go,synthetic,unspecified,completed_tasks,4,1,1,1.0,0.25,0.4,65,206,3.17,0.2744600001278741,6
go_microservice,memgpt_style,backend/go,synthetic,unspecified,pending_tasks,1,2,1,0.5,1.0,0.6667,65,206,3.17,0.2744600001278741,6
go_microservice,memgpt_style,backend/go,synthetic,unspecified,decisions,4,1,1,1.0,0.25,0.4,65,206,3.17,0.2744600001278741,6
go_microservice,memgpt_style,backend/go,synthetic,unspecified,files,6,2,3,1.0,0.5,0.6667,65,206,3.17,0.2744600001278741,6
go_microservice,memgpt_style,backend/go,synthetic,unspecified,errors,2,0,0,1.0,0.0,0.0,65,206,3.17,0.2744600001278741,6
go_microservice,sliding_window_10,backend/go,synthetic,unspecified,completed_tasks,4,15,4,0.2667,1.0,0.4211,212,206,0.97,0.0040229997466667555,15
go_microservice,sliding_window_10,backend/go,synthetic,unspecified,pending_tasks,1,15,1,0.0667,1.0,0.125,212,206,0.97,0.0040229997466667555,15
go_microservice,sliding_window_10,backend/go,synthetic,unspecified,decisions,4,15,4,0.4,1.0,0.5714,212,206,0.97,0.0040229997466667555,15
go_microservice,sliding_window_10,backend/go,synthetic,unspecified,files,6,15,6,0.3333,1.0,0.5,212,206,0.97,0.0040229997466667555,15
go_microservice,sliding_window_10,backend/go,synthetic,unspecified,errors,2,15,2,0.0667,1.0,0.125,212,206,0.97,0.0040229997466667555,15
go_microservice,naive_truncation,backend/go,synthetic,unspecified,completed_tasks,4,15,4,0.2667,1.0,0.4211,212,206,0.97,0.00874800025485456,15
go_microservice,naive_truncation,backend/go,synthetic,unspecified,pending_tasks,1,15,1,0.0667,1.0,0.125,212,206,0.97,0.00874800025485456,15
go_microservice,naive_truncation,backend/go,synthetic,unspecified,decisions,4,15,4,0.4,1.0,0.5714,212,206,0.97,0.00874800025485456,15
go_microservice,naive_truncation,backend/go,synthetic,unspecified,files,6,15,6,0.3333,1.0,0.5,212,206,0.97,0.00874800025485456,15
go_microservice,naive_truncation,backend/go,synthetic,unspecified,errors,2,15,2,0.0667,1.0,0.125,212,206,0.97,0.00874800025485456,15
go_microservice,naive_summary,backend/go,synthetic,unspecified,completed_tasks,4,15,4,0.2667,1.0,0.4211,212,206,0.97,0.021994999769958667,15
go_microservice,naive_summary,backend/go,synthetic,unspecified,pending_tasks,1,15,1,0.0667,1.0,0.125,212,206,0.97,0.021994999769958667,15
go_microservice,naive_summary,backend/go,synthetic,unspecified,decisions,4,15,4,0.4,1.0,0.5714,212,206,0.97,0.021994999769958667,15
go_microservice,naive_summary,backend/go,synthetic,unspecified,files,6,15,6,0.3333,1.0,0.5,212,206,0.97,0.021994999769958667,15
go_microservice,naive_summary,backend/go,synthetic,unspecified,errors,2,15,2,0.0667,1.0,0.125,212,206,0.97,0.021994999769958667,15
ml_pipeline,tokenmizer_v0.5.2,ml/python,synthetic,unspecified,completed_tasks,4,3,4,1.0,1.0,1.0,149,206,1.38,246.09661500016955,12
ml_pipeline,tokenmizer_v0.5.2,ml/python,synthetic,unspecified,decisions,4,4,4,1.0,1.0,1.0,149,206,1.38,246.09661500016955,12
ml_pipeline,tokenmizer_v0.5.2,ml/python,synthetic,unspecified,files,5,5,5,1.0,1.0,1.0,149,206,1.38,246.09661500016955,12
ml_pipeline,graphiti_style,ml/python,synthetic,unspecified,completed_tasks,4,5,4,0.6,1.0,0.75,117,206,1.76,0.5982200000289595,16
ml_pipeline,graphiti_style,ml/python,synthetic,unspecified,pending_tasks,0,2,0,0.0,1.0,0.0,117,206,1.76,0.5982200000289595,16
ml_pipeline,graphiti_style,ml/python,synthetic,unspecified,decisions,4,4,3,0.75,0.75,0.75,117,206,1.76,0.5982200000289595,16
ml_pipeline,graphiti_style,ml/python,synthetic,unspecified,files,5,5,5,1.0,1.0,1.0,117,206,1.76,0.5982200000289595,16
ml_pipeline,graphrag_style,ml/python,synthetic,unspecified,completed_tasks,4,2,2,1.0,0.5,0.6667,78,206,2.64,0.28543600001285085,11
ml_pipeline,graphrag_style,ml/python,synthetic,unspecified,decisions,4,4,3,0.75,0.75,0.75,78,206,2.64,0.28543600001285085,11
ml_pipeline,graphrag_style,ml/python,synthetic,unspecified,files,5,5,5,1.0,1.0,1.0,78,206,2.64,0.28543600001285085,11
ml_pipeline,mem0_style,ml/python,synthetic,unspecified,completed_tasks,4,5,4,0.6,1.0,0.75,116,206,1.78,0.5497550000654883,16
ml_pipeline,mem0_style,ml/python,synthetic,unspecified,pending_tasks,0,2,0,0.0,1.0,0.0,116,206,1.78,0.5497550000654883,16
ml_pipeline,mem0_style,ml/python,synthetic,unspecified,decisions,4,4,3,0.75,0.75,0.75,116,206,1.78,0.5497550000654883,16
ml_pipeline,mem0_style,ml/python,synthetic,unspecified,files,5,5,5,1.0,1.0,1.0,116,206,1.78,0.5497550000654883,16
ml_pipeline,memgpt_style,ml/python,synthetic,unspecified,completed_tasks,4,4,3,0.5,0.75,0.6,53,206,3.89,0.3047129998776654,9
ml_pipeline,memgpt_style,ml/python,synthetic,unspecified,decisions,4,1,0,0.0,0.0,0.0,53,206,3.89,0.3047129998776654,9
ml_pipeline,memgpt_style,ml/python,synthetic,unspecified,files,5,4,4,1.0,0.8,0.8889,53,206,3.89,0.3047129998776654,9
ml_pipeline,sliding_window_10,ml/python,synthetic,unspecified,completed_tasks,4,12,4,0.25,1.0,0.4,211,206,0.98,0.004089000412932364,12
ml_pipeline,sliding_window_10,ml/python,synthetic,unspecified,pending_tasks,0,12,0,0.0,1.0,0.0,211,206,0.98,0.004089000412932364,12
ml_pipeline,sliding_window_10,ml/python,synthetic,unspecified,decisions,4,12,4,0.25,1.0,0.4,211,206,0.98,0.004089000412932364,12
ml_pipeline,sliding_window_10,ml/python,synthetic,unspecified,files,5,12,5,0.3333,1.0,0.5,211,206,0.98,0.004089000412932364,12
ml_pipeline,sliding_window_10,ml/python,synthetic,unspecified,errors,0,12,0,0.0,1.0,0.0,211,206,0.98,0.004089000412932364,12
ml_pipeline,naive_truncation,ml/python,synthetic,unspecified,completed_tasks,4,12,4,0.25,1.0,0.4,211,206,0.98,0.009902000329020666,12
ml_pipeline,naive_truncation,ml/python,synthetic,unspecified,pending_tasks,0,12,0,0.0,1.0,0.0,211,206,0.98,0.009902000329020666,12
ml_pipeline,naive_truncation,ml/python,synthetic,unspecified,decisions,4,12,4,0.25,1.0,0.4,211,206,0.98,0.009902000329020666,12
ml_pipeline,naive_truncation,ml/python,synthetic,unspecified,files,5,12,5,0.3333,1.0,0.5,211,206,0.98,0.009902000329020666,12
ml_pipeline,naive_truncation,ml/python,synthetic,unspecified,errors,0,12,0,0.0,1.0,0.0,211,206,0.98,0.009902000329020666,12
ml_pipeline,naive_summary,ml/python,synthetic,unspecified,completed_tasks,4,12,4,0.25,1.0,0.4,211,206,0.98,0.023064999822963728,12
ml_pipeline,naive_summary,ml/python,synthetic,unspecified,pending_tasks,0,12,0,0.0,1.0,0.0,211,206,0.98,0.023064999822963728,12
ml_pipeline,naive_summary,ml/python,synthetic,unspecified,decisions,4,12,4,0.25,1.0,0.4,211,206,0.98,0.023064999822963728,12
ml_pipeline,naive_summary,ml/python,synthetic,unspecified,files,5,12,5,0.3333,1.0,0.5,211,206,0.98,0.023064999822963728,12
ml_pipeline,naive_summary,ml/python,synthetic,unspecified,errors,0,12,0,0.0,1.0,0.0,211,206,0.98,0.023064999822963728,12
react_dashboard,tokenmizer_v0.5.2,frontend/typescript,synthetic,unspecified,completed_tasks,4,3,3,1.0,0.75,0.8571,186,205,1.1,242.15243600019676,18
react_dashboard,tokenmizer_v0.5.2,frontend/typescript,synthetic,unspecified,decisions,6,6,6,0.8333,1.0,0.9091,186,205,1.1,242.15243600019676,18
react_dashboard,tokenmizer_v0.5.2,frontend/typescript,synthetic,unspecified,files,7,7,7,1.0,1.0,1.0,186,205,1.1,242.15243600019676,18
react_dashboard,tokenmizer_v0.5.2,frontend/typescript,synthetic,unspecified,errors,2,2,2,1.0,1.0,1.0,186,205,1.1,242.15243600019676,18
react_dashboard,graphiti_style,frontend/typescript,synthetic,unspecified,completed_tasks,4,5,4,0.6,1.0,0.75,171,205,1.2,0.6427579996852728,18
react_dashboard,graphiti_style,frontend/typescript,synthetic,unspecified,pending_tasks,0,2,0,0.0,1.0,0.0,171,205,1.2,0.6427579996852728,18
react_dashboard,graphiti_style,frontend/typescript,synthetic,unspecified,decisions,6,5,5,0.8,0.8333,0.8163,171,205,1.2,0.6427579996852728,18
react_dashboard,graphiti_style,frontend/typescript,synthetic,unspecified,files,7,6,5,0.8333,0.7143,0.7692,171,205,1.2,0.6427579996852728,18
react_dashboard,graphiti_style,frontend/typescript,synthetic,unspecified,errors,2,0,0,1.0,0.0,0.0,171,205,1.2,0.6427579996852728,18
react_dashboard,graphrag_style,frontend/typescript,synthetic,unspecified,completed_tasks,4,2,2,1.0,0.5,0.6667,119,205,1.72,0.3153569996356964,13
react_dashboard,graphrag_style,frontend/typescript,synthetic,unspecified,decisions,6,5,5,0.8,0.8333,0.8163,119,205,1.72,0.3153569996356964,13
react_dashboard,graphrag_style,frontend/typescript,synthetic,unspecified,files,7,6,5,0.8333,0.7143,0.7692,119,205,1.72,0.3153569996356964,13
react_dashboard,graphrag_style,frontend/typescript,synthetic,unspecified,errors,2,0,0,1.0,0.0,0.0,119,205,1.72,0.3153569996356964,13
react_dashboard,mem0_style,frontend/typescript,synthetic,unspecified,completed_tasks,4,5,4,0.6,1.0,0.75,170,205,1.21,0.5634929998450389,18
react_dashboard,mem0_style,frontend/typescript,synthetic,unspecified,pending_tasks,0,2,0,0.0,1.0,0.0,170,205,1.21,0.5634929998450389,18
react_dashboard,mem0_style,frontend/typescript,synthetic,unspecified,decisions,6,5,5,0.8,0.8333,0.8163,170,205,1.21,0.5634929998450389,18
react_dashboard,mem0_style,frontend/typescript,synthetic,unspecified,files,7,6,5,0.8333,0.7143,0.7692,170,205,1.21,0.5634929998450389,18
react_dashboard,mem0_style,frontend/typescript,synthetic,unspecified,errors,2,0,0,1.0,0.0,0.0,170,205,1.21,0.5634929998450389,18
react_dashboard,memgpt_style,frontend/typescript,synthetic,unspecified,completed_tasks,4,4,3,0.5,0.75,0.6,108,205,1.9,0.316773000122339,11
react_dashboard,memgpt_style,frontend/typescript,synthetic,unspecified,pending_tasks,0,1,0,0.0,1.0,0.0,108,205,1.9,0.316773000122339,11
react_dashboard,memgpt_style,frontend/typescript,synthetic,unspecified,decisions,6,2,2,1.0,0.3333,0.5,108,205,1.9,0.316773000122339,11
react_dashboard,memgpt_style,frontend/typescript,synthetic,unspecified,files,7,4,4,1.0,0.5714,0.7273,108,205,1.9,0.316773000122339,11
react_dashboard,memgpt_style,frontend/typescript,synthetic,unspecified,errors,2,0,0,1.0,0.0,0.0,108,205,1.9,0.316773000122339,11
react_dashboard,sliding_window_10,frontend/typescript,synthetic,unspecified,completed_tasks,4,12,4,0.3333,1.0,0.5,212,205,0.97,0.003538999862939818,12
react_dashboard,sliding_window_10,frontend/typescript,synthetic,unspecified,pending_tasks,0,12,0,0.0,1.0,0.0,212,205,0.97,0.003538999862939818,12
react_dashboard,sliding_window_10,frontend/typescript,synthetic,unspecified,decisions,6,12,6,0.4167,1.0,0.5882,212,205,0.97,0.003538999862939818,12
react_dashboard,sliding_window_10,frontend/typescript,synthetic,unspecified,files,7,12,7,0.4167,1.0,0.5882,212,205,0.97,0.003538999862939818,12
react_dashboard,sliding_window_10,frontend/typescript,synthetic,unspecified,errors,2,12,2,0.0833,1.0,0.1538,212,205,0.97,0.003538999862939818,12
react_dashboard,naive_truncation,frontend/typescript,synthetic,unspecified,completed_tasks,4,12,4,0.3333,1.0,0.5,212,205,0.97,0.010240999927191297,12
react_dashboard,naive_truncation,frontend/typescript,synthetic,unspecified,pending_tasks,0,12,0,0.0,1.0,0.0,212,205,0.97,0.010240999927191297,12
react_dashboard,naive_truncation,frontend/typescript,synthetic,unspecified,decisions,6,12,6,0.4167,1.0,0.5882,212,205,0.97,0.010240999927191297,12
react_dashboard,naive_truncation,frontend/typescript,synthetic,unspecified,files,7,12,7,0.4167,1.0,0.5882,212,205,0.97,0.010240999927191297,12
react_dashboard,naive_truncation,frontend/typescript,synthetic,unspecified,errors,2,12,2,0.0833,1.0,0.1538,212,205,0.97,0.010240999927191297,12
react_dashboard,naive_summary,frontend/typescript,synthetic,unspecified,completed_tasks,4,12,4,0.3333,1.0,0.5,212,205,0.97,0.019314999917696696,12
react_dashboard,naive_summary,frontend/typescript,synthetic,unspecified,pending_tasks,0,12,0,0.0,1.0,0.0,212,205,0.97,0.019314999917696696,12
react_dashboard,naive_summary,frontend/typescript,synthetic,unspecified,decisions,6,12,6,0.4167,1.0,0.5882,212,205,0.97,0.019314999917696696,12
react_dashboard,naive_summary,frontend/typescript,synthetic,unspecified,files,7,12,7,0.4167,1.0,0.5882,212,205,0.97,0.019314999917696696,12
react_dashboard,naive_summary,frontend/typescript,synthetic,unspecified,errors,2,12,2,0.0833,1.0,0.1538,212,205,0.97,0.019314999917696696,12
real_audit_concurrency,tokenmizer_v0.5.2,audit/systems,real,unspecified,completed_tasks,3,3,3,1.0,1.0,1.0,107,237,2.21,211.41267500024696,9
real_audit_concurrency,tokenmizer_v0.5.2,audit/systems,real,unspecified,pending_tasks,1,1,1,1.0,1.0,1.0,107,237,2.21,211.41267500024696,9
real_audit_concurrency,tokenmizer_v0.5.2,audit/systems,real,unspecified,decisions,1,1,1,1.0,1.0,1.0,107,237,2.21,211.41267500024696,9
real_audit_concurrency,tokenmizer_v0.5.2,audit/systems,real,unspecified,files,2,2,2,1.0,1.0,1.0,107,237,2.21,211.41267500024696,9
real_audit_concurrency,tokenmizer_v0.5.2,audit/systems,real,unspecified,errors,2,2,2,1.0,1.0,1.0,107,237,2.21,211.41267500024696,9
real_audit_concurrency,graphiti_style,audit/systems,real,unspecified,completed_tasks,3,4,1,0.25,0.3333,0.2857,91,237,2.6,0.6943429998500505,8
real_audit_concurrency,graphiti_style,audit/systems,real,unspecified,pending_tasks,1,1,1,1.0,1.0,1.0,91,237,2.6,0.6943429998500505,8
real_audit_concurrency,graphiti_style,audit/systems,real,unspecified,decisions,1,1,1,1.0,1.0,1.0,91,237,2.6,0.6943429998500505,8
real_audit_concurrency,graphiti_style,audit/systems,real,unspecified,files,2,2,2,1.0,1.0,1.0,91,237,2.6,0.6943429998500505,8
real_audit_concurrency,graphiti_style,audit/systems,real,unspecified,errors,2,0,0,1.0,0.0,0.0,91,237,2.6,0.6943429998500505,8
real_audit_concurrency,graphrag_style,audit/systems,real,unspecified,completed_tasks,3,1,1,1.0,0.3333,0.5,55,237,4.31,0.29224299987617997,4
real_audit_concurrency,graphrag_style,audit/systems,real,unspecified,pending_tasks,1,0,0,1.0,0.0,0.0,55,237,4.31,0.29224299987617997,4
real_audit_concurrency,graphrag_style,audit/systems,real,unspecified,decisions,1,1,1,1.0,1.0,1.0,55,237,4.31,0.29224299987617997,4
real_audit_concurrency,graphrag_style,audit/systems,real,unspecified,files,2,2,2,1.0,1.0,1.0,55,237,4.31,0.29224299987617997,4
real_audit_concurrency,graphrag_style,audit/systems,real,unspecified,errors,2,0,0,1.0,0.0,0.0,55,237,4.31,0.29224299987617997,4
real_audit_concurrency,mem0_style,audit/systems,real,unspecified,completed_tasks,3,4,1,0.25,0.3333,0.2857,90,237,2.63,0.5855760000486043,8
real_audit_concurrency,mem0_style,audit/systems,real,unspecified,pending_tasks,1,1,1,1.0,1.0,1.0,90,237,2.63,0.5855760000486043,8
real_audit_concurrency,mem0_style,audit/systems,real,unspecified,decisions,1,1,1,1.0,1.0,1.0,90,237,2.63,0.5855760000486043,8
real_audit_concurrency,mem0_style,audit/systems,real,unspecified,files,2,2,2,1.0,1.0,1.0,90,237,2.63,0.5855760000486043,8
real_audit_concurrency,mem0_style,audit/systems,real,unspecified,errors,2,0,0,1.0,0.0,0.0,90,237,2.63,0.5855760000486043,8
real_audit_concurrency,memgpt_style,audit/systems,real,unspecified,completed_tasks,3,3,1,0.3333,0.3333,0.3333,60,237,3.95,0.3107970001110516,5
real_audit_concurrency,memgpt_style,audit/systems,real,unspecified,pending_tasks,1,1,1,1.0,1.0,1.0,60,237,3.95,0.3107970001110516,5
real_audit_concurrency,memgpt_style,audit/systems,real,unspecified,decisions,1,0,0,1.0,0.0,0.0,60,237,3.95,0.3107970001110516,5
real_audit_concurrency,memgpt_style,audit/systems,real,unspecified,files,2,1,1,1.0,0.5,0.6667,60,237,3.95,0.3107970001110516,5
real_audit_concurrency,memgpt_style,audit/systems,real,unspecified,errors,2,0,0,1.0,0.0,0.0,60,237,3.95,0.3107970001110516,5
real_audit_concurrency,sliding_window_10,audit/systems,real,unspecified,completed_tasks,3,16,3,0.1875,1.0,0.3158,243,237,0.98,0.003172000106133055,16
real_audit_concurrency,sliding_window_10,audit/systems,real,unspecified,pending_tasks,1,16,1,0.0625,1.0,0.1176,243,237,0.98,0.003172000106133055,16
real_audit_concurrency,sliding_window_10,audit/systems,real,unspecified,decisions,1,16,1,0.0625,1.0,0.1176,243,237,0.98,0.003172000106133055,16
real_audit_concurrency,sliding_window_10,audit/systems,real,unspecified,files,2,16,2,0.125,1.0,0.2222,243,237,0.98,0.003172000106133055,16
real_audit_concurrency,sliding_window_10,audit/systems,real,unspecified,errors,2,16,2,0.125,1.0,0.2222,243,237,0.98,0.003172000106133055,16
real_audit_concurrency,naive_truncation,audit/systems,real,unspecified,completed_tasks,3,16,3,0.1875,1.0,0.3158,243,237,0.98,0.010922000001301058,16
real_audit_concurrency,naive_truncation,audit/systems,real,unspecified,pending_tasks,1,16,1,0.0625,1.0,0.1176,243,237,0.98,0.010922000001301058,16
real_audit_concurrency,naive_truncation,audit/systems,real,unspecified,decisions,1,16,1,0.0625,1.0,0.1176,243,237,0.98,0.010922000001301058,16
real_audit_concurrency,naive_truncation,audit/systems,real,unspecified,files,2,16,2,0.125,1.0,0.2222,243,237,0.98,0.010922000001301058,16
real_audit_concurrency,naive_truncation,audit/systems,real,unspecified,errors,2,16,2,0.125,1.0,0.2222,243,237,0.98,0.010922000001301058,16
real_audit_concurrency,naive_summary,audit/systems,real,unspecified,completed_tasks,3,13,3,0.2308,1.0,0.375,191,237,1.24,0.028638000003411435,13
real_audit_concurrency,naive_summary,audit/systems,real,unspecified,pending_tasks,1,13,0,0.0,0.0,0.0,191,237,1.24,0.028638000003411435,13
real_audit_concurrency,naive_summary,audit/systems,real,unspecified,decisions,1,13,1,0.0769,1.0,0.1429,191,237,1.24,0.028638000003411435,13
real_audit_concurrency,naive_summary,audit/systems,real,unspecified,files,2,13,2,0.1538,1.0,0.2667,191,237,1.24,0.028638000003411435,13
real_audit_concurrency,naive_summary,audit/systems,real,unspecified,errors,2,13,1,0.0769,0.5,0.1333,191,237,1.24,0.028638000003411435,13
real_audit_corruption,tokenmizer_v0.5.2,audit/storage,real,unspecified,completed_tasks,2,2,2,1.0,1.0,1.0,119,231,1.94,219.85116900032153,11
real_audit_corruption,tokenmizer_v0.5.2,audit/storage,real,unspecified,decisions,2,2,2,1.0,1.0,1.0,119,231,1.94,219.85116900032153,11
real_audit_corruption,tokenmizer_v0.5.2,audit/storage,real,unspecified,files,2,2,2,1.0,1.0,1.0,119,231,1.94,219.85116900032153,11
real_audit_corruption,tokenmizer_v0.5.2,audit/storage,real,unspecified,errors,5,5,5,0.8,1.0,0.8889,119,231,1.94,219.85116900032153,11
real_audit_corruption,graphiti_style,audit/storage,real,unspecified,completed_tasks,2,2,2,1.0,1.0,1.0,115,231,2.01,0.5726670001422463,7
real_audit_corruption,graphiti_style,audit/storage,real,unspecified,pending_tasks,0,1,0,0.0,1.0,0.0,115,231,2.01,0.5726670001422463,7
real_audit_corruption,graphiti_style,audit/storage,real,unspecified,decisions,2,2,2,1.0,1.0,1.0,115,231,2.01,0.5726670001422463,7
real_audit_corruption,graphiti_style,audit/storage,real,unspecified,files,2,1,1,1.0,0.5,0.6667,115,231,2.01,0.5726670001422463,7
real_audit_corruption,graphiti_style,audit/storage,real,unspecified,errors,5,1,2,1.0,0.4,0.5714,115,231,2.01,0.5726670001422463,7
real_audit_corruption,graphrag_style,audit/storage,real,unspecified,completed_tasks,2,1,1,1.0,0.5,0.6667,74,231,3.12,0.4065030002493586,5
real_audit_corruption,graphrag_style,audit/storage,real,unspecified,pending_tasks,0,1,0,0.0,1.0,0.0,74,231,3.12,0.4065030002493586,5
real_audit_corruption,graphrag_style,audit/storage,real,unspecified,decisions,2,2,2,1.0,1.0,1.0,74,231,3.12,0.4065030002493586,5
real_audit_corruption,graphrag_style,audit/storage,real,unspecified,files,2,1,1,1.0,0.5,0.6667,74,231,3.12,0.4065030002493586,5
real_audit_corruption,graphrag_style,audit/storage,real,unspecified,errors,5,0,0,1.0,0.0,0.0,74,231,3.12,0.4065030002493586,5
real_audit_corruption,mem0_style,audit/storage,real,unspecified,completed_tasks,2,2,2,1.0,1.0,1.0,114,231,2.03,0.6574520002686768,7
real_audit_corruption,mem0_style,audit/storage,real,unspecified,pending_tasks,0,1,0,0.0,1.0,0.0,114,231,2.03,0.6574520002686768,7
real_audit_corruption,mem0_style,audit/storage,real,unspecified,decisions,2,2,2,1.0,1.0,1.0,114,231,2.03,0.6574520002686768,7
real_audit_corruption,mem0_style,audit/storage,real,unspecified,files,2,1,1,1.0,0.5,0.6667,114,231,2.03,0.6574520002686768,7
real_audit_corruption,mem0_style,audit/storage,real,unspecified,errors,5,1,2,1.0,0.4,0.5714,114,231,2.03,0.6574520002686768,7
real_audit_corruption,memgpt_style,audit/storage,real,unspecified,completed_tasks,2,2,2,1.0,1.0,1.0,101,231,2.29,0.2805250001074455,6
real_audit_corruption,memgpt_style,audit/storage,real,unspecified,decisions,2,2,2,1.0,1.0,1.0,101,231,2.29,0.2805250001074455,6
real_audit_corruption,memgpt_style,audit/storage,real,unspecified,files,2,1,1,1.0,0.5,0.6667,101,231,2.29,0.2805250001074455,6
real_audit_corruption,memgpt_style,audit/storage,real,unspecified,errors,5,1,2,1.0,0.4,0.5714,101,231,2.29,0.2805250001074455,6
real_audit_corruption,sliding_window_10,audit/storage,real,unspecified,completed_tasks,2,11,2,0.1818,1.0,0.3077,236,231,0.98,0.0036550000004353933,11
real_audit_corruption,sliding_window_10,audit/storage,real,unspecified,pending_tasks,0,11,0,0.0,1.0,0.0,236,231,0.98,0.0036550000004353933,11
real_audit_corruption,sliding_window_10,audit/storage,real,unspecified,decisions,2,11,2,0.1818,1.0,0.3077,236,231,0.98,0.0036550000004353933,11
real_audit_corruption,sliding_window_10,audit/storage,real,unspecified,files,2,11,2,0.1818,1.0,0.3077,236,231,0.98,0.0036550000004353933,11
real_audit_corruption,sliding_window_10,audit/storage,real,unspecified,errors,5,11,5,0.3636,1.0,0.5333,236,231,0.98,0.0036550000004353933,11
real_audit_corruption,naive_truncation,audit/storage,real,unspecified,completed_tasks,2,11,2,0.1818,1.0,0.3077,236,231,0.98,0.01006399998004781,11
real_audit_corruption,naive_truncation,audit/storage,real,unspecified,pending_tasks,0,11,0,0.0,1.0,0.0,236,231,0.98,0.01006399998004781,11
real_audit_corruption,naive_truncation,audit/storage,real,unspecified,decisions,2,11,2,0.1818,1.0,0.3077,236,231,0.98,0.01006399998004781,11
real_audit_corruption,naive_truncation,audit/storage,real,unspecified,files,2,11,2,0.1818,1.0,0.3077,236,231,0.98,0.01006399998004781,11
real_audit_corruption,naive_truncation,audit/storage,real,unspecified,errors,5,11,5,0.3636,1.0,0.5333,236,231,0.98,0.01006399998004781,11
real_audit_corruption,naive_summary,audit/storage,real,unspecified,completed_tasks,2,11,1,0.0909,0.5,0.1538,208,231,1.11,0.02728300023591146,11
real_audit_corruption,naive_summary,audit/storage,real,unspecified,pending_tasks,0,11,0,0.0,1.0,0.0,208,231,1.11,0.02728300023591146,11
real_audit_corruption,naive_summary,audit/storage,real,unspecified,decisions,2,11,2,0.1818,1.0,0.3077,208,231,1.11,0.02728300023591146,11
real_audit_corruption,naive_summary,audit/storage,real,unspecified,files,2,11,2,0.1818,1.0,0.3077,208,231,1.11,0.02728300023591146,11
real_audit_corruption,naive_summary,audit/storage,real,unspecified,errors,5,11,5,0.3636,1.0,0.5333,208,231,1.11,0.02728300023591146,11
real_audit_extraction,tokenmizer_v0.5.2,audit/nlp,real,unspecified,completed_tasks,3,3,3,1.0,1.0,1.0,147,333,2.27,229.50887600018177,11
real_audit_extraction,tokenmizer_v0.5.2,audit/nlp,real,unspecified,decisions,2,2,2,1.0,1.0,1.0,147,333,2.27,229.50887600018177,11
real_audit_extraction,tokenmizer_v0.5.2,audit/nlp,real,unspecified,files,4,4,4,1.0,1.0,1.0,147,333,2.27,229.50887600018177,11
real_audit_extraction,tokenmizer_v0.5.2,audit/nlp,real,unspecified,errors,3,2,2,1.0,0.6667,0.8,147,333,2.27,229.50887600018177,11
real_audit_extraction,graphiti_style,audit/nlp,real,unspecified,completed_tasks,3,5,2,0.4,0.6667,0.5,175,333,1.9,0.9738210001160041,15
real_audit_extraction,graphiti_style,audit/nlp,real,unspecified,decisions,2,3,2,0.6667,1.0,0.8,175,333,1.9,0.9738210001160041,15
real_audit_extraction,graphiti_style,audit/nlp,real,unspecified,files,4,4,4,1.0,1.0,1.0,175,333,1.9,0.9738210001160041,15
real_audit_extraction,graphiti_style,audit/nlp,real,unspecified,errors,3,3,1,0.3333,0.3333,0.3333,175,333,1.9,0.9738210001160041,15
real_audit_extraction,graphrag_style,audit/nlp,real,unspecified,completed_tasks,3,2,0,0.0,0.0,0.0,143,333,2.33,0.7918609999251203,12
real_audit_extraction,graphrag_style,audit/nlp,real,unspecified,decisions,2,3,2,0.6667,1.0,0.8,143,333,2.33,0.7918609999251203,12
real_audit_extraction,graphrag_style,audit/nlp,real,unspecified,files,4,4,4,1.0,1.0,1.0,143,333,2.33,0.7918609999251203,12
real_audit_extraction,graphrag_style,audit/nlp,real,unspecified,errors,3,3,1,0.3333,0.3333,0.3333,143,333,2.33,0.7918609999251203,12
real_audit_extraction,mem0_style,audit/nlp,real,unspecified,completed_tasks,3,5,2,0.4,0.6667,0.5,174,333,1.91,1.1035080001420283,15
real_audit_extraction,mem0_style,audit/nlp,real,unspecified,decisions,2,3,2,0.6667,1.0,0.8,174,333,1.91,1.1035080001420283,15
real_audit_extraction,mem0_style,audit/nlp,real,unspecified,files,4,4,4,1.0,1.0,1.0,174,333,1.91,1.1035080001420283,15
real_audit_extraction,mem0_style,audit/nlp,real,unspecified,errors,3,3,1,0.3333,0.3333,0.3333,174,333,1.91,1.1035080001420283,15
real_audit_extraction,memgpt_style,audit/nlp,real,unspecified,completed_tasks,3,3,1,0.3333,0.3333,0.3333,76,333,4.38,0.6705739997414639,6
real_audit_extraction,memgpt_style,audit/nlp,real,unspecified,decisions,2,2,1,0.5,0.5,0.5,76,333,4.38,0.6705739997414639,6
real_audit_extraction,memgpt_style,audit/nlp,real,unspecified,files,4,1,1,1.0,0.25,0.4,76,333,4.38,0.6705739997414639,6
real_audit_extraction,memgpt_style,audit/nlp,real,unspecified,errors,3,0,0,1.0,0.0,0.0,76,333,4.38,0.6705739997414639,6
real_audit_extraction,sliding_window_10,audit/nlp,real,unspecified,completed_tasks,3,14,3,0.2143,1.0,0.3529,271,333,1.23,0.00757000043449807,14
real_audit_extraction,sliding_window_10,audit/nlp,real,unspecified,pending_tasks,0,14,0,0.0,1.0,0.0,271,333,1.23,0.00757000043449807,14
real_audit_extraction,sliding_window_10,audit/nlp,real,unspecified,decisions,2,14,1,0.0714,0.5,0.125,271,333,1.23,0.00757000043449807,14
real_audit_extraction,sliding_window_10,audit/nlp,real,unspecified,files,4,14,2,0.1429,0.5,0.2222,271,333,1.23,0.00757000043449807,14
real_audit_extraction,sliding_window_10,audit/nlp,real,unspecified,errors,3,14,3,0.2857,1.0,0.4444,271,333,1.23,0.00757000043449807,14
real_audit_extraction,naive_truncation,audit/nlp,real,unspecified,completed_tasks,3,14,3,0.2143,1.0,0.3529,271,333,1.23,0.013096000202494906,14
real_audit_extraction,naive_truncation,audit/nlp,real,unspecified,pending_tasks,0,14,0,0.0,1.0,0.0,271,333,1.23,0.013096000202494906,14
real_audit_extraction,naive_truncation,audit/nlp,real,unspecified,decisions,2,14,1,0.0714,0.5,0.125,271,333,1.23,0.013096000202494906,14
real_audit_extraction,naive_truncation,audit/nlp,real,unspecified,files,4,14,2,0.1429,0.5,0.2222,271,333,1.23,0.013096000202494906,14
real_audit_extraction,naive_truncation,audit/nlp,real,unspecified,errors,3,14,3,0.2857,1.0,0.4444,271,333,1.23,0.013096000202494906,14
real_audit_extraction,naive_summary,audit/nlp,real,unspecified,completed_tasks,3,10,2,0.2,0.6667,0.3077,188,333,1.77,0.04460200034372974,10
real_audit_extraction,naive_summary,audit/nlp,real,unspecified,pending_tasks,0,10,0,0.0,1.0,0.0,188,333,1.77,0.04460200034372974,10
real_audit_extraction,naive_summary,audit/nlp,real,unspecified,decisions,2,10,1,0.1,0.5,0.1667,188,333,1.77,0.04460200034372974,10
real_audit_extraction,naive_summary,audit/nlp,real,unspecified,files,4,10,3,0.2,0.75,0.3158,188,333,1.77,0.04460200034372974,10
real_audit_extraction,naive_summary,audit/nlp,real,unspecified,errors,3,10,1,0.2,0.3333,0.25,188,333,1.77,0.04460200034372974,10
real_audit_persistence,tokenmizer_v0.5.2,audit/python,real,unspecified,completed_tasks,3,3,3,1.0,1.0,1.0,125,322,2.58,220.45122400004402,9
real_audit_persistence,tokenmizer_v0.5.2,audit/python,real,unspecified,decisions,2,2,2,1.0,1.0,1.0,125,322,2.58,220.45122400004402,9
real_audit_persistence,tokenmizer_v0.5.2,audit/python,real,unspecified,files,3,3,3,1.0,1.0,1.0,125,322,2.58,220.45122400004402,9
real_audit_persistence,tokenmizer_v0.5.2,audit/python,real,unspecified,errors,1,1,1,1.0,1.0,1.0,125,322,2.58,220.45122400004402,9
real_audit_persistence,graphiti_style,audit/python,real,unspecified,completed_tasks,3,4,2,0.5,0.6667,0.5714,128,322,2.52,0.7929650000733091,12
real_audit_persistence,graphiti_style,audit/python,real,unspecified,pending_tasks,0,2,0,0.0,1.0,0.0,128,322,2.52,0.7929650000733091,12
real_audit_persistence,graphiti_style,audit/python,real,unspecified,decisions,2,2,2,1.0,1.0,1.0,128,322,2.52,0.7929650000733091,12
real_audit_persistence,graphiti_style,audit/python,real,unspecified,files,3,4,3,0.75,1.0,0.8571,128,322,2.52,0.7929650000733091,12
real_audit_persistence,graphiti_style,audit/python,real,unspecified,errors,1,0,0,1.0,0.0,0.0,128,322,2.52,0.7929650000733091,12
real_audit_persistence,graphrag_style,audit/python,real,unspecified,completed_tasks,3,1,1,1.0,0.3333,0.5,74,322,4.35,0.5143710000083956,7
real_audit_persistence,graphrag_style,audit/python,real,unspecified,decisions,2,2,2,1.0,1.0,1.0,74,322,4.35,0.5143710000083956,7
real_audit_persistence,graphrag_style,audit/python,real,unspecified,files,3,4,3,0.75,1.0,0.8571,74,322,4.35,0.5143710000083956,7
real_audit_persistence,graphrag_style,audit/python,real,unspecified,errors,1,0,0,1.0,0.0,0.0,74,322,4.35,0.5143710000083956,7
real_audit_persistence,mem0_style,audit/python,real,unspecified,completed_tasks,3,4,2,0.5,0.6667,0.5714,127,322,2.54,0.9396350001225073,12
real_audit_persistence,mem0_style,audit/python,real,unspecified,pending_tasks,0,2,0,0.0,1.0,0.0,127,322,2.54,0.9396350001225073,12
real_audit_persistence,mem0_style,audit/python,real,unspecified,decisions,2,2,2,1.0,1.0,1.0,127,322,2.54,0.9396350001225073,12
real_audit_persistence,mem0_style,audit/python,real,unspecified,files,3,4,3,0.75,1.0,0.8571,127,322,2.54,0.9396350001225073,12
real_audit_persistence,mem0_style,audit/python,real,unspecified,errors,1,0,0,1.0,0.0,0.0,127,322,2.54,0.9396350001225073,12
real_audit_persistence,memgpt_style,audit/python,real,unspecified,completed_tasks,3,3,2,0.6667,0.6667,0.6667,76,322,4.24,0.3075079998779984,7
real_audit_persistence,memgpt_style,audit/python,real,unspecified,pending_tasks,0,1,0,0.0,1.0,0.0,76,322,4.24,0.3075079998779984,7
real_audit_persistence,memgpt_style,audit/python,real,unspecified,decisions,2,0,0,1.0,0.0,0.0,76,322,4.24,0.3075079998779984,7
real_audit_persistence,memgpt_style,audit/python,real,unspecified,files,3,3,2,0.6667,0.6667,0.6667,76,322,4.24,0.3075079998779984,7
real_audit_persistence,memgpt_style,audit/python,real,unspecified,errors,1,0,0,1.0,0.0,0.0,76,322,4.24,0.3075079998779984,7
real_audit_persistence,sliding_window_10,audit/python,real,unspecified,completed_tasks,3,15,3,0.2,1.0,0.3333,270,322,1.19,0.003920999915862922,15
real_audit_persistence,sliding_window_10,audit/python,real,unspecified,pending_tasks,0,15,0,0.0,1.0,0.0,270,322,1.19,0.003920999915862922,15
real_audit_persistence,sliding_window_10,audit/python,real,unspecified,decisions,2,15,2,0.1333,1.0,0.2353,270,322,1.19,0.003920999915862922,15
real_audit_persistence,sliding_window_10,audit/python,real,unspecified,files,3,15,2,0.1333,0.6667,0.2222,270,322,1.19,0.003920999915862922,15
real_audit_persistence,sliding_window_10,audit/python,real,unspecified,errors,1,15,1,0.0667,1.0,0.125,270,322,1.19,0.003920999915862922,15
real_audit_persistence,naive_truncation,audit/python,real,unspecified,completed_tasks,3,15,3,0.2,1.0,0.3333,270,322,1.19,0.01240900019183755,15
real_audit_persistence,naive_truncation,audit/python,real,unspecified,pending_tasks,0,15,0,0.0,1.0,0.0,270,322,1.19,0.01240900019183755,15
real_audit_persistence,naive_truncation,audit/python,real,unspecified,decisions,2,15,2,0.1333,1.0,0.2353,270,322,1.19,0.01240900019183755,15
real_audit_persistence,naive_truncation,audit/python,real,unspecified,files,3,15,2,0.1333,0.6667,0.2222,270,322,1.19,0.01240900019183755,15
real_audit_persistence,naive_truncation,audit/python,real,unspecified,errors,1,15,1,0.0667,1.0,0.125,270,322,1.19,0.01240900019183755,15
real_audit_persistence,naive_summary,audit/python,real,unspecified,completed_tasks,3,10,0,0.0,0.0,0.0,178,322,1.81,0.07207199996628333,10
real_audit_persistence,naive_summary,audit/python,real,unspecified,pending_tasks,0,10,0,0.0,1.0,0.0,178,322,1.81,0.07207199996628333,10
real_audit_persistence,naive_summary,audit/python,real,unspecified,decisions,2,10,2,0.2,1.0,0.3333,178,322,1.81,0.07207199996628333,10
real_audit_persistence,naive_summary,audit/python,real,unspecified,files,3,10,1,0.1,0.3333,0.1538,178,322,1.81,0.07207199996628333,10
real_audit_persistence,naive_summary,audit/python,real,unspecified,errors,1,10,1,0.1,1.0,0.1818,178,322,1.81,0.07207199996628333,10
real_audit_security,tokenmizer_v0.5.2,audit/security,real,unspecified,completed_tasks,3,3,3,1.0,1.0,1.0,103,240,2.33,223.79044700028317,9
real_audit_security,tokenmizer_v0.5.2,audit/security,real,unspecified,decisions,3,3,3,1.0,1.0,1.0,103,240,2.33,223.79044700028317,9
real_audit_security,tokenmizer_v0.5.2,audit/security,real,unspecified,files,2,2,2,1.0,1.0,1.0,103,240,2.33,223.79044700028317,9
real_audit_security,tokenmizer_v0.5.2,audit/security,real,unspecified,errors,1,1,1,1.0,1.0,1.0,103,240,2.33,223.79044700028317,9
real_audit_security,graphiti_style,audit/security,real,unspecified,completed_tasks,3,3,1,0.3333,0.3333,0.3333,82,240,2.93,0.7318479997593386,9
real_audit_security,graphiti_style,audit/security,real,unspecified,decisions,3,4,3,0.75,1.0,0.8571,82,240,2.93,0.7318479997593386,9
real_audit_security,graphiti_style,audit/security,real,unspecified,files,2,2,2,1.0,1.0,1.0,82,240,2.93,0.7318479997593386,9
real_audit_security,graphiti_style,audit/security,real,unspecified,errors,1,0,0,1.0,0.0,0.0,82,240,2.93,0.7318479997593386,9
real_audit_security,graphrag_style,audit/security,real,unspecified,completed_tasks,3,2,1,0.5,0.3333,0.4,77,240,3.12,0.30641300008937833,8
real_audit_security,graphrag_style,audit/security,real,unspecified,decisions,3,4,3,0.75,1.0,0.8571,77,240,3.12,0.30641300008937833,8
real_audit_security,graphrag_style,audit/security,real,unspecified,files,2,2,2,1.0,1.0,1.0,77,240,3.12,0.30641300008937833,8
real_audit_security,graphrag_style,audit/security,real,unspecified,errors,1,0,0,1.0,0.0,0.0,77,240,3.12,0.30641300008937833,8
real_audit_security,mem0_style,audit/security,real,unspecified,completed_tasks,3,3,1,0.3333,0.3333,0.3333,81,240,2.96,0.5929470003138704,9
real_audit_security,mem0_style,audit/security,real,unspecified,decisions,3,4,3,0.75,1.0,0.8571,81,240,2.96,0.5929470003138704,9
real_audit_security,mem0_style,audit/security,real,unspecified,files,2,2,2,1.0,1.0,1.0,81,240,2.96,0.5929470003138704,9
real_audit_security,mem0_style,audit/security,real,unspecified,errors,1,0,0,1.0,0.0,0.0,81,240,2.96,0.5929470003138704,9
real_audit_security,memgpt_style,audit/security,real,unspecified,completed_tasks,3,3,1,0.3333,0.3333,0.3333,68,240,3.53,0.31187600006887806,8
real_audit_security,memgpt_style,audit/security,real,unspecified,decisions,3,3,2,0.6667,0.6667,0.6667,68,240,3.53,0.31187600006887806,8
real_audit_security,memgpt_style,audit/security,real,unspecified,files,2,2,2,1.0,1.0,1.0,68,240,3.53,0.31187600006887806,8
real_audit_security,memgpt_style,audit/security,real,unspecified,errors,1,0,0,1.0,0.0,0.0,68,240,3.53,0.31187600006887806,8
real_audit_security,sliding_window_10,audit/security,real,unspecified,completed_tasks,3,14,3,0.2143,1.0,0.3529,246,240,0.98,0.004288000127417035,14
real_audit_security,sliding_window_10,audit/security,real,unspecified,pending_tasks,0,14,0,0.0,1.0,0.0,246,240,0.98,0.004288000127417035,14
real_audit_security,sliding_window_10,audit/security,real,unspecified,decisions,3,14,3,0.2143,1.0,0.3529,246,240,0.98,0.004288000127417035,14
real_audit_security,sliding_window_10,audit/security,real,unspecified,files,2,14,2,0.1429,1.0,0.25,246,240,0.98,0.004288000127417035,14
real_audit_security,sliding_window_10,audit/security,real,unspecified,errors,1,14,1,0.0714,1.0,0.1333,246,240,0.98,0.004288000127417035,14
real_audit_security,naive_truncation,audit/security,real,unspecified,completed_tasks,3,14,3,0.2143,1.0,0.3529,246,240,0.98,0.008761000117374351,14
real_audit_security,naive_truncation,audit/security,real,unspecified,pending_tasks,0,14,0,0.0,1.0,0.0,246,240,0.98,0.008761000117374351,14
real_audit_security,naive_truncation,audit/security,real,unspecified,decisions,3,14,3,0.2143,1.0,0.3529,246,240,0.98,0.008761000117374351,14
real_audit_security,naive_truncation,audit/security,real,unspecified,files,2,14,2,0.1429,1.0,0.25,246,240,0.98,0.008761000117374351,14
real_audit_security,naive_truncation,audit/security,real,unspecified,errors,1,14,1,0.0714,1.0,0.1333,246,240,0.98,0.008761000117374351,14
real_audit_security,naive_summary,audit/security,real,unspecified,completed_tasks,3,11,1,0.0909,0.3333,0.1429,187,240,1.28,0.02847599989763694,11
real_audit_security,naive_summary,audit/security,real,unspecified,pending_tasks,0,11,0,0.0,1.0,0.0,187,240,1.28,0.02847599989763694,11
real_audit_security,naive_summary,audit/security,real,unspecified,decisions,3,11,3,0.2727,1.0,0.4286,187,240,1.28,0.02847599989763694,11
real_audit_security,naive_summary,audit/security,real,unspecified,files,2,11,1,0.0909,0.5,0.1538,187,240,1.28,0.02847599989763694,11
real_audit_security,naive_summary,audit/security,real,unspecified,errors,1,11,1,0.0909,1.0,0.1667,187,240,1.28,0.02847599989763694,11
real_audit_tokenizer,tokenmizer_v0.5.2,audit/infra,real,unspecified,completed_tasks,0,1,0,0.0,1.0,0.0,85,213,2.51,242.53881000004185,8
real_audit_tokenizer,tokenmizer_v0.5.2,audit/infra,real,unspecified,pending_tasks,1,0,0,1.0,0.0,0.0,85,213,2.51,242.53881000004185,8
real_audit_tokenizer,tokenmizer_v0.5.2,audit/infra,real,unspecified,decisions,2,2,2,1.0,1.0,1.0,85,213,2.51,242.53881000004185,8
real_audit_tokenizer,tokenmizer_v0.5.2,audit/infra,real,unspecified,files,2,2,2,1.0,1.0,1.0,85,213,2.51,242.53881000004185,8
real_audit_tokenizer,tokenmizer_v0.5.2,audit/infra,real,unspecified,errors,3,3,3,1.0,1.0,1.0,85,213,2.51,242.53881000004185,8
real_audit_tokenizer,graphiti_style,audit/infra,real,unspecified,completed_tasks,0,1,0,0.0,1.0,0.0,118,213,1.81,0.6429569998545048,7
real_audit_tokenizer,graphiti_style,audit/infra,real,unspecified,pending_tasks,1,1,1,1.0,1.0,1.0,118,213,1.81,0.6429569998545048,7
real_audit_tokenizer,graphiti_style,audit/infra,real,unspecified,decisions,2,3,2,0.6667,1.0,0.8,118,213,1.81,0.6429569998545048,7
real_audit_tokenizer,graphiti_style,audit/infra,real,unspecified,files,2,1,1,1.0,0.5,0.6667,118,213,1.81,0.6429569998545048,7
real_audit_tokenizer,graphiti_style,audit/infra,real,unspecified,errors,3,1,0,0.0,0.0,0.0,118,213,1.81,0.6429569998545048,7
real_audit_tokenizer,graphrag_style,audit/infra,real,unspecified,pending_tasks,1,0,0,1.0,0.0,0.0,105,213,2.03,0.2879049998227856,8
real_audit_tokenizer,graphrag_style,audit/infra,real,unspecified,decisions,2,3,2,0.6667,1.0,0.8,105,213,2.03,0.2879049998227856,8
real_audit_tokenizer,graphrag_style,audit/infra,real,unspecified,files,2,1,1,1.0,0.5,0.6667,105,213,2.03,0.2879049998227856,8
real_audit_tokenizer,graphrag_style,audit/infra,real,unspecified,errors,3,4,1,0.25,0.3333,0.2857,105,213,2.03,0.2879049998227856,8
real_audit_tokenizer,mem0_style,audit/infra,real,unspecified,completed_tasks,0,1,0,0.0,1.0,0.0,117,213,1.82,0.5485140000018873,7
real_audit_tokenizer,mem0_style,audit/infra,real,unspecified,pending_tasks,1,1,1,1.0,1.0,1.0,117,213,1.82,0.5485140000018873,7
real_audit_tokenizer,mem0_style,audit/infra,real,unspecified,decisions,2,3,2,0.6667,1.0,0.8,117,213,1.82,0.5485140000018873,7
real_audit_tokenizer,mem0_style,audit/infra,real,unspecified,files,2,1,1,1.0,0.5,0.6667,117,213,1.82,0.5485140000018873,7
real_audit_tokenizer,mem0_style,audit/infra,real,unspecified,errors,3,1,0,0.0,0.0,0.0,117,213,1.82,0.5485140000018873,7
real_audit_tokenizer,memgpt_style,audit/infra,real,unspecified,completed_tasks,0,1,0,0.0,1.0,0.0,97,213,2.2,0.3923469998881046,6
real_audit_tokenizer,memgpt_style,audit/infra,real,unspecified,pending_tasks,1,1,1,1.0,1.0,1.0,97,213,2.2,0.3923469998881046,6
real_audit_tokenizer,memgpt_style,audit/infra,real,unspecified,decisions,2,2,2,1.0,1.0,1.0,97,213,2.2,0.3923469998881046,6
real_audit_tokenizer,memgpt_style,audit/infra,real,unspecified,files,2,1,1,1.0,0.5,0.6667,97,213,2.2,0.3923469998881046,6
real_audit_tokenizer,memgpt_style,audit/infra,real,unspecified,errors,3,1,0,0.0,0.0,0.0,97,213,2.2,0.3923469998881046,6
real_audit_tokenizer,sliding_window_10,audit/infra,real,unspecified,completed_tasks,0,13,0,0.0,1.0,0.0,218,213,0.98,0.003739000021596439,13
real_audit_tokenizer,sliding_window_10,audit/infra,real,unspecified,pending_tasks,1,13,1,0.0769,1.0,0.1429,218,213,0.98,0.003739000021596439,13
real_audit_tokenizer,sliding_window_10,audit/infra,real,unspecified,decisions,2,13,2,0.1538,1.0,0.2667,218,213,0.98,0.003739000021596439,13
real_audit_tokenizer,sliding_window_10,audit/infra,real,unspecified,files,2,13,2,0.1538,1.0,0.2667,218,213,0.98,0.003739000021596439,13
real_audit_tokenizer,sliding_window_10,audit/infra,real,unspecified,errors,3,13,3,0.2308,1.0,0.375,218,213,0.98,0.003739000021596439,13
real_audit_tokenizer,naive_truncation,audit/infra,real,unspecified,completed_tasks,0,13,0,0.0,1.0,0.0,218,213,0.98,0.008079000053839991,13
real_audit_tokenizer,naive_truncation,audit/infra,real,unspecified,pending_tasks,1,13,1,0.0769,1.0,0.1429,218,213,0.98,0.008079000053839991,13
real_audit_tokenizer,naive_truncation,audit/infra,real,unspecified,decisions,2,13,2,0.1538,1.0,0.2667,218,213,0.98,0.008079000053839991,13
real_audit_tokenizer,naive_truncation,audit/infra,real,unspecified,files,2,13,2,0.1538,1.0,0.2667,218,213,0.98,0.008079000053839991,13
real_audit_tokenizer,naive_truncation,audit/infra,real,unspecified,errors,3,13,3,0.2308,1.0,0.375,218,213,0.98,0.008079000053839991,13
real_audit_tokenizer,naive_summary,audit/infra,real,unspecified,completed_tasks,0,11,0,0.0,1.0,0.0,178,213,1.2,0.03048799999305629,11
real_audit_tokenizer,naive_summary,audit/infra,real,unspecified,pending_tasks,1,11,0,0.0,0.0,0.0,178,213,1.2,0.03048799999305629,11
real_audit_tokenizer,naive_summary,audit/infra,real,unspecified,decisions,2,11,1,0.0909,0.5,0.1538,178,213,1.2,0.03048799999305629,11
real_audit_tokenizer,naive_summary,audit/infra,real,unspecified,files,2,11,1,0.0909,0.5,0.1538,178,213,1.2,0.03048799999305629,11
real_audit_tokenizer,naive_summary,audit/infra,real,unspecified,errors,3,11,3,0.2727,1.0,0.4286,178,213,1.2,0.03048799999305629,11
rust_cli,tokenmizer_v0.5.2,systems/rust,synthetic,unspecified,completed_tasks,3,3,3,1.0,1.0,1.0,84,148,1.76,241.3570180001443,10
rust_cli,tokenmizer_v0.5.2,systems/rust,synthetic,unspecified,pending_tasks,1,1,1,1.0,1.0,1.0,84,148,1.76,241.3570180001443,10
rust_cli,tokenmizer_v0.5.2,systems/rust,synthetic,unspecified,decisions,3,2,3,1.0,1.0,1.0,84,148,1.76,241.3570180001443,10
rust_cli,tokenmizer_v0.5.2,systems/rust,synthetic,unspecified,files,3,3,3,1.0,1.0,1.0,84,148,1.76,241.3570180001443,10
rust_cli,tokenmizer_v0.5.2,systems/rust,synthetic,unspecified,errors,1,1,1,1.0,1.0,1.0,84,148,1.76,241.3570180001443,10
rust_cli,graphiti_style,systems/rust,synthetic,unspecified,completed_tasks,3,4,2,0.5,0.6667,0.5714,109,148,1.36,0.4999950001547404,12
rust_cli,graphiti_style,systems/rust,synthetic,unspecified,pending_tasks,1,1,1,1.0,1.0,1.0,109,148,1.36,0.4999950001547404,12
rust_cli,graphiti_style,systems/rust,synthetic,unspecified,decisions,3,2,3,1.0,1.0,1.0,109,148,1.36,0.4999950001547404,12
rust_cli,graphiti_style,systems/rust,synthetic,unspecified,files,3,3,3,1.0,1.0,1.0,109,148,1.36,0.4999950001547404,12
rust_cli,graphiti_style,systems/rust,synthetic,unspecified,errors,1,2,0,0.0,0.0,0.0,109,148,1.36,0.4999950001547404,12
rust_cli,graphrag_style,systems/rust,synthetic,unspecified,completed_tasks,3,1,0,0.0,0.0,0.0,68,148,2.18,0.2162099999623024,8
rust_cli,graphrag_style,systems/rust,synthetic,unspecified,pending_tasks,1,0,0,1.0,0.0,0.0,68,148,2.18,0.2162099999623024,8
rust_cli,graphrag_style,systems/rust,synthetic,unspecified,decisions,3,2,3,1.0,1.0,1.0,68,148,2.18,0.2162099999623024,8
rust_cli,graphrag_style,systems/rust,synthetic,unspecified,files,3,3,3,1.0,1.0,1.0,68,148,2.18,0.2162099999623024,8
rust_cli,graphrag_style,systems/rust,synthetic,unspecified,errors,1,2,0,0.0,0.0,0.0,68,148,2.18,0.2162099999623024,8
rust_cli,mem0_style,systems/rust,synthetic,unspecified,completed_tasks,3,4,2,0.5,0.6667,0.5714,108,148,1.37,0.4081239999322861,12
rust_cli,mem0_style,systems/rust,synthetic,unspecified,pending_tasks,1,1,1,1.0,1.0,1.0,108,148,1.37,0.4081239999322861,12
rust_cli,mem0_style,systems/rust,synthetic,unspecified,decisions,3,2,3,1.0,1.0,1.0,108,148,1.37,0.4081239999322861,12
rust_cli,mem0_style,systems/rust,synthetic,unspecified,files,3,3,3,1.0,1.0,1.0,108,148,1.37,0.4081239999322861,12
rust_cli,mem0_style,systems/rust,synthetic,unspecified,errors,1,2,0,0.0,0.0,0.0,108,148,1.37,0.4081239999322861,12
rust_cli,memgpt_style,systems/rust,synthetic,unspecified,completed_tasks,3,3,2,0.6667,0.6667,0.6667,80,148,1.85,0.24546200029362808,7
rust_cli,memgpt_style,systems/rust,synthetic,unspecified,pending_tasks,1,1,1,1.0,1.0,1.0,80,148,1.85,0.24546200029362808,7
rust_cli,memgpt_style,systems/rust,synthetic,unspecified,decisions,3,1,1,1.0,0.3333,0.5,80,148,1.85,0.24546200029362808,7
rust_cli,memgpt_style,systems/rust,synthetic,unspecified,files,3,1,1,1.0,0.3333,0.5,80,148,1.85,0.24546200029362808,7
rust_cli,memgpt_style,systems/rust,synthetic,unspecified,errors,1,1,0,0.0,0.0,0.0,80,148,1.85,0.24546200029362808,7
rust_cli,sliding_window_10,systems/rust,synthetic,unspecified,completed_tasks,3,9,3,0.4444,1.0,0.6154,151,148,0.98,0.002863999725377653,9
rust_cli,sliding_window_10,systems/rust,synthetic,unspecified,pending_tasks,1,9,1,0.1111,1.0,0.2,151,148,0.98,0.002863999725377653,9
rust_cli,sliding_window_10,systems/rust,synthetic,unspecified,decisions,3,9,3,0.2222,1.0,0.3636,151,148,0.98,0.002863999725377653,9
rust_cli,sliding_window_10,systems/rust,synthetic,unspecified,files,3,9,3,0.3333,1.0,0.5,151,148,0.98,0.002863999725377653,9
rust_cli,sliding_window_10,systems/rust,synthetic,unspecified,errors,1,9,1,0.1111,1.0,0.2,151,148,0.98,0.002863999725377653,9
rust_cli,naive_truncation,systems/rust,synthetic,unspecified,completed_tasks,3,9,3,0.4444,1.0,0.6154,151,148,0.98,0.0069599996095348615,9
rust_cli,naive_truncation,systems/rust,synthetic,unspecified,pending_tasks,1,9,1,0.1111,1.0,0.2,151,148,0.98,0.0069599996095348615,9
rust_cli,naive_truncation,systems/rust,synthetic,unspecified,decisions,3,9,3,0.2222,1.0,0.3636,151,148,0.98,0.0069599996095348615,9
rust_cli,naive_truncation,systems/rust,synthetic,unspecified,files,3,9,3,0.3333,1.0,0.5,151,148,0.98,0.0069599996095348615,9
rust_cli,naive_truncation,systems/rust,synthetic,unspecified,errors,1,9,1,0.1111,1.0,0.2,151,148,0.98,0.0069599996095348615,9
rust_cli,naive_summary,systems/rust,synthetic,unspecified,completed_tasks,3,9,3,0.4444,1.0,0.6154,151,148,0.98,0.02586899972811807,9
rust_cli,naive_summary,systems/rust,synthetic,unspecified,pending_tasks,1,9,1,0.1111,1.0,0.2,151,148,0.98,0.02586899972811807,9
rust_cli,naive_summary,systems/rust,synthetic,unspecified,decisions,3,9,3,0.2222,1.0,0.3636,151,148,0.98,0.02586899972811807,9
rust_cli,naive_summary,systems/rust,synthetic,unspecified,files,3,9,3,0.3333,1.0,0.5,151,148,0.98,0.02586899972811807,9
rust_cli,naive_summary,systems/rust,synthetic,unspecified,errors,1,9,1,0.1111,1.0,0.2,151,148,0.98,0.02586899972811807,9
