session_id,method,domain,origin,register,category,expected,extracted,true_positives,precision,recall,f1,resume_tokens,total_tokens,compression_ratio,extract_ms,node_count
data_migration,tokenmizer_v0.5.2,data/sql,synthetic,unspecified,completed_tasks,2,2,2,1.0,1.0,1.0,164,178,1.09,39.72921700005827,15
data_migration,tokenmizer_v0.5.2,data/sql,synthetic,unspecified,pending_tasks,1,1,1,1.0,1.0,1.0,164,178,1.09,39.72921700005827,15
data_migration,tokenmizer_v0.5.2,data/sql,synthetic,unspecified,decisions,4,6,4,0.8333,1.0,0.9091,164,178,1.09,39.72921700005827,15
data_migration,tokenmizer_v0.5.2,data/sql,synthetic,unspecified,files,4,4,4,1.0,1.0,1.0,164,178,1.09,39.72921700005827,15
data_migration,tokenmizer_v0.5.2,data/sql,synthetic,unspecified,errors,1,2,1,0.5,1.0,0.6667,164,178,1.09,39.72921700005827,15
data_migration,graphiti_style,data/sql,synthetic,unspecified,completed_tasks,2,5,2,0.4,1.0,0.5714,137,178,1.3,0.5521740001768194,17
data_migration,graphiti_style,data/sql,synthetic,unspecified,pending_tasks,1,3,1,0.3333,1.0,0.5,137,178,1.3,0.5521740001768194,17
data_migration,graphiti_style,data/sql,synthetic,unspecified,decisions,4,5,4,1.0,1.0,1.0,137,178,1.3,0.5521740001768194,17
data_migration,graphiti_style,data/sql,synthetic,unspecified,files,4,4,4,1.0,1.0,1.0,137,178,1.3,0.5521740001768194,17
data_migration,graphiti_style,data/sql,synthetic,unspecified,errors,1,0,0,1.0,0.0,0.0,137,178,1.3,0.5521740001768194,17
data_migration,graphrag_style,data/sql,synthetic,unspecified,completed_tasks,2,1,1,1.0,0.5,0.6667,73,178,2.44,0.3989790000105131,10
data_migration,graphrag_style,data/sql,synthetic,unspecified,pending_tasks,1,0,0,1.0,0.0,0.0,73,178,2.44,0.3989790000105131,10
data_migration,graphrag_style,data/sql,synthetic,unspecified,decisions,4,5,4,1.0,1.0,1.0,73,178,2.44,0.3989790000105131,10
data_migration,graphrag_style,data/sql,synthetic,unspecified,files,4,4,4,1.0,1.0,1.0,73,178,2.44,0.3989790000105131,10
data_migration,graphrag_style,data/sql,synthetic,unspecified,errors,1,0,0,1.0,0.0,0.0,73,178,2.44,0.3989790000105131,10
data_migration,mem0_style,data/sql,synthetic,unspecified,completed_tasks,2,4,2,0.5,1.0,0.6667,129,178,1.38,0.4795390000253974,15
data_migration,mem0_style,data/sql,synthetic,unspecified,pending_tasks,1,3,1,0.3333,1.0,0.5,129,178,1.38,0.4795390000253974,15
data_migration,mem0_style,data/sql,synthetic,unspecified,decisions,4,4,4,1.0,1.0,1.0,129,178,1.38,0.4795390000253974,15
data_migration,mem0_style,data/sql,synthetic,unspecified,files,4,4,4,1.0,1.0,1.0,129,178,1.38,0.4795390000253974,15
data_migration,mem0_style,data/sql,synthetic,unspecified,errors,1,0,0,1.0,0.0,0.0,129,178,1.38,0.4795390000253974,15
data_migration,memgpt_style,data/sql,synthetic,unspecified,completed_tasks,2,3,2,0.6667,1.0,0.8,79,178,2.25,0.21192099984546076,10
data_migration,memgpt_style,data/sql,synthetic,unspecified,pending_tasks,1,2,1,0.5,1.0,0.6667,79,178,2.25,0.21192099984546076,10
data_migration,memgpt_style,data/sql,synthetic,unspecified,decisions,4,2,1,1.0,0.25,0.4,79,178,2.25,0.21192099984546076,10
data_migration,memgpt_style,data/sql,synthetic,unspecified,files,4,3,3,1.0,0.75,0.8571,79,178,2.25,0.21192099984546076,10
data_migration,memgpt_style,data/sql,synthetic,unspecified,errors,1,0,0,1.0,0.0,0.0,79,178,2.25,0.21192099984546076,10
data_migration,sliding_window_10,data/sql,synthetic,unspecified,completed_tasks,2,14,2,0.1429,1.0,0.25,183,178,0.97,0.0036580001960828668,14
data_migration,sliding_window_10,data/sql,synthetic,unspecified,pending_tasks,1,14,1,0.0714,1.0,0.1333,183,178,0.97,0.0036580001960828668,14
data_migration,sliding_window_10,data/sql,synthetic,unspecified,decisions,4,14,4,0.3571,1.0,0.5263,183,178,0.97,0.0036580001960828668,14
data_migration,sliding_window_10,data/sql,synthetic,unspecified,files,4,14,4,0.3571,1.0,0.5263,183,178,0.97,0.0036580001960828668,14
data_migration,sliding_window_10,data/sql,synthetic,unspecified,errors,1,14,1,0.0714,1.0,0.1333,183,178,0.97,0.0036580001960828668,14
data_migration,naive_truncation,data/sql,synthetic,unspecified,completed_tasks,2,14,2,0.1429,1.0,0.25,183,178,0.97,0.012530000049082446,14
data_migration,naive_truncation,data/sql,synthetic,unspecified,pending_tasks,1,14,1,0.0714,1.0,0.1333,183,178,0.97,0.012530000049082446,14
data_migration,naive_truncation,data/sql,synthetic,unspecified,decisions,4,14,4,0.3571,1.0,0.5263,183,178,0.97,0.012530000049082446,14
data_migration,naive_truncation,data/sql,synthetic,unspecified,files,4,14,4,0.3571,1.0,0.5263,183,178,0.97,0.012530000049082446,14
data_migration,naive_truncation,data/sql,synthetic,unspecified,errors,1,14,1,0.0714,1.0,0.1333,183,178,0.97,0.012530000049082446,14
data_migration,naive_summary,data/sql,synthetic,unspecified,completed_tasks,2,14,2,0.1429,1.0,0.25,183,178,0.97,0.017730999843479367,14
data_migration,naive_summary,data/sql,synthetic,unspecified,pending_tasks,1,14,1,0.0714,1.0,0.1333,183,178,0.97,0.017730999843479367,14
data_migration,naive_summary,data/sql,synthetic,unspecified,decisions,4,14,4,0.3571,1.0,0.5263,183,178,0.97,0.017730999843479367,14
data_migration,naive_summary,data/sql,synthetic,unspecified,files,4,14,4,0.3571,1.0,0.5263,183,178,0.97,0.017730999843479367,14
data_migration,naive_summary,data/sql,synthetic,unspecified,errors,1,14,1,0.0714,1.0,0.1333,183,178,0.97,0.017730999843479367,14
fastapi_auth,tokenmizer_v0.5.2,backend/python,synthetic,unspecified,completed_tasks,7,4,4,1.0,0.5714,0.7273,184,347,1.89,46.958828000015274,19
fastapi_auth,tokenmizer_v0.5.2,backend/python,synthetic,unspecified,pending_tasks,3,3,3,1.0,1.0,1.0,184,347,1.89,46.958828000015274,19
fastapi_auth,tokenmizer_v0.5.2,backend/python,synthetic,unspecified,decisions,5,5,5,0.8,1.0,0.8889,184,347,1.89,46.958828000015274,19
fastapi_auth,tokenmizer_v0.5.2,backend/python,synthetic,unspecified,files,6,6,6,1.0,1.0,1.0,184,347,1.89,46.958828000015274,19
fastapi_auth,tokenmizer_v0.5.2,backend/python,synthetic,unspecified,errors,2,1,2,1.0,1.0,1.0,184,347,1.89,46.958828000015274,19
fastapi_auth,graphiti_style,backend/python,synthetic,unspecified,completed_tasks,7,7,6,0.5714,0.8571,0.6857,177,347,1.96,1.0948490000828315,23
fastapi_auth,graphiti_style,backend/python,synthetic,unspecified,pending_tasks,3,4,2,0.5,0.6667,0.5714,177,347,1.96,1.0948490000828315,23
fastapi_auth,graphiti_style,backend/python,synthetic,unspecified,decisions,5,5,2,0.4,0.4,0.4,177,347,1.96,1.0948490000828315,23
fastapi_auth,graphiti_style,backend/python,synthetic,unspecified,files,6,6,6,1.0,1.0,1.0,177,347,1.96,1.0948490000828315,23
fastapi_auth,graphiti_style,backend/python,synthetic,unspecified,errors,2,1,1,1.0,0.5,0.6667,177,347,1.96,1.0948490000828315,23
fastapi_auth,graphrag_style,backend/python,synthetic,unspecified,completed_tasks,7,2,2,1.0,0.2857,0.4444,109,347,3.18,0.7907359999990149,15
fastapi_auth,graphrag_style,backend/python,synthetic,unspecified,pending_tasks,3,0,0,1.0,0.0,0.0,109,347,3.18,0.7907359999990149,15
fastapi_auth,graphrag_style,backend/python,synthetic,unspecified,decisions,5,6,3,0.6667,0.6,0.6316,109,347,3.18,0.7907359999990149,15
fastapi_auth,graphrag_style,backend/python,synthetic,unspecified,files,6,6,6,1.0,1.0,1.0,109,347,3.18,0.7907359999990149,15
fastapi_auth,graphrag_style,backend/python,synthetic,unspecified,errors,2,1,1,1.0,0.5,0.6667,109,347,3.18,0.7907359999990149,15
fastapi_auth,mem0_style,backend/python,synthetic,unspecified,completed_tasks,7,6,5,0.5,0.7143,0.5882,154,347,2.25,0.9347889999844483,21
fastapi_auth,mem0_style,backend/python,synthetic,unspecified,pending_tasks,3,4,2,0.5,0.6667,0.5714,154,347,2.25,0.9347889999844483,21
fastapi_auth,mem0_style,backend/python,synthetic,unspecified,decisions,5,4,1,0.25,0.2,0.2222,154,347,2.25,0.9347889999844483,21
fastapi_auth,mem0_style,backend/python,synthetic,unspecified,files,6,6,6,1.0,1.0,1.0,154,347,2.25,0.9347889999844483,21
fastapi_auth,mem0_style,backend/python,synthetic,unspecified,errors,2,1,1,1.0,0.5,0.6667,154,347,2.25,0.9347889999844483,21
fastapi_auth,memgpt_style,backend/python,synthetic,unspecified,completed_tasks,7,1,0,0.0,0.0,0.0,82,347,4.23,0.3826810000191472,12
fastapi_auth,memgpt_style,backend/python,synthetic,unspecified,pending_tasks,3,4,2,0.5,0.6667,0.5714,82,347,4.23,0.3826810000191472,12
fastapi_auth,memgpt_style,backend/python,synthetic,unspecified,decisions,5,3,1,0.3333,0.2,0.25,82,347,4.23,0.3826810000191472,12
fastapi_auth,memgpt_style,backend/python,synthetic,unspecified,files,6,4,4,1.0,0.6667,0.8,82,347,4.23,0.3826810000191472,12
fastapi_auth,memgpt_style,backend/python,synthetic,unspecified,errors,2,0,0,1.0,0.0,0.0,82,347,4.23,0.3826810000191472,12
fastapi_auth,sliding_window_10,backend/python,synthetic,unspecified,completed_tasks,7,13,2,0.1538,0.2857,0.2,204,347,1.7,0.003259000095567899,13
fastapi_auth,sliding_window_10,backend/python,synthetic,unspecified,pending_tasks,3,13,3,0.3077,1.0,0.4706,204,347,1.7,0.003259000095567899,13
fastapi_auth,sliding_window_10,backend/python,synthetic,unspecified,decisions,5,13,1,0.0769,0.2,0.1111,204,347,1.7,0.003259000095567899,13
fastapi_auth,sliding_window_10,backend/python,synthetic,unspecified,files,6,13,5,0.3846,0.8333,0.5263,204,347,1.7,0.003259000095567899,13
fastapi_auth,sliding_window_10,backend/python,synthetic,unspecified,errors,2,13,2,0.0769,1.0,0.1429,204,347,1.7,0.003259000095567899,13
fastapi_auth,naive_truncation,backend/python,synthetic,unspecified,completed_tasks,7,17,7,0.2353,1.0,0.381,306,347,1.13,0.011774000086006708,17
fastapi_auth,naive_truncation,backend/python,synthetic,unspecified,pending_tasks,3,17,3,0.2353,1.0,0.381,306,347,1.13,0.011774000086006708,17
fastapi_auth,naive_truncation,backend/python,synthetic,unspecified,decisions,5,17,4,0.2353,0.8,0.3636,306,347,1.13,0.011774000086006708,17
fastapi_auth,naive_truncation,backend/python,synthetic,unspecified,files,6,17,5,0.4118,0.8333,0.5512,306,347,1.13,0.011774000086006708,17
fastapi_auth,naive_truncation,backend/python,synthetic,unspecified,errors,2,17,2,0.0588,1.0,0.1111,306,347,1.13,0.011774000086006708,17
fastapi_auth,naive_summary,backend/python,synthetic,unspecified,completed_tasks,7,11,6,0.3636,0.8571,0.5106,234,347,1.48,0.044355999989420525,11
fastapi_auth,naive_summary,backend/python,synthetic,unspecified,pending_tasks,3,11,2,0.2727,0.6667,0.3871,234,347,1.48,0.044355999989420525,11
fastapi_auth,naive_summary,backend/python,synthetic,unspecified,decisions,5,11,5,0.4545,1.0,0.625,234,347,1.48,0.044355999989420525,11
fastapi_auth,naive_summary,backend/python,synthetic,unspecified,files,6,11,5,0.4545,0.8333,0.5882,234,347,1.48,0.044355999989420525,11
fastapi_auth,naive_summary,backend/python,synthetic,unspecified,errors,2,11,2,0.0909,1.0,0.1667,234,347,1.48,0.044355999989420525,11
flaky_ci,tokenmizer_v0.5.2,devops/ci,synthetic,unspecified,completed_tasks,3,3,3,1.0,1.0,1.0,94,169,1.8,40.628534000006766,11
flaky_ci,tokenmizer_v0.5.2,devops/ci,synthetic,unspecified,pending_tasks,1,1,1,1.0,1.0,1.0,94,169,1.8,40.628534000006766,11
flaky_ci,tokenmizer_v0.5.2,devops/ci,synthetic,unspecified,files,2,2,2,1.0,1.0,1.0,94,169,1.8,40.628534000006766,11
flaky_ci,tokenmizer_v0.5.2,devops/ci,synthetic,unspecified,errors,4,5,4,1.0,1.0,1.0,94,169,1.8,40.628534000006766,11
flaky_ci,graphiti_style,devops/ci,synthetic,unspecified,completed_tasks,3,4,3,0.75,1.0,0.8571,81,169,2.09,0.4868359999363747,7
flaky_ci,graphiti_style,devops/ci,synthetic,unspecified,pending_tasks,1,1,1,1.0,1.0,1.0,81,169,2.09,0.4868359999363747,7
flaky_ci,graphiti_style,devops/ci,synthetic,unspecified,files,2,2,2,1.0,1.0,1.0,81,169,2.09,0.4868359999363747,7
flaky_ci,graphiti_style,devops/ci,synthetic,unspecified,errors,4,0,0,1.0,0.0,0.0,81,169,2.09,0.4868359999363747,7
flaky_ci,graphrag_style,devops/ci,synthetic,unspecified,completed_tasks,3,0,0,1.0,0.0,0.0,39,169,4.33,0.23872399992797,3
flaky_ci,graphrag_style,devops/ci,synthetic,unspecified,pending_tasks,1,0,0,1.0,0.0,0.0,39,169,4.33,0.23872399992797,3
flaky_ci,graphrag_style,devops/ci,synthetic,unspecified,files,2,2,2,1.0,1.0,1.0,39,169,4.33,0.23872399992797,3
flaky_ci,graphrag_style,devops/ci,synthetic,unspecified,errors,4,1,2,1.0,0.5,0.6667,39,169,4.33,0.23872399992797,3
flaky_ci,mem0_style,devops/ci,synthetic,unspecified,completed_tasks,3,3,3,1.0,1.0,1.0,76,169,2.22,0.4515009998158348,6
flaky_ci,mem0_style,devops/ci,synthetic,unspecified,pending_tasks,1,1,1,1.0,1.0,1.0,76,169,2.22,0.4515009998158348,6
flaky_ci,mem0_style,devops/ci,synthetic,unspecified,files,2,2,2,1.0,1.0,1.0,76,169,2.22,0.4515009998158348,6
flaky_ci,mem0_style,devops/ci,synthetic,unspecified,errors,4,0,0,1.0,0.0,0.0,76,169,2.22,0.4515009998158348,6
flaky_ci,memgpt_style,devops/ci,synthetic,unspecified,completed_tasks,3,4,3,0.75,1.0,0.8571,81,169,2.09,0.2626039999995555,7
flaky_ci,memgpt_style,devops/ci,synthetic,unspecified,pending_tasks,1,1,1,1.0,1.0,1.0,81,169,2.09,0.2626039999995555,7
flaky_ci,memgpt_style,devops/ci,synthetic,unspecified,files,2,2,2,1.0,1.0,1.0,81,169,2.09,0.2626039999995555,7
flaky_ci,memgpt_style,devops/ci,synthetic,unspecified,errors,4,0,0,1.0,0.0,0.0,81,169,2.09,0.2626039999995555,7
flaky_ci,sliding_window_10,devops/ci,synthetic,unspecified,completed_tasks,3,11,3,0.3636,1.0,0.5333,172,169,0.98,0.022178999870448024,11
flaky_ci,sliding_window_10,devops/ci,synthetic,unspecified,pending_tasks,1,11,1,0.0909,1.0,0.1667,172,169,0.98,0.022178999870448024,11
flaky_ci,sliding_window_10,devops/ci,synthetic,unspecified,decisions,0,11,0,0.0,1.0,0.0,172,169,0.98,0.022178999870448024,11
flaky_ci,sliding_window_10,devops/ci,synthetic,unspecified,files,2,11,2,0.3636,1.0,0.5333,172,169,0.98,0.022178999870448024,11
flaky_ci,sliding_window_10,devops/ci,synthetic,unspecified,errors,4,11,4,0.4545,1.0,0.625,172,169,0.98,0.022178999870448024,11
flaky_ci,naive_truncation,devops/ci,synthetic,unspecified,completed_tasks,3,11,3,0.3636,1.0,0.5333,172,169,0.98,0.010820000170497224,11
flaky_ci,naive_truncation,devops/ci,synthetic,unspecified,pending_tasks,1,11,1,0.0909,1.0,0.1667,172,169,0.98,0.010820000170497224,11
flaky_ci,naive_truncation,devops/ci,synthetic,unspecified,decisions,0,11,0,0.0,1.0,0.0,172,169,0.98,0.010820000170497224,11
flaky_ci,naive_truncation,devops/ci,synthetic,unspecified,files,2,11,2,0.3636,1.0,0.5333,172,169,0.98,0.010820000170497224,11
flaky_ci,naive_truncation,devops/ci,synthetic,unspecified,errors,4,11,4,0.4545,1.0,0.625,172,169,0.98,0.010820000170497224,11
flaky_ci,naive_summary,devops/ci,synthetic,unspecified,completed_tasks,3,11,3,0.3636,1.0,0.5333,172,169,0.98,0.02354799994463974,11
flaky_ci,naive_summary,devops/ci,synthetic,unspecified,pending_tasks,1,11,1,0.0909,1.0,0.1667,172,169,0.98,0.02354799994463974,11
flaky_ci,naive_summary,devops/ci,synthetic,unspecified,decisions,0,11,0,0.0,1.0,0.0,172,169,0.98,0.02354799994463974,11
flaky_ci,naive_summary,devops/ci,synthetic,unspecified,files,2,11,2,0.3636,1.0,0.5333,172,169,0.98,0.02354799994463974,11
flaky_ci,naive_summary,devops/ci,synthetic,unspecified,errors,4,11,4,0.4545,1.0,0.625,172,169,0.98,0.02354799994463974,11
frontend_perf,tokenmizer_v0.5.2,frontend/react,synthetic,unspecified,completed_tasks,1,1,1,1.0,1.0,1.0,80,150,1.88,36.59507499992287,11
frontend_perf,tokenmizer_v0.5.2,frontend/react,synthetic,unspecified,pending_tasks,1,1,1,1.0,1.0,1.0,80,150,1.88,36.59507499992287,11
frontend_perf,tokenmizer_v0.5.2,frontend/react,synthetic,unspecified,decisions,2,3,2,0.6667,1.0,0.8,80,150,1.88,36.59507499992287,11
frontend_perf,tokenmizer_v0.5.2,frontend/react,synthetic,unspecified,files,5,6,5,0.8333,1.0,0.9091,80,150,1.88,36.59507499992287,11
frontend_perf,graphiti_style,frontend/react,synthetic,unspecified,completed_tasks,1,3,1,0.3333,1.0,0.5,74,150,2.03,0.48946100014291005,11
frontend_perf,graphiti_style,frontend/react,synthetic,unspecified,pending_tasks,1,1,1,1.0,1.0,1.0,74,150,2.03,0.48946100014291005,11
frontend_perf,graphiti_style,frontend/react,synthetic,unspecified,decisions,2,2,2,1.0,1.0,1.0,74,150,2.03,0.48946100014291005,11
frontend_perf,graphiti_style,frontend/react,synthetic,unspecified,files,5,5,1,0.2,0.2,0.2,74,150,2.03,0.48946100014291005,11
frontend_perf,graphrag_style,frontend/react,synthetic,unspecified,completed_tasks,1,1,1,1.0,1.0,1.0,74,150,2.03,0.23826200003895792,8
frontend_perf,graphrag_style,frontend/react,synthetic,unspecified,pending_tasks,1,0,0,1.0,0.0,0.0,74,150,2.03,0.23826200003895792,8
frontend_perf,graphrag_style,frontend/react,synthetic,unspecified,decisions,2,2,2,1.0,1.0,1.0,74,150,2.03,0.23826200003895792,8
frontend_perf,graphrag_style,frontend/react,synthetic,unspecified,files,5,5,1,0.2,0.2,0.2,74,150,2.03,0.23826200003895792,8
frontend_perf,mem0_style,frontend/react,synthetic,unspecified,completed_tasks,1,3,1,0.3333,1.0,0.5,73,150,2.05,0.5578620000505907,11
frontend_perf,mem0_style,frontend/react,synthetic,unspecified,pending_tasks,1,1,1,1.0,1.0,1.0,73,150,2.05,0.5578620000505907,11
frontend_perf,mem0_style,frontend/react,synthetic,unspecified,decisions,2,2,2,1.0,1.0,1.0,73,150,2.05,0.5578620000505907,11
frontend_perf,mem0_style,frontend/react,synthetic,unspecified,files,5,5,1,0.2,0.2,0.2,73,150,2.05,0.5578620000505907,11
frontend_perf,memgpt_style,frontend/react,synthetic,unspecified,completed_tasks,1,2,1,0.5,1.0,0.6667,58,150,2.59,0.2694070001325599,7
frontend_perf,memgpt_style,frontend/react,synthetic,unspecified,pending_tasks,1,1,1,1.0,1.0,1.0,58,150,2.59,0.2694070001325599,7
frontend_perf,memgpt_style,frontend/react,synthetic,unspecified,decisions,2,1,1,1.0,0.5,0.6667,58,150,2.59,0.2694070001325599,7
frontend_perf,memgpt_style,frontend/react,synthetic,unspecified,files,5,3,1,0.3333,0.2,0.25,58,150,2.59,0.2694070001325599,7
frontend_perf,sliding_window_10,frontend/react,synthetic,unspecified,completed_tasks,1,12,1,0.1667,1.0,0.2857,154,150,0.97,0.0033520000215503387,12
frontend_perf,sliding_window_10,frontend/react,synthetic,unspecified,pending_tasks,1,12,1,0.0833,1.0,0.1538,154,150,0.97,0.0033520000215503387,12
frontend_perf,sliding_window_10,frontend/react,synthetic,unspecified,decisions,2,12,2,0.25,1.0,0.4,154,150,0.97,0.0033520000215503387,12
frontend_perf,sliding_window_10,frontend/react,synthetic,unspecified,files,5,12,5,0.25,1.0,0.4,154,150,0.97,0.0033520000215503387,12
frontend_perf,sliding_window_10,frontend/react,synthetic,unspecified,errors,0,12,0,0.0,1.0,0.0,154,150,0.97,0.0033520000215503387,12
frontend_perf,naive_truncation,frontend/react,synthetic,unspecified,completed_tasks,1,12,1,0.1667,1.0,0.2857,154,150,0.97,0.0071409999691240955,12
frontend_perf,naive_truncation,frontend/react,synthetic,unspecified,pending_tasks,1,12,1,0.0833,1.0,0.1538,154,150,0.97,0.0071409999691240955,12
frontend_perf,naive_truncation,frontend/react,synthetic,unspecified,decisions,2,12,2,0.25,1.0,0.4,154,150,0.97,0.0071409999691240955,12
frontend_perf,naive_truncation,frontend/react,synthetic,unspecified,files,5,12,5,0.25,1.0,0.4,154,150,0.97,0.0071409999691240955,12
frontend_perf,naive_truncation,frontend/react,synthetic,unspecified,errors,0,12,0,0.0,1.0,0.0,154,150,0.97,0.0071409999691240955,12
frontend_perf,naive_summary,frontend/react,synthetic,unspecified,completed_tasks,1,12,1,0.1667,1.0,0.2857,154,150,0.97,0.01971699998648546,12
frontend_perf,naive_summary,frontend/react,synthetic,unspecified,pending_tasks,1,12,1,0.0833,1.0,0.1538,154,150,0.97,0.01971699998648546,12
frontend_perf,naive_summary,frontend/react,synthetic,unspecified,decisions,2,12,2,0.25,1.0,0.4,154,150,0.97,0.01971699998648546,12
frontend_perf,naive_summary,frontend/react,synthetic,unspecified,files,5,12,5,0.25,1.0,0.4,154,150,0.97,0.01971699998648546,12
frontend_perf,naive_summary,frontend/react,synthetic,unspecified,errors,0,12,0,0.0,1.0,0.0,154,150,0.97,0.01971699998648546,12
gen_backend_go_001,tokenmizer_v0.5.2,backend/go,synthetic,semi,completed_tasks,7,1,1,1.0,0.1429,0.25,138,397,2.88,42.738397000221084,14
gen_backend_go_001,tokenmizer_v0.5.2,backend/go,synthetic,semi,pending_tasks,3,0,0,1.0,0.0,0.0,138,397,2.88,42.738397000221084,14
gen_backend_go_001,tokenmizer_v0.5.2,backend/go,synthetic,semi,decisions,4,6,3,0.5,0.75,0.6,138,397,2.88,42.738397000221084,14
gen_backend_go_001,tokenmizer_v0.5.2,backend/go,synthetic,semi,files,4,4,4,1.0,1.0,1.0,138,397,2.88,42.738397000221084,14
gen_backend_go_001,tokenmizer_v0.5.2,backend/go,synthetic,semi,errors,3,3,3,1.0,1.0,1.0,138,397,2.88,42.738397000221084,14
gen_backend_go_001,graphiti_style,backend/go,synthetic,semi,completed_tasks,7,5,5,1.0,0.7143,0.8333,174,397,2.28,1.0047929999927874,19
gen_backend_go_001,graphiti_style,backend/go,synthetic,semi,pending_tasks,3,3,0,0.0,0.0,0.0,174,397,2.28,1.0047929999927874,19
gen_backend_go_001,graphiti_style,backend/go,synthetic,semi,decisions,4,5,4,0.8,1.0,0.8889,174,397,2.28,1.0047929999927874,19
gen_backend_go_001,graphiti_style,backend/go,synthetic,semi,files,4,3,3,1.0,0.75,0.8571,174,397,2.28,1.0047929999927874,19
gen_backend_go_001,graphiti_style,backend/go,synthetic,semi,errors,3,3,3,1.0,1.0,1.0,174,397,2.28,1.0047929999927874,19
gen_backend_go_001,graphrag_style,backend/go,synthetic,semi,completed_tasks,7,0,0,1.0,0.0,0.0,74,397,5.36,0.540738999916357,10
gen_backend_go_001,graphrag_style,backend/go,synthetic,semi,pending_tasks,3,2,0,0.0,0.0,0.0,74,397,5.36,0.540738999916357,10
gen_backend_go_001,graphrag_style,backend/go,synthetic,semi,decisions,4,5,4,0.8,1.0,0.8889,74,397,5.36,0.540738999916357,10
gen_backend_go_001,graphrag_style,backend/go,synthetic,semi,files,4,3,3,1.0,0.75,0.8571,74,397,5.36,0.540738999916357,10
gen_backend_go_001,graphrag_style,backend/go,synthetic,semi,errors,3,0,0,1.0,0.0,0.0,74,397,5.36,0.540738999916357,10
gen_backend_go_001,mem0_style,backend/go,synthetic,semi,completed_tasks,7,5,5,1.0,0.7143,0.8333,170,397,2.34,1.0762599999907252,18
gen_backend_go_001,mem0_style,backend/go,synthetic,semi,pending_tasks,3,2,0,0.0,0.0,0.0,170,397,2.34,1.0762599999907252,18
gen_backend_go_001,mem0_style,backend/go,synthetic,semi,decisions,4,5,4,0.8,1.0,0.8889,170,397,2.34,1.0762599999907252,18
gen_backend_go_001,mem0_style,backend/go,synthetic,semi,files,4,3,3,1.0,0.75,0.8571,170,397,2.34,1.0762599999907252,18
gen_backend_go_001,mem0_style,backend/go,synthetic,semi,errors,3,3,3,1.0,1.0,1.0,170,397,2.34,1.0762599999907252,18
gen_backend_go_001,memgpt_style,backend/go,synthetic,semi,completed_tasks,7,0,0,1.0,0.0,0.0,51,397,7.78,0.35746599996855366,7
gen_backend_go_001,memgpt_style,backend/go,synthetic,semi,pending_tasks,3,2,0,0.0,0.0,0.0,51,397,7.78,0.35746599996855366,7
gen_backend_go_001,memgpt_style,backend/go,synthetic,semi,decisions,4,2,1,0.5,0.25,0.3333,51,397,7.78,0.35746599996855366,7
gen_backend_go_001,memgpt_style,backend/go,synthetic,semi,files,4,2,3,1.0,0.75,0.8571,51,397,7.78,0.35746599996855366,7
gen_backend_go_001,memgpt_style,backend/go,synthetic,semi,errors,3,1,1,1.0,0.3333,0.5,51,397,7.78,0.35746599996855366,7
gen_backend_go_001,sliding_window_10,backend/go,synthetic,semi,completed_tasks,7,10,1,0.1,0.1429,0.1176,108,397,3.68,0.0027180001325177727,10
gen_backend_go_001,sliding_window_10,backend/go,synthetic,semi,pending_tasks,3,10,2,0.2,0.6667,0.3077,108,397,3.68,0.0027180001325177727,10
gen_backend_go_001,sliding_window_10,backend/go,synthetic,semi,decisions,4,10,0,0.0,0.0,0.0,108,397,3.68,0.0027180001325177727,10
gen_backend_go_001,sliding_window_10,backend/go,synthetic,semi,files,4,10,1,0.1,0.25,0.1429,108,397,3.68,0.0027180001325177727,10
gen_backend_go_001,sliding_window_10,backend/go,synthetic,semi,errors,3,10,1,0.1,0.3333,0.1538,108,397,3.68,0.0027180001325177727,10
gen_backend_go_001,naive_truncation,backend/go,synthetic,semi,completed_tasks,7,28,5,0.1786,0.7143,0.2857,309,397,1.28,0.014045999932932318,28
gen_backend_go_001,naive_truncation,backend/go,synthetic,semi,pending_tasks,3,28,3,0.1071,1.0,0.1935,309,397,1.28,0.014045999932932318,28
gen_backend_go_001,naive_truncation,backend/go,synthetic,semi,decisions,4,28,2,0.0714,0.5,0.125,309,397,1.28,0.014045999932932318,28
gen_backend_go_001,naive_truncation,backend/go,synthetic,semi,files,4,28,4,0.1429,1.0,0.25,309,397,1.28,0.014045999932932318,28
gen_backend_go_001,naive_truncation,backend/go,synthetic,semi,errors,3,28,2,0.0714,0.6667,0.129,309,397,1.28,0.014045999932932318,28
gen_backend_go_001,naive_summary,backend/go,synthetic,semi,completed_tasks,7,19,3,0.1579,0.4286,0.2308,190,397,2.09,0.04161500010013697,19
gen_backend_go_001,naive_summary,backend/go,synthetic,semi,pending_tasks,3,19,0,0.0,0.0,0.0,190,397,2.09,0.04161500010013697,19
gen_backend_go_001,naive_summary,backend/go,synthetic,semi,decisions,4,19,3,0.1579,0.75,0.2609,190,397,2.09,0.04161500010013697,19
gen_backend_go_001,naive_summary,backend/go,synthetic,semi,files,4,19,2,0.0526,0.5,0.0952,190,397,2.09,0.04161500010013697,19
gen_backend_go_001,naive_summary,backend/go,synthetic,semi,errors,3,19,2,0.1053,0.6667,0.1818,190,397,2.09,0.04161500010013697,19
gen_backend_go_002,tokenmizer_v0.5.2,backend/go,synthetic,semi,completed_tasks,7,4,4,1.0,0.5714,0.7273,124,269,2.17,39.05312599999888,11
gen_backend_go_002,tokenmizer_v0.5.2,backend/go,synthetic,semi,pending_tasks,1,1,1,1.0,1.0,1.0,124,269,2.17,39.05312599999888,11
gen_backend_go_002,tokenmizer_v0.5.2,backend/go,synthetic,semi,decisions,2,2,2,1.0,1.0,1.0,124,269,2.17,39.05312599999888,11
gen_backend_go_002,tokenmizer_v0.5.2,backend/go,synthetic,semi,files,2,2,2,1.0,1.0,1.0,124,269,2.17,39.05312599999888,11
gen_backend_go_002,tokenmizer_v0.5.2,backend/go,synthetic,semi,errors,2,2,1,0.5,0.5,0.5,124,269,2.17,39.05312599999888,11
gen_backend_go_002,graphiti_style,backend/go,synthetic,semi,completed_tasks,7,6,6,1.0,0.8571,0.9231,156,269,1.72,0.6673440000213304,13
gen_backend_go_002,graphiti_style,backend/go,synthetic,semi,pending_tasks,1,1,1,1.0,1.0,1.0,156,269,1.72,0.6673440000213304,13
gen_backend_go_002,graphiti_style,backend/go,synthetic,semi,decisions,2,2,1,0.5,0.5,0.5,156,269,1.72,0.6673440000213304,13
gen_backend_go_002,graphiti_style,backend/go,synthetic,semi,files,2,2,2,1.0,1.0,1.0,156,269,1.72,0.6673440000213304,13
gen_backend_go_002,graphiti_style,backend/go,synthetic,semi,errors,2,2,2,1.0,1.0,1.0,156,269,1.72,0.6673440000213304,13
gen_backend_go_002,graphrag_style,backend/go,synthetic,semi,completed_tasks,7,0,0,1.0,0.0,0.0,60,269,4.48,0.44185000001562,6
gen_backend_go_002,graphrag_style,backend/go,synthetic,semi,pending_tasks,1,0,0,1.0,0.0,0.0,60,269,4.48,0.44185000001562,6
gen_backend_go_002,graphrag_style,backend/go,synthetic,semi,decisions,2,2,1,0.5,0.5,0.5,60,269,4.48,0.44185000001562,6
gen_backend_go_002,graphrag_style,backend/go,synthetic,semi,files,2,2,2,1.0,1.0,1.0,60,269,4.48,0.44185000001562,6
gen_backend_go_002,graphrag_style,backend/go,synthetic,semi,errors,2,2,2,1.0,1.0,1.0,60,269,4.48,0.44185000001562,6
gen_backend_go_002,mem0_style,backend/go,synthetic,semi,completed_tasks,7,6,6,1.0,0.8571,0.9231,155,269,1.74,0.708202999931018,13
gen_backend_go_002,mem0_style,backend/go,synthetic,semi,pending_tasks,1,1,1,1.0,1.0,1.0,155,269,1.74,0.708202999931018,13
gen_backend_go_002,mem0_style,backend/go,synthetic,semi,decisions,2,2,1,0.5,0.5,0.5,155,269,1.74,0.708202999931018,13
gen_backend_go_002,mem0_style,backend/go,synthetic,semi,files,2,2,2,1.0,1.0,1.0,155,269,1.74,0.708202999931018,13
gen_backend_go_002,mem0_style,backend/go,synthetic,semi,errors,2,2,2,1.0,1.0,1.0,155,269,1.74,0.708202999931018,13
gen_backend_go_002,memgpt_style,backend/go,synthetic,semi,completed_tasks,7,2,2,1.0,0.2857,0.4444,82,269,3.28,0.25523099998281396,6
gen_backend_go_002,memgpt_style,backend/go,synthetic,semi,pending_tasks,1,1,1,1.0,1.0,1.0,82,269,3.28,0.25523099998281396,6
gen_backend_go_002,memgpt_style,backend/go,synthetic,semi,decisions,2,1,1,1.0,0.5,0.6667,82,269,3.28,0.25523099998281396,6
gen_backend_go_002,memgpt_style,backend/go,synthetic,semi,files,2,1,1,1.0,0.5,0.6667,82,269,3.28,0.25523099998281396,6
gen_backend_go_002,memgpt_style,backend/go,synthetic,semi,errors,2,1,1,1.0,0.5,0.6667,82,269,3.28,0.25523099998281396,6
gen_backend_go_002,sliding_window_10,backend/go,synthetic,semi,completed_tasks,7,13,3,0.2308,0.4286,0.3,137,269,1.96,0.00347400009559351,13
gen_backend_go_002,sliding_window_10,backend/go,synthetic,semi,pending_tasks,1,13,1,0.0769,1.0,0.1429,137,269,1.96,0.00347400009559351,13
gen_backend_go_002,sliding_window_10,backend/go,synthetic,semi,decisions,2,13,2,0.1538,1.0,0.2667,137,269,1.96,0.00347400009559351,13
gen_backend_go_002,sliding_window_10,backend/go,synthetic,semi,files,2,13,1,0.0769,0.5,0.1333,137,269,1.96,0.00347400009559351,13
gen_backend_go_002,sliding_window_10,backend/go,synthetic,semi,errors,2,13,1,0.0769,0.5,0.1333,137,269,1.96,0.00347400009559351,13
gen_backend_go_002,naive_truncation,backend/go,synthetic,semi,completed_tasks,7,25,7,0.28,1.0,0.4375,281,269,0.96,0.014117000091573573,25
gen_backend_go_002,naive_truncation,backend/go,synthetic,semi,pending_tasks,1,25,1,0.04,1.0,0.0769,281,269,0.96,0.014117000091573573,25
gen_backend_go_002,naive_truncation,backend/go,synthetic,semi,decisions,2,25,2,0.08,1.0,0.1481,281,269,0.96,0.014117000091573573,25
gen_backend_go_002,naive_truncation,backend/go,synthetic,semi,files,2,25,2,0.08,1.0,0.1481,281,269,0.96,0.014117000091573573,25
gen_backend_go_002,naive_truncation,backend/go,synthetic,semi,errors,2,25,2,0.08,1.0,0.1481,281,269,0.96,0.014117000091573573,25
gen_backend_go_002,naive_summary,backend/go,synthetic,semi,completed_tasks,7,17,6,0.3529,0.8571,0.5,192,269,1.4,0.04435300002114673,17
gen_backend_go_002,naive_summary,backend/go,synthetic,semi,pending_tasks,1,17,0,0.0,0.0,0.0,192,269,1.4,0.04435300002114673,17
gen_backend_go_002,naive_summary,backend/go,synthetic,semi,decisions,2,17,0,0.0,0.0,0.0,192,269,1.4,0.04435300002114673,17
gen_backend_go_002,naive_summary,backend/go,synthetic,semi,files,2,17,1,0.0588,0.5,0.1053,192,269,1.4,0.04435300002114673,17
gen_backend_go_002,naive_summary,backend/go,synthetic,semi,errors,2,17,1,0.0588,0.5,0.1053,192,269,1.4,0.04435300002114673,17
gen_backend_go_003,tokenmizer_v0.5.2,backend/go,synthetic,semi,completed_tasks,4,1,1,1.0,0.25,0.4,99,284,2.87,42.80355000014424,14
gen_backend_go_003,tokenmizer_v0.5.2,backend/go,synthetic,semi,pending_tasks,1,1,1,1.0,1.0,1.0,99,284,2.87,42.80355000014424,14
gen_backend_go_003,tokenmizer_v0.5.2,backend/go,synthetic,semi,decisions,4,5,3,0.6,0.75,0.6667,99,284,2.87,42.80355000014424,14
gen_backend_go_003,tokenmizer_v0.5.2,backend/go,synthetic,semi,files,6,6,6,1.0,1.0,1.0,99,284,2.87,42.80355000014424,14
gen_backend_go_003,tokenmizer_v0.5.2,backend/go,synthetic,semi,errors,1,1,1,1.0,1.0,1.0,99,284,2.87,42.80355000014424,14
gen_backend_go_003,graphiti_style,backend/go,synthetic,semi,completed_tasks,4,3,3,1.0,0.75,0.8571,134,284,2.12,0.7506940000894247,15
gen_backend_go_003,graphiti_style,backend/go,synthetic,semi,pending_tasks,1,1,1,1.0,1.0,1.0,134,284,2.12,0.7506940000894247,15
gen_backend_go_003,graphiti_style,backend/go,synthetic,semi,decisions,4,5,3,0.6,0.75,0.6667,134,284,2.12,0.7506940000894247,15
gen_backend_go_003,graphiti_style,backend/go,synthetic,semi,files,6,5,5,1.0,0.8333,0.9091,134,284,2.12,0.7506940000894247,15
gen_backend_go_003,graphiti_style,backend/go,synthetic,semi,errors,1,1,1,1.0,1.0,1.0,134,284,2.12,0.7506940000894247,15
gen_backend_go_003,graphrag_style,backend/go,synthetic,semi,completed_tasks,4,0,0,1.0,0.0,0.0,73,284,3.89,0.37958899997647677,10
gen_backend_go_003,graphrag_style,backend/go,synthetic,semi,pending_tasks,1,0,0,1.0,0.0,0.0,73,284,3.89,0.37958899997647677,10
gen_backend_go_003,graphrag_style,backend/go,synthetic,semi,decisions,4,5,3,0.6,0.75,0.6667,73,284,3.89,0.37958899997647677,10
gen_backend_go_003,graphrag_style,backend/go,synthetic,semi,files,6,5,5,1.0,0.8333,0.9091,73,284,3.89,0.37958899997647677,10
gen_backend_go_003,graphrag_style,backend/go,synthetic,semi,errors,1,0,0,1.0,0.0,0.0,73,284,3.89,0.37958899997647677,10
gen_backend_go_003,mem0_style,backend/go,synthetic,semi,completed_tasks,4,3,3,1.0,0.75,0.8571,133,284,2.14,0.6843920000392245,15
gen_backend_go_003,mem0_style,backend/go,synthetic,semi,pending_tasks,1,1,1,1.0,1.0,1.0,133,284,2.14,0.6843920000392245,15
gen_backend_go_003,mem0_style,backend/go,synthetic,semi,decisions,4,5,3,0.6,0.75,0.6667,133,284,2.14,0.6843920000392245,15
gen_backend_go_003,mem0_style,backend/go,synthetic,semi,files,6,5,5,1.0,0.8333,0.9091,133,284,2.14,0.6843920000392245,15
gen_backend_go_003,mem0_style,backend/go,synthetic,semi,errors,1,1,1,1.0,1.0,1.0,133,284,2.14,0.6843920000392245,15
gen_backend_go_003,memgpt_style,backend/go,synthetic,semi,completed_tasks,4,3,3,1.0,0.75,0.8571,72,284,3.94,0.25193499982378853,8
gen_backend_go_003,memgpt_style,backend/go,synthetic,semi,pending_tasks,1,0,0,1.0,0.0,0.0,72,284,3.94,0.25193499982378853,8
gen_backend_go_003,memgpt_style,backend/go,synthetic,semi,decisions,4,1,0,0.0,0.0,0.0,72,284,3.94,0.25193499982378853,8
gen_backend_go_003,memgpt_style,backend/go,synthetic,semi,files,6,4,4,1.0,0.6667,0.8,72,284,3.94,0.25193499982378853,8
gen_backend_go_003,memgpt_style,backend/go,synthetic,semi,errors,1,0,0,1.0,0.0,0.0,72,284,3.94,0.25193499982378853,8
gen_backend_go_003,sliding_window_10,backend/go,synthetic,semi,completed_tasks,4,14,3,0.2143,0.75,0.3333,156,284,1.82,0.003612000000430271,14
gen_backend_go_003,sliding_window_10,backend/go,synthetic,semi,pending_tasks,1,14,1,0.0714,1.0,0.1333,156,284,1.82,0.003612000000430271,14
gen_backend_go_003,sliding_window_10,backend/go,synthetic,semi,decisions,4,14,1,0.0714,0.25,0.1111,156,284,1.82,0.003612000000430271,14
gen_backend_go_003,sliding_window_10,backend/go,synthetic,semi,files,6,14,4,0.2857,0.6667,0.4,156,284,1.82,0.003612000000430271,14
gen_backend_go_003,sliding_window_10,backend/go,synthetic,semi,errors,1,14,0,0.0,0.0,0.0,156,284,1.82,0.003612000000430271,14
gen_backend_go_003,naive_truncation,backend/go,synthetic,semi,completed_tasks,4,27,4,0.1481,1.0,0.2581,295,284,0.96,0.01776700014488597,27
gen_backend_go_003,naive_truncation,backend/go,synthetic,semi,pending_tasks,1,27,1,0.037,1.0,0.0714,295,284,0.96,0.01776700014488597,27
gen_backend_go_003,naive_truncation,backend/go,synthetic,semi,decisions,4,27,4,0.1481,1.0,0.2581,295,284,0.96,0.01776700014488597,27
gen_backend_go_003,naive_truncation,backend/go,synthetic,semi,files,6,27,6,0.2222,1.0,0.3636,295,284,0.96,0.01776700014488597,27
gen_backend_go_003,naive_truncation,backend/go,synthetic,semi,errors,1,27,1,0.037,1.0,0.0714,295,284,0.96,0.01776700014488597,27
gen_backend_go_003,naive_summary,backend/go,synthetic,semi,completed_tasks,4,16,1,0.0625,0.25,0.1,172,284,1.65,0.02366599983361084,16
gen_backend_go_003,naive_summary,backend/go,synthetic,semi,pending_tasks,1,16,1,0.0625,1.0,0.1176,172,284,1.65,0.02366599983361084,16
gen_backend_go_003,naive_summary,backend/go,synthetic,semi,decisions,4,16,4,0.25,1.0,0.4,172,284,1.65,0.02366599983361084,16
gen_backend_go_003,naive_summary,backend/go,synthetic,semi,files,6,16,2,0.125,0.3333,0.1818,172,284,1.65,0.02366599983361084,16
gen_backend_go_003,naive_summary,backend/go,synthetic,semi,errors,1,16,1,0.0625,1.0,0.1176,172,284,1.65,0.02366599983361084,16
gen_backend_go_004,tokenmizer_v0.5.2,backend/go,synthetic,semi,completed_tasks,7,4,4,1.0,0.5714,0.7273,162,298,1.84,44.55892300006781,14
gen_backend_go_004,tokenmizer_v0.5.2,backend/go,synthetic,semi,pending_tasks,3,2,2,1.0,0.6667,0.8,162,298,1.84,44.55892300006781,14
gen_backend_go_004,tokenmizer_v0.5.2,backend/go,synthetic,semi,decisions,3,5,2,0.6,0.6667,0.6316,162,298,1.84,44.55892300006781,14
gen_backend_go_004,tokenmizer_v0.5.2,backend/go,synthetic,semi,files,2,2,2,1.0,1.0,1.0,162,298,1.84,44.55892300006781,14
gen_backend_go_004,tokenmizer_v0.5.2,backend/go,synthetic,semi,errors,1,1,1,1.0,1.0,1.0,162,298,1.84,44.55892300006781,14
gen_backend_go_004,graphiti_style,backend/go,synthetic,semi,completed_tasks,7,6,6,1.0,0.8571,0.9231,159,298,1.87,0.7565800001430034,18
gen_backend_go_004,graphiti_style,backend/go,synthetic,semi,pending_tasks,3,5,2,0.4,0.6667,0.5,159,298,1.87,0.7565800001430034,18
gen_backend_go_004,graphiti_style,backend/go,synthetic,semi,decisions,3,4,2,0.5,0.6667,0.5714,159,298,1.87,0.7565800001430034,18
gen_backend_go_004,graphiti_style,backend/go,synthetic,semi,files,2,2,2,1.0,1.0,1.0,159,298,1.87,0.7565800001430034,18
gen_backend_go_004,graphiti_style,backend/go,synthetic,semi,errors,1,1,1,1.0,1.0,1.0,159,298,1.87,0.7565800001430034,18
gen_backend_go_004,graphrag_style,backend/go,synthetic,semi,completed_tasks,7,0,0,1.0,0.0,0.0,63,298,4.73,0.4068439998263784,9
gen_backend_go_004,graphrag_style,backend/go,synthetic,semi,pending_tasks,3,2,0,0.0,0.0,0.0,63,298,4.73,0.4068439998263784,9
gen_backend_go_004,graphrag_style,backend/go,synthetic,semi,decisions,3,4,2,0.5,0.6667,0.5714,63,298,4.73,0.4068439998263784,9
gen_backend_go_004,graphrag_style,backend/go,synthetic,semi,files,2,2,2,1.0,1.0,1.0,63,298,4.73,0.4068439998263784,9
gen_backend_go_004,graphrag_style,backend/go,synthetic,semi,errors,1,1,1,1.0,1.0,1.0,63,298,4.73,0.4068439998263784,9
gen_backend_go_004,mem0_style,backend/go,synthetic,semi,completed_tasks,7,6,6,1.0,0.8571,0.9231,155,298,1.92,0.7528060000367987,17
gen_backend_go_004,mem0_style,backend/go,synthetic,semi,pending_tasks,3,4,2,0.5,0.6667,0.5714,155,298,1.92,0.7528060000367987,17
gen_backend_go_004,mem0_style,backend/go,synthetic,semi,decisions,3,4,2,0.5,0.6667,0.5714,155,298,1.92,0.7528060000367987,17
gen_backend_go_004,mem0_style,backend/go,synthetic,semi,files,2,2,2,1.0,1.0,1.0,155,298,1.92,0.7528060000367987,17
gen_backend_go_004,mem0_style,backend/go,synthetic,semi,errors,1,1,1,1.0,1.0,1.0,155,298,1.92,0.7528060000367987,17
gen_backend_go_004,memgpt_style,backend/go,synthetic,semi,completed_tasks,7,1,1,1.0,0.1429,0.25,67,298,4.45,0.26768899988383055,9
gen_backend_go_004,memgpt_style,backend/go,synthetic,semi,pending_tasks,3,4,2,0.5,0.6667,0.5714,67,298,4.45,0.26768899988383055,9
gen_backend_go_004,memgpt_style,backend/go,synthetic,semi,decisions,3,3,1,0.3333,0.3333,0.3333,67,298,4.45,0.26768899988383055,9
gen_backend_go_004,memgpt_style,backend/go,synthetic,semi,files,2,1,1,1.0,0.5,0.6667,67,298,4.45,0.26768899988383055,9
gen_backend_go_004,memgpt_style,backend/go,synthetic,semi,errors,1,0,0,1.0,0.0,0.0,67,298,4.45,0.26768899988383055,9
gen_backend_go_004,sliding_window_10,backend/go,synthetic,semi,completed_tasks,7,11,1,0.0909,0.1429,0.1111,104,298,2.87,0.003240000069126836,11
gen_backend_go_004,sliding_window_10,backend/go,synthetic,semi,pending_tasks,3,11,2,0.1818,0.6667,0.2857,104,298,2.87,0.003240000069126836,11
gen_backend_go_004,sliding_window_10,backend/go,synthetic,semi,decisions,3,11,2,0.1818,0.6667,0.2857,104,298,2.87,0.003240000069126836,11
gen_backend_go_004,sliding_window_10,backend/go,synthetic,semi,files,2,11,1,0.0909,0.5,0.1538,104,298,2.87,0.003240000069126836,11
gen_backend_go_004,sliding_window_10,backend/go,synthetic,semi,errors,1,11,0,0.0,0.0,0.0,104,298,2.87,0.003240000069126836,11
gen_backend_go_004,naive_truncation,backend/go,synthetic,semi,completed_tasks,7,31,7,0.2258,1.0,0.3684,314,298,0.95,0.012406999985614675,31
gen_backend_go_004,naive_truncation,backend/go,synthetic,semi,pending_tasks,3,31,3,0.0968,1.0,0.1765,314,298,0.95,0.012406999985614675,31
gen_backend_go_004,naive_truncation,backend/go,synthetic,semi,decisions,3,31,3,0.0968,1.0,0.1765,314,298,0.95,0.012406999985614675,31
gen_backend_go_004,naive_truncation,backend/go,synthetic,semi,files,2,31,2,0.0645,1.0,0.1212,314,298,0.95,0.012406999985614675,31
gen_backend_go_004,naive_truncation,backend/go,synthetic,semi,errors,1,31,1,0.0323,1.0,0.0625,314,298,0.95,0.012406999985614675,31
gen_backend_go_004,naive_summary,backend/go,synthetic,semi,completed_tasks,7,18,6,0.3333,0.8571,0.48,176,298,1.69,0.038083000163169345,18
gen_backend_go_004,naive_summary,backend/go,synthetic,semi,pending_tasks,3,18,0,0.0,0.0,0.0,176,298,1.69,0.038083000163169345,18
gen_backend_go_004,naive_summary,backend/go,synthetic,semi,decisions,3,18,1,0.0556,0.3333,0.0952,176,298,1.69,0.038083000163169345,18
gen_backend_go_004,naive_summary,backend/go,synthetic,semi,files,2,18,0,0.0,0.0,0.0,176,298,1.69,0.038083000163169345,18
gen_backend_go_004,naive_summary,backend/go,synthetic,semi,errors,1,18,1,0.0556,1.0,0.1053,176,298,1.69,0.038083000163169345,18
gen_backend_go_005,tokenmizer_v0.5.2,backend/go,synthetic,semi,completed_tasks,7,4,4,1.0,0.5714,0.7273,84,335,3.99,43.55299400003787,9
gen_backend_go_005,tokenmizer_v0.5.2,backend/go,synthetic,semi,pending_tasks,2,0,0,1.0,0.0,0.0,84,335,3.99,43.55299400003787,9
gen_backend_go_005,tokenmizer_v0.5.2,backend/go,synthetic,semi,decisions,6,3,1,0.3333,0.1667,0.2222,84,335,3.99,43.55299400003787,9
gen_backend_go_005,tokenmizer_v0.5.2,backend/go,synthetic,semi,files,2,2,2,1.0,1.0,1.0,84,335,3.99,43.55299400003787,9
gen_backend_go_005,graphiti_style,backend/go,synthetic,semi,completed_tasks,7,6,6,1.0,0.8571,0.9231,145,335,2.31,0.9213129999352532,16
gen_backend_go_005,graphiti_style,backend/go,synthetic,semi,pending_tasks,2,2,0,0.0,0.0,0.0,145,335,2.31,0.9213129999352532,16
gen_backend_go_005,graphiti_style,backend/go,synthetic,semi,decisions,6,7,4,0.5714,0.6667,0.6154,145,335,2.31,0.9213129999352532,16
gen_backend_go_005,graphiti_style,backend/go,synthetic,semi,files,2,1,1,1.0,0.5,0.6667,145,335,2.31,0.9213129999352532,16
gen_backend_go_005,graphrag_style,backend/go,synthetic,semi,completed_tasks,7,0,0,1.0,0.0,0.0,65,335,5.15,0.47907099997246405,8
gen_backend_go_005,graphrag_style,backend/go,synthetic,semi,pending_tasks,2,1,0,0.0,0.0,0.0,65,335,5.15,0.47907099997246405,8
gen_backend_go_005,graphrag_style,backend/go,synthetic,semi,decisions,6,6,5,0.8333,0.8333,0.8333,65,335,5.15,0.47907099997246405,8
gen_backend_go_005,graphrag_style,backend/go,synthetic,semi,files,2,1,1,1.0,0.5,0.6667,65,335,5.15,0.47907099997246405,8
gen_backend_go_005,mem0_style,backend/go,synthetic,semi,completed_tasks,7,6,6,1.0,0.8571,0.9231,140,335,2.39,0.8876270001110242,15
gen_backend_go_005,mem0_style,backend/go,synthetic,semi,pending_tasks,2,1,0,0.0,0.0,0.0,140,335,2.39,0.8876270001110242,15
gen_backend_go_005,mem0_style,backend/go,synthetic,semi,decisions,6,7,4,0.5714,0.6667,0.6154,140,335,2.39,0.8876270001110242,15
gen_backend_go_005,mem0_style,backend/go,synthetic,semi,files,2,1,1,1.0,0.5,0.6667,140,335,2.39,0.8876270001110242,15
gen_backend_go_005,memgpt_style,backend/go,synthetic,semi,completed_tasks,7,4,4,1.0,0.5714,0.7273,101,335,3.32,0.33140599998660036,12
gen_backend_go_005,memgpt_style,backend/go,synthetic,semi,pending_tasks,2,2,0,0.0,0.0,0.0,101,335,3.32,0.33140599998660036,12
gen_backend_go_005,memgpt_style,backend/go,synthetic,semi,decisions,6,6,3,0.5,0.5,0.5,101,335,3.32,0.33140599998660036,12
gen_backend_go_005,memgpt_style,backend/go,synthetic,semi,files,2,0,0,1.0,0.0,0.0,101,335,3.32,0.33140599998660036,12
gen_backend_go_005,sliding_window_10,backend/go,synthetic,semi,completed_tasks,7,12,3,0.25,0.4286,0.3158,128,335,2.62,0.003065000100832549,12
gen_backend_go_005,sliding_window_10,backend/go,synthetic,semi,pending_tasks,2,12,1,0.0833,0.5,0.1429,128,335,2.62,0.003065000100832549,12
gen_backend_go_005,sliding_window_10,backend/go,synthetic,semi,decisions,6,12,3,0.25,0.5,0.3333,128,335,2.62,0.003065000100832549,12
gen_backend_go_005,sliding_window_10,backend/go,synthetic,semi,files,2,12,0,0.0,0.0,0.0,128,335,2.62,0.003065000100832549,12
gen_backend_go_005,sliding_window_10,backend/go,synthetic,semi,errors,0,12,0,0.0,1.0,0.0,128,335,2.62,0.003065000100832549,12
gen_backend_go_005,naive_truncation,backend/go,synthetic,semi,completed_tasks,7,30,6,0.2,0.8571,0.3243,303,335,1.11,0.014437999880101415,30
gen_backend_go_005,naive_truncation,backend/go,synthetic,semi,pending_tasks,2,30,2,0.0667,1.0,0.125,303,335,1.11,0.014437999880101415,30
gen_backend_go_005,naive_truncation,backend/go,synthetic,semi,decisions,6,30,6,0.2,1.0,0.3333,303,335,1.11,0.014437999880101415,30
gen_backend_go_005,naive_truncation,backend/go,synthetic,semi,files,2,30,2,0.0667,1.0,0.125,303,335,1.11,0.014437999880101415,30
gen_backend_go_005,naive_truncation,backend/go,synthetic,semi,errors,0,30,0,0.0,1.0,0.0,303,335,1.11,0.014437999880101415,30
gen_backend_go_005,naive_summary,backend/go,synthetic,semi,completed_tasks,7,18,2,0.1111,0.2857,0.16,175,335,1.91,0.032454000120196724,18
gen_backend_go_005,naive_summary,backend/go,synthetic,semi,pending_tasks,2,18,1,0.0556,0.5,0.1,175,335,1.91,0.032454000120196724,18
gen_backend_go_005,naive_summary,backend/go,synthetic,semi,decisions,6,18,2,0.1111,0.3333,0.1667,175,335,1.91,0.032454000120196724,18
gen_backend_go_005,naive_summary,backend/go,synthetic,semi,files,2,18,2,0.1111,1.0,0.2,175,335,1.91,0.032454000120196724,18
gen_backend_go_005,naive_summary,backend/go,synthetic,semi,errors,0,18,0,0.0,1.0,0.0,175,335,1.91,0.032454000120196724,18
gen_backend_go_006,tokenmizer_v0.5.2,backend/go,synthetic,semi,completed_tasks,4,2,2,1.0,0.5,0.6667,86,270,3.14,39.868895000154225,9
gen_backend_go_006,tokenmizer_v0.5.2,backend/go,synthetic,semi,pending_tasks,4,0,0,1.0,0.0,0.0,86,270,3.14,39.868895000154225,9
gen_backend_go_006,tokenmizer_v0.5.2,backend/go,synthetic,semi,decisions,2,3,2,0.6667,1.0,0.8,86,270,3.14,39.868895000154225,9
gen_backend_go_006,tokenmizer_v0.5.2,backend/go,synthetic,semi,files,2,2,2,1.0,1.0,1.0,86,270,3.14,39.868895000154225,9
gen_backend_go_006,tokenmizer_v0.5.2,backend/go,synthetic,semi,errors,2,2,2,1.0,1.0,1.0,86,270,3.14,39.868895000154225,9
gen_backend_go_006,graphiti_style,backend/go,synthetic,semi,completed_tasks,4,3,3,1.0,0.75,0.8571,89,270,3.03,0.7151160000375967,10
gen_backend_go_006,graphiti_style,backend/go,synthetic,semi,pending_tasks,4,3,0,0.0,0.0,0.0,89,270,3.03,0.7151160000375967,10
gen_backend_go_006,graphiti_style,backend/go,synthetic,semi,decisions,2,0,0,1.0,0.0,0.0,89,270,3.03,0.7151160000375967,10
gen_backend_go_006,graphiti_style,backend/go,synthetic,semi,files,2,2,2,1.0,1.0,1.0,89,270,3.03,0.7151160000375967,10
gen_backend_go_006,graphiti_style,backend/go,synthetic,semi,errors,2,2,2,1.0,1.0,1.0,89,270,3.03,0.7151160000375967,10
gen_backend_go_006,graphrag_style,backend/go,synthetic,semi,completed_tasks,4,0,0,1.0,0.0,0.0,35,270,7.71,0.5185830000300484,5
gen_backend_go_006,graphrag_style,backend/go,synthetic,semi,pending_tasks,4,2,0,0.0,0.0,0.0,35,270,7.71,0.5185830000300484,5
gen_backend_go_006,graphrag_style,backend/go,synthetic,semi,decisions,2,0,0,1.0,0.0,0.0,35,270,7.71,0.5185830000300484,5
gen_backend_go_006,graphrag_style,backend/go,synthetic,semi,files,2,2,2,1.0,1.0,1.0,35,270,7.71,0.5185830000300484,5
gen_backend_go_006,graphrag_style,backend/go,synthetic,semi,errors,2,1,1,1.0,0.5,0.6667,35,270,7.71,0.5185830000300484,5
gen_backend_go_006,mem0_style,backend/go,synthetic,semi,completed_tasks,4,3,3,1.0,0.75,0.8571,85,270,3.18,0.9671969999089924,9
gen_backend_go_006,mem0_style,backend/go,synthetic,semi,pending_tasks,4,2,0,0.0,0.0,0.0,85,270,3.18,0.9671969999089924,9
gen_backend_go_006,mem0_style,backend/go,synthetic,semi,decisions,2,0,0,1.0,0.0,0.0,85,270,3.18,0.9671969999089924,9
gen_backend_go_006,mem0_style,backend/go,synthetic,semi,files,2,2,2,1.0,1.0,1.0,85,270,3.18,0.9671969999089924,9
gen_backend_go_006,mem0_style,backend/go,synthetic,semi,errors,2,2,2,1.0,1.0,1.0,85,270,3.18,0.9671969999089924,9
gen_backend_go_006,memgpt_style,backend/go,synthetic,semi,completed_tasks,4,1,1,1.0,0.25,0.4,30,270,9.0,0.2614659999835567,2
gen_backend_go_006,memgpt_style,backend/go,synthetic,semi,pending_tasks,4,0,0,1.0,0.0,0.0,30,270,9.0,0.2614659999835567,2
gen_backend_go_006,memgpt_style,backend/go,synthetic,semi,decisions,2,0,0,1.0,0.0,0.0,30,270,9.0,0.2614659999835567,2
gen_backend_go_006,memgpt_style,backend/go,synthetic,semi,files,2,0,0,1.0,0.0,0.0,30,270,9.0,0.2614659999835567,2
gen_backend_go_006,memgpt_style,backend/go,synthetic,semi,errors,2,1,1,1.0,0.5,0.6667,30,270,9.0,0.2614659999835567,2
gen_backend_go_006,sliding_window_10,backend/go,synthetic,semi,completed_tasks,4,13,3,0.2308,0.75,0.3529,148,270,1.82,0.0036199999158270657,13
gen_backend_go_006,sliding_window_10,backend/go,synthetic,semi,pending_tasks,4,13,2,0.1538,0.5,0.2353,148,270,1.82,0.0036199999158270657,13
gen_backend_go_006,sliding_window_10,backend/go,synthetic,semi,decisions,2,13,1,0.0769,0.5,0.1333,148,270,1.82,0.0036199999158270657,13
gen_backend_go_006,sliding_window_10,backend/go,synthetic,semi,files,2,13,1,0.0769,0.5,0.1333,148,270,1.82,0.0036199999158270657,13
gen_backend_go_006,sliding_window_10,backend/go,synthetic,semi,errors,2,13,1,0.0769,0.5,0.1333,148,270,1.82,0.0036199999158270657,13
gen_backend_go_006,naive_truncation,backend/go,synthetic,semi,completed_tasks,4,25,4,0.16,1.0,0.2759,283,270,0.95,0.014447000012296485,25
gen_backend_go_006,naive_truncation,backend/go,synthetic,semi,pending_tasks,4,25,4,0.16,1.0,0.2759,283,270,0.95,0.014447000012296485,25
gen_backend_go_006,naive_truncation,backend/go,synthetic,semi,decisions,2,25,2,0.08,1.0,0.1481,283,270,0.95,0.014447000012296485,25
gen_backend_go_006,naive_truncation,backend/go,synthetic,semi,files,2,25,2,0.08,1.0,0.1481,283,270,0.95,0.014447000012296485,25
gen_backend_go_006,naive_truncation,backend/go,synthetic,semi,errors,2,25,2,0.08,1.0,0.1481,283,270,0.95,0.014447000012296485,25
gen_backend_go_006,naive_summary,backend/go,synthetic,semi,completed_tasks,4,18,3,0.1667,0.75,0.2727,193,270,1.4,0.025763999929040438,18
gen_backend_go_006,naive_summary,backend/go,synthetic,semi,pending_tasks,4,18,2,0.1111,0.5,0.1818,193,270,1.4,0.025763999929040438,18
gen_backend_go_006,naive_summary,backend/go,synthetic,semi,decisions,2,18,1,0.0556,0.5,0.1,193,270,1.4,0.025763999929040438,18
gen_backend_go_006,naive_summary,backend/go,synthetic,semi,files,2,18,2,0.1111,1.0,0.2,193,270,1.4,0.025763999929040438,18
gen_backend_go_006,naive_summary,backend/go,synthetic,semi,errors,2,18,1,0.0556,0.5,0.1,193,270,1.4,0.025763999929040438,18
gen_backend_python_001,tokenmizer_v0.5.2,backend/python,synthetic,explicit,completed_tasks,7,7,7,1.0,1.0,1.0,128,319,2.49,41.66331999999784,17
gen_backend_python_001,tokenmizer_v0.5.2,backend/python,synthetic,explicit,pending_tasks,1,0,0,1.0,0.0,0.0,128,319,2.49,41.66331999999784,17
gen_backend_python_001,tokenmizer_v0.5.2,backend/python,synthetic,explicit,decisions,5,4,3,0.75,0.6,0.6667,128,319,2.49,41.66331999999784,17
gen_backend_python_001,tokenmizer_v0.5.2,backend/python,synthetic,explicit,files,6,6,6,1.0,1.0,1.0,128,319,2.49,41.66331999999784,17
gen_backend_python_001,tokenmizer_v0.5.2,backend/python,synthetic,explicit,errors,1,0,0,1.0,0.0,0.0,128,319,2.49,41.66331999999784,17
gen_backend_python_001,graphiti_style,backend/python,synthetic,explicit,completed_tasks,7,9,7,0.7778,1.0,0.875,165,319,1.93,0.8432540000740119,24
gen_backend_python_001,graphiti_style,backend/python,synthetic,explicit,pending_tasks,1,2,1,0.5,1.0,0.6667,165,319,1.93,0.8432540000740119,24
gen_backend_python_001,graphiti_style,backend/python,synthetic,explicit,decisions,5,6,4,0.6667,0.8,0.7273,165,319,1.93,0.8432540000740119,24
gen_backend_python_001,graphiti_style,backend/python,synthetic,explicit,files,6,6,6,1.0,1.0,1.0,165,319,1.93,0.8432540000740119,24
gen_backend_python_001,graphiti_style,backend/python,synthetic,explicit,errors,1,1,1,1.0,1.0,1.0,165,319,1.93,0.8432540000740119,24
gen_backend_python_001,graphrag_style,backend/python,synthetic,explicit,completed_tasks,7,4,4,1.0,0.5714,0.7273,140,319,2.28,0.458804999880158,19
gen_backend_python_001,graphrag_style,backend/python,synthetic,explicit,pending_tasks,1,1,0,0.0,0.0,0.0,140,319,2.28,0.458804999880158,19
gen_backend_python_001,graphrag_style,backend/python,synthetic,explicit,decisions,5,6,5,0.8333,1.0,0.9091,140,319,2.28,0.458804999880158,19
gen_backend_python_001,graphrag_style,backend/python,synthetic,explicit,files,6,6,6,1.0,1.0,1.0,140,319,2.28,0.458804999880158,19
gen_backend_python_001,graphrag_style,backend/python,synthetic,explicit,errors,1,2,1,0.5,1.0,0.6667,140,319,2.28,0.458804999880158,19
gen_backend_python_001,mem0_style,backend/python,synthetic,explicit,completed_tasks,7,9,7,0.7778,1.0,0.875,164,319,1.95,0.8275820000562817,24
gen_backend_python_001,mem0_style,backend/python,synthetic,explicit,pending_tasks,1,2,1,0.5,1.0,0.6667,164,319,1.95,0.8275820000562817,24
gen_backend_python_001,mem0_style,backend/python,synthetic,explicit,decisions,5,6,4,0.6667,0.8,0.7273,164,319,1.95,0.8275820000562817,24
gen_backend_python_001,mem0_style,backend/python,synthetic,explicit,files,6,6,6,1.0,1.0,1.0,164,319,1.95,0.8275820000562817,24
gen_backend_python_001,mem0_style,backend/python,synthetic,explicit,errors,1,1,1,1.0,1.0,1.0,164,319,1.95,0.8275820000562817,24
gen_backend_python_001,memgpt_style,backend/python,synthetic,explicit,completed_tasks,7,6,5,0.8333,0.7143,0.7692,84,319,3.8,0.3068359999360837,10
gen_backend_python_001,memgpt_style,backend/python,synthetic,explicit,pending_tasks,1,0,0,1.0,0.0,0.0,84,319,3.8,0.3068359999360837,10
gen_backend_python_001,memgpt_style,backend/python,synthetic,explicit,decisions,5,2,1,0.5,0.2,0.2857,84,319,3.8,0.3068359999360837,10
gen_backend_python_001,memgpt_style,backend/python,synthetic,explicit,files,6,2,2,1.0,0.3333,0.5,84,319,3.8,0.3068359999360837,10
gen_backend_python_001,memgpt_style,backend/python,synthetic,explicit,errors,1,0,0,1.0,0.0,0.0,84,319,3.8,0.3068359999360837,10
gen_backend_python_001,sliding_window_10,backend/python,synthetic,explicit,completed_tasks,7,11,3,0.2727,0.4286,0.3333,108,319,2.95,0.003477999825918232,11
gen_backend_python_001,sliding_window_10,backend/python,synthetic,explicit,pending_tasks,1,11,0,0.0,0.0,0.0,108,319,2.95,0.003477999825918232,11
gen_backend_python_001,sliding_window_10,backend/python,synthetic,explicit,decisions,5,11,2,0.1818,0.4,0.25,108,319,2.95,0.003477999825918232,11
gen_backend_python_001,sliding_window_10,backend/python,synthetic,explicit,files,6,11,1,0.0909,0.1667,0.1176,108,319,2.95,0.003477999825918232,11
gen_backend_python_001,sliding_window_10,backend/python,synthetic,explicit,errors,1,11,0,0.0,0.0,0.0,108,319,2.95,0.003477999825918232,11
gen_backend_python_001,naive_truncation,backend/python,synthetic,explicit,completed_tasks,7,35,7,0.2,1.0,0.3333,316,319,1.01,0.018612999838296673,35
gen_backend_python_001,naive_truncation,backend/python,synthetic,explicit,pending_tasks,1,35,1,0.0286,1.0,0.0556,316,319,1.01,0.018612999838296673,35
gen_backend_python_001,naive_truncation,backend/python,synthetic,explicit,decisions,5,35,5,0.1429,1.0,0.25,316,319,1.01,0.018612999838296673,35
gen_backend_python_001,naive_truncation,backend/python,synthetic,explicit,files,6,35,6,0.1714,1.0,0.2927,316,319,1.01,0.018612999838296673,35
gen_backend_python_001,naive_truncation,backend/python,synthetic,explicit,errors,1,35,1,0.0286,1.0,0.0556,316,319,1.01,0.018612999838296673,35
gen_backend_python_001,naive_summary,backend/python,synthetic,explicit,completed_tasks,7,24,2,0.0833,0.2857,0.129,201,319,1.59,0.050752999868564075,24
gen_backend_python_001,naive_summary,backend/python,synthetic,explicit,pending_tasks,1,24,1,0.0417,1.0,0.08,201,319,1.59,0.050752999868564075,24
gen_backend_python_001,naive_summary,backend/python,synthetic,explicit,decisions,5,24,3,0.125,0.6,0.2069,201,319,1.59,0.050752999868564075,24
gen_backend_python_001,naive_summary,backend/python,synthetic,explicit,files,6,24,5,0.2083,0.8333,0.3333,201,319,1.59,0.050752999868564075,24
gen_backend_python_001,naive_summary,backend/python,synthetic,explicit,errors,1,24,1,0.0417,1.0,0.08,201,319,1.59,0.050752999868564075,24
gen_backend_python_002,tokenmizer_v0.5.2,backend/python,synthetic,explicit,completed_tasks,7,6,6,1.0,0.8571,0.9231,153,342,2.24,41.326964000063526,18
gen_backend_python_002,tokenmizer_v0.5.2,backend/python,synthetic,explicit,pending_tasks,4,2,2,1.0,0.5,0.6667,153,342,2.24,41.326964000063526,18
gen_backend_python_002,tokenmizer_v0.5.2,backend/python,synthetic,explicit,decisions,3,3,2,0.6667,0.6667,0.6667,153,342,2.24,41.326964000063526,18
gen_backend_python_002,tokenmizer_v0.5.2,backend/python,synthetic,explicit,files,6,6,6,1.0,1.0,1.0,153,342,2.24,41.326964000063526,18
gen_backend_python_002,tokenmizer_v0.5.2,backend/python,synthetic,explicit,errors,1,1,1,1.0,1.0,1.0,153,342,2.24,41.326964000063526,18
gen_backend_python_002,graphiti_style,backend/python,synthetic,explicit,completed_tasks,7,12,7,0.5833,1.0,0.7368,173,342,1.98,1.5646760000436188,28
gen_backend_python_002,graphiti_style,backend/python,synthetic,explicit,pending_tasks,4,5,4,0.8,1.0,0.8889,173,342,1.98,1.5646760000436188,28
gen_backend_python_002,graphiti_style,backend/python,synthetic,explicit,decisions,3,4,3,0.75,1.0,0.8571,173,342,1.98,1.5646760000436188,28
gen_backend_python_002,graphiti_style,backend/python,synthetic,explicit,files,6,6,6,1.0,1.0,1.0,173,342,1.98,1.5646760000436188,28
gen_backend_python_002,graphiti_style,backend/python,synthetic,explicit,errors,1,1,1,1.0,1.0,1.0,173,342,1.98,1.5646760000436188,28
gen_backend_python_002,graphrag_style,backend/python,synthetic,explicit,completed_tasks,7,4,4,1.0,0.5714,0.7273,143,342,2.39,0.5168919999505306,17
gen_backend_python_002,graphrag_style,backend/python,synthetic,explicit,pending_tasks,4,3,2,0.6667,0.5,0.5714,143,342,2.39,0.5168919999505306,17
gen_backend_python_002,graphrag_style,backend/python,synthetic,explicit,decisions,3,3,3,1.0,1.0,1.0,143,342,2.39,0.5168919999505306,17
gen_backend_python_002,graphrag_style,backend/python,synthetic,explicit,files,6,6,6,1.0,1.0,1.0,143,342,2.39,0.5168919999505306,17
gen_backend_python_002,graphrag_style,backend/python,synthetic,explicit,errors,1,1,1,1.0,1.0,1.0,143,342,2.39,0.5168919999505306,17
gen_backend_python_002,mem0_style,backend/python,synthetic,explicit,completed_tasks,7,12,7,0.5833,1.0,0.7368,172,342,1.99,1.00307899992913,28
gen_backend_python_002,mem0_style,backend/python,synthetic,explicit,pending_tasks,4,5,4,0.8,1.0,0.8889,172,342,1.99,1.00307899992913,28
gen_backend_python_002,mem0_style,backend/python,synthetic,explicit,decisions,3,4,3,0.75,1.0,0.8571,172,342,1.99,1.00307899992913,28
gen_backend_python_002,mem0_style,backend/python,synthetic,explicit,files,6,6,6,1.0,1.0,1.0,172,342,1.99,1.00307899992913,28
gen_backend_python_002,mem0_style,backend/python,synthetic,explicit,errors,1,1,1,1.0,1.0,1.0,172,342,1.99,1.00307899992913,28
gen_backend_python_002,memgpt_style,backend/python,synthetic,explicit,completed_tasks,7,4,2,0.5,0.2857,0.3636,70,342,4.89,0.25036600004568754,9
gen_backend_python_002,memgpt_style,backend/python,synthetic,explicit,pending_tasks,4,2,2,1.0,0.5,0.6667,70,342,4.89,0.25036600004568754,9
gen_backend_python_002,memgpt_style,backend/python,synthetic,explicit,decisions,3,1,1,1.0,0.3333,0.5,70,342,4.89,0.25036600004568754,9
gen_backend_python_002,memgpt_style,backend/python,synthetic,explicit,files,6,2,2,1.0,0.3333,0.5,70,342,4.89,0.25036600004568754,9
gen_backend_python_002,memgpt_style,backend/python,synthetic,explicit,errors,1,0,0,1.0,0.0,0.0,70,342,4.89,0.25036600004568754,9
gen_backend_python_002,sliding_window_10,backend/python,synthetic,explicit,completed_tasks,7,10,1,0.1,0.1429,0.1176,76,342,4.5,0.003639999931692728,10
gen_backend_python_002,sliding_window_10,backend/python,synthetic,explicit,pending_tasks,4,10,2,0.2,0.5,0.2857,76,342,4.5,0.003639999931692728,10
gen_backend_python_002,sliding_window_10,backend/python,synthetic,explicit,decisions,3,10,0,0.0,0.0,0.0,76,342,4.5,0.003639999931692728,10
gen_backend_python_002,sliding_window_10,backend/python,synthetic,explicit,files,6,10,2,0.2,0.3333,0.25,76,342,4.5,0.003639999931692728,10
gen_backend_python_002,sliding_window_10,backend/python,synthetic,explicit,errors,1,10,0,0.0,0.0,0.0,76,342,4.5,0.003639999931692728,10
gen_backend_python_002,naive_truncation,backend/python,synthetic,explicit,completed_tasks,7,35,6,0.1714,0.8571,0.2857,308,342,1.11,0.013075999959255569,35
gen_backend_python_002,naive_truncation,backend/python,synthetic,explicit,pending_tasks,4,35,4,0.1143,1.0,0.2051,308,342,1.11,0.013075999959255569,35
gen_backend_python_002,naive_truncation,backend/python,synthetic,explicit,decisions,3,35,2,0.0571,0.6667,0.1053,308,342,1.11,0.013075999959255569,35
gen_backend_python_002,naive_truncation,backend/python,synthetic,explicit,files,6,35,6,0.1714,1.0,0.2927,308,342,1.11,0.013075999959255569,35
gen_backend_python_002,naive_truncation,backend/python,synthetic,explicit,errors,1,35,1,0.0286,1.0,0.0556,308,342,1.11,0.013075999959255569,35
gen_backend_python_002,naive_summary,backend/python,synthetic,explicit,completed_tasks,7,21,5,0.2381,0.7143,0.3571,209,342,1.64,0.04045800005769706,21
gen_backend_python_002,naive_summary,backend/python,synthetic,explicit,pending_tasks,4,21,2,0.0952,0.5,0.16,209,342,1.64,0.04045800005769706,21
gen_backend_python_002,naive_summary,backend/python,synthetic,explicit,decisions,3,21,2,0.0952,0.6667,0.1667,209,342,1.64,0.04045800005769706,21
gen_backend_python_002,naive_summary,backend/python,synthetic,explicit,files,6,21,2,0.0952,0.3333,0.1481,209,342,1.64,0.04045800005769706,21
gen_backend_python_002,naive_summary,backend/python,synthetic,explicit,errors,1,21,0,0.0,0.0,0.0,209,342,1.64,0.04045800005769706,21
gen_backend_python_003,tokenmizer_v0.5.2,backend/python,synthetic,explicit,completed_tasks,4,4,4,1.0,1.0,1.0,112,259,2.31,39.18951999980891,16
gen_backend_python_003,tokenmizer_v0.5.2,backend/python,synthetic,explicit,pending_tasks,3,3,3,1.0,1.0,1.0,112,259,2.31,39.18951999980891,16
gen_backend_python_003,tokenmizer_v0.5.2,backend/python,synthetic,explicit,decisions,2,3,1,0.3333,0.5,0.4,112,259,2.31,39.18951999980891,16
gen_backend_python_003,tokenmizer_v0.5.2,backend/python,synthetic,explicit,files,6,6,6,1.0,1.0,1.0,112,259,2.31,39.18951999980891,16
gen_backend_python_003,graphiti_style,backend/python,synthetic,explicit,completed_tasks,4,8,4,0.5,1.0,0.6667,141,259,1.84,0.7359419998920202,21
gen_backend_python_003,graphiti_style,backend/python,synthetic,explicit,pending_tasks,3,4,3,0.75,1.0,0.8571,141,259,1.84,0.7359419998920202,21
gen_backend_python_003,graphiti_style,backend/python,synthetic,explicit,decisions,2,3,2,0.6667,1.0,0.8,141,259,1.84,0.7359419998920202,21
gen_backend_python_003,graphiti_style,backend/python,synthetic,explicit,files,6,6,6,1.0,1.0,1.0,141,259,1.84,0.7359419998920202,21
gen_backend_python_003,graphrag_style,backend/python,synthetic,explicit,completed_tasks,4,3,3,1.0,0.75,0.8571,106,259,2.44,0.4102369998690847,15
gen_backend_python_003,graphrag_style,backend/python,synthetic,explicit,pending_tasks,3,2,1,0.5,0.3333,0.4,106,259,2.44,0.4102369998690847,15
gen_backend_python_003,graphrag_style,backend/python,synthetic,explicit,decisions,2,3,2,0.6667,1.0,0.8,106,259,2.44,0.4102369998690847,15
gen_backend_python_003,graphrag_style,backend/python,synthetic,explicit,files,6,6,6,1.0,1.0,1.0,106,259,2.44,0.4102369998690847,15
gen_backend_python_003,graphrag_style,backend/python,synthetic,explicit,errors,0,1,0,0.0,1.0,0.0,106,259,2.44,0.4102369998690847,15
gen_backend_python_003,mem0_style,backend/python,synthetic,explicit,completed_tasks,4,8,4,0.5,1.0,0.6667,140,259,1.85,0.7092019998253818,21
gen_backend_python_003,mem0_style,backend/python,synthetic,explicit,pending_tasks,3,4,3,0.75,1.0,0.8571,140,259,1.85,0.7092019998253818,21
gen_backend_python_003,mem0_style,backend/python,synthetic,explicit,decisions,2,3,2,0.6667,1.0,0.8,140,259,1.85,0.7092019998253818,21
gen_backend_python_003,mem0_style,backend/python,synthetic,explicit,files,6,6,6,1.0,1.0,1.0,140,259,1.85,0.7092019998253818,21
gen_backend_python_003,memgpt_style,backend/python,synthetic,explicit,completed_tasks,4,3,1,0.3333,0.25,0.2857,60,259,4.32,0.24060999999164778,8
gen_backend_python_003,memgpt_style,backend/python,synthetic,explicit,pending_tasks,3,1,1,1.0,0.3333,0.5,60,259,4.32,0.24060999999164778,8
gen_backend_python_003,memgpt_style,backend/python,synthetic,explicit,decisions,2,1,1,1.0,0.5,0.6667,60,259,4.32,0.24060999999164778,8
gen_backend_python_003,memgpt_style,backend/python,synthetic,explicit,files,6,3,3,1.0,0.5,0.6667,60,259,4.32,0.24060999999164778,8
gen_backend_python_003,sliding_window_10,backend/python,synthetic,explicit,completed_tasks,4,10,1,0.1,0.25,0.1429,77,259,3.36,0.0033669998629193287,10
gen_backend_python_003,sliding_window_10,backend/python,synthetic,explicit,pending_tasks,3,10,1,0.1,0.3333,0.1538,77,259,3.36,0.0033669998629193287,10
gen_backend_python_003,sliding_window_10,backend/python,synthetic,explicit,decisions,2,10,0,0.0,0.0,0.0,77,259,3.36,0.0033669998629193287,10
gen_backend_python_003,sliding_window_10,backend/python,synthetic,explicit,files,6,10,3,0.3,0.5,0.375,77,259,3.36,0.0033669998629193287,10
gen_backend_python_003,sliding_window_10,backend/python,synthetic,explicit,errors,0,10,0,0.0,1.0,0.0,77,259,3.36,0.0033669998629193287,10
gen_backend_python_003,naive_truncation,backend/python,synthetic,explicit,completed_tasks,4,30,4,0.1333,1.0,0.2353,276,259,0.94,0.011744999937945977,30
gen_backend_python_003,naive_truncation,backend/python,synthetic,explicit,pending_tasks,3,30,3,0.1,1.0,0.1818,276,259,0.94,0.011744999937945977,30
gen_backend_python_003,naive_truncation,backend/python,synthetic,explicit,decisions,2,30,2,0.0667,1.0,0.125,276,259,0.94,0.011744999937945977,30
gen_backend_python_003,naive_truncation,backend/python,synthetic,explicit,files,6,30,6,0.2,1.0,0.3333,276,259,0.94,0.011744999937945977,30
gen_backend_python_003,naive_truncation,backend/python,synthetic,explicit,errors,0,30,0,0.0,1.0,0.0,276,259,0.94,0.011744999937945977,30
gen_backend_python_003,naive_summary,backend/python,synthetic,explicit,completed_tasks,4,20,3,0.15,0.75,0.25,191,259,1.36,0.02549900000303751,20
gen_backend_python_003,naive_summary,backend/python,synthetic,explicit,pending_tasks,3,20,2,0.1,0.6667,0.1739,191,259,1.36,0.02549900000303751,20
gen_backend_python_003,naive_summary,backend/python,synthetic,explicit,decisions,2,20,1,0.05,0.5,0.0909,191,259,1.36,0.02549900000303751,20
gen_backend_python_003,naive_summary,backend/python,synthetic,explicit,files,6,20,3,0.15,0.5,0.2308,191,259,1.36,0.02549900000303751,20
gen_backend_python_003,naive_summary,backend/python,synthetic,explicit,errors,0,20,0,0.0,1.0,0.0,191,259,1.36,0.02549900000303751,20
gen_backend_python_004,tokenmizer_v0.5.2,backend/python,synthetic,explicit,completed_tasks,3,3,3,1.0,1.0,1.0,143,276,1.93,40.423537000151555,19
gen_backend_python_004,tokenmizer_v0.5.2,backend/python,synthetic,explicit,pending_tasks,2,2,2,1.0,1.0,1.0,143,276,1.93,40.423537000151555,19
gen_backend_python_004,tokenmizer_v0.5.2,backend/python,synthetic,explicit,decisions,4,4,3,0.75,0.75,0.75,143,276,1.93,40.423537000151555,19
gen_backend_python_004,tokenmizer_v0.5.2,backend/python,synthetic,explicit,files,5,5,5,1.0,1.0,1.0,143,276,1.93,40.423537000151555,19
gen_backend_python_004,tokenmizer_v0.5.2,backend/python,synthetic,explicit,errors,3,5,3,0.6,1.0,0.75,143,276,1.93,40.423537000151555,19
gen_backend_python_004,graphiti_style,backend/python,synthetic,explicit,completed_tasks,3,6,3,0.5,1.0,0.6667,163,276,1.69,0.8889119999366812,22
gen_backend_python_004,graphiti_style,backend/python,synthetic,explicit,pending_tasks,2,3,2,0.6667,1.0,0.8,163,276,1.69,0.8889119999366812,22
gen_backend_python_004,graphiti_style,backend/python,synthetic,explicit,decisions,4,5,3,0.6,0.75,0.6667,163,276,1.69,0.8889119999366812,22
gen_backend_python_004,graphiti_style,backend/python,synthetic,explicit,files,5,5,5,1.0,1.0,1.0,163,276,1.69,0.8889119999366812,22
gen_backend_python_004,graphiti_style,backend/python,synthetic,explicit,errors,3,3,3,1.0,1.0,1.0,163,276,1.69,0.8889119999366812,22
gen_backend_python_004,graphrag_style,backend/python,synthetic,explicit,completed_tasks,3,1,1,1.0,0.3333,0.5,140,276,1.97,0.46224500010794145,17
gen_backend_python_004,graphrag_style,backend/python,synthetic,explicit,pending_tasks,2,3,2,0.6667,1.0,0.8,140,276,1.97,0.46224500010794145,17
gen_backend_python_004,graphrag_style,backend/python,synthetic,explicit,decisions,4,5,4,0.8,1.0,0.8889,140,276,1.97,0.46224500010794145,17
gen_backend_python_004,graphrag_style,backend/python,synthetic,explicit,files,5,5,5,1.0,1.0,1.0,140,276,1.97,0.46224500010794145,17
gen_backend_python_004,graphrag_style,backend/python,synthetic,explicit,errors,3,3,3,1.0,1.0,1.0,140,276,1.97,0.46224500010794145,17
gen_backend_python_004,mem0_style,backend/python,synthetic,explicit,completed_tasks,3,6,3,0.5,1.0,0.6667,162,276,1.7,0.850786999990305,22
gen_backend_python_004,mem0_style,backend/python,synthetic,explicit,pending_tasks,2,3,2,0.6667,1.0,0.8,162,276,1.7,0.850786999990305,22
gen_backend_python_004,mem0_style,backend/python,synthetic,explicit,decisions,4,5,3,0.6,0.75,0.6667,162,276,1.7,0.850786999990305,22
gen_backend_python_004,mem0_style,backend/python,synthetic,explicit,files,5,5,5,1.0,1.0,1.0,162,276,1.7,0.850786999990305,22
gen_backend_python_004,mem0_style,backend/python,synthetic,explicit,errors,3,3,3,1.0,1.0,1.0,162,276,1.7,0.850786999990305,22
gen_backend_python_004,memgpt_style,backend/python,synthetic,explicit,completed_tasks,3,3,1,0.3333,0.3333,0.3333,68,276,4.06,0.2583769999091601,9
gen_backend_python_004,memgpt_style,backend/python,synthetic,explicit,pending_tasks,2,0,0,1.0,0.0,0.0,68,276,4.06,0.2583769999091601,9
gen_backend_python_004,memgpt_style,backend/python,synthetic,explicit,decisions,4,1,0,0.0,0.0,0.0,68,276,4.06,0.2583769999091601,9
gen_backend_python_004,memgpt_style,backend/python,synthetic,explicit,files,5,3,3,1.0,0.6,0.75,68,276,4.06,0.2583769999091601,9
gen_backend_python_004,memgpt_style,backend/python,synthetic,explicit,errors,3,2,2,1.0,0.6667,0.8,68,276,4.06,0.2583769999091601,9
gen_backend_python_004,sliding_window_10,backend/python,synthetic,explicit,completed_tasks,3,11,1,0.0909,0.3333,0.1429,97,276,2.85,0.003127000127278734,11
gen_backend_python_004,sliding_window_10,backend/python,synthetic,explicit,pending_tasks,2,11,0,0.0,0.0,0.0,97,276,2.85,0.003127000127278734,11
gen_backend_python_004,sliding_window_10,backend/python,synthetic,explicit,decisions,4,11,1,0.0909,0.25,0.1333,97,276,2.85,0.003127000127278734,11
gen_backend_python_004,sliding_window_10,backend/python,synthetic,explicit,files,5,11,2,0.1818,0.4,0.25,97,276,2.85,0.003127000127278734,11
gen_backend_python_004,sliding_window_10,backend/python,synthetic,explicit,errors,3,11,2,0.1818,0.6667,0.2857,97,276,2.85,0.003127000127278734,11
gen_backend_python_004,naive_truncation,backend/python,synthetic,explicit,completed_tasks,3,33,3,0.0909,1.0,0.1667,295,276,0.94,0.01669800008130551,33
gen_backend_python_004,naive_truncation,backend/python,synthetic,explicit,pending_tasks,2,33,2,0.0606,1.0,0.1143,295,276,0.94,0.01669800008130551,33
gen_backend_python_004,naive_truncation,backend/python,synthetic,explicit,decisions,4,33,4,0.1212,1.0,0.2162,295,276,0.94,0.01669800008130551,33
gen_backend_python_004,naive_truncation,backend/python,synthetic,explicit,files,5,33,5,0.1515,1.0,0.2632,295,276,0.94,0.01669800008130551,33
gen_backend_python_004,naive_truncation,backend/python,synthetic,explicit,errors,3,33,3,0.0909,1.0,0.1667,295,276,0.94,0.01669800008130551,33
gen_backend_python_004,naive_summary,backend/python,synthetic,explicit,completed_tasks,3,22,2,0.0909,0.6667,0.16,192,276,1.44,0.035748000072999275,22
gen_backend_python_004,naive_summary,backend/python,synthetic,explicit,pending_tasks,2,22,2,0.0909,1.0,0.1667,192,276,1.44,0.035748000072999275,22
gen_backend_python_004,naive_summary,backend/python,synthetic,explicit,decisions,4,22,3,0.1364,0.75,0.2308,192,276,1.44,0.035748000072999275,22
gen_backend_python_004,naive_summary,backend/python,synthetic,explicit,files,5,22,2,0.0909,0.4,0.1481,192,276,1.44,0.035748000072999275,22
gen_backend_python_004,naive_summary,backend/python,synthetic,explicit,errors,3,22,1,0.0455,0.3333,0.08,192,276,1.44,0.035748000072999275,22
gen_backend_python_005,tokenmizer_v0.5.2,backend/python,synthetic,explicit,completed_tasks,7,6,6,1.0,0.8571,0.9231,126,244,1.94,43.740835000107836,16
gen_backend_python_005,tokenmizer_v0.5.2,backend/python,synthetic,explicit,pending_tasks,1,1,1,1.0,1.0,1.0,126,244,1.94,43.740835000107836,16
gen_backend_python_005,tokenmizer_v0.5.2,backend/python,synthetic,explicit,decisions,2,2,0,0.0,0.0,0.0,126,244,1.94,43.740835000107836,16
gen_backend_python_005,tokenmizer_v0.5.2,backend/python,synthetic,explicit,files,6,6,6,1.0,1.0,1.0,126,244,1.94,43.740835000107836,16
gen_backend_python_005,tokenmizer_v0.5.2,backend/python,synthetic,explicit,errors,0,1,0,0.0,1.0,0.0,126,244,1.94,43.740835000107836,16
gen_backend_python_005,graphiti_style,backend/python,synthetic,explicit,completed_tasks,7,12,7,0.5833,1.0,0.7368,122,244,2.0,0.6981500000620144,23
gen_backend_python_005,graphiti_style,backend/python,synthetic,explicit,pending_tasks,1,2,1,0.5,1.0,0.6667,122,244,2.0,0.6981500000620144,23
gen_backend_python_005,graphiti_style,backend/python,synthetic,explicit,decisions,2,3,2,0.6667,1.0,0.8,122,244,2.0,0.6981500000620144,23
gen_backend_python_005,graphiti_style,backend/python,synthetic,explicit,files,6,6,6,1.0,1.0,1.0,122,244,2.0,0.6981500000620144,23
gen_backend_python_005,graphrag_style,backend/python,synthetic,explicit,completed_tasks,7,3,3,1.0,0.4286,0.6,100,244,2.44,0.40213399984168063,14
gen_backend_python_005,graphrag_style,backend/python,synthetic,explicit,pending_tasks,1,2,1,0.5,1.0,0.6667,100,244,2.44,0.40213399984168063,14
gen_backend_python_005,graphrag_style,backend/python,synthetic,explicit,decisions,2,2,2,1.0,1.0,1.0,100,244,2.44,0.40213399984168063,14
gen_backend_python_005,graphrag_style,backend/python,synthetic,explicit,files,6,6,6,1.0,1.0,1.0,100,244,2.44,0.40213399984168063,14
gen_backend_python_005,graphrag_style,backend/python,synthetic,explicit,errors,0,1,0,0.0,1.0,0.0,100,244,2.44,0.40213399984168063,14
gen_backend_python_005,mem0_style,backend/python,synthetic,explicit,completed_tasks,7,12,7,0.5833,1.0,0.7368,121,244,2.02,0.6973370000196155,23
gen_backend_python_005,mem0_style,backend/python,synthetic,explicit,pending_tasks,1,2,1,0.5,1.0,0.6667,121,244,2.02,0.6973370000196155,23
gen_backend_python_005,mem0_style,backend/python,synthetic,explicit,decisions,2,3,2,0.6667,1.0,0.8,121,244,2.02,0.6973370000196155,23
gen_backend_python_005,mem0_style,backend/python,synthetic,explicit,files,6,6,6,1.0,1.0,1.0,121,244,2.02,0.6973370000196155,23
gen_backend_python_005,memgpt_style,backend/python,synthetic,explicit,completed_tasks,7,4,3,0.75,0.4286,0.5455,76,244,3.21,0.2177669998673082,9
gen_backend_python_005,memgpt_style,backend/python,synthetic,explicit,pending_tasks,1,1,1,1.0,1.0,1.0,76,244,3.21,0.2177669998673082,9
gen_backend_python_005,memgpt_style,backend/python,synthetic,explicit,decisions,2,2,1,0.5,0.5,0.5,76,244,3.21,0.2177669998673082,9
gen_backend_python_005,memgpt_style,backend/python,synthetic,explicit,files,6,2,2,1.0,0.3333,0.5,76,244,3.21,0.2177669998673082,9
gen_backend_python_005,sliding_window_10,backend/python,synthetic,explicit,completed_tasks,7,12,3,0.25,0.4286,0.3158,104,244,2.35,0.002635000100781326,12
gen_backend_python_005,sliding_window_10,backend/python,synthetic,explicit,pending_tasks,1,12,1,0.0833,1.0,0.1538,104,244,2.35,0.002635000100781326,12
gen_backend_python_005,sliding_window_10,backend/python,synthetic,explicit,decisions,2,12,1,0.0833,0.5,0.1429,104,244,2.35,0.002635000100781326,12
gen_backend_python_005,sliding_window_10,backend/python,synthetic,explicit,files,6,12,2,0.1667,0.3333,0.2222,104,244,2.35,0.002635000100781326,12
gen_backend_python_005,sliding_window_10,backend/python,synthetic,explicit,errors,0,12,0,0.0,1.0,0.0,104,244,2.35,0.002635000100781326,12
gen_backend_python_005,naive_truncation,backend/python,synthetic,explicit,completed_tasks,7,29,7,0.2414,1.0,0.3889,260,244,0.94,0.011485999948490644,29
gen_backend_python_005,naive_truncation,backend/python,synthetic,explicit,pending_tasks,1,29,1,0.0345,1.0,0.0667,260,244,0.94,0.011485999948490644,29
gen_backend_python_005,naive_truncation,backend/python,synthetic,explicit,decisions,2,29,2,0.069,1.0,0.129,260,244,0.94,0.011485999948490644,29
gen_backend_python_005,naive_truncation,backend/python,synthetic,explicit,files,6,29,6,0.2069,1.0,0.3429,260,244,0.94,0.011485999948490644,29
gen_backend_python_005,naive_truncation,backend/python,synthetic,explicit,errors,0,29,0,0.0,1.0,0.0,260,244,0.94,0.011485999948490644,29
gen_backend_python_005,naive_summary,backend/python,synthetic,explicit,completed_tasks,7,24,6,0.25,0.8571,0.3871,207,244,1.18,0.04669500003728899,24
gen_backend_python_005,naive_summary,backend/python,synthetic,explicit,pending_tasks,1,24,0,0.0,0.0,0.0,207,244,1.18,0.04669500003728899,24
gen_backend_python_005,naive_summary,backend/python,synthetic,explicit,decisions,2,24,1,0.0417,0.5,0.0769,207,244,1.18,0.04669500003728899,24
gen_backend_python_005,naive_summary,backend/python,synthetic,explicit,files,6,24,5,0.2083,0.8333,0.3333,207,244,1.18,0.04669500003728899,24
gen_backend_python_005,naive_summary,backend/python,synthetic,explicit,errors,0,24,0,0.0,1.0,0.0,207,244,1.18,0.04669500003728899,24
gen_backend_python_006,tokenmizer_v0.5.2,backend/python,synthetic,explicit,completed_tasks,4,4,4,1.0,1.0,1.0,129,260,2.02,41.54904200004239,16
gen_backend_python_006,tokenmizer_v0.5.2,backend/python,synthetic,explicit,pending_tasks,3,3,3,1.0,1.0,1.0,129,260,2.02,41.54904200004239,16
gen_backend_python_006,tokenmizer_v0.5.2,backend/python,synthetic,explicit,decisions,4,4,3,0.75,0.75,0.75,129,260,2.02,41.54904200004239,16
gen_backend_python_006,tokenmizer_v0.5.2,backend/python,synthetic,explicit,files,5,5,5,1.0,1.0,1.0,129,260,2.02,41.54904200004239,16
gen_backend_python_006,graphiti_style,backend/python,synthetic,explicit,completed_tasks,4,7,4,0.5714,1.0,0.7273,153,260,1.7,0.6699729999581905,20
gen_backend_python_006,graphiti_style,backend/python,synthetic,explicit,pending_tasks,3,4,3,0.75,1.0,0.8571,153,260,1.7,0.6699729999581905,20
gen_backend_python_006,graphiti_style,backend/python,synthetic,explicit,decisions,4,4,4,1.0,1.0,1.0,153,260,1.7,0.6699729999581905,20
gen_backend_python_006,graphiti_style,backend/python,synthetic,explicit,files,5,5,5,1.0,1.0,1.0,153,260,1.7,0.6699729999581905,20
gen_backend_python_006,graphrag_style,backend/python,synthetic,explicit,completed_tasks,4,1,1,1.0,0.25,0.4,82,260,3.17,0.4077789999428205,11
gen_backend_python_006,graphrag_style,backend/python,synthetic,explicit,pending_tasks,3,1,0,0.0,0.0,0.0,82,260,3.17,0.4077789999428205,11
gen_backend_python_006,graphrag_style,backend/python,synthetic,explicit,decisions,4,4,4,1.0,1.0,1.0,82,260,3.17,0.4077789999428205,11
gen_backend_python_006,graphrag_style,backend/python,synthetic,explicit,files,5,5,5,1.0,1.0,1.0,82,260,3.17,0.4077789999428205,11
gen_backend_python_006,mem0_style,backend/python,synthetic,explicit,completed_tasks,4,7,4,0.5714,1.0,0.7273,152,260,1.71,0.709174000121493,20
gen_backend_python_006,mem0_style,backend/python,synthetic,explicit,pending_tasks,3,4,3,0.75,1.0,0.8571,152,260,1.71,0.709174000121493,20
gen_backend_python_006,mem0_style,backend/python,synthetic,explicit,decisions,4,4,4,1.0,1.0,1.0,152,260,1.71,0.709174000121493,20
gen_backend_python_006,mem0_style,backend/python,synthetic,explicit,files,5,5,5,1.0,1.0,1.0,152,260,1.71,0.709174000121493,20
gen_backend_python_006,memgpt_style,backend/python,synthetic,explicit,completed_tasks,4,4,3,0.75,0.75,0.75,71,260,3.66,0.2890450000450073,8
gen_backend_python_006,memgpt_style,backend/python,synthetic,explicit,pending_tasks,3,1,1,1.0,0.3333,0.5,71,260,3.66,0.2890450000450073,8
gen_backend_python_006,memgpt_style,backend/python,synthetic,explicit,decisions,4,1,1,1.0,0.25,0.4,71,260,3.66,0.2890450000450073,8
gen_backend_python_006,memgpt_style,backend/python,synthetic,explicit,files,5,2,2,1.0,0.4,0.5714,71,260,3.66,0.2890450000450073,8
gen_backend_python_006,sliding_window_10,backend/python,synthetic,explicit,completed_tasks,4,11,2,0.1818,0.5,0.2667,89,260,2.92,0.00394599987885158,11
gen_backend_python_006,sliding_window_10,backend/python,synthetic,explicit,pending_tasks,3,11,1,0.0909,0.3333,0.1429,89,260,2.92,0.00394599987885158,11
gen_backend_python_006,sliding_window_10,backend/python,synthetic,explicit,decisions,4,11,1,0.0909,0.25,0.1333,89,260,2.92,0.00394599987885158,11
gen_backend_python_006,sliding_window_10,backend/python,synthetic,explicit,files,5,11,2,0.1818,0.4,0.25,89,260,2.92,0.00394599987885158,11
gen_backend_python_006,sliding_window_10,backend/python,synthetic,explicit,errors,0,11,0,0.0,1.0,0.0,89,260,2.92,0.00394599987885158,11
gen_backend_python_006,naive_truncation,backend/python,synthetic,explicit,completed_tasks,4,32,4,0.125,1.0,0.2222,277,260,0.94,0.015336000160459662,32
gen_backend_python_006,naive_truncation,backend/python,synthetic,explicit,pending_tasks,3,32,3,0.0938,1.0,0.1714,277,260,0.94,0.015336000160459662,32
gen_backend_python_006,naive_truncation,backend/python,synthetic,explicit,decisions,4,32,4,0.125,1.0,0.2222,277,260,0.94,0.015336000160459662,32
gen_backend_python_006,naive_truncation,backend/python,synthetic,explicit,files,5,32,5,0.1562,1.0,0.2703,277,260,0.94,0.015336000160459662,32
gen_backend_python_006,naive_truncation,backend/python,synthetic,explicit,errors,0,32,0,0.0,1.0,0.0,277,260,0.94,0.015336000160459662,32
gen_backend_python_006,naive_summary,backend/python,synthetic,explicit,completed_tasks,4,23,2,0.087,0.5,0.1481,199,260,1.31,0.0388870000733732,23
gen_backend_python_006,naive_summary,backend/python,synthetic,explicit,pending_tasks,3,23,3,0.1304,1.0,0.2308,199,260,1.31,0.0388870000733732,23
gen_backend_python_006,naive_summary,backend/python,synthetic,explicit,decisions,4,23,3,0.1304,0.75,0.2222,199,260,1.31,0.0388870000733732,23
gen_backend_python_006,naive_summary,backend/python,synthetic,explicit,files,5,23,3,0.1304,0.6,0.2143,199,260,1.31,0.0388870000733732,23
gen_backend_python_006,naive_summary,backend/python,synthetic,explicit,errors,0,23,0,0.0,1.0,0.0,199,260,1.31,0.0388870000733732,23
gen_data_sql_001,tokenmizer_v0.5.2,data/sql,synthetic,mixed,completed_tasks,6,3,3,1.0,0.5,0.6667,105,350,3.33,45.4523060000156,11
gen_data_sql_001,tokenmizer_v0.5.2,data/sql,synthetic,mixed,pending_tasks,2,1,1,1.0,0.5,0.6667,105,350,3.33,45.4523060000156,11
gen_data_sql_001,tokenmizer_v0.5.2,data/sql,synthetic,mixed,decisions,2,2,2,1.0,1.0,1.0,105,350,3.33,45.4523060000156,11
gen_data_sql_001,tokenmizer_v0.5.2,data/sql,synthetic,mixed,files,5,5,5,1.0,1.0,1.0,105,350,3.33,45.4523060000156,11
gen_data_sql_001,tokenmizer_v0.5.2,data/sql,synthetic,mixed,errors,2,0,0,1.0,0.0,0.0,105,350,3.33,45.4523060000156,11
gen_data_sql_001,graphiti_style,data/sql,synthetic,mixed,completed_tasks,6,5,4,0.8,0.6667,0.7273,141,350,2.48,0.8794679999937216,15
gen_data_sql_001,graphiti_style,data/sql,synthetic,mixed,pending_tasks,2,2,1,0.5,0.5,0.5,141,350,2.48,0.8794679999937216,15
gen_data_sql_001,graphiti_style,data/sql,synthetic,mixed,decisions,2,3,2,0.6667,1.0,0.8,141,350,2.48,0.8794679999937216,15
gen_data_sql_001,graphiti_style,data/sql,synthetic,mixed,files,5,5,5,1.0,1.0,1.0,141,350,2.48,0.8794679999937216,15
gen_data_sql_001,graphiti_style,data/sql,synthetic,mixed,errors,2,0,0,1.0,0.0,0.0,141,350,2.48,0.8794679999937216,15
gen_data_sql_001,graphrag_style,data/sql,synthetic,mixed,completed_tasks,6,1,1,1.0,0.1667,0.2857,91,350,3.85,0.4927049999423616,11
gen_data_sql_001,graphrag_style,data/sql,synthetic,mixed,pending_tasks,2,1,0,0.0,0.0,0.0,91,350,3.85,0.4927049999423616,11
gen_data_sql_001,graphrag_style,data/sql,synthetic,mixed,decisions,2,3,2,0.6667,1.0,0.8,91,350,3.85,0.4927049999423616,11
gen_data_sql_001,graphrag_style,data/sql,synthetic,mixed,files,5,5,5,1.0,1.0,1.0,91,350,3.85,0.4927049999423616,11
gen_data_sql_001,graphrag_style,data/sql,synthetic,mixed,errors,2,1,0,0.0,0.0,0.0,91,350,3.85,0.4927049999423616,11
gen_data_sql_001,mem0_style,data/sql,synthetic,mixed,completed_tasks,6,5,4,0.8,0.6667,0.7273,140,350,2.5,0.9507970000868227,15
gen_data_sql_001,mem0_style,data/sql,synthetic,mixed,pending_tasks,2,2,1,0.5,0.5,0.5,140,350,2.5,0.9507970000868227,15
gen_data_sql_001,mem0_style,data/sql,synthetic,mixed,decisions,2,3,2,0.6667,1.0,0.8,140,350,2.5,0.9507970000868227,15
gen_data_sql_001,mem0_style,data/sql,synthetic,mixed,files,5,5,5,1.0,1.0,1.0,140,350,2.5,0.9507970000868227,15
gen_data_sql_001,mem0_style,data/sql,synthetic,mixed,errors,2,0,0,1.0,0.0,0.0,140,350,2.5,0.9507970000868227,15
gen_data_sql_001,memgpt_style,data/sql,synthetic,mixed,completed_tasks,6,2,2,1.0,0.3333,0.5,70,350,5.0,0.3795450002144207,6
gen_data_sql_001,memgpt_style,data/sql,synthetic,mixed,pending_tasks,2,1,1,1.0,0.5,0.6667,70,350,5.0,0.3795450002144207,6
gen_data_sql_001,memgpt_style,data/sql,synthetic,mixed,decisions,2,1,0,0.0,0.0,0.0,70,350,5.0,0.3795450002144207,6
gen_data_sql_001,memgpt_style,data/sql,synthetic,mixed,files,5,2,3,1.0,0.6,0.75,70,350,5.0,0.3795450002144207,6
gen_data_sql_001,memgpt_style,data/sql,synthetic,mixed,errors,2,0,0,1.0,0.0,0.0,70,350,5.0,0.3795450002144207,6
gen_data_sql_001,sliding_window_10,data/sql,synthetic,mixed,completed_tasks,6,12,3,0.25,0.5,0.3333,150,350,2.33,0.0031439999474969227,12
gen_data_sql_001,sliding_window_10,data/sql,synthetic,mixed,pending_tasks,2,12,2,0.1667,1.0,0.2857,150,350,2.33,0.0031439999474969227,12
gen_data_sql_001,sliding_window_10,data/sql,synthetic,mixed,decisions,2,12,0,0.0,0.0,0.0,150,350,2.33,0.0031439999474969227,12
gen_data_sql_001,sliding_window_10,data/sql,synthetic,mixed,files,5,12,1,0.0833,0.2,0.1176,150,350,2.33,0.0031439999474969227,12
gen_data_sql_001,sliding_window_10,data/sql,synthetic,mixed,errors,2,12,1,0.0833,0.5,0.1429,150,350,2.33,0.0031439999474969227,12
gen_data_sql_001,naive_truncation,data/sql,synthetic,mixed,completed_tasks,6,26,5,0.1923,0.8333,0.3125,295,350,1.19,0.014629000133936643,26
gen_data_sql_001,naive_truncation,data/sql,synthetic,mixed,pending_tasks,2,26,2,0.0769,1.0,0.1429,295,350,1.19,0.014629000133936643,26
gen_data_sql_001,naive_truncation,data/sql,synthetic,mixed,decisions,2,26,2,0.0769,1.0,0.1429,295,350,1.19,0.014629000133936643,26
gen_data_sql_001,naive_truncation,data/sql,synthetic,mixed,files,5,26,5,0.1923,1.0,0.3226,295,350,1.19,0.014629000133936643,26
gen_data_sql_001,naive_truncation,data/sql,synthetic,mixed,errors,2,26,1,0.0385,0.5,0.0714,295,350,1.19,0.014629000133936643,26
gen_data_sql_001,naive_summary,data/sql,synthetic,mixed,completed_tasks,6,19,3,0.1579,0.5,0.24,193,350,1.81,0.04609699999491568,19
gen_data_sql_001,naive_summary,data/sql,synthetic,mixed,pending_tasks,2,19,0,0.0,0.0,0.0,193,350,1.81,0.04609699999491568,19
gen_data_sql_001,naive_summary,data/sql,synthetic,mixed,decisions,2,19,2,0.1053,1.0,0.1905,193,350,1.81,0.04609699999491568,19
gen_data_sql_001,naive_summary,data/sql,synthetic,mixed,files,5,19,4,0.1579,0.8,0.2637,193,350,1.81,0.04609699999491568,19
gen_data_sql_001,naive_summary,data/sql,synthetic,mixed,errors,2,19,1,0.0526,0.5,0.0952,193,350,1.81,0.04609699999491568,19
gen_data_sql_002,tokenmizer_v0.5.2,data/sql,synthetic,mixed,completed_tasks,3,2,2,1.0,0.6667,0.8,134,371,2.77,46.118712999941636,15
gen_data_sql_002,tokenmizer_v0.5.2,data/sql,synthetic,mixed,pending_tasks,4,1,1,1.0,0.25,0.4,134,371,2.77,46.118712999941636,15
gen_data_sql_002,tokenmizer_v0.5.2,data/sql,synthetic,mixed,decisions,3,5,2,0.4,0.6667,0.5,134,371,2.77,46.118712999941636,15
gen_data_sql_002,tokenmizer_v0.5.2,data/sql,synthetic,mixed,files,6,6,6,1.0,1.0,1.0,134,371,2.77,46.118712999941636,15
gen_data_sql_002,tokenmizer_v0.5.2,data/sql,synthetic,mixed,errors,2,1,1,1.0,0.5,0.6667,134,371,2.77,46.118712999941636,15
gen_data_sql_002,graphiti_style,data/sql,synthetic,mixed,completed_tasks,3,6,2,0.3333,0.6667,0.4444,150,371,2.47,0.9256589999040443,20
gen_data_sql_002,graphiti_style,data/sql,synthetic,mixed,pending_tasks,4,4,1,0.25,0.25,0.25,150,371,2.47,0.9256589999040443,20
gen_data_sql_002,graphiti_style,data/sql,synthetic,mixed,decisions,3,3,3,1.0,1.0,1.0,150,371,2.47,0.9256589999040443,20
gen_data_sql_002,graphiti_style,data/sql,synthetic,mixed,files,6,6,6,1.0,1.0,1.0,150,371,2.47,0.9256589999040443,20
gen_data_sql_002,graphiti_style,data/sql,synthetic,mixed,errors,2,1,1,1.0,0.5,0.6667,150,371,2.47,0.9256589999040443,20
gen_data_sql_002,graphrag_style,data/sql,synthetic,mixed,completed_tasks,3,0,0,1.0,0.0,0.0,84,371,4.42,0.4740550000406074,12
gen_data_sql_002,graphrag_style,data/sql,synthetic,mixed,pending_tasks,4,3,1,0.3333,0.25,0.2857,84,371,4.42,0.4740550000406074,12
gen_data_sql_002,graphrag_style,data/sql,synthetic,mixed,decisions,3,3,3,1.0,1.0,1.0,84,371,4.42,0.4740550000406074,12
gen_data_sql_002,graphrag_style,data/sql,synthetic,mixed,files,6,6,6,1.0,1.0,1.0,84,371,4.42,0.4740550000406074,12
gen_data_sql_002,graphrag_style,data/sql,synthetic,mixed,errors,2,0,0,1.0,0.0,0.0,84,371,4.42,0.4740550000406074,12
gen_data_sql_002,mem0_style,data/sql,synthetic,mixed,completed_tasks,3,6,2,0.3333,0.6667,0.4444,146,371,2.54,0.9440399999220972,19
gen_data_sql_002,mem0_style,data/sql,synthetic,mixed,pending_tasks,4,3,1,0.3333,0.25,0.2857,146,371,2.54,0.9440399999220972,19
gen_data_sql_002,mem0_style,data/sql,synthetic,mixed,decisions,3,3,3,1.0,1.0,1.0,146,371,2.54,0.9440399999220972,19
gen_data_sql_002,mem0_style,data/sql,synthetic,mixed,files,6,6,6,1.0,1.0,1.0,146,371,2.54,0.9440399999220972,19
gen_data_sql_002,mem0_style,data/sql,synthetic,mixed,errors,2,1,1,1.0,0.5,0.6667,146,371,2.54,0.9440399999220972,19
gen_data_sql_002,memgpt_style,data/sql,synthetic,mixed,completed_tasks,3,4,1,0.25,0.3333,0.2857,74,371,5.01,0.4037449998577358,9
gen_data_sql_002,memgpt_style,data/sql,synthetic,mixed,pending_tasks,4,0,0,1.0,0.0,0.0,74,371,5.01,0.4037449998577358,9
gen_data_sql_002,memgpt_style,data/sql,synthetic,mixed,decisions,3,1,1,1.0,0.3333,0.5,74,371,5.01,0.4037449998577358,9
gen_data_sql_002,memgpt_style,data/sql,synthetic,mixed,files,6,3,4,1.0,0.6667,0.8,74,371,5.01,0.4037449998577358,9
gen_data_sql_002,memgpt_style,data/sql,synthetic,mixed,errors,2,1,1,1.0,0.5,0.6667,74,371,5.01,0.4037449998577358,9
gen_data_sql_002,sliding_window_10,data/sql,synthetic,mixed,completed_tasks,3,12,2,0.1667,0.6667,0.2667,126,371,2.94,0.0031439999474969227,12
gen_data_sql_002,sliding_window_10,data/sql,synthetic,mixed,pending_tasks,4,12,1,0.0833,0.25,0.125,126,371,2.94,0.0031439999474969227,12
gen_data_sql_002,sliding_window_10,data/sql,synthetic,mixed,decisions,3,12,1,0.0833,0.3333,0.1333,126,371,2.94,0.0031439999474969227,12
gen_data_sql_002,sliding_window_10,data/sql,synthetic,mixed,files,6,12,4,0.25,0.6667,0.3636,126,371,2.94,0.0031439999474969227,12
gen_data_sql_002,sliding_window_10,data/sql,synthetic,mixed,errors,2,12,0,0.0,0.0,0.0,126,371,2.94,0.0031439999474969227,12
gen_data_sql_002,naive_truncation,data/sql,synthetic,mixed,completed_tasks,3,27,3,0.1111,1.0,0.2,301,371,1.23,0.013053999964540708,27
gen_data_sql_002,naive_truncation,data/sql,synthetic,mixed,pending_tasks,4,27,3,0.1111,0.75,0.1935,301,371,1.23,0.013053999964540708,27
gen_data_sql_002,naive_truncation,data/sql,synthetic,mixed,decisions,3,27,2,0.0741,0.6667,0.1333,301,371,1.23,0.013053999964540708,27
gen_data_sql_002,naive_truncation,data/sql,synthetic,mixed,files,6,27,6,0.1852,1.0,0.3125,301,371,1.23,0.013053999964540708,27
gen_data_sql_002,naive_truncation,data/sql,synthetic,mixed,errors,2,27,2,0.0741,1.0,0.1379,301,371,1.23,0.013053999964540708,27
gen_data_sql_002,naive_summary,data/sql,synthetic,mixed,completed_tasks,3,14,0,0.0,0.0,0.0,178,371,2.08,0.03747599998860096,14
gen_data_sql_002,naive_summary,data/sql,synthetic,mixed,pending_tasks,4,14,2,0.1429,0.5,0.2222,178,371,2.08,0.03747599998860096,14
gen_data_sql_002,naive_summary,data/sql,synthetic,mixed,decisions,3,14,1,0.0714,0.3333,0.1176,178,371,2.08,0.03747599998860096,14
gen_data_sql_002,naive_summary,data/sql,synthetic,mixed,files,6,14,4,0.2143,0.6667,0.3243,178,371,2.08,0.03747599998860096,14
gen_data_sql_002,naive_summary,data/sql,synthetic,mixed,errors,2,14,1,0.0714,0.5,0.125,178,371,2.08,0.03747599998860096,14
gen_data_sql_003,tokenmizer_v0.5.2,data/sql,synthetic,mixed,completed_tasks,3,1,1,1.0,0.3333,0.5,55,258,4.69,72.08368199985671,6
gen_data_sql_003,tokenmizer_v0.5.2,data/sql,synthetic,mixed,pending_tasks,1,0,0,1.0,0.0,0.0,55,258,4.69,72.08368199985671,6
gen_data_sql_003,tokenmizer_v0.5.2,data/sql,synthetic,mixed,decisions,5,2,2,1.0,0.4,0.5714,55,258,4.69,72.08368199985671,6
gen_data_sql_003,tokenmizer_v0.5.2,data/sql,synthetic,mixed,files,2,2,2,1.0,1.0,1.0,55,258,4.69,72.08368199985671,6
gen_data_sql_003,tokenmizer_v0.5.2,data/sql,synthetic,mixed,errors,0,1,0,0.0,1.0,0.0,55,258,4.69,72.08368199985671,6
gen_data_sql_003,graphiti_style,data/sql,synthetic,mixed,completed_tasks,3,1,1,1.0,0.3333,0.5,74,258,3.49,0.7197659999746975,9
gen_data_sql_003,graphiti_style,data/sql,synthetic,mixed,pending_tasks,1,1,0,0.0,0.0,0.0,74,258,3.49,0.7197659999746975,9
gen_data_sql_003,graphiti_style,data/sql,synthetic,mixed,decisions,5,5,4,0.8,0.8,0.8,74,258,3.49,0.7197659999746975,9
gen_data_sql_003,graphiti_style,data/sql,synthetic,mixed,files,2,2,2,1.0,1.0,1.0,74,258,3.49,0.7197659999746975,9
gen_data_sql_003,graphrag_style,data/sql,synthetic,mixed,completed_tasks,3,0,0,1.0,0.0,0.0,62,258,4.16,0.36571300006471574,7
gen_data_sql_003,graphrag_style,data/sql,synthetic,mixed,pending_tasks,1,1,0,0.0,0.0,0.0,62,258,4.16,0.36571300006471574,7
gen_data_sql_003,graphrag_style,data/sql,synthetic,mixed,decisions,5,4,4,1.0,0.8,0.8889,62,258,4.16,0.36571300006471574,7
gen_data_sql_003,graphrag_style,data/sql,synthetic,mixed,files,2,2,2,1.0,1.0,1.0,62,258,4.16,0.36571300006471574,7
gen_data_sql_003,mem0_style,data/sql,synthetic,mixed,completed_tasks,3,1,1,1.0,0.3333,0.5,73,258,3.53,0.7064549999995506,9
gen_data_sql_003,mem0_style,data/sql,synthetic,mixed,pending_tasks,1,1,0,0.0,0.0,0.0,73,258,3.53,0.7064549999995506,9
gen_data_sql_003,mem0_style,data/sql,synthetic,mixed,decisions,5,5,4,0.8,0.8,0.8,73,258,3.53,0.7064549999995506,9
gen_data_sql_003,mem0_style,data/sql,synthetic,mixed,files,2,2,2,1.0,1.0,1.0,73,258,3.53,0.7064549999995506,9
gen_data_sql_003,memgpt_style,data/sql,synthetic,mixed,completed_tasks,3,1,1,1.0,0.3333,0.5,40,258,6.45,0.24705200007701933,4
gen_data_sql_003,memgpt_style,data/sql,synthetic,mixed,pending_tasks,1,0,0,1.0,0.0,0.0,40,258,6.45,0.24705200007701933,4
gen_data_sql_003,memgpt_style,data/sql,synthetic,mixed,decisions,5,2,2,1.0,0.4,0.5714,40,258,6.45,0.24705200007701933,4
gen_data_sql_003,memgpt_style,data/sql,synthetic,mixed,files,2,1,1,1.0,0.5,0.6667,40,258,6.45,0.24705200007701933,4
gen_data_sql_003,sliding_window_10,data/sql,synthetic,mixed,completed_tasks,3,12,2,0.1667,0.6667,0.2667,144,258,1.79,0.003377999973963597,12
gen_data_sql_003,sliding_window_10,data/sql,synthetic,mixed,pending_tasks,1,12,1,0.0833,1.0,0.1538,144,258,1.79,0.003377999973963597,12
gen_data_sql_003,sliding_window_10,data/sql,synthetic,mixed,decisions,5,12,3,0.25,0.6,0.3529,144,258,1.79,0.003377999973963597,12
gen_data_sql_003,sliding_window_10,data/sql,synthetic,mixed,files,2,12,1,0.0833,0.5,0.1429,144,258,1.79,0.003377999973963597,12
gen_data_sql_003,sliding_window_10,data/sql,synthetic,mixed,errors,0,12,0,0.0,1.0,0.0,144,258,1.79,0.003377999973963597,12
gen_data_sql_003,naive_truncation,data/sql,synthetic,mixed,completed_tasks,3,22,3,0.1364,1.0,0.24,269,258,0.96,0.01114999986384646,22
gen_data_sql_003,naive_truncation,data/sql,synthetic,mixed,pending_tasks,1,22,1,0.0455,1.0,0.087,269,258,0.96,0.01114999986384646,22
gen_data_sql_003,naive_truncation,data/sql,synthetic,mixed,decisions,5,22,5,0.2273,1.0,0.3704,269,258,0.96,0.01114999986384646,22
gen_data_sql_003,naive_truncation,data/sql,synthetic,mixed,files,2,22,2,0.0909,1.0,0.1667,269,258,0.96,0.01114999986384646,22
gen_data_sql_003,naive_truncation,data/sql,synthetic,mixed,errors,0,22,0,0.0,1.0,0.0,269,258,0.96,0.01114999986384646,22
gen_data_sql_003,naive_summary,data/sql,synthetic,mixed,completed_tasks,3,14,2,0.1429,0.6667,0.2353,169,258,1.53,0.03971900014221319,14
gen_data_sql_003,naive_summary,data/sql,synthetic,mixed,pending_tasks,1,14,0,0.0,0.0,0.0,169,258,1.53,0.03971900014221319,14
gen_data_sql_003,naive_summary,data/sql,synthetic,mixed,decisions,5,14,2,0.1429,0.4,0.2105,169,258,1.53,0.03971900014221319,14
gen_data_sql_003,naive_summary,data/sql,synthetic,mixed,files,2,14,1,0.0714,0.5,0.125,169,258,1.53,0.03971900014221319,14
gen_data_sql_003,naive_summary,data/sql,synthetic,mixed,errors,0,14,0,0.0,1.0,0.0,169,258,1.53,0.03971900014221319,14
gen_data_sql_004,tokenmizer_v0.5.2,data/sql,synthetic,mixed,completed_tasks,5,3,2,0.6667,0.4,0.5,98,331,3.38,44.21154600004229,9
gen_data_sql_004,tokenmizer_v0.5.2,data/sql,synthetic,mixed,pending_tasks,1,0,0,1.0,0.0,0.0,98,331,3.38,44.21154600004229,9
gen_data_sql_004,tokenmizer_v0.5.2,data/sql,synthetic,mixed,decisions,3,3,2,0.6667,0.6667,0.6667,98,331,3.38,44.21154600004229,9
gen_data_sql_004,tokenmizer_v0.5.2,data/sql,synthetic,mixed,files,2,2,2,1.0,1.0,1.0,98,331,3.38,44.21154600004229,9
gen_data_sql_004,tokenmizer_v0.5.2,data/sql,synthetic,mixed,errors,2,1,0,0.0,0.0,0.0,98,331,3.38,44.21154600004229,9
gen_data_sql_004,graphiti_style,data/sql,synthetic,mixed,completed_tasks,5,3,2,0.6667,0.4,0.5,83,331,3.99,0.921654999956445,10
gen_data_sql_004,graphiti_style,data/sql,synthetic,mixed,pending_tasks,1,2,0,0.0,0.0,0.0,83,331,3.99,0.921654999956445,10
gen_data_sql_004,graphiti_style,data/sql,synthetic,mixed,decisions,3,2,1,0.5,0.3333,0.4,83,331,3.99,0.921654999956445,10
gen_data_sql_004,graphiti_style,data/sql,synthetic,mixed,files,2,2,2,1.0,1.0,1.0,83,331,3.99,0.921654999956445,10
gen_data_sql_004,graphiti_style,data/sql,synthetic,mixed,errors,2,1,1,1.0,0.5,0.6667,83,331,3.99,0.921654999956445,10
gen_data_sql_004,graphrag_style,data/sql,synthetic,mixed,completed_tasks,5,1,1,1.0,0.2,0.3333,50,331,6.62,0.4305219999878318,7
gen_data_sql_004,graphrag_style,data/sql,synthetic,mixed,pending_tasks,1,2,0,0.0,0.0,0.0,50,331,6.62,0.4305219999878318,7
gen_data_sql_004,graphrag_style,data/sql,synthetic,mixed,decisions,3,2,1,0.5,0.3333,0.4,50,331,6.62,0.4305219999878318,7
gen_data_sql_004,graphrag_style,data/sql,synthetic,mixed,files,2,2,2,1.0,1.0,1.0,50,331,6.62,0.4305219999878318,7
gen_data_sql_004,graphrag_style,data/sql,synthetic,mixed,errors,2,0,0,1.0,0.0,0.0,50,331,6.62,0.4305219999878318,7
gen_data_sql_004,mem0_style,data/sql,synthetic,mixed,completed_tasks,5,3,2,0.6667,0.4,0.5,82,331,4.04,0.8613889999651292,10
gen_data_sql_004,mem0_style,data/sql,synthetic,mixed,pending_tasks,1,2,0,0.0,0.0,0.0,82,331,4.04,0.8613889999651292,10
gen_data_sql_004,mem0_style,data/sql,synthetic,mixed,decisions,3,2,1,0.5,0.3333,0.4,82,331,4.04,0.8613889999651292,10
gen_data_sql_004,mem0_style,data/sql,synthetic,mixed,files,2,2,2,1.0,1.0,1.0,82,331,4.04,0.8613889999651292,10
gen_data_sql_004,mem0_style,data/sql,synthetic,mixed,errors,2,1,1,1.0,0.5,0.6667,82,331,4.04,0.8613889999651292,10
gen_data_sql_004,memgpt_style,data/sql,synthetic,mixed,completed_tasks,5,3,2,0.6667,0.4,0.5,39,331,8.49,0.33281199989687593,4
gen_data_sql_004,memgpt_style,data/sql,synthetic,mixed,pending_tasks,1,0,0,1.0,0.0,0.0,39,331,8.49,0.33281199989687593,4
gen_data_sql_004,memgpt_style,data/sql,synthetic,mixed,decisions,3,0,0,1.0,0.0,0.0,39,331,8.49,0.33281199989687593,4
gen_data_sql_004,memgpt_style,data/sql,synthetic,mixed,files,2,1,1,1.0,0.5,0.6667,39,331,8.49,0.33281199989687593,4
gen_data_sql_004,memgpt_style,data/sql,synthetic,mixed,errors,2,0,0,1.0,0.0,0.0,39,331,8.49,0.33281199989687593,4
gen_data_sql_004,sliding_window_10,data/sql,synthetic,mixed,completed_tasks,5,13,5,0.3846,1.0,0.5556,205,331,1.61,0.0037299998894013697,13
gen_data_sql_004,sliding_window_10,data/sql,synthetic,mixed,pending_tasks,1,13,0,0.0,0.0,0.0,205,331,1.61,0.0037299998894013697,13
gen_data_sql_004,sliding_window_10,data/sql,synthetic,mixed,decisions,3,13,1,0.0769,0.3333,0.125,205,331,1.61,0.0037299998894013697,13
gen_data_sql_004,sliding_window_10,data/sql,synthetic,mixed,files,2,13,1,0.0769,0.5,0.1333,205,331,1.61,0.0037299998894013697,13
gen_data_sql_004,sliding_window_10,data/sql,synthetic,mixed,errors,2,13,1,0.0769,0.5,0.1333,205,331,1.61,0.0037299998894013697,13
gen_data_sql_004,naive_truncation,data/sql,synthetic,mixed,completed_tasks,5,21,5,0.2381,1.0,0.3846,308,331,1.07,0.01367899994875188,21
gen_data_sql_004,naive_truncation,data/sql,synthetic,mixed,pending_tasks,1,21,1,0.0476,1.0,0.0909,308,331,1.07,0.01367899994875188,21
gen_data_sql_004,naive_truncation,data/sql,synthetic,mixed,decisions,3,21,3,0.1429,1.0,0.25,308,331,1.07,0.01367899994875188,21
gen_data_sql_004,naive_truncation,data/sql,synthetic,mixed,files,2,21,2,0.0952,1.0,0.1739,308,331,1.07,0.01367899994875188,21
gen_data_sql_004,naive_truncation,data/sql,synthetic,mixed,errors,2,21,2,0.0952,1.0,0.1739,308,331,1.07,0.01367899994875188,21
gen_data_sql_004,naive_summary,data/sql,synthetic,mixed,completed_tasks,5,14,1,0.0714,0.2,0.1053,187,331,1.77,0.03272300000389805,14
gen_data_sql_004,naive_summary,data/sql,synthetic,mixed,pending_tasks,1,14,1,0.0714,1.0,0.1333,187,331,1.77,0.03272300000389805,14
gen_data_sql_004,naive_summary,data/sql,synthetic,mixed,decisions,3,14,2,0.1429,0.6667,0.2353,187,331,1.77,0.03272300000389805,14
gen_data_sql_004,naive_summary,data/sql,synthetic,mixed,files,2,14,1,0.0714,0.5,0.125,187,331,1.77,0.03272300000389805,14
gen_data_sql_004,naive_summary,data/sql,synthetic,mixed,errors,2,14,1,0.0714,0.5,0.125,187,331,1.77,0.03272300000389805,14
gen_data_sql_005,tokenmizer_v0.5.2,data/sql,synthetic,mixed,completed_tasks,4,2,2,1.0,0.5,0.6667,82,395,4.82,43.11324499985858,10
gen_data_sql_005,tokenmizer_v0.5.2,data/sql,synthetic,mixed,pending_tasks,2,0,0,1.0,0.0,0.0,82,395,4.82,43.11324499985858,10
gen_data_sql_005,tokenmizer_v0.5.2,data/sql,synthetic,mixed,decisions,2,2,0,0.0,0.0,0.0,82,395,4.82,43.11324499985858,10
gen_data_sql_005,tokenmizer_v0.5.2,data/sql,synthetic,mixed,files,6,6,6,1.0,1.0,1.0,82,395,4.82,43.11324499985858,10
gen_data_sql_005,tokenmizer_v0.5.2,data/sql,synthetic,mixed,errors,3,0,0,1.0,0.0,0.0,82,395,4.82,43.11324499985858,10
gen_data_sql_005,graphiti_style,data/sql,synthetic,mixed,completed_tasks,4,4,2,0.5,0.5,0.5,104,395,3.8,1.1705590000019583,14
gen_data_sql_005,graphiti_style,data/sql,synthetic,mixed,pending_tasks,2,1,0,0.0,0.0,0.0,104,395,3.8,1.1705590000019583,14
gen_data_sql_005,graphiti_style,data/sql,synthetic,mixed,decisions,2,1,0,0.0,0.0,0.0,104,395,3.8,1.1705590000019583,14
gen_data_sql_005,graphiti_style,data/sql,synthetic,mixed,files,6,6,6,1.0,1.0,1.0,104,395,3.8,1.1705590000019583,14
gen_data_sql_005,graphiti_style,data/sql,synthetic,mixed,errors,3,2,2,1.0,0.6667,0.8,104,395,3.8,1.1705590000019583,14
gen_data_sql_005,graphrag_style,data/sql,synthetic,mixed,completed_tasks,4,2,2,1.0,0.5,0.6667,103,395,3.83,0.8423420001690829,13
gen_data_sql_005,graphrag_style,data/sql,synthetic,mixed,pending_tasks,2,1,0,0.0,0.0,0.0,103,395,3.83,0.8423420001690829,13
gen_data_sql_005,graphrag_style,data/sql,synthetic,mixed,decisions,2,1,0,0.0,0.0,0.0,103,395,3.83,0.8423420001690829,13
gen_data_sql_005,graphrag_style,data/sql,synthetic,mixed,files,6,6,6,1.0,1.0,1.0,103,395,3.83,0.8423420001690829,13
gen_data_sql_005,graphrag_style,data/sql,synthetic,mixed,errors,3,3,2,0.6667,0.6667,0.6667,103,395,3.83,0.8423420001690829,13
gen_data_sql_005,mem0_style,data/sql,synthetic,mixed,completed_tasks,4,4,2,0.5,0.5,0.5,103,395,3.83,0.9919110000282672,14
gen_data_sql_005,mem0_style,data/sql,synthetic,mixed,pending_tasks,2,1,0,0.0,0.0,0.0,103,395,3.83,0.9919110000282672,14
gen_data_sql_005,mem0_style,data/sql,synthetic,mixed,decisions,2,1,0,0.0,0.0,0.0,103,395,3.83,0.9919110000282672,14
gen_data_sql_005,mem0_style,data/sql,synthetic,mixed,files,6,6,6,1.0,1.0,1.0,103,395,3.83,0.9919110000282672,14
gen_data_sql_005,mem0_style,data/sql,synthetic,mixed,errors,3,2,2,1.0,0.6667,0.8,103,395,3.83,0.9919110000282672,14
gen_data_sql_005,memgpt_style,data/sql,synthetic,mixed,completed_tasks,4,1,0,0.0,0.0,0.0,56,395,7.05,0.4195829999389389,7
gen_data_sql_005,memgpt_style,data/sql,synthetic,mixed,pending_tasks,2,0,0,1.0,0.0,0.0,56,395,7.05,0.4195829999389389,7
gen_data_sql_005,memgpt_style,data/sql,synthetic,mixed,decisions,2,1,0,0.0,0.0,0.0,56,395,7.05,0.4195829999389389,7
gen_data_sql_005,memgpt_style,data/sql,synthetic,mixed,files,6,3,3,1.0,0.5,0.6667,56,395,7.05,0.4195829999389389,7
gen_data_sql_005,memgpt_style,data/sql,synthetic,mixed,errors,3,2,2,1.0,0.6667,0.8,56,395,7.05,0.4195829999389389,7
gen_data_sql_005,sliding_window_10,data/sql,synthetic,mixed,completed_tasks,4,12,1,0.0833,0.25,0.125,150,395,2.63,0.0036700000691780588,12
gen_data_sql_005,sliding_window_10,data/sql,synthetic,mixed,pending_tasks,2,12,1,0.0833,0.5,0.1429,150,395,2.63,0.0036700000691780588,12
gen_data_sql_005,sliding_window_10,data/sql,synthetic,mixed,decisions,2,12,2,0.1667,1.0,0.2857,150,395,2.63,0.0036700000691780588,12
gen_data_sql_005,sliding_window_10,data/sql,synthetic,mixed,files,6,12,1,0.0833,0.1667,0.1111,150,395,2.63,0.0036700000691780588,12
gen_data_sql_005,sliding_window_10,data/sql,synthetic,mixed,errors,3,12,2,0.1667,0.6667,0.2667,150,395,2.63,0.0036700000691780588,12
gen_data_sql_005,naive_truncation,data/sql,synthetic,mixed,completed_tasks,4,25,3,0.12,0.75,0.2069,306,395,1.29,0.013125000123181962,25
gen_data_sql_005,naive_truncation,data/sql,synthetic,mixed,pending_tasks,2,25,1,0.04,0.5,0.0741,306,395,1.29,0.013125000123181962,25
gen_data_sql_005,naive_truncation,data/sql,synthetic,mixed,decisions,2,25,2,0.08,1.0,0.1481,306,395,1.29,0.013125000123181962,25
gen_data_sql_005,naive_truncation,data/sql,synthetic,mixed,files,6,25,5,0.2,0.8333,0.3226,306,395,1.29,0.013125000123181962,25
gen_data_sql_005,naive_truncation,data/sql,synthetic,mixed,errors,3,25,3,0.12,1.0,0.2143,306,395,1.29,0.013125000123181962,25
gen_data_sql_005,naive_summary,data/sql,synthetic,mixed,completed_tasks,4,17,2,0.1176,0.5,0.1905,187,395,2.11,0.04178999984105758,17
gen_data_sql_005,naive_summary,data/sql,synthetic,mixed,pending_tasks,2,17,1,0.0588,0.5,0.1053,187,395,2.11,0.04178999984105758,17
gen_data_sql_005,naive_summary,data/sql,synthetic,mixed,decisions,2,17,0,0.0,0.0,0.0,187,395,2.11,0.04178999984105758,17
gen_data_sql_005,naive_summary,data/sql,synthetic,mixed,files,6,17,3,0.1765,0.5,0.2609,187,395,2.11,0.04178999984105758,17
gen_data_sql_005,naive_summary,data/sql,synthetic,mixed,errors,3,17,1,0.0588,0.3333,0.1,187,395,2.11,0.04178999984105758,17
gen_data_sql_006,tokenmizer_v0.5.2,data/sql,synthetic,mixed,completed_tasks,3,1,1,1.0,0.3333,0.5,105,363,3.46,43.20685500010768,11
gen_data_sql_006,tokenmizer_v0.5.2,data/sql,synthetic,mixed,pending_tasks,4,1,1,1.0,0.25,0.4,105,363,3.46,43.20685500010768,11
gen_data_sql_006,tokenmizer_v0.5.2,data/sql,synthetic,mixed,decisions,4,3,2,0.6667,0.5,0.5714,105,363,3.46,43.20685500010768,11
gen_data_sql_006,tokenmizer_v0.5.2,data/sql,synthetic,mixed,files,5,5,5,1.0,1.0,1.0,105,363,3.46,43.20685500010768,11
gen_data_sql_006,tokenmizer_v0.5.2,data/sql,synthetic,mixed,errors,0,1,0,0.0,1.0,0.0,105,363,3.46,43.20685500010768,11
gen_data_sql_006,graphiti_style,data/sql,synthetic,mixed,completed_tasks,3,1,1,1.0,0.3333,0.5,115,363,3.16,1.0219329999472393,15
gen_data_sql_006,graphiti_style,data/sql,synthetic,mixed,pending_tasks,4,4,1,0.25,0.25,0.25,115,363,3.16,1.0219329999472393,15
gen_data_sql_006,graphiti_style,data/sql,synthetic,mixed,decisions,4,5,4,0.8,1.0,0.8889,115,363,3.16,1.0219329999472393,15
gen_data_sql_006,graphiti_style,data/sql,synthetic,mixed,files,5,5,5,1.0,1.0,1.0,115,363,3.16,1.0219329999472393,15
gen_data_sql_006,graphrag_style,data/sql,synthetic,mixed,completed_tasks,3,0,0,1.0,0.0,0.0,82,363,4.43,0.7075299999996787,11
gen_data_sql_006,graphrag_style,data/sql,synthetic,mixed,pending_tasks,4,2,0,0.0,0.0,0.0,82,363,4.43,0.7075299999996787,11
gen_data_sql_006,graphrag_style,data/sql,synthetic,mixed,decisions,4,4,4,1.0,1.0,1.0,82,363,4.43,0.7075299999996787,11
gen_data_sql_006,graphrag_style,data/sql,synthetic,mixed,files,5,5,5,1.0,1.0,1.0,82,363,4.43,0.7075299999996787,11
gen_data_sql_006,mem0_style,data/sql,synthetic,mixed,completed_tasks,3,1,1,1.0,0.3333,0.5,110,363,3.3,0.9351749999950698,14
gen_data_sql_006,mem0_style,data/sql,synthetic,mixed,pending_tasks,4,3,1,0.3333,0.25,0.2857,110,363,3.3,0.9351749999950698,14
gen_data_sql_006,mem0_style,data/sql,synthetic,mixed,decisions,4,5,4,0.8,1.0,0.8889,110,363,3.3,0.9351749999950698,14
gen_data_sql_006,mem0_style,data/sql,synthetic,mixed,files,5,5,5,1.0,1.0,1.0,110,363,3.3,0.9351749999950698,14
gen_data_sql_006,memgpt_style,data/sql,synthetic,mixed,completed_tasks,3,0,0,1.0,0.0,0.0,49,363,7.41,0.2939280000191502,6
gen_data_sql_006,memgpt_style,data/sql,synthetic,mixed,pending_tasks,4,3,1,0.3333,0.25,0.2857,49,363,7.41,0.2939280000191502,6
gen_data_sql_006,memgpt_style,data/sql,synthetic,mixed,decisions,4,1,1,1.0,0.25,0.4,49,363,7.41,0.2939280000191502,6
gen_data_sql_006,memgpt_style,data/sql,synthetic,mixed,files,5,2,3,1.0,0.6,0.75,49,363,7.41,0.2939280000191502,6
gen_data_sql_006,sliding_window_10,data/sql,synthetic,mixed,completed_tasks,3,10,1,0.1,0.3333,0.1538,116,363,3.13,0.0034300001061637886,10
gen_data_sql_006,sliding_window_10,data/sql,synthetic,mixed,pending_tasks,4,10,2,0.2,0.5,0.2857,116,363,3.13,0.0034300001061637886,10
gen_data_sql_006,sliding_window_10,data/sql,synthetic,mixed,decisions,4,10,0,0.0,0.0,0.0,116,363,3.13,0.0034300001061637886,10
gen_data_sql_006,sliding_window_10,data/sql,synthetic,mixed,files,5,10,3,0.2,0.6,0.3,116,363,3.13,0.0034300001061637886,10
gen_data_sql_006,sliding_window_10,data/sql,synthetic,mixed,errors,0,10,0,0.0,1.0,0.0,116,363,3.13,0.0034300001061637886,10
gen_data_sql_006,naive_truncation,data/sql,synthetic,mixed,completed_tasks,3,23,1,0.0435,0.3333,0.0769,282,363,1.29,0.015306000022974331,23
gen_data_sql_006,naive_truncation,data/sql,synthetic,mixed,pending_tasks,4,23,4,0.1739,1.0,0.2963,282,363,1.29,0.015306000022974331,23
gen_data_sql_006,naive_truncation,data/sql,synthetic,mixed,decisions,4,23,3,0.1304,0.75,0.2222,282,363,1.29,0.015306000022974331,23
gen_data_sql_006,naive_truncation,data/sql,synthetic,mixed,files,5,23,4,0.1739,0.8,0.2857,282,363,1.29,0.015306000022974331,23
gen_data_sql_006,naive_truncation,data/sql,synthetic,mixed,errors,0,23,0,0.0,1.0,0.0,282,363,1.29,0.015306000022974331,23
gen_data_sql_006,naive_summary,data/sql,synthetic,mixed,completed_tasks,3,15,2,0.1333,0.6667,0.2222,179,363,2.03,0.05274800014376524,15
gen_data_sql_006,naive_summary,data/sql,synthetic,mixed,pending_tasks,4,15,1,0.0667,0.25,0.1053,179,363,2.03,0.05274800014376524,15
gen_data_sql_006,naive_summary,data/sql,synthetic,mixed,decisions,4,15,3,0.2,0.75,0.3158,179,363,2.03,0.05274800014376524,15
gen_data_sql_006,naive_summary,data/sql,synthetic,mixed,files,5,15,3,0.1333,0.6,0.2182,179,363,2.03,0.05274800014376524,15
gen_data_sql_006,naive_summary,data/sql,synthetic,mixed,errors,0,15,0,0.0,1.0,0.0,179,363,2.03,0.05274800014376524,15
gen_data_streaming_001,tokenmizer_v0.5.2,data/streaming,synthetic,implicit,completed_tasks,7,0,0,1.0,0.0,0.0,37,489,13.22,46.52477300010105,4
gen_data_streaming_001,tokenmizer_v0.5.2,data/streaming,synthetic,implicit,pending_tasks,3,0,0,1.0,0.0,0.0,37,489,13.22,46.52477300010105,4
gen_data_streaming_001,tokenmizer_v0.5.2,data/streaming,synthetic,implicit,decisions,3,0,0,1.0,0.0,0.0,37,489,13.22,46.52477300010105,4
gen_data_streaming_001,tokenmizer_v0.5.2,data/streaming,synthetic,implicit,files,3,3,3,1.0,1.0,1.0,37,489,13.22,46.52477300010105,4
gen_data_streaming_001,tokenmizer_v0.5.2,data/streaming,synthetic,implicit,errors,1,1,1,1.0,1.0,1.0,37,489,13.22,46.52477300010105,4
gen_data_streaming_001,graphiti_style,data/streaming,synthetic,implicit,completed_tasks,7,0,0,1.0,0.0,0.0,24,489,20.38,1.380423000000519,4
gen_data_streaming_001,graphiti_style,data/streaming,synthetic,implicit,pending_tasks,3,1,0,0.0,0.0,0.0,24,489,20.38,1.380423000000519,4
gen_data_streaming_001,graphiti_style,data/streaming,synthetic,implicit,decisions,3,0,0,1.0,0.0,0.0,24,489,20.38,1.380423000000519,4
gen_data_streaming_001,graphiti_style,data/streaming,synthetic,implicit,files,3,3,2,0.6667,0.6667,0.6667,24,489,20.38,1.380423000000519,4
gen_data_streaming_001,graphiti_style,data/streaming,synthetic,implicit,errors,1,0,0,1.0,0.0,0.0,24,489,20.38,1.380423000000519,4
gen_data_streaming_001,graphrag_style,data/streaming,synthetic,implicit,completed_tasks,7,0,0,1.0,0.0,0.0,24,489,20.38,0.6397920001290913,4
gen_data_streaming_001,graphrag_style,data/streaming,synthetic,implicit,pending_tasks,3,1,0,0.0,0.0,0.0,24,489,20.38,0.6397920001290913,4
gen_data_streaming_001,graphrag_style,data/streaming,synthetic,implicit,decisions,3,0,0,1.0,0.0,0.0,24,489,20.38,0.6397920001290913,4
gen_data_streaming_001,graphrag_style,data/streaming,synthetic,implicit,files,3,3,2,0.6667,0.6667,0.6667,24,489,20.38,0.6397920001290913,4
gen_data_streaming_001,graphrag_style,data/streaming,synthetic,implicit,errors,1,0,0,1.0,0.0,0.0,24,489,20.38,0.6397920001290913,4
gen_data_streaming_001,mem0_style,data/streaming,synthetic,implicit,completed_tasks,7,0,0,1.0,0.0,0.0,23,489,21.26,1.2888649998785695,4
gen_data_streaming_001,mem0_style,data/streaming,synthetic,implicit,pending_tasks,3,1,0,0.0,0.0,0.0,23,489,21.26,1.2888649998785695,4
gen_data_streaming_001,mem0_style,data/streaming,synthetic,implicit,decisions,3,0,0,1.0,0.0,0.0,23,489,21.26,1.2888649998785695,4
gen_data_streaming_001,mem0_style,data/streaming,synthetic,implicit,files,3,3,2,0.6667,0.6667,0.6667,23,489,21.26,1.2888649998785695,4
gen_data_streaming_001,mem0_style,data/streaming,synthetic,implicit,errors,1,0,0,1.0,0.0,0.0,23,489,21.26,1.2888649998785695,4
gen_data_streaming_001,memgpt_style,data/streaming,synthetic,implicit,completed_tasks,7,0,0,1.0,0.0,0.0,13,489,37.62,0.46060199997555173,2
gen_data_streaming_001,memgpt_style,data/streaming,synthetic,implicit,pending_tasks,3,1,0,0.0,0.0,0.0,13,489,37.62,0.46060199997555173,2
gen_data_streaming_001,memgpt_style,data/streaming,synthetic,implicit,decisions,3,0,0,1.0,0.0,0.0,13,489,37.62,0.46060199997555173,2
gen_data_streaming_001,memgpt_style,data/streaming,synthetic,implicit,files,3,1,1,1.0,0.3333,0.5,13,489,37.62,0.46060199997555173,2
gen_data_streaming_001,memgpt_style,data/streaming,synthetic,implicit,errors,1,0,0,1.0,0.0,0.0,13,489,37.62,0.46060199997555173,2
gen_data_streaming_001,sliding_window_10,data/streaming,synthetic,implicit,completed_tasks,7,11,3,0.2727,0.4286,0.3333,173,489,2.83,0.0031039999157655984,11
gen_data_streaming_001,sliding_window_10,data/streaming,synthetic,implicit,pending_tasks,3,11,0,0.0,0.0,0.0,173,489,2.83,0.0031039999157655984,11
gen_data_streaming_001,sliding_window_10,data/streaming,synthetic,implicit,decisions,3,11,2,0.1818,0.6667,0.2857,173,489,2.83,0.0031039999157655984,11
gen_data_streaming_001,sliding_window_10,data/streaming,synthetic,implicit,files,3,11,1,0.0909,0.3333,0.1429,173,489,2.83,0.0031039999157655984,11
gen_data_streaming_001,sliding_window_10,data/streaming,synthetic,implicit,errors,1,11,1,0.0909,1.0,0.1667,173,489,2.83,0.0031039999157655984,11
gen_data_streaming_001,naive_truncation,data/streaming,synthetic,implicit,completed_tasks,7,18,5,0.2778,0.7143,0.4,276,489,1.77,0.01578699993842747,18
gen_data_streaming_001,naive_truncation,data/streaming,synthetic,implicit,pending_tasks,3,18,1,0.0556,0.3333,0.0952,276,489,1.77,0.01578699993842747,18
gen_data_streaming_001,naive_truncation,data/streaming,synthetic,implicit,decisions,3,18,2,0.1111,0.6667,0.1905,276,489,1.77,0.01578699993842747,18
gen_data_streaming_001,naive_truncation,data/streaming,synthetic,implicit,files,3,18,2,0.1111,0.6667,0.1905,276,489,1.77,0.01578699993842747,18
gen_data_streaming_001,naive_truncation,data/streaming,synthetic,implicit,errors,1,18,1,0.0556,1.0,0.1053,276,489,1.77,0.01578699993842747,18
gen_data_streaming_001,naive_summary,data/streaming,synthetic,implicit,completed_tasks,7,11,2,0.1818,0.2857,0.2222,181,489,2.7,0.06485899984909338,11
gen_data_streaming_001,naive_summary,data/streaming,synthetic,implicit,pending_tasks,3,11,1,0.0909,0.3333,0.1429,181,489,2.7,0.06485899984909338,11
gen_data_streaming_001,naive_summary,data/streaming,synthetic,implicit,decisions,3,11,1,0.0909,0.3333,0.1429,181,489,2.7,0.06485899984909338,11
gen_data_streaming_001,naive_summary,data/streaming,synthetic,implicit,files,3,11,1,0.0909,0.3333,0.1429,181,489,2.7,0.06485899984909338,11
gen_data_streaming_001,naive_summary,data/streaming,synthetic,implicit,errors,1,11,0,0.0,0.0,0.0,181,489,2.7,0.06485899984909338,11
gen_data_streaming_002,tokenmizer_v0.5.2,data/streaming,synthetic,implicit,completed_tasks,4,0,0,1.0,0.0,0.0,49,448,9.14,45.44826899996224,4
gen_data_streaming_002,tokenmizer_v0.5.2,data/streaming,synthetic,implicit,pending_tasks,3,0,0,1.0,0.0,0.0,49,448,9.14,45.44826899996224,4
gen_data_streaming_002,tokenmizer_v0.5.2,data/streaming,synthetic,implicit,decisions,4,1,0,0.0,0.0,0.0,49,448,9.14,45.44826899996224,4
gen_data_streaming_002,tokenmizer_v0.5.2,data/streaming,synthetic,implicit,files,2,2,2,1.0,1.0,1.0,49,448,9.14,45.44826899996224,4
gen_data_streaming_002,tokenmizer_v0.5.2,data/streaming,synthetic,implicit,errors,3,1,1,1.0,0.3333,0.5,49,448,9.14,45.44826899996224,4
gen_data_streaming_002,graphiti_style,data/streaming,synthetic,implicit,completed_tasks,4,0,0,1.0,0.0,0.0,26,448,17.23,1.2109520000649354,4
gen_data_streaming_002,graphiti_style,data/streaming,synthetic,implicit,pending_tasks,3,1,0,0.0,0.0,0.0,26,448,17.23,1.2109520000649354,4
gen_data_streaming_002,graphiti_style,data/streaming,synthetic,implicit,decisions,4,1,0,0.0,0.0,0.0,26,448,17.23,1.2109520000649354,4
gen_data_streaming_002,graphiti_style,data/streaming,synthetic,implicit,files,2,2,1,0.5,0.5,0.5,26,448,17.23,1.2109520000649354,4
gen_data_streaming_002,graphiti_style,data/streaming,synthetic,implicit,errors,3,0,0,1.0,0.0,0.0,26,448,17.23,1.2109520000649354,4
gen_data_streaming_002,graphrag_style,data/streaming,synthetic,implicit,completed_tasks,4,0,0,1.0,0.0,0.0,29,448,15.45,0.6431280000924744,4
gen_data_streaming_002,graphrag_style,data/streaming,synthetic,implicit,pending_tasks,3,1,0,0.0,0.0,0.0,29,448,15.45,0.6431280000924744,4
gen_data_streaming_002,graphrag_style,data/streaming,synthetic,implicit,decisions,4,0,0,1.0,0.0,0.0,29,448,15.45,0.6431280000924744,4
gen_data_streaming_002,graphrag_style,data/streaming,synthetic,implicit,files,2,2,1,0.5,0.5,0.5,29,448,15.45,0.6431280000924744,4
gen_data_streaming_002,graphrag_style,data/streaming,synthetic,implicit,errors,3,1,0,0.0,0.0,0.0,29,448,15.45,0.6431280000924744,4
gen_data_streaming_002,mem0_style,data/streaming,synthetic,implicit,completed_tasks,4,0,0,1.0,0.0,0.0,25,448,17.92,1.2082969999482884,4
gen_data_streaming_002,mem0_style,data/streaming,synthetic,implicit,pending_tasks,3,1,0,0.0,0.0,0.0,25,448,17.92,1.2082969999482884,4
gen_data_streaming_002,mem0_style,data/streaming,synthetic,implicit,decisions,4,1,0,0.0,0.0,0.0,25,448,17.92,1.2082969999482884,4
gen_data_streaming_002,mem0_style,data/streaming,synthetic,implicit,files,2,2,1,0.5,0.5,0.5,25,448,17.92,1.2082969999482884,4
gen_data_streaming_002,mem0_style,data/streaming,synthetic,implicit,errors,3,0,0,1.0,0.0,0.0,25,448,17.92,1.2082969999482884,4
gen_data_streaming_002,memgpt_style,data/streaming,synthetic,implicit,completed_tasks,4,0,0,1.0,0.0,0.0,11,448,40.73,0.46020099989618757,1
gen_data_streaming_002,memgpt_style,data/streaming,synthetic,implicit,pending_tasks,3,0,0,1.0,0.0,0.0,11,448,40.73,0.46020099989618757,1
gen_data_streaming_002,memgpt_style,data/streaming,synthetic,implicit,decisions,4,0,0,1.0,0.0,0.0,11,448,40.73,0.46020099989618757,1
gen_data_streaming_002,memgpt_style,data/streaming,synthetic,implicit,files,2,1,1,1.0,0.5,0.6667,11,448,40.73,0.46020099989618757,1
gen_data_streaming_002,memgpt_style,data/streaming,synthetic,implicit,errors,3,0,0,1.0,0.0,0.0,11,448,40.73,0.46020099989618757,1
gen_data_streaming_002,sliding_window_10,data/streaming,synthetic,implicit,completed_tasks,4,13,4,0.3077,1.0,0.4706,208,448,2.15,0.0032819998523336835,13
gen_data_streaming_002,sliding_window_10,data/streaming,synthetic,implicit,pending_tasks,3,13,2,0.1538,0.6667,0.25,208,448,2.15,0.0032819998523336835,13
gen_data_streaming_002,sliding_window_10,data/streaming,synthetic,implicit,decisions,4,13,0,0.0,0.0,0.0,208,448,2.15,0.0032819998523336835,13
gen_data_streaming_002,sliding_window_10,data/streaming,synthetic,implicit,files,2,13,1,0.0769,0.5,0.1333,208,448,2.15,0.0032819998523336835,13
gen_data_streaming_002,sliding_window_10,data/streaming,synthetic,implicit,errors,3,13,1,0.0769,0.3333,0.125,208,448,2.15,0.0032819998523336835,13
gen_data_streaming_002,naive_truncation,data/streaming,synthetic,implicit,completed_tasks,4,19,4,0.2105,1.0,0.3478,304,448,1.47,0.016589999859206728,19
gen_data_streaming_002,naive_truncation,data/streaming,synthetic,implicit,pending_tasks,3,19,2,0.1053,0.6667,0.1818,304,448,1.47,0.016589999859206728,19
gen_data_streaming_002,naive_truncation,data/streaming,synthetic,implicit,decisions,4,19,3,0.1579,0.75,0.2609,304,448,1.47,0.016589999859206728,19
gen_data_streaming_002,naive_truncation,data/streaming,synthetic,implicit,files,2,19,1,0.0526,0.5,0.0952,304,448,1.47,0.016589999859206728,19
gen_data_streaming_002,naive_truncation,data/streaming,synthetic,implicit,errors,3,19,1,0.0526,0.3333,0.0909,304,448,1.47,0.016589999859206728,19
gen_data_streaming_002,naive_summary,data/streaming,synthetic,implicit,completed_tasks,4,12,0,0.0,0.0,0.0,174,448,2.57,0.051513000016711885,12
gen_data_streaming_002,naive_summary,data/streaming,synthetic,implicit,pending_tasks,3,12,1,0.0833,0.3333,0.1333,174,448,2.57,0.051513000016711885,12
gen_data_streaming_002,naive_summary,data/streaming,synthetic,implicit,decisions,4,12,1,0.0833,0.25,0.125,174,448,2.57,0.051513000016711885,12
gen_data_streaming_002,naive_summary,data/streaming,synthetic,implicit,files,2,12,1,0.0833,0.5,0.1429,174,448,2.57,0.051513000016711885,12
gen_data_streaming_002,naive_summary,data/streaming,synthetic,implicit,errors,3,12,2,0.1667,0.6667,0.2667,174,448,2.57,0.051513000016711885,12
gen_data_streaming_003,tokenmizer_v0.5.2,data/streaming,synthetic,implicit,completed_tasks,6,0,0,1.0,0.0,0.0,65,605,9.31,47.58758800016949,5
gen_data_streaming_003,tokenmizer_v0.5.2,data/streaming,synthetic,implicit,pending_tasks,4,0,0,1.0,0.0,0.0,65,605,9.31,47.58758800016949,5
gen_data_streaming_003,tokenmizer_v0.5.2,data/streaming,synthetic,implicit,decisions,6,1,0,0.0,0.0,0.0,65,605,9.31,47.58758800016949,5
gen_data_streaming_003,tokenmizer_v0.5.2,data/streaming,synthetic,implicit,files,2,2,2,1.0,1.0,1.0,65,605,9.31,47.58758800016949,5
gen_data_streaming_003,tokenmizer_v0.5.2,data/streaming,synthetic,implicit,errors,3,2,1,0.5,0.3333,0.4,65,605,9.31,47.58758800016949,5
gen_data_streaming_003,graphiti_style,data/streaming,synthetic,implicit,completed_tasks,6,0,0,1.0,0.0,0.0,28,605,21.61,1.5726429999176617,5
gen_data_streaming_003,graphiti_style,data/streaming,synthetic,implicit,pending_tasks,4,1,0,0.0,0.0,0.0,28,605,21.61,1.5726429999176617,5
gen_data_streaming_003,graphiti_style,data/streaming,synthetic,implicit,decisions,6,2,0,0.0,0.0,0.0,28,605,21.61,1.5726429999176617,5
gen_data_streaming_003,graphiti_style,data/streaming,synthetic,implicit,files,2,2,1,0.5,0.5,0.5,28,605,21.61,1.5726429999176617,5
gen_data_streaming_003,graphiti_style,data/streaming,synthetic,implicit,errors,3,0,0,1.0,0.0,0.0,28,605,21.61,1.5726429999176617,5
gen_data_streaming_003,graphrag_style,data/streaming,synthetic,implicit,completed_tasks,6,0,0,1.0,0.0,0.0,36,605,16.81,0.8667770000556629,5
gen_data_streaming_003,graphrag_style,data/streaming,synthetic,implicit,pending_tasks,4,1,0,0.0,0.0,0.0,36,605,16.81,0.8667770000556629,5
gen_data_streaming_003,graphrag_style,data/streaming,synthetic,implicit,decisions,6,1,0,0.0,0.0,0.0,36,605,16.81,0.8667770000556629,5
gen_data_streaming_003,graphrag_style,data/streaming,synthetic,implicit,files,2,2,1,0.5,0.5,0.5,36,605,16.81,0.8667770000556629,5
gen_data_streaming_003,graphrag_style,data/streaming,synthetic,implicit,errors,3,1,0,0.0,0.0,0.0,36,605,16.81,0.8667770000556629,5
gen_data_streaming_003,mem0_style,data/streaming,synthetic,implicit,completed_tasks,6,0,0,1.0,0.0,0.0,27,605,22.41,1.465714999994816,5
gen_data_streaming_003,mem0_style,data/streaming,synthetic,implicit,pending_tasks,4,1,0,0.0,0.0,0.0,27,605,22.41,1.465714999994816,5
gen_data_streaming_003,mem0_style,data/streaming,synthetic,implicit,decisions,6,2,0,0.0,0.0,0.0,27,605,22.41,1.465714999994816,5
gen_data_streaming_003,mem0_style,data/streaming,synthetic,implicit,files,2,2,1,0.5,0.5,0.5,27,605,22.41,1.465714999994816,5
gen_data_streaming_003,mem0_style,data/streaming,synthetic,implicit,errors,3,0,0,1.0,0.0,0.0,27,605,22.41,1.465714999994816,5
gen_data_streaming_003,memgpt_style,data/streaming,synthetic,implicit,completed_tasks,6,0,0,1.0,0.0,0.0,7,605,86.43,0.583857000037824,1
gen_data_streaming_003,memgpt_style,data/streaming,synthetic,implicit,pending_tasks,4,1,0,0.0,0.0,0.0,7,605,86.43,0.583857000037824,1
gen_data_streaming_003,memgpt_style,data/streaming,synthetic,implicit,decisions,6,0,0,1.0,0.0,0.0,7,605,86.43,0.583857000037824,1
gen_data_streaming_003,memgpt_style,data/streaming,synthetic,implicit,files,2,0,0,1.0,0.0,0.0,7,605,86.43,0.583857000037824,1
gen_data_streaming_003,memgpt_style,data/streaming,synthetic,implicit,errors,3,0,0,1.0,0.0,0.0,7,605,86.43,0.583857000037824,1
gen_data_streaming_003,sliding_window_10,data/streaming,synthetic,implicit,completed_tasks,6,10,2,0.2,0.3333,0.25,157,605,3.85,0.0033999999686784577,10
gen_data_streaming_003,sliding_window_10,data/streaming,synthetic,implicit,pending_tasks,4,10,0,0.0,0.0,0.0,157,605,3.85,0.0033999999686784577,10
gen_data_streaming_003,sliding_window_10,data/streaming,synthetic,implicit,decisions,6,10,2,0.2,0.3333,0.25,157,605,3.85,0.0033999999686784577,10
gen_data_streaming_003,sliding_window_10,data/streaming,synthetic,implicit,files,2,10,0,0.0,0.0,0.0,157,605,3.85,0.0033999999686784577,10
gen_data_streaming_003,sliding_window_10,data/streaming,synthetic,implicit,errors,3,10,1,0.1,0.3333,0.1538,157,605,3.85,0.0033999999686784577,10
gen_data_streaming_003,naive_truncation,data/streaming,synthetic,implicit,completed_tasks,6,20,3,0.15,0.5,0.2308,311,605,1.95,0.011732000075426186,20
gen_data_streaming_003,naive_truncation,data/streaming,synthetic,implicit,pending_tasks,4,20,2,0.1,0.5,0.1667,311,605,1.95,0.011732000075426186,20
gen_data_streaming_003,naive_truncation,data/streaming,synthetic,implicit,decisions,6,20,4,0.2,0.6667,0.3077,311,605,1.95,0.011732000075426186,20
gen_data_streaming_003,naive_truncation,data/streaming,synthetic,implicit,files,2,20,0,0.0,0.0,0.0,311,605,1.95,0.011732000075426186,20
gen_data_streaming_003,naive_truncation,data/streaming,synthetic,implicit,errors,3,20,1,0.05,0.3333,0.087,311,605,1.95,0.011732000075426186,20
gen_data_streaming_003,naive_summary,data/streaming,synthetic,implicit,completed_tasks,6,13,2,0.1538,0.3333,0.2105,168,605,3.6,0.05750399986936827,13
gen_data_streaming_003,naive_summary,data/streaming,synthetic,implicit,pending_tasks,4,13,0,0.0,0.0,0.0,168,605,3.6,0.05750399986936827,13
gen_data_streaming_003,naive_summary,data/streaming,synthetic,implicit,decisions,6,13,0,0.0,0.0,0.0,168,605,3.6,0.05750399986936827,13
gen_data_streaming_003,naive_summary,data/streaming,synthetic,implicit,files,2,13,1,0.0769,0.5,0.1333,168,605,3.6,0.05750399986936827,13
gen_data_streaming_003,naive_summary,data/streaming,synthetic,implicit,errors,3,13,2,0.1538,0.6667,0.25,168,605,3.6,0.05750399986936827,13
gen_data_streaming_004,tokenmizer_v0.5.2,data/streaming,synthetic,implicit,completed_tasks,4,0,0,1.0,0.0,0.0,84,575,6.85,50.340918999836504,9
gen_data_streaming_004,tokenmizer_v0.5.2,data/streaming,synthetic,implicit,pending_tasks,3,0,0,1.0,0.0,0.0,84,575,6.85,50.340918999836504,9
gen_data_streaming_004,tokenmizer_v0.5.2,data/streaming,synthetic,implicit,decisions,5,1,0,0.0,0.0,0.0,84,575,6.85,50.340918999836504,9
gen_data_streaming_004,tokenmizer_v0.5.2,data/streaming,synthetic,implicit,files,5,5,5,1.0,1.0,1.0,84,575,6.85,50.340918999836504,9
gen_data_streaming_004,tokenmizer_v0.5.2,data/streaming,synthetic,implicit,errors,3,3,2,0.6667,0.6667,0.6667,84,575,6.85,50.340918999836504,9
gen_data_streaming_004,graphiti_style,data/streaming,synthetic,implicit,completed_tasks,4,0,0,1.0,0.0,0.0,49,575,11.73,1.565883000012036,8
gen_data_streaming_004,graphiti_style,data/streaming,synthetic,implicit,pending_tasks,3,1,0,0.0,0.0,0.0,49,575,11.73,1.565883000012036,8
gen_data_streaming_004,graphiti_style,data/streaming,synthetic,implicit,decisions,5,2,0,0.0,0.0,0.0,49,575,11.73,1.565883000012036,8
gen_data_streaming_004,graphiti_style,data/streaming,synthetic,implicit,files,5,5,4,0.8,0.8,0.8,49,575,11.73,1.565883000012036,8
gen_data_streaming_004,graphiti_style,data/streaming,synthetic,implicit,errors,3,0,0,1.0,0.0,0.0,49,575,11.73,1.565883000012036,8
gen_data_streaming_004,graphrag_style,data/streaming,synthetic,implicit,completed_tasks,4,0,0,1.0,0.0,0.0,39,575,14.74,0.712640000074316,6
gen_data_streaming_004,graphrag_style,data/streaming,synthetic,implicit,pending_tasks,3,1,0,0.0,0.0,0.0,39,575,14.74,0.712640000074316,6
gen_data_streaming_004,graphrag_style,data/streaming,synthetic,implicit,decisions,5,0,0,1.0,0.0,0.0,39,575,14.74,0.712640000074316,6
gen_data_streaming_004,graphrag_style,data/streaming,synthetic,implicit,files,5,5,4,0.8,0.8,0.8,39,575,14.74,0.712640000074316,6
gen_data_streaming_004,graphrag_style,data/streaming,synthetic,implicit,errors,3,0,0,1.0,0.0,0.0,39,575,14.74,0.712640000074316,6
gen_data_streaming_004,mem0_style,data/streaming,synthetic,implicit,completed_tasks,4,0,0,1.0,0.0,0.0,48,575,11.98,1.578813999913109,8
gen_data_streaming_004,mem0_style,data/streaming,synthetic,implicit,pending_tasks,3,1,0,0.0,0.0,0.0,48,575,11.98,1.578813999913109,8
gen_data_streaming_004,mem0_style,data/streaming,synthetic,implicit,decisions,5,2,0,0.0,0.0,0.0,48,575,11.98,1.578813999913109,8
gen_data_streaming_004,mem0_style,data/streaming,synthetic,implicit,files,5,5,4,0.8,0.8,0.8,48,575,11.98,1.578813999913109,8
gen_data_streaming_004,mem0_style,data/streaming,synthetic,implicit,errors,3,0,0,1.0,0.0,0.0,48,575,11.98,1.578813999913109,8
gen_data_streaming_004,memgpt_style,data/streaming,synthetic,implicit,completed_tasks,4,0,0,1.0,0.0,0.0,23,575,25.0,0.5383990001064376,3
gen_data_streaming_004,memgpt_style,data/streaming,synthetic,implicit,pending_tasks,3,0,0,1.0,0.0,0.0,23,575,25.0,0.5383990001064376,3
gen_data_streaming_004,memgpt_style,data/streaming,synthetic,implicit,decisions,5,1,0,0.0,0.0,0.0,23,575,25.0,0.5383990001064376,3
gen_data_streaming_004,memgpt_style,data/streaming,synthetic,implicit,files,5,2,1,0.5,0.2,0.2857,23,575,25.0,0.5383990001064376,3
gen_data_streaming_004,memgpt_style,data/streaming,synthetic,implicit,errors,3,0,0,1.0,0.0,0.0,23,575,25.0,0.5383990001064376,3
gen_data_streaming_004,sliding_window_10,data/streaming,synthetic,implicit,completed_tasks,4,11,1,0.0909,0.25,0.1333,175,575,3.29,0.0038649998259643326,11
gen_data_streaming_004,sliding_window_10,data/streaming,synthetic,implicit,pending_tasks,3,11,1,0.0909,0.3333,0.1429,175,575,3.29,0.0038649998259643326,11
gen_data_streaming_004,sliding_window_10,data/streaming,synthetic,implicit,decisions,5,11,1,0.0909,0.2,0.125,175,575,3.29,0.0038649998259643326,11
gen_data_streaming_004,sliding_window_10,data/streaming,synthetic,implicit,files,5,11,2,0.1818,0.4,0.25,175,575,3.29,0.0038649998259643326,11
gen_data_streaming_004,sliding_window_10,data/streaming,synthetic,implicit,errors,3,11,1,0.0909,0.3333,0.1429,175,575,3.29,0.0038649998259643326,11
gen_data_streaming_004,naive_truncation,data/streaming,synthetic,implicit,completed_tasks,4,19,2,0.1053,0.5,0.1739,306,575,1.88,0.012579999975059764,19
gen_data_streaming_004,naive_truncation,data/streaming,synthetic,implicit,pending_tasks,3,19,2,0.1053,0.6667,0.1818,306,575,1.88,0.012579999975059764,19
gen_data_streaming_004,naive_truncation,data/streaming,synthetic,implicit,decisions,5,19,2,0.1053,0.4,0.1667,306,575,1.88,0.012579999975059764,19
gen_data_streaming_004,naive_truncation,data/streaming,synthetic,implicit,files,5,19,4,0.2105,0.8,0.3333,306,575,1.88,0.012579999975059764,19
gen_data_streaming_004,naive_truncation,data/streaming,synthetic,implicit,errors,3,19,1,0.0526,0.3333,0.0909,306,575,1.88,0.012579999975059764,19
gen_data_streaming_004,naive_summary,data/streaming,synthetic,implicit,completed_tasks,4,11,0,0.0,0.0,0.0,171,575,3.36,0.06507799980681739,11
gen_data_streaming_004,naive_summary,data/streaming,synthetic,implicit,pending_tasks,3,11,1,0.0909,0.3333,0.1429,171,575,3.36,0.06507799980681739,11
gen_data_streaming_004,naive_summary,data/streaming,synthetic,implicit,decisions,5,11,1,0.0909,0.2,0.125,171,575,3.36,0.06507799980681739,11
gen_data_streaming_004,naive_summary,data/streaming,synthetic,implicit,files,5,11,0,0.0,0.0,0.0,171,575,3.36,0.06507799980681739,11
gen_data_streaming_004,naive_summary,data/streaming,synthetic,implicit,errors,3,11,2,0.1818,0.6667,0.2857,171,575,3.36,0.06507799980681739,11
gen_data_streaming_005,tokenmizer_v0.5.2,data/streaming,synthetic,implicit,completed_tasks,4,0,0,1.0,0.0,0.0,16,382,23.88,44.291779999866776,3
gen_data_streaming_005,tokenmizer_v0.5.2,data/streaming,synthetic,implicit,pending_tasks,4,0,0,1.0,0.0,0.0,16,382,23.88,44.291779999866776,3
gen_data_streaming_005,tokenmizer_v0.5.2,data/streaming,synthetic,implicit,decisions,2,0,0,1.0,0.0,0.0,16,382,23.88,44.291779999866776,3
gen_data_streaming_005,tokenmizer_v0.5.2,data/streaming,synthetic,implicit,files,3,3,3,1.0,1.0,1.0,16,382,23.88,44.291779999866776,3
gen_data_streaming_005,graphiti_style,data/streaming,synthetic,implicit,completed_tasks,4,0,0,1.0,0.0,0.0,24,382,15.92,0.9707870001420815,4
gen_data_streaming_005,graphiti_style,data/streaming,synthetic,implicit,pending_tasks,4,0,0,1.0,0.0,0.0,24,382,15.92,0.9707870001420815,4
gen_data_streaming_005,graphiti_style,data/streaming,synthetic,implicit,decisions,2,1,0,0.0,0.0,0.0,24,382,15.92,0.9707870001420815,4
gen_data_streaming_005,graphiti_style,data/streaming,synthetic,implicit,files,3,3,2,0.6667,0.6667,0.6667,24,382,15.92,0.9707870001420815,4
gen_data_streaming_005,graphrag_style,data/streaming,synthetic,implicit,completed_tasks,4,0,0,1.0,0.0,0.0,20,382,19.1,0.47176999987641466,3
gen_data_streaming_005,graphrag_style,data/streaming,synthetic,implicit,pending_tasks,4,0,0,1.0,0.0,0.0,20,382,19.1,0.47176999987641466,3
gen_data_streaming_005,graphrag_style,data/streaming,synthetic,implicit,decisions,2,0,0,1.0,0.0,0.0,20,382,19.1,0.47176999987641466,3
gen_data_streaming_005,graphrag_style,data/streaming,synthetic,implicit,files,3,3,2,0.6667,0.6667,0.6667,20,382,19.1,0.47176999987641466,3
gen_data_streaming_005,mem0_style,data/streaming,synthetic,implicit,completed_tasks,4,0,0,1.0,0.0,0.0,23,382,16.61,0.915069000029689,4
gen_data_streaming_005,mem0_style,data/streaming,synthetic,implicit,pending_tasks,4,0,0,1.0,0.0,0.0,23,382,16.61,0.915069000029689,4
gen_data_streaming_005,mem0_style,data/streaming,synthetic,implicit,decisions,2,1,0,0.0,0.0,0.0,23,382,16.61,0.915069000029689,4
gen_data_streaming_005,mem0_style,data/streaming,synthetic,implicit,files,3,3,2,0.6667,0.6667,0.6667,23,382,16.61,0.915069000029689,4
gen_data_streaming_005,memgpt_style,data/streaming,synthetic,implicit,completed_tasks,4,0,0,1.0,0.0,0.0,3,382,127.33,0.5030899999383109,0
gen_data_streaming_005,memgpt_style,data/streaming,synthetic,implicit,pending_tasks,4,0,0,1.0,0.0,0.0,3,382,127.33,0.5030899999383109,0
gen_data_streaming_005,memgpt_style,data/streaming,synthetic,implicit,decisions,2,0,0,1.0,0.0,0.0,3,382,127.33,0.5030899999383109,0
gen_data_streaming_005,memgpt_style,data/streaming,synthetic,implicit,files,3,0,0,1.0,0.0,0.0,3,382,127.33,0.5030899999383109,0
gen_data_streaming_005,sliding_window_10,data/streaming,synthetic,implicit,completed_tasks,4,13,2,0.1538,0.5,0.2353,228,382,1.68,0.0034300001061637886,13
gen_data_streaming_005,sliding_window_10,data/streaming,synthetic,implicit,pending_tasks,4,13,3,0.2308,0.75,0.3529,228,382,1.68,0.0034300001061637886,13
gen_data_streaming_005,sliding_window_10,data/streaming,synthetic,implicit,decisions,2,13,2,0.1538,1.0,0.2667,228,382,1.68,0.0034300001061637886,13
gen_data_streaming_005,sliding_window_10,data/streaming,synthetic,implicit,files,3,13,1,0.0769,0.3333,0.125,228,382,1.68,0.0034300001061637886,13
gen_data_streaming_005,sliding_window_10,data/streaming,synthetic,implicit,errors,0,13,0,0.0,1.0,0.0,228,382,1.68,0.0034300001061637886,13
gen_data_streaming_005,naive_truncation,data/streaming,synthetic,implicit,completed_tasks,4,17,3,0.1765,0.75,0.2857,288,382,1.33,0.010412999927211786,17
gen_data_streaming_005,naive_truncation,data/streaming,synthetic,implicit,pending_tasks,4,17,4,0.2353,1.0,0.381,288,382,1.33,0.010412999927211786,17
gen_data_streaming_005,naive_truncation,data/streaming,synthetic,implicit,decisions,2,17,2,0.1176,1.0,0.2105,288,382,1.33,0.010412999927211786,17
gen_data_streaming_005,naive_truncation,data/streaming,synthetic,implicit,files,3,17,1,0.0588,0.3333,0.1,288,382,1.33,0.010412999927211786,17
gen_data_streaming_005,naive_truncation,data/streaming,synthetic,implicit,errors,0,17,0,0.0,1.0,0.0,288,382,1.33,0.010412999927211786,17
gen_data_streaming_005,naive_summary,data/streaming,synthetic,implicit,completed_tasks,4,13,2,0.1538,0.5,0.2353,177,382,2.16,0.030162000030031777,13
gen_data_streaming_005,naive_summary,data/streaming,synthetic,implicit,pending_tasks,4,13,1,0.0769,0.25,0.1176,177,382,2.16,0.030162000030031777,13
gen_data_streaming_005,naive_summary,data/streaming,synthetic,implicit,decisions,2,13,0,0.0,0.0,0.0,177,382,2.16,0.030162000030031777,13
gen_data_streaming_005,naive_summary,data/streaming,synthetic,implicit,files,3,13,2,0.1538,0.6667,0.25,177,382,2.16,0.030162000030031777,13
gen_data_streaming_005,naive_summary,data/streaming,synthetic,implicit,errors,0,13,0,0.0,1.0,0.0,177,382,2.16,0.030162000030031777,13
gen_debug_production_001,tokenmizer_v0.5.2,debug/production,synthetic,explicit,completed_tasks,6,6,6,1.0,1.0,1.0,174,296,1.7,40.15930600007778,18
gen_debug_production_001,tokenmizer_v0.5.2,debug/production,synthetic,explicit,pending_tasks,2,2,2,1.0,1.0,1.0,174,296,1.7,40.15930600007778,18
gen_debug_production_001,tokenmizer_v0.5.2,debug/production,synthetic,explicit,decisions,4,2,2,1.0,0.5,0.6667,174,296,1.7,40.15930600007778,18
gen_debug_production_001,tokenmizer_v0.5.2,debug/production,synthetic,explicit,files,5,5,5,1.0,1.0,1.0,174,296,1.7,40.15930600007778,18
gen_debug_production_001,tokenmizer_v0.5.2,debug/production,synthetic,explicit,errors,0,3,0,0.0,1.0,0.0,174,296,1.7,40.15930600007778,18
gen_debug_production_001,graphiti_style,debug/production,synthetic,explicit,completed_tasks,6,9,6,0.6667,1.0,0.8,177,296,1.67,0.768763999985822,23
gen_debug_production_001,graphiti_style,debug/production,synthetic,explicit,pending_tasks,2,3,2,0.6667,1.0,0.8,177,296,1.67,0.768763999985822,23
gen_debug_production_001,graphiti_style,debug/production,synthetic,explicit,decisions,4,6,4,0.6667,1.0,0.8,177,296,1.67,0.768763999985822,23
gen_debug_production_001,graphiti_style,debug/production,synthetic,explicit,files,5,5,5,1.0,1.0,1.0,177,296,1.67,0.768763999985822,23
gen_debug_production_001,graphrag_style,debug/production,synthetic,explicit,completed_tasks,6,3,3,1.0,0.5,0.6667,140,296,2.11,0.42976999998245446,18
gen_debug_production_001,graphrag_style,debug/production,synthetic,explicit,pending_tasks,2,1,0,0.0,0.0,0.0,140,296,2.11,0.42976999998245446,18
gen_debug_production_001,graphrag_style,debug/production,synthetic,explicit,decisions,4,5,4,0.8,1.0,0.8889,140,296,2.11,0.42976999998245446,18
gen_debug_production_001,graphrag_style,debug/production,synthetic,explicit,files,5,5,5,1.0,1.0,1.0,140,296,2.11,0.42976999998245446,18
gen_debug_production_001,graphrag_style,debug/production,synthetic,explicit,errors,0,4,0,0.0,1.0,0.0,140,296,2.11,0.42976999998245446,18
gen_debug_production_001,mem0_style,debug/production,synthetic,explicit,completed_tasks,6,9,6,0.6667,1.0,0.8,176,296,1.68,0.760670000090613,23
gen_debug_production_001,mem0_style,debug/production,synthetic,explicit,pending_tasks,2,3,2,0.6667,1.0,0.8,176,296,1.68,0.760670000090613,23
gen_debug_production_001,mem0_style,debug/production,synthetic,explicit,decisions,4,6,4,0.6667,1.0,0.8,176,296,1.68,0.760670000090613,23
gen_debug_production_001,mem0_style,debug/production,synthetic,explicit,files,5,5,5,1.0,1.0,1.0,176,296,1.68,0.760670000090613,23
gen_debug_production_001,memgpt_style,debug/production,synthetic,explicit,completed_tasks,6,6,4,0.6667,0.6667,0.6667,80,296,3.7,0.2562600000146631,10
gen_debug_production_001,memgpt_style,debug/production,synthetic,explicit,pending_tasks,2,0,0,1.0,0.0,0.0,80,296,3.7,0.2562600000146631,10
gen_debug_production_001,memgpt_style,debug/production,synthetic,explicit,decisions,4,1,0,0.0,0.0,0.0,80,296,3.7,0.2562600000146631,10
gen_debug_production_001,memgpt_style,debug/production,synthetic,explicit,files,5,3,3,1.0,0.6,0.75,80,296,3.7,0.2562600000146631,10
gen_debug_production_001,sliding_window_10,debug/production,synthetic,explicit,completed_tasks,6,12,4,0.3333,0.6667,0.4444,113,296,2.62,0.003976000016336911,12
gen_debug_production_001,sliding_window_10,debug/production,synthetic,explicit,pending_tasks,2,12,0,0.0,0.0,0.0,113,296,2.62,0.003976000016336911,12
gen_debug_production_001,sliding_window_10,debug/production,synthetic,explicit,decisions,4,12,0,0.0,0.0,0.0,113,296,2.62,0.003976000016336911,12
gen_debug_production_001,sliding_window_10,debug/production,synthetic,explicit,files,5,12,3,0.25,0.6,0.3529,113,296,2.62,0.003976000016336911,12
gen_debug_production_001,sliding_window_10,debug/production,synthetic,explicit,errors,0,12,0,0.0,1.0,0.0,113,296,2.62,0.003976000016336911,12
gen_debug_production_001,naive_truncation,debug/production,synthetic,explicit,completed_tasks,6,32,6,0.1875,1.0,0.3158,313,296,0.95,0.016626999922664254,32
gen_debug_production_001,naive_truncation,debug/production,synthetic,explicit,pending_tasks,2,32,2,0.0625,1.0,0.1176,313,296,0.95,0.016626999922664254,32
gen_debug_production_001,naive_truncation,debug/production,synthetic,explicit,decisions,4,32,4,0.125,1.0,0.2222,313,296,0.95,0.016626999922664254,32
gen_debug_production_001,naive_truncation,debug/production,synthetic,explicit,files,5,32,5,0.1562,1.0,0.2703,313,296,0.95,0.016626999922664254,32
gen_debug_production_001,naive_truncation,debug/production,synthetic,explicit,errors,0,32,0,0.0,1.0,0.0,313,296,0.95,0.016626999922664254,32
gen_debug_production_001,naive_summary,debug/production,synthetic,explicit,completed_tasks,6,20,2,0.1,0.3333,0.1538,195,296,1.52,0.04824199982067512,20
gen_debug_production_001,naive_summary,debug/production,synthetic,explicit,pending_tasks,2,20,2,0.1,1.0,0.1818,195,296,1.52,0.04824199982067512,20
gen_debug_production_001,naive_summary,debug/production,synthetic,explicit,decisions,4,20,4,0.2,1.0,0.3333,195,296,1.52,0.04824199982067512,20
gen_debug_production_001,naive_summary,debug/production,synthetic,explicit,files,5,20,2,0.1,0.4,0.16,195,296,1.52,0.04824199982067512,20
gen_debug_production_001,naive_summary,debug/production,synthetic,explicit,errors,0,20,0,0.0,1.0,0.0,195,296,1.52,0.04824199982067512,20
gen_debug_production_002,tokenmizer_v0.5.2,debug/production,synthetic,explicit,completed_tasks,4,4,4,1.0,1.0,1.0,144,256,1.78,41.61067900008675,16
gen_debug_production_002,tokenmizer_v0.5.2,debug/production,synthetic,explicit,pending_tasks,4,4,4,1.0,1.0,1.0,144,256,1.78,41.61067900008675,16
gen_debug_production_002,tokenmizer_v0.5.2,debug/production,synthetic,explicit,decisions,3,3,3,1.0,1.0,1.0,144,256,1.78,41.61067900008675,16
gen_debug_production_002,tokenmizer_v0.5.2,debug/production,synthetic,explicit,files,2,2,2,1.0,1.0,1.0,144,256,1.78,41.61067900008675,16
gen_debug_production_002,tokenmizer_v0.5.2,debug/production,synthetic,explicit,errors,1,3,0,0.0,0.0,0.0,144,256,1.78,41.61067900008675,16
gen_debug_production_002,graphiti_style,debug/production,synthetic,explicit,completed_tasks,4,5,4,0.8,1.0,0.8889,159,256,1.61,0.7689819999541214,18
gen_debug_production_002,graphiti_style,debug/production,synthetic,explicit,pending_tasks,4,6,4,0.6667,1.0,0.8,159,256,1.61,0.7689819999541214,18
gen_debug_production_002,graphiti_style,debug/production,synthetic,explicit,decisions,3,3,3,1.0,1.0,1.0,159,256,1.61,0.7689819999541214,18
gen_debug_production_002,graphiti_style,debug/production,synthetic,explicit,files,2,2,2,1.0,1.0,1.0,159,256,1.61,0.7689819999541214,18
gen_debug_production_002,graphiti_style,debug/production,synthetic,explicit,errors,1,2,1,0.5,1.0,0.6667,159,256,1.61,0.7689819999541214,18
gen_debug_production_002,graphrag_style,debug/production,synthetic,explicit,completed_tasks,4,2,2,1.0,0.5,0.6667,127,256,2.02,0.37559700012934627,15
gen_debug_production_002,graphrag_style,debug/production,synthetic,explicit,pending_tasks,4,4,3,0.75,0.75,0.75,127,256,2.02,0.37559700012934627,15
gen_debug_production_002,graphrag_style,debug/production,synthetic,explicit,decisions,3,3,3,1.0,1.0,1.0,127,256,2.02,0.37559700012934627,15
gen_debug_production_002,graphrag_style,debug/production,synthetic,explicit,files,2,2,2,1.0,1.0,1.0,127,256,2.02,0.37559700012934627,15
gen_debug_production_002,graphrag_style,debug/production,synthetic,explicit,errors,1,4,1,0.25,1.0,0.4,127,256,2.02,0.37559700012934627,15
gen_debug_production_002,mem0_style,debug/production,synthetic,explicit,completed_tasks,4,5,4,0.8,1.0,0.8889,158,256,1.62,0.766289000011966,18
gen_debug_production_002,mem0_style,debug/production,synthetic,explicit,pending_tasks,4,6,4,0.6667,1.0,0.8,158,256,1.62,0.766289000011966,18
gen_debug_production_002,mem0_style,debug/production,synthetic,explicit,decisions,3,3,3,1.0,1.0,1.0,158,256,1.62,0.766289000011966,18
gen_debug_production_002,mem0_style,debug/production,synthetic,explicit,files,2,2,2,1.0,1.0,1.0,158,256,1.62,0.766289000011966,18
gen_debug_production_002,mem0_style,debug/production,synthetic,explicit,errors,1,2,1,0.5,1.0,0.6667,158,256,1.62,0.766289000011966,18
gen_debug_production_002,memgpt_style,debug/production,synthetic,explicit,completed_tasks,4,2,2,1.0,0.5,0.6667,92,256,2.78,0.24969900005089585,9
gen_debug_production_002,memgpt_style,debug/production,synthetic,explicit,pending_tasks,4,3,2,0.6667,0.5,0.5714,92,256,2.78,0.24969900005089585,9
gen_debug_production_002,memgpt_style,debug/production,synthetic,explicit,decisions,3,1,1,1.0,0.3333,0.5,92,256,2.78,0.24969900005089585,9
gen_debug_production_002,memgpt_style,debug/production,synthetic,explicit,files,2,1,1,1.0,0.5,0.6667,92,256,2.78,0.24969900005089585,9
gen_debug_production_002,memgpt_style,debug/production,synthetic,explicit,errors,1,2,1,0.5,1.0,0.6667,92,256,2.78,0.24969900005089585,9
gen_debug_production_002,sliding_window_10,debug/production,synthetic,explicit,completed_tasks,4,12,2,0.1667,0.5,0.25,126,256,2.03,0.0034500001220294507,12
gen_debug_production_002,sliding_window_10,debug/production,synthetic,explicit,pending_tasks,4,12,2,0.1667,0.5,0.25,126,256,2.03,0.0034500001220294507,12
gen_debug_production_002,sliding_window_10,debug/production,synthetic,explicit,decisions,3,12,1,0.0833,0.3333,0.1333,126,256,2.03,0.0034500001220294507,12
gen_debug_production_002,sliding_window_10,debug/production,synthetic,explicit,files,2,12,1,0.0833,0.5,0.1429,126,256,2.03,0.0034500001220294507,12
gen_debug_production_002,sliding_window_10,debug/production,synthetic,explicit,errors,1,12,1,0.0833,1.0,0.1538,126,256,2.03,0.0034500001220294507,12
gen_debug_production_002,naive_truncation,debug/production,synthetic,explicit,completed_tasks,4,26,4,0.1538,1.0,0.2667,269,256,0.95,0.018594000039229286,26
gen_debug_production_002,naive_truncation,debug/production,synthetic,explicit,pending_tasks,4,26,4,0.1538,1.0,0.2667,269,256,0.95,0.018594000039229286,26
gen_debug_production_002,naive_truncation,debug/production,synthetic,explicit,decisions,3,26,3,0.1154,1.0,0.2069,269,256,0.95,0.018594000039229286,26
gen_debug_production_002,naive_truncation,debug/production,synthetic,explicit,files,2,26,2,0.0769,1.0,0.1429,269,256,0.95,0.018594000039229286,26
gen_debug_production_002,naive_truncation,debug/production,synthetic,explicit,errors,1,26,1,0.0385,1.0,0.0741,269,256,0.95,0.018594000039229286,26
gen_debug_production_002,naive_summary,debug/production,synthetic,explicit,completed_tasks,4,19,3,0.1579,0.75,0.2609,191,256,1.34,0.03959800005759462,19
gen_debug_production_002,naive_summary,debug/production,synthetic,explicit,pending_tasks,4,19,2,0.1053,0.5,0.1739,191,256,1.34,0.03959800005759462,19
gen_debug_production_002,naive_summary,debug/production,synthetic,explicit,decisions,3,19,2,0.1053,0.6667,0.1818,191,256,1.34,0.03959800005759462,19
gen_debug_production_002,naive_summary,debug/production,synthetic,explicit,files,2,19,1,0.0526,0.5,0.0952,191,256,1.34,0.03959800005759462,19
gen_debug_production_002,naive_summary,debug/production,synthetic,explicit,errors,1,19,1,0.0526,1.0,0.1,191,256,1.34,0.03959800005759462,19
gen_debug_production_003,tokenmizer_v0.5.2,debug/production,synthetic,explicit,completed_tasks,6,6,6,1.0,1.0,1.0,167,367,2.2,43.214654999928825,19
gen_debug_production_003,tokenmizer_v0.5.2,debug/production,synthetic,explicit,pending_tasks,3,3,3,1.0,1.0,1.0,167,367,2.2,43.214654999928825,19
gen_debug_production_003,tokenmizer_v0.5.2,debug/production,synthetic,explicit,decisions,4,1,1,1.0,0.25,0.4,167,367,2.2,43.214654999928825,19
gen_debug_production_003,tokenmizer_v0.5.2,debug/production,synthetic,explicit,files,5,5,5,1.0,1.0,1.0,167,367,2.2,43.214654999928825,19
gen_debug_production_003,tokenmizer_v0.5.2,debug/production,synthetic,explicit,errors,2,4,0,0.0,0.0,0.0,167,367,2.2,43.214654999928825,19
gen_debug_production_003,graphiti_style,debug/production,synthetic,explicit,completed_tasks,6,11,6,0.5455,1.0,0.7059,199,367,1.84,1.053694999882282,27
gen_debug_production_003,graphiti_style,debug/production,synthetic,explicit,pending_tasks,3,4,3,0.75,1.0,0.8571,199,367,1.84,1.053694999882282,27
gen_debug_production_003,graphiti_style,debug/production,synthetic,explicit,decisions,4,5,4,0.8,1.0,0.8889,199,367,1.84,1.053694999882282,27
gen_debug_production_003,graphiti_style,debug/production,synthetic,explicit,files,5,5,5,1.0,1.0,1.0,199,367,1.84,1.053694999882282,27
gen_debug_production_003,graphiti_style,debug/production,synthetic,explicit,errors,2,2,2,1.0,1.0,1.0,199,367,1.84,1.053694999882282,27
gen_debug_production_003,graphrag_style,debug/production,synthetic,explicit,completed_tasks,6,2,2,1.0,0.3333,0.5,137,367,2.68,0.5789750000531058,17
gen_debug_production_003,graphrag_style,debug/production,synthetic,explicit,pending_tasks,3,1,0,0.0,0.0,0.0,137,367,2.68,0.5789750000531058,17
gen_debug_production_003,graphrag_style,debug/production,synthetic,explicit,decisions,4,5,4,0.8,1.0,0.8889,137,367,2.68,0.5789750000531058,17
gen_debug_production_003,graphrag_style,debug/production,synthetic,explicit,files,5,5,5,1.0,1.0,1.0,137,367,2.68,0.5789750000531058,17
gen_debug_production_003,graphrag_style,debug/production,synthetic,explicit,errors,2,4,2,0.5,1.0,0.6667,137,367,2.68,0.5789750000531058,17
gen_debug_production_003,mem0_style,debug/production,synthetic,explicit,completed_tasks,6,11,6,0.5455,1.0,0.7059,198,367,1.85,1.0289459999057726,27
gen_debug_production_003,mem0_style,debug/production,synthetic,explicit,pending_tasks,3,4,3,0.75,1.0,0.8571,198,367,1.85,1.0289459999057726,27
gen_debug_production_003,mem0_style,debug/production,synthetic,explicit,decisions,4,5,4,0.8,1.0,0.8889,198,367,1.85,1.0289459999057726,27
gen_debug_production_003,mem0_style,debug/production,synthetic,explicit,files,5,5,5,1.0,1.0,1.0,198,367,1.85,1.0289459999057726,27
gen_debug_production_003,mem0_style,debug/production,synthetic,explicit,errors,2,2,2,1.0,1.0,1.0,198,367,1.85,1.0289459999057726,27
gen_debug_production_003,memgpt_style,debug/production,synthetic,explicit,completed_tasks,6,4,3,0.75,0.5,0.6,86,367,4.27,0.3261790000124165,8
gen_debug_production_003,memgpt_style,debug/production,synthetic,explicit,pending_tasks,3,2,2,1.0,0.6667,0.8,86,367,4.27,0.3261790000124165,8
gen_debug_production_003,memgpt_style,debug/production,synthetic,explicit,decisions,4,0,0,1.0,0.0,0.0,86,367,4.27,0.3261790000124165,8
gen_debug_production_003,memgpt_style,debug/production,synthetic,explicit,files,5,1,1,1.0,0.2,0.3333,86,367,4.27,0.3261790000124165,8
gen_debug_production_003,memgpt_style,debug/production,synthetic,explicit,errors,2,1,1,1.0,0.5,0.6667,86,367,4.27,0.3261790000124165,8
gen_debug_production_003,sliding_window_10,debug/production,synthetic,explicit,completed_tasks,6,10,2,0.2,0.3333,0.25,102,367,3.6,0.0035059999845543643,10
gen_debug_production_003,sliding_window_10,debug/production,synthetic,explicit,pending_tasks,3,10,1,0.1,0.3333,0.1538,102,367,3.6,0.0035059999845543643,10
gen_debug_production_003,sliding_window_10,debug/production,synthetic,explicit,decisions,4,10,0,0.0,0.0,0.0,102,367,3.6,0.0035059999845543643,10
gen_debug_production_003,sliding_window_10,debug/production,synthetic,explicit,files,5,10,1,0.1,0.2,0.1333,102,367,3.6,0.0035059999845543643,10
gen_debug_production_003,sliding_window_10,debug/production,synthetic,explicit,errors,2,10,1,0.1,0.5,0.1667,102,367,3.6,0.0035059999845543643,10
gen_debug_production_003,naive_truncation,debug/production,synthetic,explicit,completed_tasks,6,33,5,0.1515,0.8333,0.2564,313,367,1.17,0.018458999875292648,33
gen_debug_production_003,naive_truncation,debug/production,synthetic,explicit,pending_tasks,3,33,3,0.0909,1.0,0.1667,313,367,1.17,0.018458999875292648,33
gen_debug_production_003,naive_truncation,debug/production,synthetic,explicit,decisions,4,33,4,0.1212,1.0,0.2162,313,367,1.17,0.018458999875292648,33
gen_debug_production_003,naive_truncation,debug/production,synthetic,explicit,files,5,33,5,0.1515,1.0,0.2632,313,367,1.17,0.018458999875292648,33
gen_debug_production_003,naive_truncation,debug/production,synthetic,explicit,errors,2,33,1,0.0303,0.5,0.0571,313,367,1.17,0.018458999875292648,33
gen_debug_production_003,naive_summary,debug/production,synthetic,explicit,completed_tasks,6,21,3,0.1429,0.5,0.2222,202,367,1.82,0.040721000004850794,21
gen_debug_production_003,naive_summary,debug/production,synthetic,explicit,pending_tasks,3,21,1,0.0476,0.3333,0.0833,202,367,1.82,0.040721000004850794,21
gen_debug_production_003,naive_summary,debug/production,synthetic,explicit,decisions,4,21,2,0.0952,0.5,0.16,202,367,1.82,0.040721000004850794,21
gen_debug_production_003,naive_summary,debug/production,synthetic,explicit,files,5,21,4,0.1905,0.8,0.3077,202,367,1.82,0.040721000004850794,21
gen_debug_production_003,naive_summary,debug/production,synthetic,explicit,errors,2,21,1,0.0476,0.5,0.087,202,367,1.82,0.040721000004850794,21
gen_debug_production_004,tokenmizer_v0.5.2,debug/production,synthetic,explicit,completed_tasks,5,5,5,1.0,1.0,1.0,147,334,2.27,42.026845000009416,15
gen_debug_production_004,tokenmizer_v0.5.2,debug/production,synthetic,explicit,pending_tasks,4,2,2,1.0,0.5,0.6667,147,334,2.27,42.026845000009416,15
gen_debug_production_004,tokenmizer_v0.5.2,debug/production,synthetic,explicit,decisions,6,2,2,1.0,0.3333,0.5,147,334,2.27,42.026845000009416,15
gen_debug_production_004,tokenmizer_v0.5.2,debug/production,synthetic,explicit,files,3,3,3,1.0,1.0,1.0,147,334,2.27,42.026845000009416,15
gen_debug_production_004,tokenmizer_v0.5.2,debug/production,synthetic,explicit,errors,2,3,0,0.0,0.0,0.0,147,334,2.27,42.026845000009416,15
gen_debug_production_004,graphiti_style,debug/production,synthetic,explicit,completed_tasks,5,7,5,0.7143,1.0,0.8333,233,334,1.43,0.899574999948527,26
gen_debug_production_004,graphiti_style,debug/production,synthetic,explicit,pending_tasks,4,4,4,1.0,1.0,1.0,233,334,1.43,0.899574999948527,26
gen_debug_production_004,graphiti_style,debug/production,synthetic,explicit,decisions,6,8,6,0.75,1.0,0.8571,233,334,1.43,0.899574999948527,26
gen_debug_production_004,graphiti_style,debug/production,synthetic,explicit,files,3,3,3,1.0,1.0,1.0,233,334,1.43,0.899574999948527,26
gen_debug_production_004,graphiti_style,debug/production,synthetic,explicit,errors,2,4,2,0.5,1.0,0.6667,233,334,1.43,0.899574999948527,26
gen_debug_production_004,graphrag_style,debug/production,synthetic,explicit,completed_tasks,5,3,3,1.0,0.6,0.75,194,334,1.72,0.5169920000298589,20
gen_debug_production_004,graphrag_style,debug/production,synthetic,explicit,pending_tasks,4,3,3,1.0,0.75,0.8571,194,334,1.72,0.5169920000298589,20
gen_debug_production_004,graphrag_style,debug/production,synthetic,explicit,decisions,6,7,6,0.8571,1.0,0.9231,194,334,1.72,0.5169920000298589,20
gen_debug_production_004,graphrag_style,debug/production,synthetic,explicit,files,3,3,3,1.0,1.0,1.0,194,334,1.72,0.5169920000298589,20
gen_debug_production_004,graphrag_style,debug/production,synthetic,explicit,errors,2,4,2,0.5,1.0,0.6667,194,334,1.72,0.5169920000298589,20
gen_debug_production_004,mem0_style,debug/production,synthetic,explicit,completed_tasks,5,7,5,0.7143,1.0,0.8333,232,334,1.44,0.8783130001575046,26
gen_debug_production_004,mem0_style,debug/production,synthetic,explicit,pending_tasks,4,4,4,1.0,1.0,1.0,232,334,1.44,0.8783130001575046,26
gen_debug_production_004,mem0_style,debug/production,synthetic,explicit,decisions,6,8,6,0.75,1.0,0.8571,232,334,1.44,0.8783130001575046,26
gen_debug_production_004,mem0_style,debug/production,synthetic,explicit,files,3,3,3,1.0,1.0,1.0,232,334,1.44,0.8783130001575046,26
gen_debug_production_004,mem0_style,debug/production,synthetic,explicit,errors,2,4,2,0.5,1.0,0.6667,232,334,1.44,0.8783130001575046,26
gen_debug_production_004,memgpt_style,debug/production,synthetic,explicit,completed_tasks,5,4,2,0.5,0.4,0.4444,84,334,3.98,0.23343199995906616,11
gen_debug_production_004,memgpt_style,debug/production,synthetic,explicit,pending_tasks,4,0,0,1.0,0.0,0.0,84,334,3.98,0.23343199995906616,11
gen_debug_production_004,memgpt_style,debug/production,synthetic,explicit,decisions,6,3,2,0.6667,0.3333,0.4444,84,334,3.98,0.23343199995906616,11
gen_debug_production_004,memgpt_style,debug/production,synthetic,explicit,files,3,3,3,1.0,1.0,1.0,84,334,3.98,0.23343199995906616,11
gen_debug_production_004,memgpt_style,debug/production,synthetic,explicit,errors,2,1,0,0.0,0.0,0.0,84,334,3.98,0.23343199995906616,11
gen_debug_production_004,sliding_window_10,debug/production,synthetic,explicit,completed_tasks,5,10,1,0.1,0.2,0.1333,86,334,3.88,0.0034499998946557753,10
gen_debug_production_004,sliding_window_10,debug/production,synthetic,explicit,pending_tasks,4,10,0,0.0,0.0,0.0,86,334,3.88,0.0034499998946557753,10
gen_debug_production_004,sliding_window_10,debug/production,synthetic,explicit,decisions,6,10,2,0.2,0.3333,0.25,86,334,3.88,0.0034499998946557753,10
gen_debug_production_004,sliding_window_10,debug/production,synthetic,explicit,files,3,10,2,0.2,0.6667,0.3077,86,334,3.88,0.0034499998946557753,10
gen_debug_production_004,sliding_window_10,debug/production,synthetic,explicit,errors,2,10,0,0.0,0.0,0.0,86,334,3.88,0.0034499998946557753,10
gen_debug_production_004,naive_truncation,debug/production,synthetic,explicit,completed_tasks,5,32,4,0.125,0.8,0.2162,301,334,1.11,0.020225000071150134,32
gen_debug_production_004,naive_truncation,debug/production,synthetic,explicit,pending_tasks,4,32,3,0.0938,0.75,0.1667,301,334,1.11,0.020225000071150134,32
gen_debug_production_004,naive_truncation,debug/production,synthetic,explicit,decisions,6,32,6,0.1875,1.0,0.3158,301,334,1.11,0.020225000071150134,32
gen_debug_production_004,naive_truncation,debug/production,synthetic,explicit,files,3,32,3,0.0938,1.0,0.1714,301,334,1.11,0.020225000071150134,32
gen_debug_production_004,naive_truncation,debug/production,synthetic,explicit,errors,2,32,2,0.0625,1.0,0.1176,301,334,1.11,0.020225000071150134,32
gen_debug_production_004,naive_summary,debug/production,synthetic,explicit,completed_tasks,5,19,3,0.1579,0.6,0.25,184,334,1.82,0.0465279999843915,19
gen_debug_production_004,naive_summary,debug/production,synthetic,explicit,pending_tasks,4,19,4,0.2105,1.0,0.3478,184,334,1.82,0.0465279999843915,19
gen_debug_production_004,naive_summary,debug/production,synthetic,explicit,decisions,6,19,2,0.1053,0.3333,0.16,184,334,1.82,0.0465279999843915,19
gen_debug_production_004,naive_summary,debug/production,synthetic,explicit,files,3,19,0,0.0,0.0,0.0,184,334,1.82,0.0465279999843915,19
gen_debug_production_004,naive_summary,debug/production,synthetic,explicit,errors,2,19,1,0.0526,0.5,0.0952,184,334,1.82,0.0465279999843915,19
gen_debug_production_005,tokenmizer_v0.5.2,debug/production,synthetic,explicit,completed_tasks,3,3,3,1.0,1.0,1.0,145,288,1.99,50.51173199990444,15
gen_debug_production_005,tokenmizer_v0.5.2,debug/production,synthetic,explicit,pending_tasks,2,2,2,1.0,1.0,1.0,145,288,1.99,50.51173199990444,15
gen_debug_production_005,tokenmizer_v0.5.2,debug/production,synthetic,explicit,decisions,6,4,4,1.0,0.6667,0.8,145,288,1.99,50.51173199990444,15
gen_debug_production_005,tokenmizer_v0.5.2,debug/production,synthetic,explicit,files,4,4,4,1.0,1.0,1.0,145,288,1.99,50.51173199990444,15
gen_debug_production_005,tokenmizer_v0.5.2,debug/production,synthetic,explicit,errors,1,2,1,0.5,1.0,0.6667,145,288,1.99,50.51173199990444,15
gen_debug_production_005,graphiti_style,debug/production,synthetic,explicit,completed_tasks,3,6,3,0.5,1.0,0.6667,206,288,1.4,1.1210570000912412,28
gen_debug_production_005,graphiti_style,debug/production,synthetic,explicit,pending_tasks,2,4,2,0.5,1.0,0.6667,206,288,1.4,1.1210570000912412,28
gen_debug_production_005,graphiti_style,debug/production,synthetic,explicit,decisions,6,11,6,0.5455,1.0,0.7059,206,288,1.4,1.1210570000912412,28
gen_debug_production_005,graphiti_style,debug/production,synthetic,explicit,files,4,4,4,1.0,1.0,1.0,206,288,1.4,1.1210570000912412,28
gen_debug_production_005,graphiti_style,debug/production,synthetic,explicit,errors,1,3,1,0.3333,1.0,0.5,206,288,1.4,1.1210570000912412,28
gen_debug_production_005,graphrag_style,debug/production,synthetic,explicit,completed_tasks,3,1,1,1.0,0.3333,0.5,149,288,1.93,0.4638220000288129,21
gen_debug_production_005,graphrag_style,debug/production,synthetic,explicit,pending_tasks,2,2,1,0.5,0.5,0.5,149,288,1.93,0.4638220000288129,21
gen_debug_production_005,graphrag_style,debug/production,synthetic,explicit,decisions,6,11,6,0.5455,1.0,0.7059,149,288,1.93,0.4638220000288129,21
gen_debug_production_005,graphrag_style,debug/production,synthetic,explicit,files,4,4,4,1.0,1.0,1.0,149,288,1.93,0.4638220000288129,21
gen_debug_production_005,graphrag_style,debug/production,synthetic,explicit,errors,1,3,1,0.3333,1.0,0.5,149,288,1.93,0.4638220000288129,21
gen_debug_production_005,mem0_style,debug/production,synthetic,explicit,completed_tasks,3,6,3,0.5,1.0,0.6667,205,288,1.4,1.2408279999363003,27
gen_debug_production_005,mem0_style,debug/production,synthetic,explicit,pending_tasks,2,4,2,0.5,1.0,0.6667,205,288,1.4,1.2408279999363003,27
gen_debug_production_005,mem0_style,debug/production,synthetic,explicit,decisions,6,10,6,0.6,1.0,0.75,205,288,1.4,1.2408279999363003,27
gen_debug_production_005,mem0_style,debug/production,synthetic,explicit,files,4,4,4,1.0,1.0,1.0,205,288,1.4,1.2408279999363003,27
gen_debug_production_005,mem0_style,debug/production,synthetic,explicit,errors,1,3,1,0.3333,1.0,0.5,205,288,1.4,1.2408279999363003,27
gen_debug_production_005,memgpt_style,debug/production,synthetic,explicit,completed_tasks,3,3,2,0.6667,0.6667,0.6667,110,288,2.62,0.26054099998873426,11
gen_debug_production_005,memgpt_style,debug/production,synthetic,explicit,pending_tasks,2,3,2,0.6667,1.0,0.8,110,288,2.62,0.26054099998873426,11
gen_debug_production_005,memgpt_style,debug/production,synthetic,explicit,decisions,6,2,2,1.0,0.3333,0.5,110,288,2.62,0.26054099998873426,11
gen_debug_production_005,memgpt_style,debug/production,synthetic,explicit,files,4,1,1,1.0,0.25,0.4,110,288,2.62,0.26054099998873426,11
gen_debug_production_005,memgpt_style,debug/production,synthetic,explicit,errors,1,2,0,0.0,0.0,0.0,110,288,2.62,0.26054099998873426,11
gen_debug_production_005,sliding_window_10,debug/production,synthetic,explicit,completed_tasks,3,12,2,0.1667,0.6667,0.2667,115,288,2.5,0.0035659998047776753,12
gen_debug_production_005,sliding_window_10,debug/production,synthetic,explicit,pending_tasks,2,12,2,0.1667,1.0,0.2857,115,288,2.5,0.0035659998047776753,12
gen_debug_production_005,sliding_window_10,debug/production,synthetic,explicit,decisions,6,12,2,0.1667,0.3333,0.2222,115,288,2.5,0.0035659998047776753,12
gen_debug_production_005,sliding_window_10,debug/production,synthetic,explicit,files,4,12,1,0.0833,0.25,0.125,115,288,2.5,0.0035659998047776753,12
gen_debug_production_005,sliding_window_10,debug/production,synthetic,explicit,errors,1,12,0,0.0,0.0,0.0,115,288,2.5,0.0035659998047776753,12
gen_debug_production_005,naive_truncation,debug/production,synthetic,explicit,completed_tasks,3,30,3,0.1,1.0,0.1818,303,288,0.95,0.01984300001822703,30
gen_debug_production_005,naive_truncation,debug/production,synthetic,explicit,pending_tasks,2,30,2,0.0667,1.0,0.125,303,288,0.95,0.01984300001822703,30
gen_debug_production_005,naive_truncation,debug/production,synthetic,explicit,decisions,6,30,6,0.2,1.0,0.3333,303,288,0.95,0.01984300001822703,30
gen_debug_production_005,naive_truncation,debug/production,synthetic,explicit,files,4,30,4,0.1333,1.0,0.2353,303,288,0.95,0.01984300001822703,30
gen_debug_production_005,naive_truncation,debug/production,synthetic,explicit,errors,1,30,1,0.0333,1.0,0.0645,303,288,0.95,0.01984300001822703,30
gen_debug_production_005,naive_summary,debug/production,synthetic,explicit,completed_tasks,3,19,1,0.0526,0.3333,0.0909,191,288,1.51,0.05685499991159304,19
gen_debug_production_005,naive_summary,debug/production,synthetic,explicit,pending_tasks,2,19,0,0.0,0.0,0.0,191,288,1.51,0.05685499991159304,19
gen_debug_production_005,naive_summary,debug/production,synthetic,explicit,decisions,6,19,4,0.2105,0.6667,0.32,191,288,1.51,0.05685499991159304,19
gen_debug_production_005,naive_summary,debug/production,synthetic,explicit,files,4,19,3,0.1579,0.75,0.2609,191,288,1.51,0.05685499991159304,19
gen_debug_production_005,naive_summary,debug/production,synthetic,explicit,errors,1,19,1,0.0526,1.0,0.1,191,288,1.51,0.05685499991159304,19
gen_devops_ci_001,tokenmizer_v0.5.2,devops/ci,synthetic,semi,completed_tasks,3,0,0,1.0,0.0,0.0,82,276,3.37,42.71095299986882,10
gen_devops_ci_001,tokenmizer_v0.5.2,devops/ci,synthetic,semi,pending_tasks,1,1,1,1.0,1.0,1.0,82,276,3.37,42.71095299986882,10
gen_devops_ci_001,tokenmizer_v0.5.2,devops/ci,synthetic,semi,decisions,4,3,3,1.0,0.75,0.8571,82,276,3.37,42.71095299986882,10
gen_devops_ci_001,tokenmizer_v0.5.2,devops/ci,synthetic,semi,files,5,5,5,1.0,1.0,1.0,82,276,3.37,42.71095299986882,10
gen_devops_ci_001,tokenmizer_v0.5.2,devops/ci,synthetic,semi,errors,1,1,0,0.0,0.0,0.0,82,276,3.37,42.71095299986882,10
gen_devops_ci_001,graphiti_style,devops/ci,synthetic,semi,completed_tasks,3,2,2,1.0,0.6667,0.8,129,276,2.14,0.836697000067943,12
gen_devops_ci_001,graphiti_style,devops/ci,synthetic,semi,pending_tasks,1,2,1,0.5,1.0,0.6667,129,276,2.14,0.836697000067943,12
gen_devops_ci_001,graphiti_style,devops/ci,synthetic,semi,decisions,4,3,2,0.6667,0.5,0.5714,129,276,2.14,0.836697000067943,12
gen_devops_ci_001,graphiti_style,devops/ci,synthetic,semi,files,5,4,4,1.0,0.8,0.8889,129,276,2.14,0.836697000067943,12
gen_devops_ci_001,graphiti_style,devops/ci,synthetic,semi,errors,1,1,1,1.0,1.0,1.0,129,276,2.14,0.836697000067943,12
gen_devops_ci_001,graphrag_style,devops/ci,synthetic,semi,completed_tasks,3,0,0,1.0,0.0,0.0,76,276,3.63,0.4105639998215338,9
gen_devops_ci_001,graphrag_style,devops/ci,synthetic,semi,pending_tasks,1,1,0,0.0,0.0,0.0,76,276,3.63,0.4105639998215338,9
gen_devops_ci_001,graphrag_style,devops/ci,synthetic,semi,decisions,4,2,2,1.0,0.5,0.6667,76,276,3.63,0.4105639998215338,9
gen_devops_ci_001,graphrag_style,devops/ci,synthetic,semi,files,5,4,4,1.0,0.8,0.8889,76,276,3.63,0.4105639998215338,9
gen_devops_ci_001,graphrag_style,devops/ci,synthetic,semi,errors,1,2,1,0.5,1.0,0.6667,76,276,3.63,0.4105639998215338,9
gen_devops_ci_001,mem0_style,devops/ci,synthetic,semi,completed_tasks,3,2,2,1.0,0.6667,0.8,128,276,2.16,0.7753949998914322,12
gen_devops_ci_001,mem0_style,devops/ci,synthetic,semi,pending_tasks,1,2,1,0.5,1.0,0.6667,128,276,2.16,0.7753949998914322,12
gen_devops_ci_001,mem0_style,devops/ci,synthetic,semi,decisions,4,3,2,0.6667,0.5,0.5714,128,276,2.16,0.7753949998914322,12
gen_devops_ci_001,mem0_style,devops/ci,synthetic,semi,files,5,4,4,1.0,0.8,0.8889,128,276,2.16,0.7753949998914322,12
gen_devops_ci_001,mem0_style,devops/ci,synthetic,semi,errors,1,1,1,1.0,1.0,1.0,128,276,2.16,0.7753949998914322,12
gen_devops_ci_001,memgpt_style,devops/ci,synthetic,semi,completed_tasks,3,1,1,1.0,0.3333,0.5,80,276,3.45,0.30734599999959755,7
gen_devops_ci_001,memgpt_style,devops/ci,synthetic,semi,pending_tasks,1,0,0,1.0,0.0,0.0,80,276,3.45,0.30734599999959755,7
gen_devops_ci_001,memgpt_style,devops/ci,synthetic,semi,decisions,4,2,2,1.0,0.5,0.6667,80,276,3.45,0.30734599999959755,7
gen_devops_ci_001,memgpt_style,devops/ci,synthetic,semi,files,5,3,3,1.0,0.6,0.75,80,276,3.45,0.30734599999959755,7
gen_devops_ci_001,memgpt_style,devops/ci,synthetic,semi,errors,1,1,1,1.0,1.0,1.0,80,276,3.45,0.30734599999959755,7
gen_devops_ci_001,sliding_window_10,devops/ci,synthetic,semi,completed_tasks,3,13,2,0.1538,0.6667,0.25,141,276,1.96,0.00311000007968687,13
gen_devops_ci_001,sliding_window_10,devops/ci,synthetic,semi,pending_tasks,1,13,0,0.0,0.0,0.0,141,276,1.96,0.00311000007968687,13
gen_devops_ci_001,sliding_window_10,devops/ci,synthetic,semi,decisions,4,13,2,0.1538,0.5,0.2353,141,276,1.96,0.00311000007968687,13
gen_devops_ci_001,sliding_window_10,devops/ci,synthetic,semi,files,5,13,3,0.2308,0.6,0.3333,141,276,1.96,0.00311000007968687,13
gen_devops_ci_001,sliding_window_10,devops/ci,synthetic,semi,errors,1,13,1,0.0769,1.0,0.1429,141,276,1.96,0.00311000007968687,13
gen_devops_ci_001,naive_truncation,devops/ci,synthetic,semi,completed_tasks,3,27,3,0.1111,1.0,0.2,291,276,0.95,0.013529999932870851,27
gen_devops_ci_001,naive_truncation,devops/ci,synthetic,semi,pending_tasks,1,27,1,0.037,1.0,0.0714,291,276,0.95,0.013529999932870851,27
gen_devops_ci_001,naive_truncation,devops/ci,synthetic,semi,decisions,4,27,4,0.1481,1.0,0.2581,291,276,0.95,0.013529999932870851,27
gen_devops_ci_001,naive_truncation,devops/ci,synthetic,semi,files,5,27,5,0.1852,1.0,0.3125,291,276,0.95,0.013529999932870851,27
gen_devops_ci_001,naive_truncation,devops/ci,synthetic,semi,errors,1,27,1,0.037,1.0,0.0714,291,276,0.95,0.013529999932870851,27
gen_devops_ci_001,naive_summary,devops/ci,synthetic,semi,completed_tasks,3,18,2,0.1111,0.6667,0.1905,175,276,1.58,0.03510500005177164,18
gen_devops_ci_001,naive_summary,devops/ci,synthetic,semi,pending_tasks,1,18,1,0.0556,1.0,0.1053,175,276,1.58,0.03510500005177164,18
gen_devops_ci_001,naive_summary,devops/ci,synthetic,semi,decisions,4,18,2,0.1111,0.5,0.1818,175,276,1.58,0.03510500005177164,18
gen_devops_ci_001,naive_summary,devops/ci,synthetic,semi,files,5,18,2,0.1111,0.4,0.1739,175,276,1.58,0.03510500005177164,18
gen_devops_ci_001,naive_summary,devops/ci,synthetic,semi,errors,1,18,0,0.0,0.0,0.0,175,276,1.58,0.03510500005177164,18
gen_devops_ci_002,tokenmizer_v0.5.2,devops/ci,synthetic,semi,completed_tasks,3,1,1,1.0,0.3333,0.5,89,339,3.81,44.2917220000254,11
gen_devops_ci_002,tokenmizer_v0.5.2,devops/ci,synthetic,semi,pending_tasks,3,0,0,1.0,0.0,0.0,89,339,3.81,44.2917220000254,11
gen_devops_ci_002,tokenmizer_v0.5.2,devops/ci,synthetic,semi,decisions,5,5,4,0.8,0.8,0.8,89,339,3.81,44.2917220000254,11
gen_devops_ci_002,tokenmizer_v0.5.2,devops/ci,synthetic,semi,files,5,5,5,1.0,1.0,1.0,89,339,3.81,44.2917220000254,11
gen_devops_ci_002,tokenmizer_v0.5.2,devops/ci,synthetic,semi,errors,2,0,0,1.0,0.0,0.0,89,339,3.81,44.2917220000254,11
gen_devops_ci_002,graphiti_style,devops/ci,synthetic,semi,completed_tasks,3,2,2,1.0,0.6667,0.8,138,339,2.46,0.8742109998820524,13
gen_devops_ci_002,graphiti_style,devops/ci,synthetic,semi,pending_tasks,3,1,0,0.0,0.0,0.0,138,339,2.46,0.8742109998820524,13
gen_devops_ci_002,graphiti_style,devops/ci,synthetic,semi,decisions,5,5,5,1.0,1.0,1.0,138,339,2.46,0.8742109998820524,13
gen_devops_ci_002,graphiti_style,devops/ci,synthetic,semi,files,5,3,3,1.0,0.6,0.75,138,339,2.46,0.8742109998820524,13
gen_devops_ci_002,graphiti_style,devops/ci,synthetic,semi,errors,2,2,2,1.0,1.0,1.0,138,339,2.46,0.8742109998820524,13
gen_devops_ci_002,graphrag_style,devops/ci,synthetic,semi,completed_tasks,3,0,0,1.0,0.0,0.0,93,339,3.65,0.4728469998553919,10
gen_devops_ci_002,graphrag_style,devops/ci,synthetic,semi,pending_tasks,3,1,0,0.0,0.0,0.0,93,339,3.65,0.4728469998553919,10
gen_devops_ci_002,graphrag_style,devops/ci,synthetic,semi,decisions,5,5,5,1.0,1.0,1.0,93,339,3.65,0.4728469998553919,10
gen_devops_ci_002,graphrag_style,devops/ci,synthetic,semi,files,5,3,3,1.0,0.6,0.75,93,339,3.65,0.4728469998553919,10
gen_devops_ci_002,graphrag_style,devops/ci,synthetic,semi,errors,2,1,0,0.0,0.0,0.0,93,339,3.65,0.4728469998553919,10
gen_devops_ci_002,mem0_style,devops/ci,synthetic,semi,completed_tasks,3,2,2,1.0,0.6667,0.8,137,339,2.47,0.8670580000398331,13
gen_devops_ci_002,mem0_style,devops/ci,synthetic,semi,pending_tasks,3,1,0,0.0,0.0,0.0,137,339,2.47,0.8670580000398331,13
gen_devops_ci_002,mem0_style,devops/ci,synthetic,semi,decisions,5,5,5,1.0,1.0,1.0,137,339,2.47,0.8670580000398331,13
gen_devops_ci_002,mem0_style,devops/ci,synthetic,semi,files,5,3,3,1.0,0.6,0.75,137,339,2.47,0.8670580000398331,13
gen_devops_ci_002,mem0_style,devops/ci,synthetic,semi,errors,2,2,2,1.0,1.0,1.0,137,339,2.47,0.8670580000398331,13
gen_devops_ci_002,memgpt_style,devops/ci,synthetic,semi,completed_tasks,3,1,1,1.0,0.3333,0.5,43,339,7.88,0.2784880000490375,3
gen_devops_ci_002,memgpt_style,devops/ci,synthetic,semi,pending_tasks,3,0,0,1.0,0.0,0.0,43,339,7.88,0.2784880000490375,3
gen_devops_ci_002,memgpt_style,devops/ci,synthetic,semi,decisions,5,1,1,1.0,0.2,0.3333,43,339,7.88,0.2784880000490375,3
gen_devops_ci_002,memgpt_style,devops/ci,synthetic,semi,files,5,1,2,1.0,0.4,0.5714,43,339,7.88,0.2784880000490375,3
gen_devops_ci_002,memgpt_style,devops/ci,synthetic,semi,errors,2,0,0,1.0,0.0,0.0,43,339,7.88,0.2784880000490375,3
gen_devops_ci_002,sliding_window_10,devops/ci,synthetic,semi,completed_tasks,3,11,2,0.1818,0.6667,0.2857,123,339,2.76,0.004005999926448567,11
gen_devops_ci_002,sliding_window_10,devops/ci,synthetic,semi,pending_tasks,3,11,1,0.0909,0.3333,0.1429,123,339,2.76,0.004005999926448567,11
gen_devops_ci_002,sliding_window_10,devops/ci,synthetic,semi,decisions,5,11,1,0.0909,0.2,0.125,123,339,2.76,0.004005999926448567,11
gen_devops_ci_002,sliding_window_10,devops/ci,synthetic,semi,files,5,11,3,0.1818,0.6,0.2791,123,339,2.76,0.004005999926448567,11
gen_devops_ci_002,sliding_window_10,devops/ci,synthetic,semi,errors,2,11,0,0.0,0.0,0.0,123,339,2.76,0.004005999926448567,11
gen_devops_ci_002,naive_truncation,devops/ci,synthetic,semi,completed_tasks,3,28,3,0.1071,1.0,0.1935,306,339,1.11,0.014267999858930125,28
gen_devops_ci_002,naive_truncation,devops/ci,synthetic,semi,pending_tasks,3,28,3,0.1071,1.0,0.1935,306,339,1.11,0.014267999858930125,28
gen_devops_ci_002,naive_truncation,devops/ci,synthetic,semi,decisions,5,28,5,0.1786,1.0,0.303,306,339,1.11,0.014267999858930125,28
gen_devops_ci_002,naive_truncation,devops/ci,synthetic,semi,files,5,28,4,0.1429,0.8,0.2424,306,339,1.11,0.014267999858930125,28
gen_devops_ci_002,naive_truncation,devops/ci,synthetic,semi,errors,2,28,1,0.0357,0.5,0.0667,306,339,1.11,0.014267999858930125,28
gen_devops_ci_002,naive_summary,devops/ci,synthetic,semi,completed_tasks,3,18,1,0.0556,0.3333,0.0952,186,339,1.82,0.06413200003407837,18
gen_devops_ci_002,naive_summary,devops/ci,synthetic,semi,pending_tasks,3,18,2,0.1111,0.6667,0.1905,186,339,1.82,0.06413200003407837,18
gen_devops_ci_002,naive_summary,devops/ci,synthetic,semi,decisions,5,18,3,0.1667,0.6,0.2609,186,339,1.82,0.06413200003407837,18
gen_devops_ci_002,naive_summary,devops/ci,synthetic,semi,files,5,18,3,0.1111,0.6,0.1875,186,339,1.82,0.06413200003407837,18
gen_devops_ci_002,naive_summary,devops/ci,synthetic,semi,errors,2,18,2,0.1111,1.0,0.2,186,339,1.82,0.06413200003407837,18
gen_devops_ci_003,tokenmizer_v0.5.2,devops/ci,synthetic,semi,completed_tasks,5,2,2,1.0,0.4,0.5714,82,327,3.99,44.25412299997333,10
gen_devops_ci_003,tokenmizer_v0.5.2,devops/ci,synthetic,semi,pending_tasks,2,0,0,1.0,0.0,0.0,82,327,3.99,44.25412299997333,10
gen_devops_ci_003,tokenmizer_v0.5.2,devops/ci,synthetic,semi,decisions,6,5,4,0.8,0.6667,0.7273,82,327,3.99,44.25412299997333,10
gen_devops_ci_003,tokenmizer_v0.5.2,devops/ci,synthetic,semi,files,3,3,3,1.0,1.0,1.0,82,327,3.99,44.25412299997333,10
gen_devops_ci_003,graphiti_style,devops/ci,synthetic,semi,completed_tasks,5,4,4,1.0,0.8,0.8889,107,327,3.06,0.9401209999850835,12
gen_devops_ci_003,graphiti_style,devops/ci,synthetic,semi,pending_tasks,2,2,0,0.0,0.0,0.0,107,327,3.06,0.9401209999850835,12
gen_devops_ci_003,graphiti_style,devops/ci,synthetic,semi,decisions,6,4,3,0.75,0.5,0.6,107,327,3.06,0.9401209999850835,12
gen_devops_ci_003,graphiti_style,devops/ci,synthetic,semi,files,3,2,2,1.0,0.6667,0.8,107,327,3.06,0.9401209999850835,12
gen_devops_ci_003,graphrag_style,devops/ci,synthetic,semi,completed_tasks,5,0,0,1.0,0.0,0.0,66,327,4.95,0.4580189997795969,8
gen_devops_ci_003,graphrag_style,devops/ci,synthetic,semi,pending_tasks,2,1,0,0.0,0.0,0.0,66,327,4.95,0.4580189997795969,8
gen_devops_ci_003,graphrag_style,devops/ci,synthetic,semi,decisions,6,4,3,0.75,0.5,0.6,66,327,4.95,0.4580189997795969,8
gen_devops_ci_003,graphrag_style,devops/ci,synthetic,semi,files,3,2,2,1.0,0.6667,0.8,66,327,4.95,0.4580189997795969,8
gen_devops_ci_003,graphrag_style,devops/ci,synthetic,semi,errors,0,1,0,0.0,1.0,0.0,66,327,4.95,0.4580189997795969,8
gen_devops_ci_003,mem0_style,devops/ci,synthetic,semi,completed_tasks,5,4,4,1.0,0.8,0.8889,103,327,3.17,0.8565380001073208,11
gen_devops_ci_003,mem0_style,devops/ci,synthetic,semi,pending_tasks,2,1,0,0.0,0.0,0.0,103,327,3.17,0.8565380001073208,11
gen_devops_ci_003,mem0_style,devops/ci,synthetic,semi,decisions,6,4,3,0.75,0.5,0.6,103,327,3.17,0.8565380001073208,11
gen_devops_ci_003,mem0_style,devops/ci,synthetic,semi,files,3,2,2,1.0,0.6667,0.8,103,327,3.17,0.8565380001073208,11
gen_devops_ci_003,memgpt_style,devops/ci,synthetic,semi,completed_tasks,5,3,3,1.0,0.6,0.75,45,327,7.27,0.26133199980904465,4
gen_devops_ci_003,memgpt_style,devops/ci,synthetic,semi,pending_tasks,2,0,0,1.0,0.0,0.0,45,327,7.27,0.26133199980904465,4
gen_devops_ci_003,memgpt_style,devops/ci,synthetic,semi,decisions,6,0,0,1.0,0.0,0.0,45,327,7.27,0.26133199980904465,4
gen_devops_ci_003,memgpt_style,devops/ci,synthetic,semi,files,3,1,1,1.0,0.3333,0.5,45,327,7.27,0.26133199980904465,4
gen_devops_ci_003,sliding_window_10,devops/ci,synthetic,semi,completed_tasks,5,11,4,0.3636,0.8,0.5,124,327,2.64,0.002795999989757547,11
gen_devops_ci_003,sliding_window_10,devops/ci,synthetic,semi,pending_tasks,2,11,0,0.0,0.0,0.0,124,327,2.64,0.002795999989757547,11
gen_devops_ci_003,sliding_window_10,devops/ci,synthetic,semi,decisions,6,11,1,0.0909,0.1667,0.1176,124,327,2.64,0.002795999989757547,11
gen_devops_ci_003,sliding_window_10,devops/ci,synthetic,semi,files,3,11,1,0.0909,0.3333,0.1429,124,327,2.64,0.002795999989757547,11
gen_devops_ci_003,sliding_window_10,devops/ci,synthetic,semi,errors,0,11,0,0.0,1.0,0.0,124,327,2.64,0.002795999989757547,11
gen_devops_ci_003,naive_truncation,devops/ci,synthetic,semi,completed_tasks,5,27,5,0.1852,1.0,0.3125,310,327,1.05,0.014241999906516867,27
gen_devops_ci_003,naive_truncation,devops/ci,synthetic,semi,pending_tasks,2,27,2,0.0741,1.0,0.1379,310,327,1.05,0.014241999906516867,27
gen_devops_ci_003,naive_truncation,devops/ci,synthetic,semi,decisions,6,27,6,0.2222,1.0,0.3636,310,327,1.05,0.014241999906516867,27
gen_devops_ci_003,naive_truncation,devops/ci,synthetic,semi,files,3,27,3,0.1111,1.0,0.2,310,327,1.05,0.014241999906516867,27
gen_devops_ci_003,naive_truncation,devops/ci,synthetic,semi,errors,0,27,0,0.0,1.0,0.0,310,327,1.05,0.014241999906516867,27
gen_devops_ci_003,naive_summary,devops/ci,synthetic,semi,completed_tasks,5,17,0,0.0,0.0,0.0,182,327,1.8,0.03158499998789921,17
gen_devops_ci_003,naive_summary,devops/ci,synthetic,semi,pending_tasks,2,17,1,0.0588,0.5,0.1053,182,327,1.8,0.03158499998789921,17
gen_devops_ci_003,naive_summary,devops/ci,synthetic,semi,decisions,6,17,5,0.2941,0.8333,0.4348,182,327,1.8,0.03158499998789921,17
gen_devops_ci_003,naive_summary,devops/ci,synthetic,semi,files,3,17,2,0.1176,0.6667,0.2,182,327,1.8,0.03158499998789921,17
gen_devops_ci_003,naive_summary,devops/ci,synthetic,semi,errors,0,17,0,0.0,1.0,0.0,182,327,1.8,0.03158499998789921,17
gen_devops_ci_004,tokenmizer_v0.5.2,devops/ci,synthetic,semi,completed_tasks,3,2,2,1.0,0.6667,0.8,58,268,4.62,40.46712300009858,7
gen_devops_ci_004,tokenmizer_v0.5.2,devops/ci,synthetic,semi,pending_tasks,2,0,0,1.0,0.0,0.0,58,268,4.62,40.46712300009858,7
gen_devops_ci_004,tokenmizer_v0.5.2,devops/ci,synthetic,semi,decisions,4,2,2,1.0,0.5,0.6667,58,268,4.62,40.46712300009858,7
gen_devops_ci_004,tokenmizer_v0.5.2,devops/ci,synthetic,semi,files,3,3,3,1.0,1.0,1.0,58,268,4.62,40.46712300009858,7
gen_devops_ci_004,tokenmizer_v0.5.2,devops/ci,synthetic,semi,errors,2,0,0,1.0,0.0,0.0,58,268,4.62,40.46712300009858,7
gen_devops_ci_004,graphiti_style,devops/ci,synthetic,semi,completed_tasks,3,2,2,1.0,0.6667,0.8,91,268,2.95,0.7218310001917416,10
gen_devops_ci_004,graphiti_style,devops/ci,synthetic,semi,pending_tasks,2,2,0,0.0,0.0,0.0,91,268,2.95,0.7218310001917416,10
gen_devops_ci_004,graphiti_style,devops/ci,synthetic,semi,decisions,4,3,2,0.6667,0.5,0.5714,91,268,2.95,0.7218310001917416,10
gen_devops_ci_004,graphiti_style,devops/ci,synthetic,semi,files,3,1,1,1.0,0.3333,0.5,91,268,2.95,0.7218310001917416,10
gen_devops_ci_004,graphiti_style,devops/ci,synthetic,semi,errors,2,2,2,1.0,1.0,1.0,91,268,2.95,0.7218310001917416,10
gen_devops_ci_004,graphrag_style,devops/ci,synthetic,semi,completed_tasks,3,0,0,1.0,0.0,0.0,48,268,5.58,0.3695099999276863,7
gen_devops_ci_004,graphrag_style,devops/ci,synthetic,semi,pending_tasks,2,1,0,0.0,0.0,0.0,48,268,5.58,0.3695099999276863,7
gen_devops_ci_004,graphrag_style,devops/ci,synthetic,semi,decisions,4,3,2,0.6667,0.5,0.5714,48,268,5.58,0.3695099999276863,7
gen_devops_ci_004,graphrag_style,devops/ci,synthetic,semi,files,3,1,1,1.0,0.3333,0.5,48,268,5.58,0.3695099999276863,7
gen_devops_ci_004,graphrag_style,devops/ci,synthetic,semi,errors,2,2,0,0.0,0.0,0.0,48,268,5.58,0.3695099999276863,7
gen_devops_ci_004,mem0_style,devops/ci,synthetic,semi,completed_tasks,3,2,2,1.0,0.6667,0.8,87,268,3.08,0.7130779999897641,9
gen_devops_ci_004,mem0_style,devops/ci,synthetic,semi,pending_tasks,2,1,0,0.0,0.0,0.0,87,268,3.08,0.7130779999897641,9
gen_devops_ci_004,mem0_style,devops/ci,synthetic,semi,decisions,4,3,2,0.6667,0.5,0.5714,87,268,3.08,0.7130779999897641,9
gen_devops_ci_004,mem0_style,devops/ci,synthetic,semi,files,3,1,1,1.0,0.3333,0.5,87,268,3.08,0.7130779999897641,9
gen_devops_ci_004,mem0_style,devops/ci,synthetic,semi,errors,2,2,2,1.0,1.0,1.0,87,268,3.08,0.7130779999897641,9
gen_devops_ci_004,memgpt_style,devops/ci,synthetic,semi,completed_tasks,3,1,1,1.0,0.3333,0.5,47,268,5.7,0.24660200006110244,4
gen_devops_ci_004,memgpt_style,devops/ci,synthetic,semi,pending_tasks,2,0,0,1.0,0.0,0.0,47,268,5.7,0.24660200006110244,4
gen_devops_ci_004,memgpt_style,devops/ci,synthetic,semi,decisions,4,1,1,1.0,0.25,0.4,47,268,5.7,0.24660200006110244,4
gen_devops_ci_004,memgpt_style,devops/ci,synthetic,semi,files,3,1,1,1.0,0.3333,0.5,47,268,5.7,0.24660200006110244,4
gen_devops_ci_004,memgpt_style,devops/ci,synthetic,semi,errors,2,1,1,1.0,0.5,0.6667,47,268,5.7,0.24660200006110244,4
gen_devops_ci_004,sliding_window_10,devops/ci,synthetic,semi,completed_tasks,3,11,1,0.0909,0.3333,0.1429,111,268,2.41,0.0027629998839984182,11
gen_devops_ci_004,sliding_window_10,devops/ci,synthetic,semi,pending_tasks,2,11,0,0.0,0.0,0.0,111,268,2.41,0.0027629998839984182,11
gen_devops_ci_004,sliding_window_10,devops/ci,synthetic,semi,decisions,4,11,2,0.1818,0.5,0.2667,111,268,2.41,0.0027629998839984182,11
gen_devops_ci_004,sliding_window_10,devops/ci,synthetic,semi,files,3,11,2,0.1818,0.6667,0.2857,111,268,2.41,0.0027629998839984182,11
gen_devops_ci_004,sliding_window_10,devops/ci,synthetic,semi,errors,2,11,1,0.0909,0.5,0.1538,111,268,2.41,0.0027629998839984182,11
gen_devops_ci_004,naive_truncation,devops/ci,synthetic,semi,completed_tasks,3,27,3,0.1111,1.0,0.2,283,268,0.95,0.013840000065101776,27
gen_devops_ci_004,naive_truncation,devops/ci,synthetic,semi,pending_tasks,2,27,2,0.0741,1.0,0.1379,283,268,0.95,0.013840000065101776,27
gen_devops_ci_004,naive_truncation,devops/ci,synthetic,semi,decisions,4,27,4,0.1481,1.0,0.2581,283,268,0.95,0.013840000065101776,27
gen_devops_ci_004,naive_truncation,devops/ci,synthetic,semi,files,3,27,3,0.1111,1.0,0.2,283,268,0.95,0.013840000065101776,27
gen_devops_ci_004,naive_truncation,devops/ci,synthetic,semi,errors,2,27,2,0.0741,1.0,0.1379,283,268,0.95,0.013840000065101776,27
gen_devops_ci_004,naive_summary,devops/ci,synthetic,semi,completed_tasks,3,17,2,0.1176,0.6667,0.2,176,268,1.52,0.0910669998575031,17
gen_devops_ci_004,naive_summary,devops/ci,synthetic,semi,pending_tasks,2,17,2,0.1176,1.0,0.2105,176,268,1.52,0.0910669998575031,17
gen_devops_ci_004,naive_summary,devops/ci,synthetic,semi,decisions,4,17,2,0.1176,0.5,0.1905,176,268,1.52,0.0910669998575031,17
gen_devops_ci_004,naive_summary,devops/ci,synthetic,semi,files,3,17,1,0.0588,0.3333,0.1,176,268,1.52,0.0910669998575031,17
gen_devops_ci_004,naive_summary,devops/ci,synthetic,semi,errors,2,17,1,0.0588,0.5,0.1053,176,268,1.52,0.0910669998575031,17
gen_devops_ci_005,tokenmizer_v0.5.2,devops/ci,synthetic,semi,completed_tasks,7,1,1,1.0,0.1429,0.25,68,362,5.32,42.83634599983088,8
gen_devops_ci_005,tokenmizer_v0.5.2,devops/ci,synthetic,semi,pending_tasks,3,1,1,1.0,0.3333,0.5,68,362,5.32,42.83634599983088,8
gen_devops_ci_005,tokenmizer_v0.5.2,devops/ci,synthetic,semi,decisions,2,2,1,0.5,0.5,0.5,68,362,5.32,42.83634599983088,8
gen_devops_ci_005,tokenmizer_v0.5.2,devops/ci,synthetic,semi,files,3,3,3,1.0,1.0,1.0,68,362,5.32,42.83634599983088,8
gen_devops_ci_005,tokenmizer_v0.5.2,devops/ci,synthetic,semi,errors,3,1,0,0.0,0.0,0.0,68,362,5.32,42.83634599983088,8
gen_devops_ci_005,graphiti_style,devops/ci,synthetic,semi,completed_tasks,7,5,5,1.0,0.7143,0.8333,163,362,2.22,1.1157429999002488,16
gen_devops_ci_005,graphiti_style,devops/ci,synthetic,semi,pending_tasks,3,4,1,0.25,0.3333,0.2857,163,362,2.22,1.1157429999002488,16
gen_devops_ci_005,graphiti_style,devops/ci,synthetic,semi,decisions,2,3,2,0.6667,1.0,0.8,163,362,2.22,1.1157429999002488,16
gen_devops_ci_005,graphiti_style,devops/ci,synthetic,semi,files,3,1,1,1.0,0.3333,0.5,163,362,2.22,1.1157429999002488,16
gen_devops_ci_005,graphiti_style,devops/ci,synthetic,semi,errors,3,3,3,1.0,1.0,1.0,163,362,2.22,1.1157429999002488,16
gen_devops_ci_005,graphrag_style,devops/ci,synthetic,semi,completed_tasks,7,0,0,1.0,0.0,0.0,64,362,5.66,0.7795230001192976,8
gen_devops_ci_005,graphrag_style,devops/ci,synthetic,semi,pending_tasks,3,2,0,0.0,0.0,0.0,64,362,5.66,0.7795230001192976,8
gen_devops_ci_005,graphrag_style,devops/ci,synthetic,semi,decisions,2,2,2,1.0,1.0,1.0,64,362,5.66,0.7795230001192976,8
gen_devops_ci_005,graphrag_style,devops/ci,synthetic,semi,files,3,1,1,1.0,0.3333,0.5,64,362,5.66,0.7795230001192976,8
gen_devops_ci_005,graphrag_style,devops/ci,synthetic,semi,errors,3,3,2,0.6667,0.6667,0.6667,64,362,5.66,0.7795230001192976,8
gen_devops_ci_005,mem0_style,devops/ci,synthetic,semi,completed_tasks,7,5,5,1.0,0.7143,0.8333,159,362,2.28,1.3795029999528197,15
gen_devops_ci_005,mem0_style,devops/ci,synthetic,semi,pending_tasks,3,3,1,0.3333,0.3333,0.3333,159,362,2.28,1.3795029999528197,15
gen_devops_ci_005,mem0_style,devops/ci,synthetic,semi,decisions,2,3,2,0.6667,1.0,0.8,159,362,2.28,1.3795029999528197,15
gen_devops_ci_005,mem0_style,devops/ci,synthetic,semi,files,3,1,1,1.0,0.3333,0.5,159,362,2.28,1.3795029999528197,15
gen_devops_ci_005,mem0_style,devops/ci,synthetic,semi,errors,3,3,3,1.0,1.0,1.0,159,362,2.28,1.3795029999528197,15
gen_devops_ci_005,memgpt_style,devops/ci,synthetic,semi,completed_tasks,7,3,3,1.0,0.4286,0.6,71,362,5.1,0.4671320000397827,5
gen_devops_ci_005,memgpt_style,devops/ci,synthetic,semi,pending_tasks,3,1,1,1.0,0.3333,0.5,71,362,5.1,0.4671320000397827,5
gen_devops_ci_005,memgpt_style,devops/ci,synthetic,semi,decisions,2,0,0,1.0,0.0,0.0,71,362,5.1,0.4671320000397827,5
gen_devops_ci_005,memgpt_style,devops/ci,synthetic,semi,files,3,0,0,1.0,0.0,0.0,71,362,5.1,0.4671320000397827,5
gen_devops_ci_005,memgpt_style,devops/ci,synthetic,semi,errors,3,1,1,1.0,0.3333,0.5,71,362,5.1,0.4671320000397827,5
gen_devops_ci_005,sliding_window_10,devops/ci,synthetic,semi,completed_tasks,7,10,3,0.3,0.4286,0.3529,98,362,3.69,0.004795999984708033,10
gen_devops_ci_005,sliding_window_10,devops/ci,synthetic,semi,pending_tasks,3,10,0,0.0,0.0,0.0,98,362,3.69,0.004795999984708033,10
gen_devops_ci_005,sliding_window_10,devops/ci,synthetic,semi,decisions,2,10,0,0.0,0.0,0.0,98,362,3.69,0.004795999984708033,10
gen_devops_ci_005,sliding_window_10,devops/ci,synthetic,semi,files,3,10,1,0.1,0.3333,0.1538,98,362,3.69,0.004795999984708033,10
gen_devops_ci_005,sliding_window_10,devops/ci,synthetic,semi,errors,3,10,1,0.1,0.3333,0.1538,98,362,3.69,0.004795999984708033,10
gen_devops_ci_005,naive_truncation,devops/ci,synthetic,semi,completed_tasks,7,29,7,0.2414,1.0,0.3889,310,362,1.17,0.03539099998306483,29
gen_devops_ci_005,naive_truncation,devops/ci,synthetic,semi,pending_tasks,3,29,3,0.1034,1.0,0.1875,310,362,1.17,0.03539099998306483,29
gen_devops_ci_005,naive_truncation,devops/ci,synthetic,semi,decisions,2,29,1,0.0345,0.5,0.0645,310,362,1.17,0.03539099998306483,29
gen_devops_ci_005,naive_truncation,devops/ci,synthetic,semi,files,3,29,3,0.1034,1.0,0.1875,310,362,1.17,0.03539099998306483,29
gen_devops_ci_005,naive_truncation,devops/ci,synthetic,semi,errors,3,29,2,0.069,0.6667,0.125,310,362,1.17,0.03539099998306483,29
gen_devops_ci_005,naive_summary,devops/ci,synthetic,semi,completed_tasks,7,15,1,0.0667,0.1429,0.0909,172,362,2.1,0.04931500006932765,15
gen_devops_ci_005,naive_summary,devops/ci,synthetic,semi,pending_tasks,3,15,1,0.0667,0.3333,0.1111,172,362,2.1,0.04931500006932765,15
gen_devops_ci_005,naive_summary,devops/ci,synthetic,semi,decisions,2,15,2,0.1333,1.0,0.2353,172,362,2.1,0.04931500006932765,15
gen_devops_ci_005,naive_summary,devops/ci,synthetic,semi,files,3,15,0,0.0,0.0,0.0,172,362,2.1,0.04931500006932765,15
gen_devops_ci_005,naive_summary,devops/ci,synthetic,semi,errors,3,15,2,0.1333,0.6667,0.2222,172,362,2.1,0.04931500006932765,15
gen_devops_kubernetes_001,tokenmizer_v0.5.2,devops/kubernetes,synthetic,implicit,completed_tasks,7,0,0,1.0,0.0,0.0,55,514,9.35,53.02390699989701,5
gen_devops_kubernetes_001,tokenmizer_v0.5.2,devops/kubernetes,synthetic,implicit,pending_tasks,4,1,0,0.0,0.0,0.0,55,514,9.35,53.02390699989701,5
gen_devops_kubernetes_001,tokenmizer_v0.5.2,devops/kubernetes,synthetic,implicit,decisions,2,1,0,0.0,0.0,0.0,55,514,9.35,53.02390699989701,5
gen_devops_kubernetes_001,tokenmizer_v0.5.2,devops/kubernetes,synthetic,implicit,files,2,2,2,1.0,1.0,1.0,55,514,9.35,53.02390699989701,5
gen_devops_kubernetes_001,tokenmizer_v0.5.2,devops/kubernetes,synthetic,implicit,errors,2,1,0,0.0,0.0,0.0,55,514,9.35,53.02390699989701,5
gen_devops_kubernetes_001,graphiti_style,devops/kubernetes,synthetic,implicit,completed_tasks,7,0,0,1.0,0.0,0.0,20,514,25.7,1.3322400000106427,3
gen_devops_kubernetes_001,graphiti_style,devops/kubernetes,synthetic,implicit,pending_tasks,4,1,0,0.0,0.0,0.0,20,514,25.7,1.3322400000106427,3
gen_devops_kubernetes_001,graphiti_style,devops/kubernetes,synthetic,implicit,decisions,2,0,0,1.0,0.0,0.0,20,514,25.7,1.3322400000106427,3
gen_devops_kubernetes_001,graphiti_style,devops/kubernetes,synthetic,implicit,files,2,2,2,1.0,1.0,1.0,20,514,25.7,1.3322400000106427,3
gen_devops_kubernetes_001,graphiti_style,devops/kubernetes,synthetic,implicit,errors,2,0,0,1.0,0.0,0.0,20,514,25.7,1.3322400000106427,3
gen_devops_kubernetes_001,graphrag_style,devops/kubernetes,synthetic,implicit,completed_tasks,7,0,0,1.0,0.0,0.0,47,514,10.94,0.7019080001100519,5
gen_devops_kubernetes_001,graphrag_style,devops/kubernetes,synthetic,implicit,pending_tasks,4,1,0,0.0,0.0,0.0,47,514,10.94,0.7019080001100519,5
gen_devops_kubernetes_001,graphrag_style,devops/kubernetes,synthetic,implicit,decisions,2,0,0,1.0,0.0,0.0,47,514,10.94,0.7019080001100519,5
gen_devops_kubernetes_001,graphrag_style,devops/kubernetes,synthetic,implicit,files,2,2,2,1.0,1.0,1.0,47,514,10.94,0.7019080001100519,5
gen_devops_kubernetes_001,graphrag_style,devops/kubernetes,synthetic,implicit,errors,2,2,0,0.0,0.0,0.0,47,514,10.94,0.7019080001100519,5
gen_devops_kubernetes_001,mem0_style,devops/kubernetes,synthetic,implicit,completed_tasks,7,0,0,1.0,0.0,0.0,19,514,27.05,1.2145149999014393,3
gen_devops_kubernetes_001,mem0_style,devops/kubernetes,synthetic,implicit,pending_tasks,4,1,0,0.0,0.0,0.0,19,514,27.05,1.2145149999014393,3
gen_devops_kubernetes_001,mem0_style,devops/kubernetes,synthetic,implicit,decisions,2,0,0,1.0,0.0,0.0,19,514,27.05,1.2145149999014393,3
gen_devops_kubernetes_001,mem0_style,devops/kubernetes,synthetic,implicit,files,2,2,2,1.0,1.0,1.0,19,514,27.05,1.2145149999014393,3
gen_devops_kubernetes_001,mem0_style,devops/kubernetes,synthetic,implicit,errors,2,0,0,1.0,0.0,0.0,19,514,27.05,1.2145149999014393,3
gen_devops_kubernetes_001,memgpt_style,devops/kubernetes,synthetic,implicit,completed_tasks,7,0,0,1.0,0.0,0.0,14,514,36.71,0.48150099996746576,2
gen_devops_kubernetes_001,memgpt_style,devops/kubernetes,synthetic,implicit,pending_tasks,4,1,0,0.0,0.0,0.0,14,514,36.71,0.48150099996746576,2
gen_devops_kubernetes_001,memgpt_style,devops/kubernetes,synthetic,implicit,decisions,2,0,0,1.0,0.0,0.0,14,514,36.71,0.48150099996746576,2
gen_devops_kubernetes_001,memgpt_style,devops/kubernetes,synthetic,implicit,files,2,1,1,1.0,0.5,0.6667,14,514,36.71,0.48150099996746576,2
gen_devops_kubernetes_001,memgpt_style,devops/kubernetes,synthetic,implicit,errors,2,0,0,1.0,0.0,0.0,14,514,36.71,0.48150099996746576,2
gen_devops_kubernetes_001,sliding_window_10,devops/kubernetes,synthetic,implicit,completed_tasks,7,12,2,0.1667,0.2857,0.2105,199,514,2.58,0.0029489999633369735,12
gen_devops_kubernetes_001,sliding_window_10,devops/kubernetes,synthetic,implicit,pending_tasks,4,12,3,0.25,0.75,0.375,199,514,2.58,0.0029489999633369735,12
gen_devops_kubernetes_001,sliding_window_10,devops/kubernetes,synthetic,implicit,decisions,2,12,0,0.0,0.0,0.0,199,514,2.58,0.0029489999633369735,12
gen_devops_kubernetes_001,sliding_window_10,devops/kubernetes,synthetic,implicit,files,2,12,1,0.0833,0.5,0.1429,199,514,2.58,0.0029489999633369735,12
gen_devops_kubernetes_001,sliding_window_10,devops/kubernetes,synthetic,implicit,errors,2,12,1,0.0833,0.5,0.1429,199,514,2.58,0.0029489999633369735,12
gen_devops_kubernetes_001,naive_truncation,devops/kubernetes,synthetic,implicit,completed_tasks,7,17,2,0.1176,0.2857,0.1667,285,514,1.8,0.0110109999695851,17
gen_devops_kubernetes_001,naive_truncation,devops/kubernetes,synthetic,implicit,pending_tasks,4,17,4,0.2353,1.0,0.381,285,514,1.8,0.0110109999695851,17
gen_devops_kubernetes_001,naive_truncation,devops/kubernetes,synthetic,implicit,decisions,2,17,1,0.0588,0.5,0.1053,285,514,1.8,0.0110109999695851,17
gen_devops_kubernetes_001,naive_truncation,devops/kubernetes,synthetic,implicit,files,2,17,2,0.1176,1.0,0.2105,285,514,1.8,0.0110109999695851,17
gen_devops_kubernetes_001,naive_truncation,devops/kubernetes,synthetic,implicit,errors,2,17,1,0.0588,0.5,0.1053,285,514,1.8,0.0110109999695851,17
gen_devops_kubernetes_001,naive_summary,devops/kubernetes,synthetic,implicit,completed_tasks,7,11,3,0.2727,0.4286,0.3333,178,514,2.89,0.04832199988413777,11
gen_devops_kubernetes_001,naive_summary,devops/kubernetes,synthetic,implicit,pending_tasks,4,11,0,0.0,0.0,0.0,178,514,2.89,0.04832199988413777,11
gen_devops_kubernetes_001,naive_summary,devops/kubernetes,synthetic,implicit,decisions,2,11,0,0.0,0.0,0.0,178,514,2.89,0.04832199988413777,11
gen_devops_kubernetes_001,naive_summary,devops/kubernetes,synthetic,implicit,files,2,11,0,0.0,0.0,0.0,178,514,2.89,0.04832199988413777,11
gen_devops_kubernetes_001,naive_summary,devops/kubernetes,synthetic,implicit,errors,2,11,1,0.0909,0.5,0.1538,178,514,2.89,0.04832199988413777,11
gen_devops_kubernetes_002,tokenmizer_v0.5.2,devops/kubernetes,synthetic,implicit,completed_tasks,6,0,0,1.0,0.0,0.0,42,435,10.36,51.501455000106944,5
gen_devops_kubernetes_002,tokenmizer_v0.5.2,devops/kubernetes,synthetic,implicit,pending_tasks,1,0,0,1.0,0.0,0.0,42,435,10.36,51.501455000106944,5
gen_devops_kubernetes_002,tokenmizer_v0.5.2,devops/kubernetes,synthetic,implicit,decisions,3,1,0,0.0,0.0,0.0,42,435,10.36,51.501455000106944,5
gen_devops_kubernetes_002,tokenmizer_v0.5.2,devops/kubernetes,synthetic,implicit,files,3,3,3,1.0,1.0,1.0,42,435,10.36,51.501455000106944,5
gen_devops_kubernetes_002,tokenmizer_v0.5.2,devops/kubernetes,synthetic,implicit,errors,3,1,0,0.0,0.0,0.0,42,435,10.36,51.501455000106944,5
gen_devops_kubernetes_002,graphiti_style,devops/kubernetes,synthetic,implicit,completed_tasks,6,0,0,1.0,0.0,0.0,32,435,13.59,1.0949769998660486,6
gen_devops_kubernetes_002,graphiti_style,devops/kubernetes,synthetic,implicit,pending_tasks,1,2,0,0.0,0.0,0.0,32,435,13.59,1.0949769998660486,6
gen_devops_kubernetes_002,graphiti_style,devops/kubernetes,synthetic,implicit,decisions,3,1,0,0.0,0.0,0.0,32,435,13.59,1.0949769998660486,6
gen_devops_kubernetes_002,graphiti_style,devops/kubernetes,synthetic,implicit,files,3,3,3,1.0,1.0,1.0,32,435,13.59,1.0949769998660486,6
gen_devops_kubernetes_002,graphiti_style,devops/kubernetes,synthetic,implicit,errors,3,0,0,1.0,0.0,0.0,32,435,13.59,1.0949769998660486,6
gen_devops_kubernetes_002,graphrag_style,devops/kubernetes,synthetic,implicit,completed_tasks,6,0,0,1.0,0.0,0.0,41,435,10.61,0.5573749999712163,6
gen_devops_kubernetes_002,graphrag_style,devops/kubernetes,synthetic,implicit,pending_tasks,1,2,0,0.0,0.0,0.0,41,435,10.61,0.5573749999712163,6
gen_devops_kubernetes_002,graphrag_style,devops/kubernetes,synthetic,implicit,decisions,3,0,0,1.0,0.0,0.0,41,435,10.61,0.5573749999712163,6
gen_devops_kubernetes_002,graphrag_style,devops/kubernetes,synthetic,implicit,files,3,3,3,1.0,1.0,1.0,41,435,10.61,0.5573749999712163,6
gen_devops_kubernetes_002,graphrag_style,devops/kubernetes,synthetic,implicit,errors,3,1,0,0.0,0.0,0.0,41,435,10.61,0.5573749999712163,6
gen_devops_kubernetes_002,mem0_style,devops/kubernetes,synthetic,implicit,completed_tasks,6,0,0,1.0,0.0,0.0,31,435,14.03,1.0643959999470098,6
gen_devops_kubernetes_002,mem0_style,devops/kubernetes,synthetic,implicit,pending_tasks,1,2,0,0.0,0.0,0.0,31,435,14.03,1.0643959999470098,6
gen_devops_kubernetes_002,mem0_style,devops/kubernetes,synthetic,implicit,decisions,3,1,0,0.0,0.0,0.0,31,435,14.03,1.0643959999470098,6
gen_devops_kubernetes_002,mem0_style,devops/kubernetes,synthetic,implicit,files,3,3,3,1.0,1.0,1.0,31,435,14.03,1.0643959999470098,6
gen_devops_kubernetes_002,mem0_style,devops/kubernetes,synthetic,implicit,errors,3,0,0,1.0,0.0,0.0,31,435,14.03,1.0643959999470098,6
gen_devops_kubernetes_002,memgpt_style,devops/kubernetes,synthetic,implicit,completed_tasks,6,0,0,1.0,0.0,0.0,19,435,22.89,0.48968000010063406,3
gen_devops_kubernetes_002,memgpt_style,devops/kubernetes,synthetic,implicit,pending_tasks,1,1,0,0.0,0.0,0.0,19,435,22.89,0.48968000010063406,3
gen_devops_kubernetes_002,memgpt_style,devops/kubernetes,synthetic,implicit,decisions,3,1,0,0.0,0.0,0.0,19,435,22.89,0.48968000010063406,3
gen_devops_kubernetes_002,memgpt_style,devops/kubernetes,synthetic,implicit,files,3,1,1,1.0,0.3333,0.5,19,435,22.89,0.48968000010063406,3
gen_devops_kubernetes_002,memgpt_style,devops/kubernetes,synthetic,implicit,errors,3,0,0,1.0,0.0,0.0,19,435,22.89,0.48968000010063406,3
gen_devops_kubernetes_002,sliding_window_10,devops/kubernetes,synthetic,implicit,completed_tasks,6,12,2,0.1667,0.3333,0.2222,192,435,2.27,0.003420999973968719,12
gen_devops_kubernetes_002,sliding_window_10,devops/kubernetes,synthetic,implicit,pending_tasks,1,12,0,0.0,0.0,0.0,192,435,2.27,0.003420999973968719,12
gen_devops_kubernetes_002,sliding_window_10,devops/kubernetes,synthetic,implicit,decisions,3,12,3,0.25,1.0,0.4,192,435,2.27,0.003420999973968719,12
gen_devops_kubernetes_002,sliding_window_10,devops/kubernetes,synthetic,implicit,files,3,12,1,0.0833,0.3333,0.1333,192,435,2.27,0.003420999973968719,12
gen_devops_kubernetes_002,sliding_window_10,devops/kubernetes,synthetic,implicit,errors,3,12,1,0.0833,0.3333,0.1333,192,435,2.27,0.003420999973968719,12
gen_devops_kubernetes_002,naive_truncation,devops/kubernetes,synthetic,implicit,completed_tasks,6,19,5,0.2632,0.8333,0.4,304,435,1.43,0.010369999927206663,19
gen_devops_kubernetes_002,naive_truncation,devops/kubernetes,synthetic,implicit,pending_tasks,1,19,0,0.0,0.0,0.0,304,435,1.43,0.010369999927206663,19
gen_devops_kubernetes_002,naive_truncation,devops/kubernetes,synthetic,implicit,decisions,3,19,3,0.1579,1.0,0.2727,304,435,1.43,0.010369999927206663,19
gen_devops_kubernetes_002,naive_truncation,devops/kubernetes,synthetic,implicit,files,3,19,1,0.0526,0.3333,0.0909,304,435,1.43,0.010369999927206663,19
gen_devops_kubernetes_002,naive_truncation,devops/kubernetes,synthetic,implicit,errors,3,19,2,0.1053,0.6667,0.1818,304,435,1.43,0.010369999927206663,19
gen_devops_kubernetes_002,naive_summary,devops/kubernetes,synthetic,implicit,completed_tasks,6,13,2,0.1538,0.3333,0.2105,178,435,2.44,0.07627700006196392,13
gen_devops_kubernetes_002,naive_summary,devops/kubernetes,synthetic,implicit,pending_tasks,1,13,1,0.0769,1.0,0.1429,178,435,2.44,0.07627700006196392,13
gen_devops_kubernetes_002,naive_summary,devops/kubernetes,synthetic,implicit,decisions,3,13,0,0.0,0.0,0.0,178,435,2.44,0.07627700006196392,13
gen_devops_kubernetes_002,naive_summary,devops/kubernetes,synthetic,implicit,files,3,13,2,0.1538,0.6667,0.25,178,435,2.44,0.07627700006196392,13
gen_devops_kubernetes_002,naive_summary,devops/kubernetes,synthetic,implicit,errors,3,13,1,0.0769,0.3333,0.125,178,435,2.44,0.07627700006196392,13
gen_devops_kubernetes_003,tokenmizer_v0.5.2,devops/kubernetes,synthetic,implicit,completed_tasks,3,0,0,1.0,0.0,0.0,16,312,19.5,41.20404899981622,2
gen_devops_kubernetes_003,tokenmizer_v0.5.2,devops/kubernetes,synthetic,implicit,pending_tasks,1,0,0,1.0,0.0,0.0,16,312,19.5,41.20404899981622,2
gen_devops_kubernetes_003,tokenmizer_v0.5.2,devops/kubernetes,synthetic,implicit,decisions,4,0,0,1.0,0.0,0.0,16,312,19.5,41.20404899981622,2
gen_devops_kubernetes_003,tokenmizer_v0.5.2,devops/kubernetes,synthetic,implicit,files,2,2,2,1.0,1.0,1.0,16,312,19.5,41.20404899981622,2
gen_devops_kubernetes_003,tokenmizer_v0.5.2,devops/kubernetes,synthetic,implicit,errors,1,0,0,1.0,0.0,0.0,16,312,19.5,41.20404899981622,2
gen_devops_kubernetes_003,graphiti_style,devops/kubernetes,synthetic,implicit,completed_tasks,3,0,0,1.0,0.0,0.0,24,312,13.0,0.8366200002001278,3
gen_devops_kubernetes_003,graphiti_style,devops/kubernetes,synthetic,implicit,pending_tasks,1,0,0,1.0,0.0,0.0,24,312,13.0,0.8366200002001278,3
gen_devops_kubernetes_003,graphiti_style,devops/kubernetes,synthetic,implicit,decisions,4,1,0,0.0,0.0,0.0,24,312,13.0,0.8366200002001278,3
gen_devops_kubernetes_003,graphiti_style,devops/kubernetes,synthetic,implicit,files,2,2,2,1.0,1.0,1.0,24,312,13.0,0.8366200002001278,3
gen_devops_kubernetes_003,graphiti_style,devops/kubernetes,synthetic,implicit,errors,1,0,0,1.0,0.0,0.0,24,312,13.0,0.8366200002001278,3
gen_devops_kubernetes_003,graphrag_style,devops/kubernetes,synthetic,implicit,completed_tasks,3,0,0,1.0,0.0,0.0,38,312,8.21,0.42939600007230183,4
gen_devops_kubernetes_003,graphrag_style,devops/kubernetes,synthetic,implicit,pending_tasks,1,0,0,1.0,0.0,0.0,38,312,8.21,0.42939600007230183,4
gen_devops_kubernetes_003,graphrag_style,devops/kubernetes,synthetic,implicit,decisions,4,1,0,0.0,0.0,0.0,38,312,8.21,0.42939600007230183,4
gen_devops_kubernetes_003,graphrag_style,devops/kubernetes,synthetic,implicit,files,2,2,2,1.0,1.0,1.0,38,312,8.21,0.42939600007230183,4
gen_devops_kubernetes_003,graphrag_style,devops/kubernetes,synthetic,implicit,errors,1,1,0,0.0,0.0,0.0,38,312,8.21,0.42939600007230183,4
gen_devops_kubernetes_003,mem0_style,devops/kubernetes,synthetic,implicit,completed_tasks,3,0,0,1.0,0.0,0.0,23,312,13.57,0.7630590000644588,3
gen_devops_kubernetes_003,mem0_style,devops/kubernetes,synthetic,implicit,pending_tasks,1,0,0,1.0,0.0,0.0,23,312,13.57,0.7630590000644588,3
gen_devops_kubernetes_003,mem0_style,devops/kubernetes,synthetic,implicit,decisions,4,1,0,0.0,0.0,0.0,23,312,13.57,0.7630590000644588,3
gen_devops_kubernetes_003,mem0_style,devops/kubernetes,synthetic,implicit,files,2,2,2,1.0,1.0,1.0,23,312,13.57,0.7630590000644588,3
gen_devops_kubernetes_003,mem0_style,devops/kubernetes,synthetic,implicit,errors,1,0,0,1.0,0.0,0.0,23,312,13.57,0.7630590000644588,3
gen_devops_kubernetes_003,memgpt_style,devops/kubernetes,synthetic,implicit,completed_tasks,3,0,0,1.0,0.0,0.0,7,312,44.57,0.28201599980093306,1
gen_devops_kubernetes_003,memgpt_style,devops/kubernetes,synthetic,implicit,pending_tasks,1,0,0,1.0,0.0,0.0,7,312,44.57,0.28201599980093306,1
gen_devops_kubernetes_003,memgpt_style,devops/kubernetes,synthetic,implicit,decisions,4,1,0,0.0,0.0,0.0,7,312,44.57,0.28201599980093306,1
gen_devops_kubernetes_003,memgpt_style,devops/kubernetes,synthetic,implicit,files,2,0,0,1.0,0.0,0.0,7,312,44.57,0.28201599980093306,1
gen_devops_kubernetes_003,memgpt_style,devops/kubernetes,synthetic,implicit,errors,1,0,0,1.0,0.0,0.0,7,312,44.57,0.28201599980093306,1
gen_devops_kubernetes_003,sliding_window_10,devops/kubernetes,synthetic,implicit,completed_tasks,3,11,2,0.1818,0.6667,0.2857,167,312,1.87,0.0032450000162498327,11
gen_devops_kubernetes_003,sliding_window_10,devops/kubernetes,synthetic,implicit,pending_tasks,1,11,0,0.0,0.0,0.0,167,312,1.87,0.0032450000162498327,11
gen_devops_kubernetes_003,sliding_window_10,devops/kubernetes,synthetic,implicit,decisions,4,11,3,0.2727,0.75,0.4,167,312,1.87,0.0032450000162498327,11
gen_devops_kubernetes_003,sliding_window_10,devops/kubernetes,synthetic,implicit,files,2,11,1,0.0909,0.5,0.1538,167,312,1.87,0.0032450000162498327,11
gen_devops_kubernetes_003,sliding_window_10,devops/kubernetes,synthetic,implicit,errors,1,11,0,0.0,0.0,0.0,167,312,1.87,0.0032450000162498327,11
gen_devops_kubernetes_003,naive_truncation,devops/kubernetes,synthetic,implicit,completed_tasks,3,19,3,0.1579,1.0,0.2727,301,312,1.04,0.011881999853358138,19
gen_devops_kubernetes_003,naive_truncation,devops/kubernetes,synthetic,implicit,pending_tasks,1,19,1,0.0526,1.0,0.1,301,312,1.04,0.011881999853358138,19
gen_devops_kubernetes_003,naive_truncation,devops/kubernetes,synthetic,implicit,decisions,4,19,4,0.2105,1.0,0.3478,301,312,1.04,0.011881999853358138,19
gen_devops_kubernetes_003,naive_truncation,devops/kubernetes,synthetic,implicit,files,2,19,2,0.1053,1.0,0.1905,301,312,1.04,0.011881999853358138,19
gen_devops_kubernetes_003,naive_truncation,devops/kubernetes,synthetic,implicit,errors,1,19,1,0.0526,1.0,0.1,301,312,1.04,0.011881999853358138,19
gen_devops_kubernetes_003,naive_summary,devops/kubernetes,synthetic,implicit,completed_tasks,3,12,2,0.1667,0.6667,0.2667,182,312,1.71,0.03669100010483817,12
gen_devops_kubernetes_003,naive_summary,devops/kubernetes,synthetic,implicit,pending_tasks,1,12,1,0.0833,1.0,0.1538,182,312,1.71,0.03669100010483817,12
gen_devops_kubernetes_003,naive_summary,devops/kubernetes,synthetic,implicit,decisions,4,12,1,0.0833,0.25,0.125,182,312,1.71,0.03669100010483817,12
gen_devops_kubernetes_003,naive_summary,devops/kubernetes,synthetic,implicit,files,2,12,2,0.0833,1.0,0.1538,182,312,1.71,0.03669100010483817,12
gen_devops_kubernetes_003,naive_summary,devops/kubernetes,synthetic,implicit,errors,1,12,1,0.0833,1.0,0.1538,182,312,1.71,0.03669100010483817,12
gen_devops_kubernetes_004,tokenmizer_v0.5.2,devops/kubernetes,synthetic,implicit,completed_tasks,7,0,0,1.0,0.0,0.0,51,590,11.57,47.402393000083975,8
gen_devops_kubernetes_004,tokenmizer_v0.5.2,devops/kubernetes,synthetic,implicit,pending_tasks,4,1,0,0.0,0.0,0.0,51,590,11.57,47.402393000083975,8
gen_devops_kubernetes_004,tokenmizer_v0.5.2,devops/kubernetes,synthetic,implicit,decisions,3,0,0,1.0,0.0,0.0,51,590,11.57,47.402393000083975,8
gen_devops_kubernetes_004,tokenmizer_v0.5.2,devops/kubernetes,synthetic,implicit,files,6,6,6,1.0,1.0,1.0,51,590,11.57,47.402393000083975,8
gen_devops_kubernetes_004,tokenmizer_v0.5.2,devops/kubernetes,synthetic,implicit,errors,2,1,0,0.0,0.0,0.0,51,590,11.57,47.402393000083975,8
gen_devops_kubernetes_004,graphiti_style,devops/kubernetes,synthetic,implicit,completed_tasks,7,0,0,1.0,0.0,0.0,41,590,14.39,1.4651229998889903,8
gen_devops_kubernetes_004,graphiti_style,devops/kubernetes,synthetic,implicit,pending_tasks,4,2,0,0.0,0.0,0.0,41,590,14.39,1.4651229998889903,8
gen_devops_kubernetes_004,graphiti_style,devops/kubernetes,synthetic,implicit,decisions,3,1,0,0.0,0.0,0.0,41,590,14.39,1.4651229998889903,8
gen_devops_kubernetes_004,graphiti_style,devops/kubernetes,synthetic,implicit,files,6,5,5,1.0,0.8333,0.9091,41,590,14.39,1.4651229998889903,8
gen_devops_kubernetes_004,graphiti_style,devops/kubernetes,synthetic,implicit,errors,2,0,0,1.0,0.0,0.0,41,590,14.39,1.4651229998889903,8
gen_devops_kubernetes_004,graphrag_style,devops/kubernetes,synthetic,implicit,completed_tasks,7,0,0,1.0,0.0,0.0,55,590,10.73,0.7470020000255317,9
gen_devops_kubernetes_004,graphrag_style,devops/kubernetes,synthetic,implicit,pending_tasks,4,2,0,0.0,0.0,0.0,55,590,10.73,0.7470020000255317,9
gen_devops_kubernetes_004,graphrag_style,devops/kubernetes,synthetic,implicit,decisions,3,1,0,0.0,0.0,0.0,55,590,10.73,0.7470020000255317,9
gen_devops_kubernetes_004,graphrag_style,devops/kubernetes,synthetic,implicit,files,6,5,5,1.0,0.8333,0.9091,55,590,10.73,0.7470020000255317,9
gen_devops_kubernetes_004,graphrag_style,devops/kubernetes,synthetic,implicit,errors,2,1,0,0.0,0.0,0.0,55,590,10.73,0.7470020000255317,9
gen_devops_kubernetes_004,mem0_style,devops/kubernetes,synthetic,implicit,completed_tasks,7,0,0,1.0,0.0,0.0,40,590,14.75,1.4054680000299413,8
gen_devops_kubernetes_004,mem0_style,devops/kubernetes,synthetic,implicit,pending_tasks,4,2,0,0.0,0.0,0.0,40,590,14.75,1.4054680000299413,8
gen_devops_kubernetes_004,mem0_style,devops/kubernetes,synthetic,implicit,decisions,3,1,0,0.0,0.0,0.0,40,590,14.75,1.4054680000299413,8
gen_devops_kubernetes_004,mem0_style,devops/kubernetes,synthetic,implicit,files,6,5,5,1.0,0.8333,0.9091,40,590,14.75,1.4054680000299413,8
gen_devops_kubernetes_004,mem0_style,devops/kubernetes,synthetic,implicit,errors,2,0,0,1.0,0.0,0.0,40,590,14.75,1.4054680000299413,8
gen_devops_kubernetes_004,memgpt_style,devops/kubernetes,synthetic,implicit,completed_tasks,7,0,0,1.0,0.0,0.0,23,590,25.65,0.6105690001732,4
gen_devops_kubernetes_004,memgpt_style,devops/kubernetes,synthetic,implicit,pending_tasks,4,0,0,1.0,0.0,0.0,23,590,25.65,0.6105690001732,4
gen_devops_kubernetes_004,memgpt_style,devops/kubernetes,synthetic,implicit,decisions,3,0,0,1.0,0.0,0.0,23,590,25.65,0.6105690001732,4
gen_devops_kubernetes_004,memgpt_style,devops/kubernetes,synthetic,implicit,files,6,4,4,1.0,0.6667,0.8,23,590,25.65,0.6105690001732,4
gen_devops_kubernetes_004,memgpt_style,devops/kubernetes,synthetic,implicit,errors,2,0,0,1.0,0.0,0.0,23,590,25.65,0.6105690001732,4
gen_devops_kubernetes_004,sliding_window_10,devops/kubernetes,synthetic,implicit,completed_tasks,7,13,1,0.0769,0.1429,0.1,207,590,2.85,0.003519999836498755,13
gen_devops_kubernetes_004,sliding_window_10,devops/kubernetes,synthetic,implicit,pending_tasks,4,13,1,0.0769,0.25,0.1176,207,590,2.85,0.003519999836498755,13
gen_devops_kubernetes_004,sliding_window_10,devops/kubernetes,synthetic,implicit,decisions,3,13,1,0.0769,0.3333,0.125,207,590,2.85,0.003519999836498755,13
gen_devops_kubernetes_004,sliding_window_10,devops/kubernetes,synthetic,implicit,files,6,13,3,0.2308,0.5,0.3158,207,590,2.85,0.003519999836498755,13
gen_devops_kubernetes_004,sliding_window_10,devops/kubernetes,synthetic,implicit,errors,2,13,2,0.1538,1.0,0.2667,207,590,2.85,0.003519999836498755,13
gen_devops_kubernetes_004,naive_truncation,devops/kubernetes,synthetic,implicit,completed_tasks,7,19,2,0.1053,0.2857,0.1538,296,590,1.99,0.010940999800368445,19
gen_devops_kubernetes_004,naive_truncation,devops/kubernetes,synthetic,implicit,pending_tasks,4,19,2,0.1053,0.5,0.1739,296,590,1.99,0.010940999800368445,19
gen_devops_kubernetes_004,naive_truncation,devops/kubernetes,synthetic,implicit,decisions,3,19,1,0.0526,0.3333,0.0909,296,590,1.99,0.010940999800368445,19
gen_devops_kubernetes_004,naive_truncation,devops/kubernetes,synthetic,implicit,files,6,19,4,0.2105,0.6667,0.32,296,590,1.99,0.010940999800368445,19
gen_devops_kubernetes_004,naive_truncation,devops/kubernetes,synthetic,implicit,errors,2,19,2,0.1053,1.0,0.1905,296,590,1.99,0.010940999800368445,19
gen_devops_kubernetes_004,naive_summary,devops/kubernetes,synthetic,implicit,completed_tasks,7,13,2,0.1538,0.2857,0.2,182,590,3.24,0.06615900019824039,13
gen_devops_kubernetes_004,naive_summary,devops/kubernetes,synthetic,implicit,pending_tasks,4,13,2,0.1538,0.5,0.2353,182,590,3.24,0.06615900019824039,13
gen_devops_kubernetes_004,naive_summary,devops/kubernetes,synthetic,implicit,decisions,3,13,1,0.0769,0.3333,0.125,182,590,3.24,0.06615900019824039,13
gen_devops_kubernetes_004,naive_summary,devops/kubernetes,synthetic,implicit,files,6,13,1,0.0769,0.1667,0.1053,182,590,3.24,0.06615900019824039,13
gen_devops_kubernetes_004,naive_summary,devops/kubernetes,synthetic,implicit,errors,2,13,0,0.0,0.0,0.0,182,590,3.24,0.06615900019824039,13
gen_devops_kubernetes_005,tokenmizer_v0.5.2,devops/kubernetes,synthetic,implicit,completed_tasks,7,0,0,1.0,0.0,0.0,38,480,12.63,45.28644900005929,6
gen_devops_kubernetes_005,tokenmizer_v0.5.2,devops/kubernetes,synthetic,implicit,pending_tasks,1,0,0,1.0,0.0,0.0,38,480,12.63,45.28644900005929,6
gen_devops_kubernetes_005,tokenmizer_v0.5.2,devops/kubernetes,synthetic,implicit,decisions,4,0,0,1.0,0.0,0.0,38,480,12.63,45.28644900005929,6
gen_devops_kubernetes_005,tokenmizer_v0.5.2,devops/kubernetes,synthetic,implicit,files,5,5,5,1.0,1.0,1.0,38,480,12.63,45.28644900005929,6
gen_devops_kubernetes_005,tokenmizer_v0.5.2,devops/kubernetes,synthetic,implicit,errors,1,1,0,0.0,0.0,0.0,38,480,12.63,45.28644900005929,6
gen_devops_kubernetes_005,graphiti_style,devops/kubernetes,synthetic,implicit,completed_tasks,7,0,0,1.0,0.0,0.0,42,480,11.43,1.2411440000050789,8
gen_devops_kubernetes_005,graphiti_style,devops/kubernetes,synthetic,implicit,pending_tasks,1,2,0,0.0,0.0,0.0,42,480,11.43,1.2411440000050789,8
gen_devops_kubernetes_005,graphiti_style,devops/kubernetes,synthetic,implicit,decisions,4,1,0,0.0,0.0,0.0,42,480,11.43,1.2411440000050789,8
gen_devops_kubernetes_005,graphiti_style,devops/kubernetes,synthetic,implicit,files,5,5,5,1.0,1.0,1.0,42,480,11.43,1.2411440000050789,8
gen_devops_kubernetes_005,graphiti_style,devops/kubernetes,synthetic,implicit,errors,1,0,0,1.0,0.0,0.0,42,480,11.43,1.2411440000050789,8
gen_devops_kubernetes_005,graphrag_style,devops/kubernetes,synthetic,implicit,completed_tasks,7,0,0,1.0,0.0,0.0,38,480,12.63,0.8900529999209539,7
gen_devops_kubernetes_005,graphrag_style,devops/kubernetes,synthetic,implicit,pending_tasks,1,2,0,0.0,0.0,0.0,38,480,12.63,0.8900529999209539,7
gen_devops_kubernetes_005,graphrag_style,devops/kubernetes,synthetic,implicit,decisions,4,0,0,1.0,0.0,0.0,38,480,12.63,0.8900529999209539,7
gen_devops_kubernetes_005,graphrag_style,devops/kubernetes,synthetic,implicit,files,5,5,5,1.0,1.0,1.0,38,480,12.63,0.8900529999209539,7
gen_devops_kubernetes_005,graphrag_style,devops/kubernetes,synthetic,implicit,errors,1,0,0,1.0,0.0,0.0,38,480,12.63,0.8900529999209539,7
gen_devops_kubernetes_005,mem0_style,devops/kubernetes,synthetic,implicit,completed_tasks,7,0,0,1.0,0.0,0.0,41,480,11.71,1.1901729999408417,8
gen_devops_kubernetes_005,mem0_style,devops/kubernetes,synthetic,implicit,pending_tasks,1,2,0,0.0,0.0,0.0,41,480,11.71,1.1901729999408417,8
gen_devops_kubernetes_005,mem0_style,devops/kubernetes,synthetic,implicit,decisions,4,1,0,0.0,0.0,0.0,41,480,11.71,1.1901729999408417,8
gen_devops_kubernetes_005,mem0_style,devops/kubernetes,synthetic,implicit,files,5,5,5,1.0,1.0,1.0,41,480,11.71,1.1901729999408417,8
gen_devops_kubernetes_005,mem0_style,devops/kubernetes,synthetic,implicit,errors,1,0,0,1.0,0.0,0.0,41,480,11.71,1.1901729999408417,8
gen_devops_kubernetes_005,memgpt_style,devops/kubernetes,synthetic,implicit,completed_tasks,7,0,0,1.0,0.0,0.0,24,480,20.0,0.5724350000946288,4
gen_devops_kubernetes_005,memgpt_style,devops/kubernetes,synthetic,implicit,pending_tasks,1,1,0,0.0,0.0,0.0,24,480,20.0,0.5724350000946288,4
gen_devops_kubernetes_005,memgpt_style,devops/kubernetes,synthetic,implicit,decisions,4,0,0,1.0,0.0,0.0,24,480,20.0,0.5724350000946288,4
gen_devops_kubernetes_005,memgpt_style,devops/kubernetes,synthetic,implicit,files,5,3,3,1.0,0.6,0.75,24,480,20.0,0.5724350000946288,4
gen_devops_kubernetes_005,memgpt_style,devops/kubernetes,synthetic,implicit,errors,1,0,0,1.0,0.0,0.0,24,480,20.0,0.5724350000946288,4
gen_devops_kubernetes_005,sliding_window_10,devops/kubernetes,synthetic,implicit,completed_tasks,7,12,3,0.25,0.4286,0.3158,179,480,2.68,0.0035539999316824833,12
gen_devops_kubernetes_005,sliding_window_10,devops/kubernetes,synthetic,implicit,pending_tasks,1,12,0,0.0,0.0,0.0,179,480,2.68,0.0035539999316824833,12
gen_devops_kubernetes_005,sliding_window_10,devops/kubernetes,synthetic,implicit,decisions,4,12,0,0.0,0.0,0.0,179,480,2.68,0.0035539999316824833,12
gen_devops_kubernetes_005,sliding_window_10,devops/kubernetes,synthetic,implicit,files,5,12,3,0.25,0.6,0.3529,179,480,2.68,0.0035539999316824833,12
gen_devops_kubernetes_005,sliding_window_10,devops/kubernetes,synthetic,implicit,errors,1,12,1,0.0833,1.0,0.1538,179,480,2.68,0.0035539999316824833,12
gen_devops_kubernetes_005,naive_truncation,devops/kubernetes,synthetic,implicit,completed_tasks,7,20,4,0.2,0.5714,0.2963,286,480,1.68,0.016063999964899267,20
gen_devops_kubernetes_005,naive_truncation,devops/kubernetes,synthetic,implicit,pending_tasks,1,20,0,0.0,0.0,0.0,286,480,1.68,0.016063999964899267,20
gen_devops_kubernetes_005,naive_truncation,devops/kubernetes,synthetic,implicit,decisions,4,20,1,0.05,0.25,0.0833,286,480,1.68,0.016063999964899267,20
gen_devops_kubernetes_005,naive_truncation,devops/kubernetes,synthetic,implicit,files,5,20,5,0.25,1.0,0.4,286,480,1.68,0.016063999964899267,20
gen_devops_kubernetes_005,naive_truncation,devops/kubernetes,synthetic,implicit,errors,1,20,1,0.05,1.0,0.0952,286,480,1.68,0.016063999964899267,20
gen_devops_kubernetes_005,naive_summary,devops/kubernetes,synthetic,implicit,completed_tasks,7,12,2,0.1667,0.2857,0.2105,176,480,2.73,0.06684699997094867,12
gen_devops_kubernetes_005,naive_summary,devops/kubernetes,synthetic,implicit,pending_tasks,1,12,1,0.0833,1.0,0.1538,176,480,2.73,0.06684699997094867,12
gen_devops_kubernetes_005,naive_summary,devops/kubernetes,synthetic,implicit,decisions,4,12,3,0.25,0.75,0.375,176,480,2.73,0.06684699997094867,12
gen_devops_kubernetes_005,naive_summary,devops/kubernetes,synthetic,implicit,files,5,12,0,0.0,0.0,0.0,176,480,2.73,0.06684699997094867,12
gen_devops_kubernetes_005,naive_summary,devops/kubernetes,synthetic,implicit,errors,1,12,0,0.0,0.0,0.0,176,480,2.73,0.06684699997094867,12
gen_devops_kubernetes_006,tokenmizer_v0.5.2,devops/kubernetes,synthetic,implicit,completed_tasks,7,0,0,1.0,0.0,0.0,27,519,19.22,46.45273799997085,5
gen_devops_kubernetes_006,tokenmizer_v0.5.2,devops/kubernetes,synthetic,implicit,pending_tasks,3,0,0,1.0,0.0,0.0,27,519,19.22,46.45273799997085,5
gen_devops_kubernetes_006,tokenmizer_v0.5.2,devops/kubernetes,synthetic,implicit,decisions,3,0,0,1.0,0.0,0.0,27,519,19.22,46.45273799997085,5
gen_devops_kubernetes_006,tokenmizer_v0.5.2,devops/kubernetes,synthetic,implicit,files,5,5,5,1.0,1.0,1.0,27,519,19.22,46.45273799997085,5
gen_devops_kubernetes_006,tokenmizer_v0.5.2,devops/kubernetes,synthetic,implicit,errors,1,0,0,1.0,0.0,0.0,27,519,19.22,46.45273799997085,5
gen_devops_kubernetes_006,graphiti_style,devops/kubernetes,synthetic,implicit,completed_tasks,7,0,0,1.0,0.0,0.0,34,519,15.26,1.423897999984547,6
gen_devops_kubernetes_006,graphiti_style,devops/kubernetes,synthetic,implicit,pending_tasks,3,2,0,0.0,0.0,0.0,34,519,15.26,1.423897999984547,6
gen_devops_kubernetes_006,graphiti_style,devops/kubernetes,synthetic,implicit,decisions,3,0,0,1.0,0.0,0.0,34,519,15.26,1.423897999984547,6
gen_devops_kubernetes_006,graphiti_style,devops/kubernetes,synthetic,implicit,files,5,4,4,1.0,0.8,0.8889,34,519,15.26,1.423897999984547,6
gen_devops_kubernetes_006,graphiti_style,devops/kubernetes,synthetic,implicit,errors,1,0,0,1.0,0.0,0.0,34,519,15.26,1.423897999984547,6
gen_devops_kubernetes_006,graphrag_style,devops/kubernetes,synthetic,implicit,completed_tasks,7,0,0,1.0,0.0,0.0,49,519,10.59,0.6766359999801352,7
gen_devops_kubernetes_006,graphrag_style,devops/kubernetes,synthetic,implicit,pending_tasks,3,2,0,0.0,0.0,0.0,49,519,10.59,0.6766359999801352,7
gen_devops_kubernetes_006,graphrag_style,devops/kubernetes,synthetic,implicit,decisions,3,0,0,1.0,0.0,0.0,49,519,10.59,0.6766359999801352,7
gen_devops_kubernetes_006,graphrag_style,devops/kubernetes,synthetic,implicit,files,5,4,4,1.0,0.8,0.8889,49,519,10.59,0.6766359999801352,7
gen_devops_kubernetes_006,graphrag_style,devops/kubernetes,synthetic,implicit,errors,1,1,0,0.0,0.0,0.0,49,519,10.59,0.6766359999801352,7
gen_devops_kubernetes_006,mem0_style,devops/kubernetes,synthetic,implicit,completed_tasks,7,0,0,1.0,0.0,0.0,33,519,15.73,1.3049039998804801,6
gen_devops_kubernetes_006,mem0_style,devops/kubernetes,synthetic,implicit,pending_tasks,3,2,0,0.0,0.0,0.0,33,519,15.73,1.3049039998804801,6
gen_devops_kubernetes_006,mem0_style,devops/kubernetes,synthetic,implicit,decisions,3,0,0,1.0,0.0,0.0,33,519,15.73,1.3049039998804801,6
gen_devops_kubernetes_006,mem0_style,devops/kubernetes,synthetic,implicit,files,5,4,4,1.0,0.8,0.8889,33,519,15.73,1.3049039998804801,6
gen_devops_kubernetes_006,mem0_style,devops/kubernetes,synthetic,implicit,errors,1,0,0,1.0,0.0,0.0,33,519,15.73,1.3049039998804801,6
gen_devops_kubernetes_006,memgpt_style,devops/kubernetes,synthetic,implicit,completed_tasks,7,0,0,1.0,0.0,0.0,17,519,30.53,0.5543269999179756,2
gen_devops_kubernetes_006,memgpt_style,devops/kubernetes,synthetic,implicit,pending_tasks,3,0,0,1.0,0.0,0.0,17,519,30.53,0.5543269999179756,2
gen_devops_kubernetes_006,memgpt_style,devops/kubernetes,synthetic,implicit,decisions,3,0,0,1.0,0.0,0.0,17,519,30.53,0.5543269999179756,2
gen_devops_kubernetes_006,memgpt_style,devops/kubernetes,synthetic,implicit,files,5,2,2,1.0,0.4,0.5714,17,519,30.53,0.5543269999179756,2
gen_devops_kubernetes_006,memgpt_style,devops/kubernetes,synthetic,implicit,errors,1,0,0,1.0,0.0,0.0,17,519,30.53,0.5543269999179756,2
gen_devops_kubernetes_006,sliding_window_10,devops/kubernetes,synthetic,implicit,completed_tasks,7,12,2,0.1667,0.2857,0.2105,184,519,2.82,0.0027569999474508222,12
gen_devops_kubernetes_006,sliding_window_10,devops/kubernetes,synthetic,implicit,pending_tasks,3,12,1,0.0833,0.3333,0.1333,184,519,2.82,0.0027569999474508222,12
gen_devops_kubernetes_006,sliding_window_10,devops/kubernetes,synthetic,implicit,decisions,3,12,1,0.0833,0.3333,0.1333,184,519,2.82,0.0027569999474508222,12
gen_devops_kubernetes_006,sliding_window_10,devops/kubernetes,synthetic,implicit,files,5,12,3,0.25,0.6,0.3529,184,519,2.82,0.0027569999474508222,12
gen_devops_kubernetes_006,sliding_window_10,devops/kubernetes,synthetic,implicit,errors,1,12,0,0.0,0.0,0.0,184,519,2.82,0.0027569999474508222,12
gen_devops_kubernetes_006,naive_truncation,devops/kubernetes,synthetic,implicit,completed_tasks,7,19,5,0.2632,0.7143,0.3846,299,519,1.74,0.013382000133788097,19
gen_devops_kubernetes_006,naive_truncation,devops/kubernetes,synthetic,implicit,pending_tasks,3,19,2,0.1053,0.6667,0.1818,299,519,1.74,0.013382000133788097,19
gen_devops_kubernetes_006,naive_truncation,devops/kubernetes,synthetic,implicit,decisions,3,19,1,0.0526,0.3333,0.0909,299,519,1.74,0.013382000133788097,19
gen_devops_kubernetes_006,naive_truncation,devops/kubernetes,synthetic,implicit,files,5,19,3,0.1579,0.6,0.25,299,519,1.74,0.013382000133788097,19
gen_devops_kubernetes_006,naive_truncation,devops/kubernetes,synthetic,implicit,errors,1,19,0,0.0,0.0,0.0,299,519,1.74,0.013382000133788097,19
gen_devops_kubernetes_006,naive_summary,devops/kubernetes,synthetic,implicit,completed_tasks,7,13,1,0.0769,0.1429,0.1,171,519,3.04,0.07513600007769128,13
gen_devops_kubernetes_006,naive_summary,devops/kubernetes,synthetic,implicit,pending_tasks,3,13,1,0.0769,0.3333,0.125,171,519,3.04,0.07513600007769128,13
gen_devops_kubernetes_006,naive_summary,devops/kubernetes,synthetic,implicit,decisions,3,13,2,0.1538,0.6667,0.25,171,519,3.04,0.07513600007769128,13
gen_devops_kubernetes_006,naive_summary,devops/kubernetes,synthetic,implicit,files,5,13,1,0.0769,0.2,0.1111,171,519,3.04,0.07513600007769128,13
gen_devops_kubernetes_006,naive_summary,devops/kubernetes,synthetic,implicit,errors,1,13,1,0.0769,1.0,0.1429,171,519,3.04,0.07513600007769128,13
gen_frontend_react_001,tokenmizer_v0.5.2,frontend/react,synthetic,semi,completed_tasks,5,3,3,1.0,0.6,0.75,197,380,1.93,50.67086000008203,15
gen_frontend_react_001,tokenmizer_v0.5.2,frontend/react,synthetic,semi,pending_tasks,4,0,0,1.0,0.0,0.0,197,380,1.93,50.67086000008203,15
gen_frontend_react_001,tokenmizer_v0.5.2,frontend/react,synthetic,semi,decisions,5,7,3,0.4286,0.6,0.5,197,380,1.93,50.67086000008203,15
gen_frontend_react_001,tokenmizer_v0.5.2,frontend/react,synthetic,semi,files,4,4,3,0.75,0.75,0.75,197,380,1.93,50.67086000008203,15
gen_frontend_react_001,tokenmizer_v0.5.2,frontend/react,synthetic,semi,errors,2,1,1,1.0,0.5,0.6667,197,380,1.93,50.67086000008203,15
gen_frontend_react_001,graphiti_style,frontend/react,synthetic,semi,completed_tasks,5,4,4,1.0,0.8,0.8889,174,380,2.18,1.0474929999872984,21
gen_frontend_react_001,graphiti_style,frontend/react,synthetic,semi,pending_tasks,4,4,1,0.25,0.25,0.25,174,380,2.18,1.0474929999872984,21
gen_frontend_react_001,graphiti_style,frontend/react,synthetic,semi,decisions,5,6,4,0.6667,0.8,0.7273,174,380,2.18,1.0474929999872984,21
gen_frontend_react_001,graphiti_style,frontend/react,synthetic,semi,files,4,4,4,1.0,1.0,1.0,174,380,2.18,1.0474929999872984,21
gen_frontend_react_001,graphiti_style,frontend/react,synthetic,semi,errors,2,3,2,0.6667,1.0,0.8,174,380,2.18,1.0474929999872984,21
gen_frontend_react_001,graphrag_style,frontend/react,synthetic,semi,completed_tasks,5,0,0,1.0,0.0,0.0,77,380,4.94,0.5463649999910558,12
gen_frontend_react_001,graphrag_style,frontend/react,synthetic,semi,pending_tasks,4,2,0,0.0,0.0,0.0,77,380,4.94,0.5463649999910558,12
gen_frontend_react_001,graphrag_style,frontend/react,synthetic,semi,decisions,5,5,4,0.8,0.8,0.8,77,380,4.94,0.5463649999910558,12
gen_frontend_react_001,graphrag_style,frontend/react,synthetic,semi,files,4,4,4,1.0,1.0,1.0,77,380,4.94,0.5463649999910558,12
gen_frontend_react_001,graphrag_style,frontend/react,synthetic,semi,errors,2,1,0,0.0,0.0,0.0,77,380,4.94,0.5463649999910558,12
gen_frontend_react_001,mem0_style,frontend/react,synthetic,semi,completed_tasks,5,4,4,1.0,0.8,0.8889,169,380,2.25,1.0472450001088873,20
gen_frontend_react_001,mem0_style,frontend/react,synthetic,semi,pending_tasks,4,3,1,0.3333,0.25,0.2857,169,380,2.25,1.0472450001088873,20
gen_frontend_react_001,mem0_style,frontend/react,synthetic,semi,decisions,5,6,4,0.6667,0.8,0.7273,169,380,2.25,1.0472450001088873,20
gen_frontend_react_001,mem0_style,frontend/react,synthetic,semi,files,4,4,4,1.0,1.0,1.0,169,380,2.25,1.0472450001088873,20
gen_frontend_react_001,mem0_style,frontend/react,synthetic,semi,errors,2,3,2,0.6667,1.0,0.8,169,380,2.25,1.0472450001088873,20
gen_frontend_react_001,memgpt_style,frontend/react,synthetic,semi,completed_tasks,5,2,2,1.0,0.4,0.5714,76,380,5.0,0.39299100012613053,9
gen_frontend_react_001,memgpt_style,frontend/react,synthetic,semi,pending_tasks,4,2,0,0.0,0.0,0.0,76,380,5.0,0.39299100012613053,9
gen_frontend_react_001,memgpt_style,frontend/react,synthetic,semi,decisions,5,1,0,0.0,0.0,0.0,76,380,5.0,0.39299100012613053,9
gen_frontend_react_001,memgpt_style,frontend/react,synthetic,semi,files,4,2,2,1.0,0.5,0.6667,76,380,5.0,0.39299100012613053,9
gen_frontend_react_001,memgpt_style,frontend/react,synthetic,semi,errors,2,2,2,1.0,1.0,1.0,76,380,5.0,0.39299100012613053,9
gen_frontend_react_001,sliding_window_10,frontend/react,synthetic,semi,completed_tasks,5,11,1,0.0909,0.2,0.125,119,380,3.19,0.004909999915980734,11
gen_frontend_react_001,sliding_window_10,frontend/react,synthetic,semi,pending_tasks,4,11,1,0.0909,0.25,0.1333,119,380,3.19,0.004909999915980734,11
gen_frontend_react_001,sliding_window_10,frontend/react,synthetic,semi,decisions,5,11,1,0.0909,0.2,0.125,119,380,3.19,0.004909999915980734,11
gen_frontend_react_001,sliding_window_10,frontend/react,synthetic,semi,files,4,11,2,0.1818,0.5,0.2667,119,380,3.19,0.004909999915980734,11
gen_frontend_react_001,sliding_window_10,frontend/react,synthetic,semi,errors,2,11,1,0.0909,0.5,0.1538,119,380,3.19,0.004909999915980734,11
gen_frontend_react_001,naive_truncation,frontend/react,synthetic,semi,completed_tasks,5,30,4,0.1333,0.8,0.2286,310,380,1.23,0.016831000039019273,30
gen_frontend_react_001,naive_truncation,frontend/react,synthetic,semi,pending_tasks,4,30,3,0.1,0.75,0.1765,310,380,1.23,0.016831000039019273,30
gen_frontend_react_001,naive_truncation,frontend/react,synthetic,semi,decisions,5,30,5,0.1667,1.0,0.2857,310,380,1.23,0.016831000039019273,30
gen_frontend_react_001,naive_truncation,frontend/react,synthetic,semi,files,4,30,3,0.1,0.75,0.1765,310,380,1.23,0.016831000039019273,30
gen_frontend_react_001,naive_truncation,frontend/react,synthetic,semi,errors,2,30,2,0.0667,1.0,0.125,310,380,1.23,0.016831000039019273,30
gen_frontend_react_001,naive_summary,frontend/react,synthetic,semi,completed_tasks,5,18,2,0.1111,0.4,0.1739,180,380,2.11,0.03764699999919685,18
gen_frontend_react_001,naive_summary,frontend/react,synthetic,semi,pending_tasks,4,18,2,0.1111,0.5,0.1818,180,380,2.11,0.03764699999919685,18
gen_frontend_react_001,naive_summary,frontend/react,synthetic,semi,decisions,5,18,2,0.1111,0.4,0.1739,180,380,2.11,0.03764699999919685,18
gen_frontend_react_001,naive_summary,frontend/react,synthetic,semi,files,4,18,2,0.1111,0.5,0.1818,180,380,2.11,0.03764699999919685,18
gen_frontend_react_001,naive_summary,frontend/react,synthetic,semi,errors,2,18,0,0.0,0.0,0.0,180,380,2.11,0.03764699999919685,18
gen_frontend_react_002,tokenmizer_v0.5.2,frontend/react,synthetic,semi,completed_tasks,6,2,2,1.0,0.3333,0.5,112,430,3.84,45.73932599987529,13
gen_frontend_react_002,tokenmizer_v0.5.2,frontend/react,synthetic,semi,pending_tasks,3,0,0,1.0,0.0,0.0,112,430,3.84,45.73932599987529,13
gen_frontend_react_002,tokenmizer_v0.5.2,frontend/react,synthetic,semi,decisions,4,2,2,1.0,0.5,0.6667,112,430,3.84,45.73932599987529,13
gen_frontend_react_002,tokenmizer_v0.5.2,frontend/react,synthetic,semi,files,6,7,6,0.8571,1.0,0.9231,112,430,3.84,45.73932599987529,13
gen_frontend_react_002,tokenmizer_v0.5.2,frontend/react,synthetic,semi,errors,3,2,2,1.0,0.6667,0.8,112,430,3.84,45.73932599987529,13
gen_frontend_react_002,graphiti_style,frontend/react,synthetic,semi,completed_tasks,6,5,5,1.0,0.8333,0.9091,212,430,2.03,1.2035299998842675,21
gen_frontend_react_002,graphiti_style,frontend/react,synthetic,semi,pending_tasks,3,2,1,0.5,0.3333,0.4,212,430,2.03,1.2035299998842675,21
gen_frontend_react_002,graphiti_style,frontend/react,synthetic,semi,decisions,4,4,4,1.0,1.0,1.0,212,430,2.03,1.2035299998842675,21
gen_frontend_react_002,graphiti_style,frontend/react,synthetic,semi,files,6,6,4,0.6667,0.6667,0.6667,212,430,2.03,1.2035299998842675,21
gen_frontend_react_002,graphiti_style,frontend/react,synthetic,semi,errors,3,4,3,0.75,1.0,0.8571,212,430,2.03,1.2035299998842675,21
gen_frontend_react_002,graphrag_style,frontend/react,synthetic,semi,completed_tasks,6,0,0,1.0,0.0,0.0,121,430,3.55,0.6861320000552951,14
gen_frontend_react_002,graphrag_style,frontend/react,synthetic,semi,pending_tasks,3,1,0,0.0,0.0,0.0,121,430,3.55,0.6861320000552951,14
gen_frontend_react_002,graphrag_style,frontend/react,synthetic,semi,decisions,4,4,4,1.0,1.0,1.0,121,430,3.55,0.6861320000552951,14
gen_frontend_react_002,graphrag_style,frontend/react,synthetic,semi,files,6,6,4,0.6667,0.6667,0.6667,121,430,3.55,0.6861320000552951,14
gen_frontend_react_002,graphrag_style,frontend/react,synthetic,semi,errors,3,3,2,0.6667,0.6667,0.6667,121,430,3.55,0.6861320000552951,14
gen_frontend_react_002,mem0_style,frontend/react,synthetic,semi,completed_tasks,6,5,5,1.0,0.8333,0.9091,211,430,2.04,1.304194999875108,21
gen_frontend_react_002,mem0_style,frontend/react,synthetic,semi,pending_tasks,3,2,1,0.5,0.3333,0.4,211,430,2.04,1.304194999875108,21
gen_frontend_react_002,mem0_style,frontend/react,synthetic,semi,decisions,4,4,4,1.0,1.0,1.0,211,430,2.04,1.304194999875108,21
gen_frontend_react_002,mem0_style,frontend/react,synthetic,semi,files,6,6,4,0.6667,0.6667,0.6667,211,430,2.04,1.304194999875108,21
gen_frontend_react_002,mem0_style,frontend/react,synthetic,semi,errors,3,4,3,0.75,1.0,0.8571,211,430,2.04,1.304194999875108,21
gen_frontend_react_002,memgpt_style,frontend/react,synthetic,semi,completed_tasks,6,3,3,1.0,0.5,0.6667,97,430,4.43,0.44714000000567466,9
gen_frontend_react_002,memgpt_style,frontend/react,synthetic,semi,pending_tasks,3,0,0,1.0,0.0,0.0,97,430,4.43,0.44714000000567466,9
gen_frontend_react_002,memgpt_style,frontend/react,synthetic,semi,decisions,4,1,1,1.0,0.25,0.4,97,430,4.43,0.44714000000567466,9
gen_frontend_react_002,memgpt_style,frontend/react,synthetic,semi,files,6,3,2,0.6667,0.3333,0.4444,97,430,4.43,0.44714000000567466,9
gen_frontend_react_002,memgpt_style,frontend/react,synthetic,semi,errors,3,2,2,1.0,0.6667,0.8,97,430,4.43,0.44714000000567466,9
gen_frontend_react_002,sliding_window_10,frontend/react,synthetic,semi,completed_tasks,6,12,1,0.0833,0.1667,0.1111,123,430,3.5,0.004018000026917434,12
gen_frontend_react_002,sliding_window_10,frontend/react,synthetic,semi,pending_tasks,3,12,1,0.0833,0.3333,0.1333,123,430,3.5,0.004018000026917434,12
gen_frontend_react_002,sliding_window_10,frontend/react,synthetic,semi,decisions,4,12,1,0.0833,0.25,0.125,123,430,3.5,0.004018000026917434,12
gen_frontend_react_002,sliding_window_10,frontend/react,synthetic,semi,files,6,12,3,0.25,0.5,0.3333,123,430,3.5,0.004018000026917434,12
gen_frontend_react_002,sliding_window_10,frontend/react,synthetic,semi,errors,3,12,1,0.0833,0.3333,0.1333,123,430,3.5,0.004018000026917434,12
gen_frontend_react_002,naive_truncation,frontend/react,synthetic,semi,completed_tasks,6,29,5,0.1724,0.8333,0.2857,307,430,1.4,0.014944999975341489,29
gen_frontend_react_002,naive_truncation,frontend/react,synthetic,semi,pending_tasks,3,29,2,0.069,0.6667,0.125,307,430,1.4,0.014944999975341489,29
gen_frontend_react_002,naive_truncation,frontend/react,synthetic,semi,decisions,4,29,3,0.1034,0.75,0.1818,307,430,1.4,0.014944999975341489,29
gen_frontend_react_002,naive_truncation,frontend/react,synthetic,semi,files,6,29,4,0.1379,0.6667,0.2286,307,430,1.4,0.014944999975341489,29
gen_frontend_react_002,naive_truncation,frontend/react,synthetic,semi,errors,3,29,2,0.069,0.6667,0.125,307,430,1.4,0.014944999975341489,29
gen_frontend_react_002,naive_summary,frontend/react,synthetic,semi,completed_tasks,6,17,1,0.0588,0.1667,0.087,178,430,2.42,0.05690900002264243,17
gen_frontend_react_002,naive_summary,frontend/react,synthetic,semi,pending_tasks,3,17,1,0.0588,0.3333,0.1,178,430,2.42,0.05690900002264243,17
gen_frontend_react_002,naive_summary,frontend/react,synthetic,semi,decisions,4,17,1,0.0588,0.25,0.0952,178,430,2.42,0.05690900002264243,17
gen_frontend_react_002,naive_summary,frontend/react,synthetic,semi,files,6,17,3,0.1765,0.5,0.2609,178,430,2.42,0.05690900002264243,17
gen_frontend_react_002,naive_summary,frontend/react,synthetic,semi,errors,3,17,1,0.0588,0.3333,0.1,178,430,2.42,0.05690900002264243,17
gen_frontend_react_003,tokenmizer_v0.5.2,frontend/react,synthetic,semi,completed_tasks,4,2,2,1.0,0.5,0.6667,43,206,4.79,38.69119800015142,6
gen_frontend_react_003,tokenmizer_v0.5.2,frontend/react,synthetic,semi,pending_tasks,2,0,0,1.0,0.0,0.0,43,206,4.79,38.69119800015142,6
gen_frontend_react_003,tokenmizer_v0.5.2,frontend/react,synthetic,semi,decisions,2,1,1,1.0,0.5,0.6667,43,206,4.79,38.69119800015142,6
gen_frontend_react_003,tokenmizer_v0.5.2,frontend/react,synthetic,semi,files,3,3,1,0.3333,0.3333,0.3333,43,206,4.79,38.69119800015142,6
gen_frontend_react_003,graphiti_style,frontend/react,synthetic,semi,completed_tasks,4,4,4,1.0,1.0,1.0,94,206,2.19,0.5365689999052847,11
gen_frontend_react_003,graphiti_style,frontend/react,synthetic,semi,pending_tasks,2,3,0,0.0,0.0,0.0,94,206,2.19,0.5365689999052847,11
gen_frontend_react_003,graphiti_style,frontend/react,synthetic,semi,decisions,2,0,0,1.0,0.0,0.0,94,206,2.19,0.5365689999052847,11
gen_frontend_react_003,graphiti_style,frontend/react,synthetic,semi,files,3,3,2,0.6667,0.6667,0.6667,94,206,2.19,0.5365689999052847,11
gen_frontend_react_003,graphiti_style,frontend/react,synthetic,semi,errors,0,1,0,0.0,1.0,0.0,94,206,2.19,0.5365689999052847,11
gen_frontend_react_003,graphrag_style,frontend/react,synthetic,semi,completed_tasks,4,0,0,1.0,0.0,0.0,39,206,5.28,0.3261280000970146,6
gen_frontend_react_003,graphrag_style,frontend/react,synthetic,semi,pending_tasks,2,2,0,0.0,0.0,0.0,39,206,5.28,0.3261280000970146,6
gen_frontend_react_003,graphrag_style,frontend/react,synthetic,semi,decisions,2,0,0,1.0,0.0,0.0,39,206,5.28,0.3261280000970146,6
gen_frontend_react_003,graphrag_style,frontend/react,synthetic,semi,files,3,3,2,0.6667,0.6667,0.6667,39,206,5.28,0.3261280000970146,6
gen_frontend_react_003,graphrag_style,frontend/react,synthetic,semi,errors,0,1,0,0.0,1.0,0.0,39,206,5.28,0.3261280000970146,6
gen_frontend_react_003,mem0_style,frontend/react,synthetic,semi,completed_tasks,4,4,4,1.0,1.0,1.0,90,206,2.29,0.6057969999346824,10
gen_frontend_react_003,mem0_style,frontend/react,synthetic,semi,pending_tasks,2,2,0,0.0,0.0,0.0,90,206,2.29,0.6057969999346824,10
gen_frontend_react_003,mem0_style,frontend/react,synthetic,semi,decisions,2,0,0,1.0,0.0,0.0,90,206,2.29,0.6057969999346824,10
gen_frontend_react_003,mem0_style,frontend/react,synthetic,semi,files,3,3,2,0.6667,0.6667,0.6667,90,206,2.29,0.6057969999346824,10
gen_frontend_react_003,mem0_style,frontend/react,synthetic,semi,errors,0,1,0,0.0,1.0,0.0,90,206,2.29,0.6057969999346824,10
gen_frontend_react_003,memgpt_style,frontend/react,synthetic,semi,completed_tasks,4,2,2,1.0,0.5,0.6667,65,206,3.17,0.20299699986026098,8
gen_frontend_react_003,memgpt_style,frontend/react,synthetic,semi,pending_tasks,2,2,0,0.0,0.0,0.0,65,206,3.17,0.20299699986026098,8
gen_frontend_react_003,memgpt_style,frontend/react,synthetic,semi,decisions,2,0,0,1.0,0.0,0.0,65,206,3.17,0.20299699986026098,8
gen_frontend_react_003,memgpt_style,frontend/react,synthetic,semi,files,3,3,2,0.6667,0.6667,0.6667,65,206,3.17,0.20299699986026098,8
gen_frontend_react_003,memgpt_style,frontend/react,synthetic,semi,errors,0,1,0,0.0,1.0,0.0,65,206,3.17,0.20299699986026098,8
gen_frontend_react_003,sliding_window_10,frontend/react,synthetic,semi,completed_tasks,4,12,3,0.25,0.75,0.375,114,206,1.81,0.002793000021483749,12
gen_frontend_react_003,sliding_window_10,frontend/react,synthetic,semi,pending_tasks,2,12,1,0.0833,0.5,0.1429,114,206,1.81,0.002793000021483749,12
gen_frontend_react_003,sliding_window_10,frontend/react,synthetic,semi,decisions,2,12,0,0.0,0.0,0.0,114,206,1.81,0.002793000021483749,12
gen_frontend_react_003,sliding_window_10,frontend/react,synthetic,semi,files,3,12,3,0.25,1.0,0.4,114,206,1.81,0.002793000021483749,12
gen_frontend_react_003,sliding_window_10,frontend/react,synthetic,semi,errors,0,12,0,0.0,1.0,0.0,114,206,1.81,0.002793000021483749,12
gen_frontend_react_003,naive_truncation,frontend/react,synthetic,semi,completed_tasks,4,21,4,0.1905,1.0,0.32,217,206,0.95,0.009687999863672303,21
gen_frontend_react_003,naive_truncation,frontend/react,synthetic,semi,pending_tasks,2,21,2,0.0952,1.0,0.1739,217,206,0.95,0.009687999863672303,21
gen_frontend_react_003,naive_truncation,frontend/react,synthetic,semi,decisions,2,21,2,0.0952,1.0,0.1739,217,206,0.95,0.009687999863672303,21
gen_frontend_react_003,naive_truncation,frontend/react,synthetic,semi,files,3,21,3,0.1429,1.0,0.25,217,206,0.95,0.009687999863672303,21
gen_frontend_react_003,naive_truncation,frontend/react,synthetic,semi,errors,0,21,0,0.0,1.0,0.0,217,206,0.95,0.009687999863672303,21
gen_frontend_react_003,naive_summary,frontend/react,synthetic,semi,completed_tasks,4,17,3,0.1765,0.75,0.2857,172,206,1.2,0.01967499997590494,17
gen_frontend_react_003,naive_summary,frontend/react,synthetic,semi,pending_tasks,2,17,2,0.1176,1.0,0.2105,172,206,1.2,0.01967499997590494,17
gen_frontend_react_003,naive_summary,frontend/react,synthetic,semi,decisions,2,17,2,0.1176,1.0,0.2105,172,206,1.2,0.01967499997590494,17
gen_frontend_react_003,naive_summary,frontend/react,synthetic,semi,files,3,17,1,0.0588,0.3333,0.1,172,206,1.2,0.01967499997590494,17
gen_frontend_react_003,naive_summary,frontend/react,synthetic,semi,errors,0,17,0,0.0,1.0,0.0,172,206,1.2,0.01967499997590494,17
gen_frontend_react_004,tokenmizer_v0.5.2,frontend/react,synthetic,semi,completed_tasks,6,3,3,1.0,0.5,0.6667,126,322,2.56,43.268355999998676,13
gen_frontend_react_004,tokenmizer_v0.5.2,frontend/react,synthetic,semi,pending_tasks,1,0,0,1.0,0.0,0.0,126,322,2.56,43.268355999998676,13
gen_frontend_react_004,tokenmizer_v0.5.2,frontend/react,synthetic,semi,decisions,5,4,2,0.5,0.4,0.4444,126,322,2.56,43.268355999998676,13
gen_frontend_react_004,tokenmizer_v0.5.2,frontend/react,synthetic,semi,files,6,6,4,0.6667,0.6667,0.6667,126,322,2.56,43.268355999998676,13
gen_frontend_react_004,graphiti_style,frontend/react,synthetic,semi,completed_tasks,6,6,6,1.0,1.0,1.0,155,322,2.08,0.8174220001819776,19
gen_frontend_react_004,graphiti_style,frontend/react,synthetic,semi,pending_tasks,1,3,0,0.0,0.0,0.0,155,322,2.08,0.8174220001819776,19
gen_frontend_react_004,graphiti_style,frontend/react,synthetic,semi,decisions,5,4,3,0.75,0.6,0.6667,155,322,2.08,0.8174220001819776,19
gen_frontend_react_004,graphiti_style,frontend/react,synthetic,semi,files,6,6,5,0.8333,0.8333,0.8333,155,322,2.08,0.8174220001819776,19
gen_frontend_react_004,graphrag_style,frontend/react,synthetic,semi,completed_tasks,6,0,0,1.0,0.0,0.0,73,322,4.41,0.43796399995699176,12
gen_frontend_react_004,graphrag_style,frontend/react,synthetic,semi,pending_tasks,1,2,0,0.0,0.0,0.0,73,322,4.41,0.43796399995699176,12
gen_frontend_react_004,graphrag_style,frontend/react,synthetic,semi,decisions,5,4,3,0.75,0.6,0.6667,73,322,4.41,0.43796399995699176,12
gen_frontend_react_004,graphrag_style,frontend/react,synthetic,semi,files,6,6,5,0.8333,0.8333,0.8333,73,322,4.41,0.43796399995699176,12
gen_frontend_react_004,mem0_style,frontend/react,synthetic,semi,completed_tasks,6,6,6,1.0,1.0,1.0,151,322,2.13,0.9147430000666645,18
gen_frontend_react_004,mem0_style,frontend/react,synthetic,semi,pending_tasks,1,2,0,0.0,0.0,0.0,151,322,2.13,0.9147430000666645,18
gen_frontend_react_004,mem0_style,frontend/react,synthetic,semi,decisions,5,4,3,0.75,0.6,0.6667,151,322,2.13,0.9147430000666645,18
gen_frontend_react_004,mem0_style,frontend/react,synthetic,semi,files,6,6,5,0.8333,0.8333,0.8333,151,322,2.13,0.9147430000666645,18
gen_frontend_react_004,memgpt_style,frontend/react,synthetic,semi,completed_tasks,6,3,3,1.0,0.5,0.6667,86,322,3.74,0.3260859998590604,9
gen_frontend_react_004,memgpt_style,frontend/react,synthetic,semi,pending_tasks,1,2,0,0.0,0.0,0.0,86,322,3.74,0.3260859998590604,9
gen_frontend_react_004,memgpt_style,frontend/react,synthetic,semi,decisions,5,3,3,1.0,0.6,0.75,86,322,3.74,0.3260859998590604,9
gen_frontend_react_004,memgpt_style,frontend/react,synthetic,semi,files,6,1,1,1.0,0.1667,0.2857,86,322,3.74,0.3260859998590604,9
gen_frontend_react_004,sliding_window_10,frontend/react,synthetic,semi,completed_tasks,6,10,2,0.2,0.3333,0.25,101,322,3.19,0.0034919999052362982,10
gen_frontend_react_004,sliding_window_10,frontend/react,synthetic,semi,pending_tasks,1,10,1,0.1,1.0,0.1818,101,322,3.19,0.0034919999052362982,10
gen_frontend_react_004,sliding_window_10,frontend/react,synthetic,semi,decisions,5,10,2,0.2,0.4,0.2667,101,322,3.19,0.0034919999052362982,10
gen_frontend_react_004,sliding_window_10,frontend/react,synthetic,semi,files,6,10,0,0.0,0.0,0.0,101,322,3.19,0.0034919999052362982,10
gen_frontend_react_004,sliding_window_10,frontend/react,synthetic,semi,errors,0,10,0,0.0,1.0,0.0,101,322,3.19,0.0034919999052362982,10
gen_frontend_react_004,naive_truncation,frontend/react,synthetic,semi,completed_tasks,6,33,6,0.1818,1.0,0.3077,319,322,1.01,0.016069999901446863,33
gen_frontend_react_004,naive_truncation,frontend/react,synthetic,semi,pending_tasks,1,33,1,0.0303,1.0,0.0588,319,322,1.01,0.016069999901446863,33
gen_frontend_react_004,naive_truncation,frontend/react,synthetic,semi,decisions,5,33,5,0.1515,1.0,0.2632,319,322,1.01,0.016069999901446863,33
gen_frontend_react_004,naive_truncation,frontend/react,synthetic,semi,files,6,33,6,0.1818,1.0,0.3077,319,322,1.01,0.016069999901446863,33
gen_frontend_react_004,naive_truncation,frontend/react,synthetic,semi,errors,0,33,0,0.0,1.0,0.0,319,322,1.01,0.016069999901446863,33
gen_frontend_react_004,naive_summary,frontend/react,synthetic,semi,completed_tasks,6,20,3,0.15,0.5,0.2308,181,322,1.78,0.035261999983049463,20
gen_frontend_react_004,naive_summary,frontend/react,synthetic,semi,pending_tasks,1,20,0,0.0,0.0,0.0,181,322,1.78,0.035261999983049463,20
gen_frontend_react_004,naive_summary,frontend/react,synthetic,semi,decisions,5,20,2,0.1,0.4,0.16,181,322,1.78,0.035261999983049463,20
gen_frontend_react_004,naive_summary,frontend/react,synthetic,semi,files,6,20,4,0.2,0.6667,0.3077,181,322,1.78,0.035261999983049463,20
gen_frontend_react_004,naive_summary,frontend/react,synthetic,semi,errors,0,20,0,0.0,1.0,0.0,181,322,1.78,0.035261999983049463,20
gen_frontend_react_005,tokenmizer_v0.5.2,frontend/react,synthetic,semi,completed_tasks,6,3,3,1.0,0.5,0.6667,106,275,2.59,40.35780099980002,11
gen_frontend_react_005,tokenmizer_v0.5.2,frontend/react,synthetic,semi,pending_tasks,3,3,3,1.0,1.0,1.0,106,275,2.59,40.35780099980002,11
gen_frontend_react_005,tokenmizer_v0.5.2,frontend/react,synthetic,semi,decisions,2,3,2,0.6667,1.0,0.8,106,275,2.59,40.35780099980002,11
gen_frontend_react_005,tokenmizer_v0.5.2,frontend/react,synthetic,semi,files,2,2,2,1.0,1.0,1.0,106,275,2.59,40.35780099980002,11
gen_frontend_react_005,tokenmizer_v0.5.2,frontend/react,synthetic,semi,errors,1,0,0,1.0,0.0,0.0,106,275,2.59,40.35780099980002,11
gen_frontend_react_005,graphiti_style,frontend/react,synthetic,semi,completed_tasks,6,4,4,1.0,0.6667,0.8,158,275,1.74,0.7502810001369653,14
gen_frontend_react_005,graphiti_style,frontend/react,synthetic,semi,pending_tasks,3,3,3,1.0,1.0,1.0,158,275,1.74,0.7502810001369653,14
gen_frontend_react_005,graphiti_style,frontend/react,synthetic,semi,decisions,2,3,2,0.6667,1.0,0.8,158,275,1.74,0.7502810001369653,14
gen_frontend_react_005,graphiti_style,frontend/react,synthetic,semi,files,2,2,0,0.0,0.0,0.0,158,275,1.74,0.7502810001369653,14
gen_frontend_react_005,graphiti_style,frontend/react,synthetic,semi,errors,1,2,1,0.5,1.0,0.6667,158,275,1.74,0.7502810001369653,14
gen_frontend_react_005,graphrag_style,frontend/react,synthetic,semi,completed_tasks,6,0,0,1.0,0.0,0.0,63,275,4.37,0.44632699996327574,7
gen_frontend_react_005,graphrag_style,frontend/react,synthetic,semi,pending_tasks,3,0,0,1.0,0.0,0.0,63,275,4.37,0.44632699996327574,7
gen_frontend_react_005,graphrag_style,frontend/react,synthetic,semi,decisions,2,3,2,0.6667,1.0,0.8,63,275,4.37,0.44632699996327574,7
gen_frontend_react_005,graphrag_style,frontend/react,synthetic,semi,files,2,2,0,0.0,0.0,0.0,63,275,4.37,0.44632699996327574,7
gen_frontend_react_005,graphrag_style,frontend/react,synthetic,semi,errors,1,2,1,0.5,1.0,0.6667,63,275,4.37,0.44632699996327574,7
gen_frontend_react_005,mem0_style,frontend/react,synthetic,semi,completed_tasks,6,4,4,1.0,0.6667,0.8,157,275,1.75,0.7032450000679091,14
gen_frontend_react_005,mem0_style,frontend/react,synthetic,semi,pending_tasks,3,3,3,1.0,1.0,1.0,157,275,1.75,0.7032450000679091,14
gen_frontend_react_005,mem0_style,frontend/react,synthetic,semi,decisions,2,3,2,0.6667,1.0,0.8,157,275,1.75,0.7032450000679091,14
gen_frontend_react_005,mem0_style,frontend/react,synthetic,semi,files,2,2,0,0.0,0.0,0.0,157,275,1.75,0.7032450000679091,14
gen_frontend_react_005,mem0_style,frontend/react,synthetic,semi,errors,1,2,1,0.5,1.0,0.6667,157,275,1.75,0.7032450000679091,14
gen_frontend_react_005,memgpt_style,frontend/react,synthetic,semi,completed_tasks,6,2,2,1.0,0.3333,0.5,80,275,3.44,0.2486230000613432,7
gen_frontend_react_005,memgpt_style,frontend/react,synthetic,semi,pending_tasks,3,1,1,1.0,0.3333,0.5,80,275,3.44,0.2486230000613432,7
gen_frontend_react_005,memgpt_style,frontend/react,synthetic,semi,decisions,2,1,1,1.0,0.5,0.6667,80,275,3.44,0.2486230000613432,7
gen_frontend_react_005,memgpt_style,frontend/react,synthetic,semi,files,2,2,0,0.0,0.0,0.0,80,275,3.44,0.2486230000613432,7
gen_frontend_react_005,memgpt_style,frontend/react,synthetic,semi,errors,1,1,1,1.0,1.0,1.0,80,275,3.44,0.2486230000613432,7
gen_frontend_react_005,sliding_window_10,frontend/react,synthetic,semi,completed_tasks,6,12,2,0.1667,0.3333,0.2222,126,275,2.18,0.002859999995052931,12
gen_frontend_react_005,sliding_window_10,frontend/react,synthetic,semi,pending_tasks,3,12,1,0.0833,0.3333,0.1333,126,275,2.18,0.002859999995052931,12
gen_frontend_react_005,sliding_window_10,frontend/react,synthetic,semi,decisions,2,12,1,0.0833,0.5,0.1429,126,275,2.18,0.002859999995052931,12
gen_frontend_react_005,sliding_window_10,frontend/react,synthetic,semi,files,2,12,2,0.1667,1.0,0.2857,126,275,2.18,0.002859999995052931,12
gen_frontend_react_005,sliding_window_10,frontend/react,synthetic,semi,errors,1,12,1,0.0833,1.0,0.1538,126,275,2.18,0.002859999995052931,12
gen_frontend_react_005,naive_truncation,frontend/react,synthetic,semi,completed_tasks,6,26,6,0.2308,1.0,0.375,287,275,0.96,0.011656999959086534,26
gen_frontend_react_005,naive_truncation,frontend/react,synthetic,semi,pending_tasks,3,26,3,0.1154,1.0,0.2069,287,275,0.96,0.011656999959086534,26
gen_frontend_react_005,naive_truncation,frontend/react,synthetic,semi,decisions,2,26,2,0.0769,1.0,0.1429,287,275,0.96,0.011656999959086534,26
gen_frontend_react_005,naive_truncation,frontend/react,synthetic,semi,files,2,26,2,0.0769,1.0,0.1429,287,275,0.96,0.011656999959086534,26
gen_frontend_react_005,naive_truncation,frontend/react,synthetic,semi,errors,1,26,1,0.0385,1.0,0.0741,287,275,0.96,0.011656999959086534,26
gen_frontend_react_005,naive_summary,frontend/react,synthetic,semi,completed_tasks,6,16,4,0.25,0.6667,0.3636,175,275,1.57,0.027987000066787004,16
gen_frontend_react_005,naive_summary,frontend/react,synthetic,semi,pending_tasks,3,16,2,0.125,0.6667,0.2105,175,275,1.57,0.027987000066787004,16
gen_frontend_react_005,naive_summary,frontend/react,synthetic,semi,decisions,2,16,1,0.0625,0.5,0.1111,175,275,1.57,0.027987000066787004,16
gen_frontend_react_005,naive_summary,frontend/react,synthetic,semi,files,2,16,0,0.0,0.0,0.0,175,275,1.57,0.027987000066787004,16
gen_frontend_react_005,naive_summary,frontend/react,synthetic,semi,errors,1,16,0,0.0,0.0,0.0,175,275,1.57,0.027987000066787004,16
gen_frontend_react_006,tokenmizer_v0.5.2,frontend/react,synthetic,semi,completed_tasks,3,0,0,1.0,0.0,0.0,102,277,2.72,41.03226400002313,10
gen_frontend_react_006,tokenmizer_v0.5.2,frontend/react,synthetic,semi,pending_tasks,3,1,1,1.0,0.3333,0.5,102,277,2.72,41.03226400002313,10
gen_frontend_react_006,tokenmizer_v0.5.2,frontend/react,synthetic,semi,decisions,3,3,0,0.0,0.0,0.0,102,277,2.72,41.03226400002313,10
gen_frontend_react_006,tokenmizer_v0.5.2,frontend/react,synthetic,semi,files,4,5,4,0.8,1.0,0.8889,102,277,2.72,41.03226400002313,10
gen_frontend_react_006,tokenmizer_v0.5.2,frontend/react,synthetic,semi,errors,2,1,1,1.0,0.5,0.6667,102,277,2.72,41.03226400002313,10
gen_frontend_react_006,graphiti_style,frontend/react,synthetic,semi,completed_tasks,3,3,3,1.0,1.0,1.0,145,277,1.91,0.8031019999634736,17
gen_frontend_react_006,graphiti_style,frontend/react,synthetic,semi,pending_tasks,3,3,1,0.3333,0.3333,0.3333,145,277,1.91,0.8031019999634736,17
gen_frontend_react_006,graphiti_style,frontend/react,synthetic,semi,decisions,3,5,3,0.6,1.0,0.75,145,277,1.91,0.8031019999634736,17
gen_frontend_react_006,graphiti_style,frontend/react,synthetic,semi,files,4,4,3,0.75,0.75,0.75,145,277,1.91,0.8031019999634736,17
gen_frontend_react_006,graphiti_style,frontend/react,synthetic,semi,errors,2,2,2,1.0,1.0,1.0,145,277,1.91,0.8031019999634736,17
gen_frontend_react_006,graphrag_style,frontend/react,synthetic,semi,completed_tasks,3,0,0,1.0,0.0,0.0,78,277,3.55,0.3806899999290181,10
gen_frontend_react_006,graphrag_style,frontend/react,synthetic,semi,pending_tasks,3,1,0,0.0,0.0,0.0,78,277,3.55,0.3806899999290181,10
gen_frontend_react_006,graphrag_style,frontend/react,synthetic,semi,decisions,3,4,3,0.75,1.0,0.8571,78,277,3.55,0.3806899999290181,10
gen_frontend_react_006,graphrag_style,frontend/react,synthetic,semi,files,4,4,3,0.75,0.75,0.75,78,277,3.55,0.3806899999290181,10
gen_frontend_react_006,graphrag_style,frontend/react,synthetic,semi,errors,2,1,1,1.0,0.5,0.6667,78,277,3.55,0.3806899999290181,10
gen_frontend_react_006,mem0_style,frontend/react,synthetic,semi,completed_tasks,3,3,3,1.0,1.0,1.0,141,277,1.96,0.6983060000038677,16
gen_frontend_react_006,mem0_style,frontend/react,synthetic,semi,pending_tasks,3,2,1,0.5,0.3333,0.4,141,277,1.96,0.6983060000038677,16
gen_frontend_react_006,mem0_style,frontend/react,synthetic,semi,decisions,3,5,3,0.6,1.0,0.75,141,277,1.96,0.6983060000038677,16
gen_frontend_react_006,mem0_style,frontend/react,synthetic,semi,files,4,4,3,0.75,0.75,0.75,141,277,1.96,0.6983060000038677,16
gen_frontend_react_006,mem0_style,frontend/react,synthetic,semi,errors,2,2,2,1.0,1.0,1.0,141,277,1.96,0.6983060000038677,16
gen_frontend_react_006,memgpt_style,frontend/react,synthetic,semi,completed_tasks,3,2,2,1.0,0.6667,0.8,71,277,3.9,0.26934099992104166,9
gen_frontend_react_006,memgpt_style,frontend/react,synthetic,semi,pending_tasks,3,2,0,0.0,0.0,0.0,71,277,3.9,0.26934099992104166,9
gen_frontend_react_006,memgpt_style,frontend/react,synthetic,semi,decisions,3,3,2,0.6667,0.6667,0.6667,71,277,3.9,0.26934099992104166,9
gen_frontend_react_006,memgpt_style,frontend/react,synthetic,semi,files,4,2,1,0.5,0.25,0.3333,71,277,3.9,0.26934099992104166,9
gen_frontend_react_006,memgpt_style,frontend/react,synthetic,semi,errors,2,0,0,1.0,0.0,0.0,71,277,3.9,0.26934099992104166,9
gen_frontend_react_006,sliding_window_10,frontend/react,synthetic,semi,completed_tasks,3,12,2,0.1667,0.6667,0.2667,121,277,2.29,0.0026699999580159783,12
gen_frontend_react_006,sliding_window_10,frontend/react,synthetic,semi,pending_tasks,3,12,1,0.0833,0.3333,0.1333,121,277,2.29,0.0026699999580159783,12
gen_frontend_react_006,sliding_window_10,frontend/react,synthetic,semi,decisions,3,12,2,0.1667,0.6667,0.2667,121,277,2.29,0.0026699999580159783,12
gen_frontend_react_006,sliding_window_10,frontend/react,synthetic,semi,files,4,12,2,0.1667,0.5,0.25,121,277,2.29,0.0026699999580159783,12
gen_frontend_react_006,sliding_window_10,frontend/react,synthetic,semi,errors,2,12,0,0.0,0.0,0.0,121,277,2.29,0.0026699999580159783,12
gen_frontend_react_006,naive_truncation,frontend/react,synthetic,semi,completed_tasks,3,28,3,0.1071,1.0,0.1935,293,277,0.95,0.016172999949048972,28
gen_frontend_react_006,naive_truncation,frontend/react,synthetic,semi,pending_tasks,3,28,3,0.1071,1.0,0.1935,293,277,0.95,0.016172999949048972,28
gen_frontend_react_006,naive_truncation,frontend/react,synthetic,semi,decisions,3,28,3,0.1071,1.0,0.1935,293,277,0.95,0.016172999949048972,28
gen_frontend_react_006,naive_truncation,frontend/react,synthetic,semi,files,4,28,4,0.1429,1.0,0.25,293,277,0.95,0.016172999949048972,28
gen_frontend_react_006,naive_truncation,frontend/react,synthetic,semi,errors,2,28,2,0.0714,1.0,0.1333,293,277,0.95,0.016172999949048972,28
gen_frontend_react_006,naive_summary,frontend/react,synthetic,semi,completed_tasks,3,17,1,0.0588,0.3333,0.1,172,277,1.61,0.032686999929865124,17
gen_frontend_react_006,naive_summary,frontend/react,synthetic,semi,pending_tasks,3,17,2,0.1176,0.6667,0.2,172,277,1.61,0.032686999929865124,17
gen_frontend_react_006,naive_summary,frontend/react,synthetic,semi,decisions,3,17,1,0.0588,0.3333,0.1,172,277,1.61,0.032686999929865124,17
gen_frontend_react_006,naive_summary,frontend/react,synthetic,semi,files,4,17,2,0.1176,0.5,0.1905,172,277,1.61,0.032686999929865124,17
gen_frontend_react_006,naive_summary,frontend/react,synthetic,semi,errors,2,17,2,0.1176,1.0,0.2105,172,277,1.61,0.032686999929865124,17
gen_infra_terraform_001,tokenmizer_v0.5.2,infra/terraform,synthetic,implicit,completed_tasks,4,0,0,1.0,0.0,0.0,53,480,9.06,46.364618000097835,6
gen_infra_terraform_001,tokenmizer_v0.5.2,infra/terraform,synthetic,implicit,pending_tasks,3,0,0,1.0,0.0,0.0,53,480,9.06,46.364618000097835,6
gen_infra_terraform_001,tokenmizer_v0.5.2,infra/terraform,synthetic,implicit,decisions,5,1,0,0.0,0.0,0.0,53,480,9.06,46.364618000097835,6
gen_infra_terraform_001,tokenmizer_v0.5.2,infra/terraform,synthetic,implicit,files,5,5,5,1.0,1.0,1.0,53,480,9.06,46.364618000097835,6
gen_infra_terraform_001,tokenmizer_v0.5.2,infra/terraform,synthetic,implicit,errors,1,0,0,1.0,0.0,0.0,53,480,9.06,46.364618000097835,6
gen_infra_terraform_001,graphiti_style,infra/terraform,synthetic,implicit,completed_tasks,4,0,0,1.0,0.0,0.0,56,480,8.57,1.503205000062735,9
gen_infra_terraform_001,graphiti_style,infra/terraform,synthetic,implicit,pending_tasks,3,2,0,0.0,0.0,0.0,56,480,8.57,1.503205000062735,9
gen_infra_terraform_001,graphiti_style,infra/terraform,synthetic,implicit,decisions,5,1,0,0.0,0.0,0.0,56,480,8.57,1.503205000062735,9
gen_infra_terraform_001,graphiti_style,infra/terraform,synthetic,implicit,files,5,5,5,1.0,1.0,1.0,56,480,8.57,1.503205000062735,9
gen_infra_terraform_001,graphiti_style,infra/terraform,synthetic,implicit,errors,1,1,0,0.0,0.0,0.0,56,480,8.57,1.503205000062735,9
gen_infra_terraform_001,graphrag_style,infra/terraform,synthetic,implicit,completed_tasks,4,0,0,1.0,0.0,0.0,70,480,6.86,0.8465630000955571,10
gen_infra_terraform_001,graphrag_style,infra/terraform,synthetic,implicit,pending_tasks,3,2,0,0.0,0.0,0.0,70,480,6.86,0.8465630000955571,10
gen_infra_terraform_001,graphrag_style,infra/terraform,synthetic,implicit,decisions,5,1,0,0.0,0.0,0.0,70,480,6.86,0.8465630000955571,10
gen_infra_terraform_001,graphrag_style,infra/terraform,synthetic,implicit,files,5,5,5,1.0,1.0,1.0,70,480,6.86,0.8465630000955571,10
gen_infra_terraform_001,graphrag_style,infra/terraform,synthetic,implicit,errors,1,2,1,0.5,1.0,0.6667,70,480,6.86,0.8465630000955571,10
gen_infra_terraform_001,mem0_style,infra/terraform,synthetic,implicit,completed_tasks,4,0,0,1.0,0.0,0.0,55,480,8.73,1.3075790000129928,9
gen_infra_terraform_001,mem0_style,infra/terraform,synthetic,implicit,pending_tasks,3,2,0,0.0,0.0,0.0,55,480,8.73,1.3075790000129928,9
gen_infra_terraform_001,mem0_style,infra/terraform,synthetic,implicit,decisions,5,1,0,0.0,0.0,0.0,55,480,8.73,1.3075790000129928,9
gen_infra_terraform_001,mem0_style,infra/terraform,synthetic,implicit,files,5,5,5,1.0,1.0,1.0,55,480,8.73,1.3075790000129928,9
gen_infra_terraform_001,mem0_style,infra/terraform,synthetic,implicit,errors,1,1,0,0.0,0.0,0.0,55,480,8.73,1.3075790000129928,9
gen_infra_terraform_001,memgpt_style,infra/terraform,synthetic,implicit,completed_tasks,4,0,0,1.0,0.0,0.0,38,480,12.63,0.434454000014739,6
gen_infra_terraform_001,memgpt_style,infra/terraform,synthetic,implicit,pending_tasks,3,1,0,0.0,0.0,0.0,38,480,12.63,0.434454000014739,6
gen_infra_terraform_001,memgpt_style,infra/terraform,synthetic,implicit,decisions,5,1,0,0.0,0.0,0.0,38,480,12.63,0.434454000014739,6
gen_infra_terraform_001,memgpt_style,infra/terraform,synthetic,implicit,files,5,4,4,1.0,0.8,0.8889,38,480,12.63,0.434454000014739,6
gen_infra_terraform_001,memgpt_style,infra/terraform,synthetic,implicit,errors,1,0,0,1.0,0.0,0.0,38,480,12.63,0.434454000014739,6
gen_infra_terraform_001,sliding_window_10,infra/terraform,synthetic,implicit,completed_tasks,4,12,1,0.0833,0.25,0.125,187,480,2.57,0.0030780001907260157,12
gen_infra_terraform_001,sliding_window_10,infra/terraform,synthetic,implicit,pending_tasks,3,12,0,0.0,0.0,0.0,187,480,2.57,0.0030780001907260157,12
gen_infra_terraform_001,sliding_window_10,infra/terraform,synthetic,implicit,decisions,5,12,1,0.0833,0.2,0.1176,187,480,2.57,0.0030780001907260157,12
gen_infra_terraform_001,sliding_window_10,infra/terraform,synthetic,implicit,files,5,12,4,0.3333,0.8,0.4706,187,480,2.57,0.0030780001907260157,12
gen_infra_terraform_001,sliding_window_10,infra/terraform,synthetic,implicit,errors,1,12,1,0.0833,1.0,0.1538,187,480,2.57,0.0030780001907260157,12
gen_infra_terraform_001,naive_truncation,infra/terraform,synthetic,implicit,completed_tasks,4,19,2,0.1053,0.5,0.1739,308,480,1.56,0.012814999990951037,19
gen_infra_terraform_001,naive_truncation,infra/terraform,synthetic,implicit,pending_tasks,3,19,2,0.1053,0.6667,0.1818,308,480,1.56,0.012814999990951037,19
gen_infra_terraform_001,naive_truncation,infra/terraform,synthetic,implicit,decisions,5,19,2,0.1053,0.4,0.1667,308,480,1.56,0.012814999990951037,19
gen_infra_terraform_001,naive_truncation,infra/terraform,synthetic,implicit,files,5,19,5,0.2632,1.0,0.4167,308,480,1.56,0.012814999990951037,19
gen_infra_terraform_001,naive_truncation,infra/terraform,synthetic,implicit,errors,1,19,1,0.0526,1.0,0.1,308,480,1.56,0.012814999990951037,19
gen_infra_terraform_001,naive_summary,infra/terraform,synthetic,implicit,completed_tasks,4,10,2,0.2,0.5,0.2857,172,480,2.79,0.05841899996994471,10
gen_infra_terraform_001,naive_summary,infra/terraform,synthetic,implicit,pending_tasks,3,10,1,0.1,0.3333,0.1538,172,480,2.79,0.05841899996994471,10
gen_infra_terraform_001,naive_summary,infra/terraform,synthetic,implicit,decisions,5,10,3,0.3,0.6,0.4,172,480,2.79,0.05841899996994471,10
gen_infra_terraform_001,naive_summary,infra/terraform,synthetic,implicit,files,5,10,0,0.0,0.0,0.0,172,480,2.79,0.05841899996994471,10
gen_infra_terraform_001,naive_summary,infra/terraform,synthetic,implicit,errors,1,10,0,0.0,0.0,0.0,172,480,2.79,0.05841899996994471,10
gen_infra_terraform_002,tokenmizer_v0.5.2,infra/terraform,synthetic,implicit,completed_tasks,4,0,0,1.0,0.0,0.0,23,387,16.83,44.67721000014535,4
gen_infra_terraform_002,tokenmizer_v0.5.2,infra/terraform,synthetic,implicit,pending_tasks,4,0,0,1.0,0.0,0.0,23,387,16.83,44.67721000014535,4
gen_infra_terraform_002,tokenmizer_v0.5.2,infra/terraform,synthetic,implicit,decisions,2,1,0,0.0,0.0,0.0,23,387,16.83,44.67721000014535,4
gen_infra_terraform_002,tokenmizer_v0.5.2,infra/terraform,synthetic,implicit,files,3,3,3,1.0,1.0,1.0,23,387,16.83,44.67721000014535,4
gen_infra_terraform_002,tokenmizer_v0.5.2,infra/terraform,synthetic,implicit,errors,1,0,0,1.0,0.0,0.0,23,387,16.83,44.67721000014535,4
gen_infra_terraform_002,graphiti_style,infra/terraform,synthetic,implicit,completed_tasks,4,0,0,1.0,0.0,0.0,41,387,9.44,1.1257559999648947,7
gen_infra_terraform_002,graphiti_style,infra/terraform,synthetic,implicit,pending_tasks,4,2,0,0.0,0.0,0.0,41,387,9.44,1.1257559999648947,7
gen_infra_terraform_002,graphiti_style,infra/terraform,synthetic,implicit,decisions,2,1,0,0.0,0.0,0.0,41,387,9.44,1.1257559999648947,7
gen_infra_terraform_002,graphiti_style,infra/terraform,synthetic,implicit,files,3,3,3,1.0,1.0,1.0,41,387,9.44,1.1257559999648947,7
gen_infra_terraform_002,graphiti_style,infra/terraform,synthetic,implicit,errors,1,1,0,0.0,0.0,0.0,41,387,9.44,1.1257559999648947,7
gen_infra_terraform_002,graphrag_style,infra/terraform,synthetic,implicit,completed_tasks,4,0,0,1.0,0.0,0.0,36,387,10.75,0.48310500005754875,6
gen_infra_terraform_002,graphrag_style,infra/terraform,synthetic,implicit,pending_tasks,4,2,0,0.0,0.0,0.0,36,387,10.75,0.48310500005754875,6
gen_infra_terraform_002,graphrag_style,infra/terraform,synthetic,implicit,decisions,2,0,0,1.0,0.0,0.0,36,387,10.75,0.48310500005754875,6
gen_infra_terraform_002,graphrag_style,infra/terraform,synthetic,implicit,files,3,3,3,1.0,1.0,1.0,36,387,10.75,0.48310500005754875,6
gen_infra_terraform_002,graphrag_style,infra/terraform,synthetic,implicit,errors,1,1,0,0.0,0.0,0.0,36,387,10.75,0.48310500005754875,6
gen_infra_terraform_002,mem0_style,infra/terraform,synthetic,implicit,completed_tasks,4,0,0,1.0,0.0,0.0,40,387,9.68,0.9693109998352156,7
gen_infra_terraform_002,mem0_style,infra/terraform,synthetic,implicit,pending_tasks,4,2,0,0.0,0.0,0.0,40,387,9.68,0.9693109998352156,7
gen_infra_terraform_002,mem0_style,infra/terraform,synthetic,implicit,decisions,2,1,0,0.0,0.0,0.0,40,387,9.68,0.9693109998352156,7
gen_infra_terraform_002,mem0_style,infra/terraform,synthetic,implicit,files,3,3,3,1.0,1.0,1.0,40,387,9.68,0.9693109998352156,7
gen_infra_terraform_002,mem0_style,infra/terraform,synthetic,implicit,errors,1,1,0,0.0,0.0,0.0,40,387,9.68,0.9693109998352156,7
gen_infra_terraform_002,memgpt_style,infra/terraform,synthetic,implicit,completed_tasks,4,0,0,1.0,0.0,0.0,23,387,16.83,0.5648080000355549,3
gen_infra_terraform_002,memgpt_style,infra/terraform,synthetic,implicit,pending_tasks,4,1,0,0.0,0.0,0.0,23,387,16.83,0.5648080000355549,3
gen_infra_terraform_002,memgpt_style,infra/terraform,synthetic,implicit,decisions,2,0,0,1.0,0.0,0.0,23,387,16.83,0.5648080000355549,3
gen_infra_terraform_002,memgpt_style,infra/terraform,synthetic,implicit,files,3,1,1,1.0,0.3333,0.5,23,387,16.83,0.5648080000355549,3
gen_infra_terraform_002,memgpt_style,infra/terraform,synthetic,implicit,errors,1,1,0,0.0,0.0,0.0,23,387,16.83,0.5648080000355549,3
gen_infra_terraform_002,sliding_window_10,infra/terraform,synthetic,implicit,completed_tasks,4,12,3,0.25,0.75,0.375,186,387,2.08,0.003417000016270322,12
gen_infra_terraform_002,sliding_window_10,infra/terraform,synthetic,implicit,pending_tasks,4,12,3,0.25,0.75,0.375,186,387,2.08,0.003417000016270322,12
gen_infra_terraform_002,sliding_window_10,infra/terraform,synthetic,implicit,decisions,2,12,0,0.0,0.0,0.0,186,387,2.08,0.003417000016270322,12
gen_infra_terraform_002,sliding_window_10,infra/terraform,synthetic,implicit,files,3,12,1,0.0833,0.3333,0.1333,186,387,2.08,0.003417000016270322,12
gen_infra_terraform_002,sliding_window_10,infra/terraform,synthetic,implicit,errors,1,12,0,0.0,0.0,0.0,186,387,2.08,0.003417000016270322,12
gen_infra_terraform_002,naive_truncation,infra/terraform,synthetic,implicit,completed_tasks,4,19,4,0.2105,1.0,0.3478,291,387,1.33,0.012952999895787798,19
gen_infra_terraform_002,naive_truncation,infra/terraform,synthetic,implicit,pending_tasks,4,19,3,0.1579,0.75,0.2609,291,387,1.33,0.012952999895787798,19
gen_infra_terraform_002,naive_truncation,infra/terraform,synthetic,implicit,decisions,2,19,1,0.0526,0.5,0.0952,291,387,1.33,0.012952999895787798,19
gen_infra_terraform_002,naive_truncation,infra/terraform,synthetic,implicit,files,3,19,3,0.1579,1.0,0.2727,291,387,1.33,0.012952999895787798,19
gen_infra_terraform_002,naive_truncation,infra/terraform,synthetic,implicit,errors,1,19,0,0.0,0.0,0.0,291,387,1.33,0.012952999895787798,19
gen_infra_terraform_002,naive_summary,infra/terraform,synthetic,implicit,completed_tasks,4,13,0,0.0,0.0,0.0,190,387,2.04,0.036290000025474,13
gen_infra_terraform_002,naive_summary,infra/terraform,synthetic,implicit,pending_tasks,4,13,1,0.0769,0.25,0.1176,190,387,2.04,0.036290000025474,13
gen_infra_terraform_002,naive_summary,infra/terraform,synthetic,implicit,decisions,2,13,2,0.1538,1.0,0.2667,190,387,2.04,0.036290000025474,13
gen_infra_terraform_002,naive_summary,infra/terraform,synthetic,implicit,files,3,13,2,0.1538,0.6667,0.25,190,387,2.04,0.036290000025474,13
gen_infra_terraform_002,naive_summary,infra/terraform,synthetic,implicit,errors,1,13,1,0.0769,1.0,0.1429,190,387,2.04,0.036290000025474,13
gen_infra_terraform_003,tokenmizer_v0.5.2,infra/terraform,synthetic,implicit,completed_tasks,4,0,0,1.0,0.0,0.0,35,404,11.54,44.15140900005099,6
gen_infra_terraform_003,tokenmizer_v0.5.2,infra/terraform,synthetic,implicit,pending_tasks,2,0,0,1.0,0.0,0.0,35,404,11.54,44.15140900005099,6
gen_infra_terraform_003,tokenmizer_v0.5.2,infra/terraform,synthetic,implicit,decisions,2,0,0,1.0,0.0,0.0,35,404,11.54,44.15140900005099,6
gen_infra_terraform_003,tokenmizer_v0.5.2,infra/terraform,synthetic,implicit,files,6,6,6,1.0,1.0,1.0,35,404,11.54,44.15140900005099,6
gen_infra_terraform_003,tokenmizer_v0.5.2,infra/terraform,synthetic,implicit,errors,1,0,0,1.0,0.0,0.0,35,404,11.54,44.15140900005099,6
gen_infra_terraform_003,graphiti_style,infra/terraform,synthetic,implicit,completed_tasks,4,0,0,1.0,0.0,0.0,47,404,8.6,1.2081089998901007,8
gen_infra_terraform_003,graphiti_style,infra/terraform,synthetic,implicit,pending_tasks,2,1,0,0.0,0.0,0.0,47,404,8.6,1.2081089998901007,8
gen_infra_terraform_003,graphiti_style,infra/terraform,synthetic,implicit,decisions,2,1,0,0.0,0.0,0.0,47,404,8.6,1.2081089998901007,8
gen_infra_terraform_003,graphiti_style,infra/terraform,synthetic,implicit,files,6,6,6,1.0,1.0,1.0,47,404,8.6,1.2081089998901007,8
gen_infra_terraform_003,graphiti_style,infra/terraform,synthetic,implicit,errors,1,0,0,1.0,0.0,0.0,47,404,8.6,1.2081089998901007,8
gen_infra_terraform_003,graphrag_style,infra/terraform,synthetic,implicit,completed_tasks,4,0,0,1.0,0.0,0.0,47,404,8.6,0.5646150000302441,8
gen_infra_terraform_003,graphrag_style,infra/terraform,synthetic,implicit,pending_tasks,2,1,0,0.0,0.0,0.0,47,404,8.6,0.5646150000302441,8
gen_infra_terraform_003,graphrag_style,infra/terraform,synthetic,implicit,decisions,2,1,0,0.0,0.0,0.0,47,404,8.6,0.5646150000302441,8
gen_infra_terraform_003,graphrag_style,infra/terraform,synthetic,implicit,files,6,6,6,1.0,1.0,1.0,47,404,8.6,0.5646150000302441,8
gen_infra_terraform_003,graphrag_style,infra/terraform,synthetic,implicit,errors,1,0,0,1.0,0.0,0.0,47,404,8.6,0.5646150000302441,8
gen_infra_terraform_003,mem0_style,infra/terraform,synthetic,implicit,completed_tasks,4,0,0,1.0,0.0,0.0,46,404,8.78,1.026491000175156,8
gen_infra_terraform_003,mem0_style,infra/terraform,synthetic,implicit,pending_tasks,2,1,0,0.0,0.0,0.0,46,404,8.78,1.026491000175156,8
gen_infra_terraform_003,mem0_style,infra/terraform,synthetic,implicit,decisions,2,1,0,0.0,0.0,0.0,46,404,8.78,1.026491000175156,8
gen_infra_terraform_003,mem0_style,infra/terraform,synthetic,implicit,files,6,6,6,1.0,1.0,1.0,46,404,8.78,1.026491000175156,8
gen_infra_terraform_003,mem0_style,infra/terraform,synthetic,implicit,errors,1,0,0,1.0,0.0,0.0,46,404,8.78,1.026491000175156,8
gen_infra_terraform_003,memgpt_style,infra/terraform,synthetic,implicit,completed_tasks,4,0,0,1.0,0.0,0.0,32,404,12.62,0.4280370001197298,5
gen_infra_terraform_003,memgpt_style,infra/terraform,synthetic,implicit,pending_tasks,2,0,0,1.0,0.0,0.0,32,404,12.62,0.4280370001197298,5
gen_infra_terraform_003,memgpt_style,infra/terraform,synthetic,implicit,decisions,2,1,0,0.0,0.0,0.0,32,404,12.62,0.4280370001197298,5
gen_infra_terraform_003,memgpt_style,infra/terraform,synthetic,implicit,files,6,4,4,1.0,0.6667,0.8,32,404,12.62,0.4280370001197298,5
gen_infra_terraform_003,memgpt_style,infra/terraform,synthetic,implicit,errors,1,0,0,1.0,0.0,0.0,32,404,12.62,0.4280370001197298,5
gen_infra_terraform_003,sliding_window_10,infra/terraform,synthetic,implicit,completed_tasks,4,12,2,0.1667,0.5,0.25,177,404,2.28,0.003513999899951159,12
gen_infra_terraform_003,sliding_window_10,infra/terraform,synthetic,implicit,pending_tasks,2,12,0,0.0,0.0,0.0,177,404,2.28,0.003513999899951159,12
gen_infra_terraform_003,sliding_window_10,infra/terraform,synthetic,implicit,decisions,2,12,1,0.0833,0.5,0.1429,177,404,2.28,0.003513999899951159,12
gen_infra_terraform_003,sliding_window_10,infra/terraform,synthetic,implicit,files,6,12,4,0.3333,0.6667,0.4444,177,404,2.28,0.003513999899951159,12
gen_infra_terraform_003,sliding_window_10,infra/terraform,synthetic,implicit,errors,1,12,0,0.0,0.0,0.0,177,404,2.28,0.003513999899951159,12
gen_infra_terraform_003,naive_truncation,infra/terraform,synthetic,implicit,completed_tasks,4,20,3,0.15,0.75,0.25,282,404,1.43,0.01054599988492555,20
gen_infra_terraform_003,naive_truncation,infra/terraform,synthetic,implicit,pending_tasks,2,20,0,0.0,0.0,0.0,282,404,1.43,0.01054599988492555,20
gen_infra_terraform_003,naive_truncation,infra/terraform,synthetic,implicit,decisions,2,20,1,0.05,0.5,0.0909,282,404,1.43,0.01054599988492555,20
gen_infra_terraform_003,naive_truncation,infra/terraform,synthetic,implicit,files,6,20,6,0.3,1.0,0.4615,282,404,1.43,0.01054599988492555,20
gen_infra_terraform_003,naive_truncation,infra/terraform,synthetic,implicit,errors,1,20,1,0.05,1.0,0.0952,282,404,1.43,0.01054599988492555,20
gen_infra_terraform_003,naive_summary,infra/terraform,synthetic,implicit,completed_tasks,4,13,1,0.0769,0.25,0.1176,171,404,2.36,0.04260800005795318,13
gen_infra_terraform_003,naive_summary,infra/terraform,synthetic,implicit,pending_tasks,2,13,2,0.1538,1.0,0.2667,171,404,2.36,0.04260800005795318,13
gen_infra_terraform_003,naive_summary,infra/terraform,synthetic,implicit,decisions,2,13,1,0.0769,0.5,0.1333,171,404,2.36,0.04260800005795318,13
gen_infra_terraform_003,naive_summary,infra/terraform,synthetic,implicit,files,6,13,0,0.0,0.0,0.0,171,404,2.36,0.04260800005795318,13
gen_infra_terraform_003,naive_summary,infra/terraform,synthetic,implicit,errors,1,13,1,0.0769,1.0,0.1429,171,404,2.36,0.04260800005795318,13
gen_infra_terraform_004,tokenmizer_v0.5.2,infra/terraform,synthetic,implicit,completed_tasks,7,1,0,0.0,0.0,0.0,44,576,13.09,53.66099699995175,6
gen_infra_terraform_004,tokenmizer_v0.5.2,infra/terraform,synthetic,implicit,pending_tasks,4,0,0,1.0,0.0,0.0,44,576,13.09,53.66099699995175,6
gen_infra_terraform_004,tokenmizer_v0.5.2,infra/terraform,synthetic,implicit,decisions,4,0,0,1.0,0.0,0.0,44,576,13.09,53.66099699995175,6
gen_infra_terraform_004,tokenmizer_v0.5.2,infra/terraform,synthetic,implicit,files,5,5,5,1.0,1.0,1.0,44,576,13.09,53.66099699995175,6
gen_infra_terraform_004,tokenmizer_v0.5.2,infra/terraform,synthetic,implicit,errors,1,0,0,1.0,0.0,0.0,44,576,13.09,53.66099699995175,6
gen_infra_terraform_004,graphiti_style,infra/terraform,synthetic,implicit,completed_tasks,7,1,0,0.0,0.0,0.0,54,576,10.67,2.264178000132233,8
gen_infra_terraform_004,graphiti_style,infra/terraform,synthetic,implicit,pending_tasks,4,2,0,0.0,0.0,0.0,54,576,10.67,2.264178000132233,8
gen_infra_terraform_004,graphiti_style,infra/terraform,synthetic,implicit,decisions,4,0,0,1.0,0.0,0.0,54,576,10.67,2.264178000132233,8
gen_infra_terraform_004,graphiti_style,infra/terraform,synthetic,implicit,files,5,5,5,1.0,1.0,1.0,54,576,10.67,2.264178000132233,8
gen_infra_terraform_004,graphiti_style,infra/terraform,synthetic,implicit,errors,1,0,0,1.0,0.0,0.0,54,576,10.67,2.264178000132233,8
gen_infra_terraform_004,graphrag_style,infra/terraform,synthetic,implicit,completed_tasks,7,0,0,1.0,0.0,0.0,43,576,13.4,0.7466250001471053,7
gen_infra_terraform_004,graphrag_style,infra/terraform,synthetic,implicit,pending_tasks,4,2,0,0.0,0.0,0.0,43,576,13.4,0.7466250001471053,7
gen_infra_terraform_004,graphrag_style,infra/terraform,synthetic,implicit,decisions,4,0,0,1.0,0.0,0.0,43,576,13.4,0.7466250001471053,7
gen_infra_terraform_004,graphrag_style,infra/terraform,synthetic,implicit,files,5,5,5,1.0,1.0,1.0,43,576,13.4,0.7466250001471053,7
gen_infra_terraform_004,graphrag_style,infra/terraform,synthetic,implicit,errors,1,0,0,1.0,0.0,0.0,43,576,13.4,0.7466250001471053,7
gen_infra_terraform_004,mem0_style,infra/terraform,synthetic,implicit,completed_tasks,7,1,0,0.0,0.0,0.0,53,576,10.87,1.445698999987144,8
gen_infra_terraform_004,mem0_style,infra/terraform,synthetic,implicit,pending_tasks,4,2,0,0.0,0.0,0.0,53,576,10.87,1.445698999987144,8
gen_infra_terraform_004,mem0_style,infra/terraform,synthetic,implicit,decisions,4,0,0,1.0,0.0,0.0,53,576,10.87,1.445698999987144,8
gen_infra_terraform_004,mem0_style,infra/terraform,synthetic,implicit,files,5,5,5,1.0,1.0,1.0,53,576,10.87,1.445698999987144,8
gen_infra_terraform_004,mem0_style,infra/terraform,synthetic,implicit,errors,1,0,0,1.0,0.0,0.0,53,576,10.87,1.445698999987144,8
gen_infra_terraform_004,memgpt_style,infra/terraform,synthetic,implicit,completed_tasks,7,0,0,1.0,0.0,0.0,27,576,21.33,0.537412000085169,4
gen_infra_terraform_004,memgpt_style,infra/terraform,synthetic,implicit,pending_tasks,4,1,0,0.0,0.0,0.0,27,576,21.33,0.537412000085169,4
gen_infra_terraform_004,memgpt_style,infra/terraform,synthetic,implicit,decisions,4,0,0,1.0,0.0,0.0,27,576,21.33,0.537412000085169,4
gen_infra_terraform_004,memgpt_style,infra/terraform,synthetic,implicit,files,5,3,3,1.0,0.6,0.75,27,576,21.33,0.537412000085169,4
gen_infra_terraform_004,memgpt_style,infra/terraform,synthetic,implicit,errors,1,0,0,1.0,0.0,0.0,27,576,21.33,0.537412000085169,4
gen_infra_terraform_004,sliding_window_10,infra/terraform,synthetic,implicit,completed_tasks,7,12,4,0.3333,0.5714,0.4211,181,576,3.18,0.004535000016403501,12
gen_infra_terraform_004,sliding_window_10,infra/terraform,synthetic,implicit,pending_tasks,4,12,1,0.0833,0.25,0.125,181,576,3.18,0.004535000016403501,12
gen_infra_terraform_004,sliding_window_10,infra/terraform,synthetic,implicit,decisions,4,12,0,0.0,0.0,0.0,181,576,3.18,0.004535000016403501,12
gen_infra_terraform_004,sliding_window_10,infra/terraform,synthetic,implicit,files,5,12,2,0.1667,0.4,0.2353,181,576,3.18,0.004535000016403501,12
gen_infra_terraform_004,sliding_window_10,infra/terraform,synthetic,implicit,errors,1,12,0,0.0,0.0,0.0,181,576,3.18,0.004535000016403501,12
gen_infra_terraform_004,naive_truncation,infra/terraform,synthetic,implicit,completed_tasks,7,18,4,0.2222,0.5714,0.32,264,576,2.18,0.012773999969795113,18
gen_infra_terraform_004,naive_truncation,infra/terraform,synthetic,implicit,pending_tasks,4,18,1,0.0556,0.25,0.0909,264,576,2.18,0.012773999969795113,18
gen_infra_terraform_004,naive_truncation,infra/terraform,synthetic,implicit,decisions,4,18,1,0.0556,0.25,0.0909,264,576,2.18,0.012773999969795113,18
gen_infra_terraform_004,naive_truncation,infra/terraform,synthetic,implicit,files,5,18,3,0.1667,0.6,0.2609,264,576,2.18,0.012773999969795113,18
gen_infra_terraform_004,naive_truncation,infra/terraform,synthetic,implicit,errors,1,18,1,0.0556,1.0,0.1053,264,576,2.18,0.012773999969795113,18
gen_infra_terraform_004,naive_summary,infra/terraform,synthetic,implicit,completed_tasks,7,12,2,0.1667,0.2857,0.2105,170,576,3.39,0.06196099980115832,12
gen_infra_terraform_004,naive_summary,infra/terraform,synthetic,implicit,pending_tasks,4,12,1,0.0833,0.25,0.125,170,576,3.39,0.06196099980115832,12
gen_infra_terraform_004,naive_summary,infra/terraform,synthetic,implicit,decisions,4,12,1,0.0833,0.25,0.125,170,576,3.39,0.06196099980115832,12
gen_infra_terraform_004,naive_summary,infra/terraform,synthetic,implicit,files,5,12,1,0.0833,0.2,0.1176,170,576,3.39,0.06196099980115832,12
gen_infra_terraform_004,naive_summary,infra/terraform,synthetic,implicit,errors,1,12,0,0.0,0.0,0.0,170,576,3.39,0.06196099980115832,12
gen_infra_terraform_005,tokenmizer_v0.5.2,infra/terraform,synthetic,implicit,completed_tasks,3,1,0,0.0,0.0,0.0,22,408,18.55,43.06621000000632,3
gen_infra_terraform_005,tokenmizer_v0.5.2,infra/terraform,synthetic,implicit,pending_tasks,4,0,0,1.0,0.0,0.0,22,408,18.55,43.06621000000632,3
gen_infra_terraform_005,tokenmizer_v0.5.2,infra/terraform,synthetic,implicit,decisions,6,0,0,1.0,0.0,0.0,22,408,18.55,43.06621000000632,3
gen_infra_terraform_005,tokenmizer_v0.5.2,infra/terraform,synthetic,implicit,files,2,2,2,1.0,1.0,1.0,22,408,18.55,43.06621000000632,3
gen_infra_terraform_005,graphiti_style,infra/terraform,synthetic,implicit,completed_tasks,3,1,0,0.0,0.0,0.0,37,408,11.03,1.1644010000964045,6
gen_infra_terraform_005,graphiti_style,infra/terraform,synthetic,implicit,pending_tasks,4,1,0,0.0,0.0,0.0,37,408,11.03,1.1644010000964045,6
gen_infra_terraform_005,graphiti_style,infra/terraform,synthetic,implicit,decisions,6,2,0,0.0,0.0,0.0,37,408,11.03,1.1644010000964045,6
gen_infra_terraform_005,graphiti_style,infra/terraform,synthetic,implicit,files,2,2,2,1.0,1.0,1.0,37,408,11.03,1.1644010000964045,6
gen_infra_terraform_005,graphrag_style,infra/terraform,synthetic,implicit,completed_tasks,3,0,0,1.0,0.0,0.0,23,408,17.74,0.7518590000472614,4
gen_infra_terraform_005,graphrag_style,infra/terraform,synthetic,implicit,pending_tasks,4,1,0,0.0,0.0,0.0,23,408,17.74,0.7518590000472614,4
gen_infra_terraform_005,graphrag_style,infra/terraform,synthetic,implicit,decisions,6,1,0,0.0,0.0,0.0,23,408,17.74,0.7518590000472614,4
gen_infra_terraform_005,graphrag_style,infra/terraform,synthetic,implicit,files,2,2,2,1.0,1.0,1.0,23,408,17.74,0.7518590000472614,4
gen_infra_terraform_005,mem0_style,infra/terraform,synthetic,implicit,completed_tasks,3,1,0,0.0,0.0,0.0,36,408,11.33,1.200646999905075,6
gen_infra_terraform_005,mem0_style,infra/terraform,synthetic,implicit,pending_tasks,4,1,0,0.0,0.0,0.0,36,408,11.33,1.200646999905075,6
gen_infra_terraform_005,mem0_style,infra/terraform,synthetic,implicit,decisions,6,2,0,0.0,0.0,0.0,36,408,11.33,1.200646999905075,6
gen_infra_terraform_005,mem0_style,infra/terraform,synthetic,implicit,files,2,2,2,1.0,1.0,1.0,36,408,11.33,1.200646999905075,6
gen_infra_terraform_005,memgpt_style,infra/terraform,synthetic,implicit,completed_tasks,3,0,0,1.0,0.0,0.0,13,408,31.38,0.33589400004530034,2
gen_infra_terraform_005,memgpt_style,infra/terraform,synthetic,implicit,pending_tasks,4,0,0,1.0,0.0,0.0,13,408,31.38,0.33589400004530034,2
gen_infra_terraform_005,memgpt_style,infra/terraform,synthetic,implicit,decisions,6,1,0,0.0,0.0,0.0,13,408,31.38,0.33589400004530034,2
gen_infra_terraform_005,memgpt_style,infra/terraform,synthetic,implicit,files,2,1,1,1.0,0.5,0.6667,13,408,31.38,0.33589400004530034,2
gen_infra_terraform_005,sliding_window_10,infra/terraform,synthetic,implicit,completed_tasks,3,13,0,0.0,0.0,0.0,206,408,1.98,0.002880000010918593,13
gen_infra_terraform_005,sliding_window_10,infra/terraform,synthetic,implicit,pending_tasks,4,13,3,0.2308,0.75,0.3529,206,408,1.98,0.002880000010918593,13
gen_infra_terraform_005,sliding_window_10,infra/terraform,synthetic,implicit,decisions,6,13,3,0.2308,0.5,0.3158,206,408,1.98,0.002880000010918593,13
gen_infra_terraform_005,sliding_window_10,infra/terraform,synthetic,implicit,files,2,13,2,0.1538,1.0,0.2667,206,408,1.98,0.002880000010918593,13
gen_infra_terraform_005,sliding_window_10,infra/terraform,synthetic,implicit,errors,0,13,0,0.0,1.0,0.0,206,408,1.98,0.002880000010918593,13
gen_infra_terraform_005,naive_truncation,infra/terraform,synthetic,implicit,completed_tasks,3,18,2,0.1111,0.6667,0.1905,290,408,1.41,0.015302000065275934,18
gen_infra_terraform_005,naive_truncation,infra/terraform,synthetic,implicit,pending_tasks,4,18,4,0.2222,1.0,0.3636,290,408,1.41,0.015302000065275934,18
gen_infra_terraform_005,naive_truncation,infra/terraform,synthetic,implicit,decisions,6,18,3,0.1667,0.5,0.25,290,408,1.41,0.015302000065275934,18
gen_infra_terraform_005,naive_truncation,infra/terraform,synthetic,implicit,files,2,18,2,0.1111,1.0,0.2,290,408,1.41,0.015302000065275934,18
gen_infra_terraform_005,naive_truncation,infra/terraform,synthetic,implicit,errors,0,18,0,0.0,1.0,0.0,290,408,1.41,0.015302000065275934,18
gen_infra_terraform_005,naive_summary,infra/terraform,synthetic,implicit,completed_tasks,3,13,2,0.1538,0.6667,0.25,174,408,2.34,0.0789340001574601,13
gen_infra_terraform_005,naive_summary,infra/terraform,synthetic,implicit,pending_tasks,4,13,0,0.0,0.0,0.0,174,408,2.34,0.0789340001574601,13
gen_infra_terraform_005,naive_summary,infra/terraform,synthetic,implicit,decisions,6,13,3,0.2308,0.5,0.3158,174,408,2.34,0.0789340001574601,13
gen_infra_terraform_005,naive_summary,infra/terraform,synthetic,implicit,files,2,13,0,0.0,0.0,0.0,174,408,2.34,0.0789340001574601,13
gen_infra_terraform_005,naive_summary,infra/terraform,synthetic,implicit,errors,0,13,0,0.0,1.0,0.0,174,408,2.34,0.0789340001574601,13
gen_ml_python_001,tokenmizer_v0.5.2,ml/python,synthetic,explicit,completed_tasks,6,6,6,1.0,1.0,1.0,127,375,2.95,42.55602699981864,14
gen_ml_python_001,tokenmizer_v0.5.2,ml/python,synthetic,explicit,pending_tasks,2,1,1,1.0,0.5,0.6667,127,375,2.95,42.55602699981864,14
gen_ml_python_001,tokenmizer_v0.5.2,ml/python,synthetic,explicit,decisions,6,1,1,1.0,0.1667,0.2857,127,375,2.95,42.55602699981864,14
gen_ml_python_001,tokenmizer_v0.5.2,ml/python,synthetic,explicit,files,5,5,5,1.0,1.0,1.0,127,375,2.95,42.55602699981864,14
gen_ml_python_001,tokenmizer_v0.5.2,ml/python,synthetic,explicit,errors,3,1,0,0.0,0.0,0.0,127,375,2.95,42.55602699981864,14
gen_ml_python_001,graphiti_style,ml/python,synthetic,explicit,completed_tasks,6,8,4,0.5,0.6667,0.5714,224,375,1.67,0.9705229999781295,26
gen_ml_python_001,graphiti_style,ml/python,synthetic,explicit,pending_tasks,2,3,2,0.6667,1.0,0.8,224,375,1.67,0.9705229999781295,26
gen_ml_python_001,graphiti_style,ml/python,synthetic,explicit,decisions,6,8,6,0.75,1.0,0.8571,224,375,1.67,0.9705229999781295,26
gen_ml_python_001,graphiti_style,ml/python,synthetic,explicit,files,5,4,4,1.0,0.8,0.8889,224,375,1.67,0.9705229999781295,26
gen_ml_python_001,graphiti_style,ml/python,synthetic,explicit,errors,3,3,3,1.0,1.0,1.0,224,375,1.67,0.9705229999781295,26
gen_ml_python_001,graphrag_style,ml/python,synthetic,explicit,completed_tasks,6,2,2,1.0,0.3333,0.5,164,375,2.29,0.5762590001268109,18
gen_ml_python_001,graphrag_style,ml/python,synthetic,explicit,pending_tasks,2,2,1,0.5,0.5,0.5,164,375,2.29,0.5762590001268109,18
gen_ml_python_001,graphrag_style,ml/python,synthetic,explicit,decisions,6,7,6,0.8571,1.0,0.9231,164,375,2.29,0.5762590001268109,18
gen_ml_python_001,graphrag_style,ml/python,synthetic,explicit,files,5,4,4,1.0,0.8,0.8889,164,375,2.29,0.5762590001268109,18
gen_ml_python_001,graphrag_style,ml/python,synthetic,explicit,errors,3,3,3,1.0,1.0,1.0,164,375,2.29,0.5762590001268109,18
gen_ml_python_001,mem0_style,ml/python,synthetic,explicit,completed_tasks,6,8,4,0.5,0.6667,0.5714,223,375,1.68,1.0017780000453058,26
gen_ml_python_001,mem0_style,ml/python,synthetic,explicit,pending_tasks,2,3,2,0.6667,1.0,0.8,223,375,1.68,1.0017780000453058,26
gen_ml_python_001,mem0_style,ml/python,synthetic,explicit,decisions,6,8,6,0.75,1.0,0.8571,223,375,1.68,1.0017780000453058,26
gen_ml_python_001,mem0_style,ml/python,synthetic,explicit,files,5,4,4,1.0,0.8,0.8889,223,375,1.68,1.0017780000453058,26
gen_ml_python_001,mem0_style,ml/python,synthetic,explicit,errors,3,3,3,1.0,1.0,1.0,223,375,1.68,1.0017780000453058,26
gen_ml_python_001,memgpt_style,ml/python,synthetic,explicit,completed_tasks,6,2,1,0.5,0.1667,0.25,90,375,4.17,0.40378299991061795,11
gen_ml_python_001,memgpt_style,ml/python,synthetic,explicit,pending_tasks,2,1,1,1.0,0.5,0.6667,90,375,4.17,0.40378299991061795,11
gen_ml_python_001,memgpt_style,ml/python,synthetic,explicit,decisions,6,5,3,0.6,0.5,0.5455,90,375,4.17,0.40378299991061795,11
gen_ml_python_001,memgpt_style,ml/python,synthetic,explicit,files,5,2,2,1.0,0.4,0.5714,90,375,4.17,0.40378299991061795,11
gen_ml_python_001,memgpt_style,ml/python,synthetic,explicit,errors,3,1,1,1.0,0.3333,0.5,90,375,4.17,0.40378299991061795,11
gen_ml_python_001,sliding_window_10,ml/python,synthetic,explicit,completed_tasks,6,11,0,0.0,0.0,0.0,103,375,3.64,0.003730000116775045,11
gen_ml_python_001,sliding_window_10,ml/python,synthetic,explicit,pending_tasks,2,11,1,0.0909,0.5,0.1538,103,375,3.64,0.003730000116775045,11
gen_ml_python_001,sliding_window_10,ml/python,synthetic,explicit,decisions,6,11,3,0.2727,0.5,0.3529,103,375,3.64,0.003730000116775045,11
gen_ml_python_001,sliding_window_10,ml/python,synthetic,explicit,files,5,11,1,0.0909,0.2,0.125,103,375,3.64,0.003730000116775045,11
gen_ml_python_001,sliding_window_10,ml/python,synthetic,explicit,errors,3,11,1,0.0909,0.3333,0.1429,103,375,3.64,0.003730000116775045,11
gen_ml_python_001,naive_truncation,ml/python,synthetic,explicit,completed_tasks,6,33,4,0.1212,0.6667,0.2051,303,375,1.24,0.012821999916923232,33
gen_ml_python_001,naive_truncation,ml/python,synthetic,explicit,pending_tasks,2,33,2,0.0606,1.0,0.1143,303,375,1.24,0.012821999916923232,33
gen_ml_python_001,naive_truncation,ml/python,synthetic,explicit,decisions,6,33,6,0.1818,1.0,0.3077,303,375,1.24,0.012821999916923232,33
gen_ml_python_001,naive_truncation,ml/python,synthetic,explicit,files,5,33,5,0.1515,1.0,0.2632,303,375,1.24,0.012821999916923232,33
gen_ml_python_001,naive_truncation,ml/python,synthetic,explicit,errors,3,33,1,0.0303,0.3333,0.0556,303,375,1.24,0.012821999916923232,33
gen_ml_python_001,naive_summary,ml/python,synthetic,explicit,completed_tasks,6,20,2,0.1,0.3333,0.1538,195,375,1.92,0.039716999935990316,20
gen_ml_python_001,naive_summary,ml/python,synthetic,explicit,pending_tasks,2,20,1,0.05,0.5,0.0909,195,375,1.92,0.039716999935990316,20
gen_ml_python_001,naive_summary,ml/python,synthetic,explicit,decisions,6,20,3,0.15,0.5,0.2308,195,375,1.92,0.039716999935990316,20
gen_ml_python_001,naive_summary,ml/python,synthetic,explicit,files,5,20,2,0.1,0.4,0.16,195,375,1.92,0.039716999935990316,20
gen_ml_python_001,naive_summary,ml/python,synthetic,explicit,errors,3,20,2,0.1,0.6667,0.1739,195,375,1.92,0.039716999935990316,20
gen_ml_python_002,tokenmizer_v0.5.2,ml/python,synthetic,explicit,completed_tasks,7,7,7,1.0,1.0,1.0,135,271,2.01,40.0628309998865,17
gen_ml_python_002,tokenmizer_v0.5.2,ml/python,synthetic,explicit,pending_tasks,1,0,0,1.0,0.0,0.0,135,271,2.01,40.0628309998865,17
gen_ml_python_002,tokenmizer_v0.5.2,ml/python,synthetic,explicit,decisions,3,3,2,0.6667,0.6667,0.6667,135,271,2.01,40.0628309998865,17
gen_ml_python_002,tokenmizer_v0.5.2,ml/python,synthetic,explicit,files,6,6,6,1.0,1.0,1.0,135,271,2.01,40.0628309998865,17
gen_ml_python_002,tokenmizer_v0.5.2,ml/python,synthetic,explicit,errors,0,1,0,0.0,1.0,0.0,135,271,2.01,40.0628309998865,17
gen_ml_python_002,graphiti_style,ml/python,synthetic,explicit,completed_tasks,7,10,5,0.5,0.7143,0.5882,130,271,2.08,0.7430250000197702,20
gen_ml_python_002,graphiti_style,ml/python,synthetic,explicit,pending_tasks,1,2,1,0.5,1.0,0.6667,130,271,2.08,0.7430250000197702,20
gen_ml_python_002,graphiti_style,ml/python,synthetic,explicit,decisions,3,4,3,0.75,1.0,0.8571,130,271,2.08,0.7430250000197702,20
gen_ml_python_002,graphiti_style,ml/python,synthetic,explicit,files,6,4,3,0.75,0.5,0.6,130,271,2.08,0.7430250000197702,20
gen_ml_python_002,graphrag_style,ml/python,synthetic,explicit,completed_tasks,7,4,2,0.5,0.2857,0.3636,98,271,2.77,0.4466840000532102,13
gen_ml_python_002,graphrag_style,ml/python,synthetic,explicit,pending_tasks,1,1,0,0.0,0.0,0.0,98,271,2.77,0.4466840000532102,13
gen_ml_python_002,graphrag_style,ml/python,synthetic,explicit,decisions,3,4,3,0.75,1.0,0.8571,98,271,2.77,0.4466840000532102,13
gen_ml_python_002,graphrag_style,ml/python,synthetic,explicit,files,6,4,3,0.75,0.5,0.6,98,271,2.77,0.4466840000532102,13
gen_ml_python_002,mem0_style,ml/python,synthetic,explicit,completed_tasks,7,10,5,0.5,0.7143,0.5882,129,271,2.1,0.7707340000706608,20
gen_ml_python_002,mem0_style,ml/python,synthetic,explicit,pending_tasks,1,2,1,0.5,1.0,0.6667,129,271,2.1,0.7707340000706608,20
gen_ml_python_002,mem0_style,ml/python,synthetic,explicit,decisions,3,4,3,0.75,1.0,0.8571,129,271,2.1,0.7707340000706608,20
gen_ml_python_002,mem0_style,ml/python,synthetic,explicit,files,6,4,3,0.75,0.5,0.6,129,271,2.1,0.7707340000706608,20
gen_ml_python_002,memgpt_style,ml/python,synthetic,explicit,completed_tasks,7,2,1,0.5,0.1429,0.2222,47,271,5.77,0.2115059999141522,7
gen_ml_python_002,memgpt_style,ml/python,synthetic,explicit,pending_tasks,1,0,0,1.0,0.0,0.0,47,271,5.77,0.2115059999141522,7
gen_ml_python_002,memgpt_style,ml/python,synthetic,explicit,decisions,3,2,1,0.5,0.3333,0.4,47,271,5.77,0.2115059999141522,7
gen_ml_python_002,memgpt_style,ml/python,synthetic,explicit,files,6,3,2,0.6667,0.3333,0.4444,47,271,5.77,0.2115059999141522,7
gen_ml_python_002,sliding_window_10,ml/python,synthetic,explicit,completed_tasks,7,10,1,0.1,0.1429,0.1176,70,271,3.87,0.002846999905159464,10
gen_ml_python_002,sliding_window_10,ml/python,synthetic,explicit,pending_tasks,1,10,0,0.0,0.0,0.0,70,271,3.87,0.002846999905159464,10
gen_ml_python_002,sliding_window_10,ml/python,synthetic,explicit,decisions,3,10,1,0.2,0.3333,0.25,70,271,3.87,0.002846999905159464,10
gen_ml_python_002,sliding_window_10,ml/python,synthetic,explicit,files,6,10,3,0.3,0.5,0.375,70,271,3.87,0.002846999905159464,10
gen_ml_python_002,sliding_window_10,ml/python,synthetic,explicit,errors,0,10,0,0.0,1.0,0.0,70,271,3.87,0.002846999905159464,10
gen_ml_python_002,naive_truncation,ml/python,synthetic,explicit,completed_tasks,7,34,7,0.2059,1.0,0.3415,289,271,0.94,0.013807999948767247,34
gen_ml_python_002,naive_truncation,ml/python,synthetic,explicit,pending_tasks,1,34,1,0.0294,1.0,0.0571,289,271,0.94,0.013807999948767247,34
gen_ml_python_002,naive_truncation,ml/python,synthetic,explicit,decisions,3,34,3,0.1176,1.0,0.2105,289,271,0.94,0.013807999948767247,34
gen_ml_python_002,naive_truncation,ml/python,synthetic,explicit,files,6,34,6,0.1765,1.0,0.3,289,271,0.94,0.013807999948767247,34
gen_ml_python_002,naive_truncation,ml/python,synthetic,explicit,errors,0,34,0,0.0,1.0,0.0,289,271,0.94,0.013807999948767247,34
gen_ml_python_002,naive_summary,ml/python,synthetic,explicit,completed_tasks,7,23,5,0.2174,0.7143,0.3333,205,271,1.32,0.03317899995636253,23
gen_ml_python_002,naive_summary,ml/python,synthetic,explicit,pending_tasks,1,23,1,0.0435,1.0,0.0833,205,271,1.32,0.03317899995636253,23
gen_ml_python_002,naive_summary,ml/python,synthetic,explicit,decisions,3,23,2,0.087,0.6667,0.1538,205,271,1.32,0.03317899995636253,23
gen_ml_python_002,naive_summary,ml/python,synthetic,explicit,files,6,23,3,0.1304,0.5,0.2069,205,271,1.32,0.03317899995636253,23
gen_ml_python_002,naive_summary,ml/python,synthetic,explicit,errors,0,23,0,0.0,1.0,0.0,205,271,1.32,0.03317899995636253,23
gen_ml_python_003,tokenmizer_v0.5.2,ml/python,synthetic,explicit,completed_tasks,7,7,7,1.0,1.0,1.0,120,270,2.25,43.01659499992638,14
gen_ml_python_003,tokenmizer_v0.5.2,ml/python,synthetic,explicit,pending_tasks,1,1,1,1.0,1.0,1.0,120,270,2.25,43.01659499992638,14
gen_ml_python_003,tokenmizer_v0.5.2,ml/python,synthetic,explicit,decisions,3,2,2,1.0,0.6667,0.8,120,270,2.25,43.01659499992638,14
gen_ml_python_003,tokenmizer_v0.5.2,ml/python,synthetic,explicit,files,4,4,4,1.0,1.0,1.0,120,270,2.25,43.01659499992638,14
gen_ml_python_003,tokenmizer_v0.5.2,ml/python,synthetic,explicit,errors,1,0,0,1.0,0.0,0.0,120,270,2.25,43.01659499992638,14
gen_ml_python_003,graphiti_style,ml/python,synthetic,explicit,completed_tasks,7,10,7,0.7,1.0,0.8235,141,270,1.91,0.7035080000150629,19
gen_ml_python_003,graphiti_style,ml/python,synthetic,explicit,pending_tasks,1,1,1,1.0,1.0,1.0,141,270,1.91,0.7035080000150629,19
gen_ml_python_003,graphiti_style,ml/python,synthetic,explicit,decisions,3,4,3,0.75,1.0,0.8571,141,270,1.91,0.7035080000150629,19
gen_ml_python_003,graphiti_style,ml/python,synthetic,explicit,files,4,3,2,0.6667,0.5,0.5714,141,270,1.91,0.7035080000150629,19
gen_ml_python_003,graphiti_style,ml/python,synthetic,explicit,errors,1,1,1,1.0,1.0,1.0,141,270,1.91,0.7035080000150629,19
gen_ml_python_003,graphrag_style,ml/python,synthetic,explicit,completed_tasks,7,5,5,1.0,0.7143,0.8333,116,270,2.33,0.5020539999804896,13
gen_ml_python_003,graphrag_style,ml/python,synthetic,explicit,pending_tasks,1,0,0,1.0,0.0,0.0,116,270,2.33,0.5020539999804896,13
gen_ml_python_003,graphrag_style,ml/python,synthetic,explicit,decisions,3,4,3,0.75,1.0,0.8571,116,270,2.33,0.5020539999804896,13
gen_ml_python_003,graphrag_style,ml/python,synthetic,explicit,files,4,3,2,0.6667,0.5,0.5714,116,270,2.33,0.5020539999804896,13
gen_ml_python_003,graphrag_style,ml/python,synthetic,explicit,errors,1,1,1,1.0,1.0,1.0,116,270,2.33,0.5020539999804896,13
gen_ml_python_003,mem0_style,ml/python,synthetic,explicit,completed_tasks,7,10,7,0.7,1.0,0.8235,140,270,1.93,0.8351500000571832,19
gen_ml_python_003,mem0_style,ml/python,synthetic,explicit,pending_tasks,1,1,1,1.0,1.0,1.0,140,270,1.93,0.8351500000571832,19
gen_ml_python_003,mem0_style,ml/python,synthetic,explicit,decisions,3,4,3,0.75,1.0,0.8571,140,270,1.93,0.8351500000571832,19
gen_ml_python_003,mem0_style,ml/python,synthetic,explicit,files,4,3,2,0.6667,0.5,0.5714,140,270,1.93,0.8351500000571832,19
gen_ml_python_003,mem0_style,ml/python,synthetic,explicit,errors,1,1,1,1.0,1.0,1.0,140,270,1.93,0.8351500000571832,19
gen_ml_python_003,memgpt_style,ml/python,synthetic,explicit,completed_tasks,7,5,4,0.8,0.5714,0.6667,87,270,3.1,0.3238029999010905,9
gen_ml_python_003,memgpt_style,ml/python,synthetic,explicit,pending_tasks,1,1,1,1.0,1.0,1.0,87,270,3.1,0.3238029999010905,9
gen_ml_python_003,memgpt_style,ml/python,synthetic,explicit,decisions,3,1,1,1.0,0.3333,0.5,87,270,3.1,0.3238029999010905,9
gen_ml_python_003,memgpt_style,ml/python,synthetic,explicit,files,4,2,2,1.0,0.5,0.6667,87,270,3.1,0.3238029999010905,9
gen_ml_python_003,memgpt_style,ml/python,synthetic,explicit,errors,1,0,0,1.0,0.0,0.0,87,270,3.1,0.3238029999010905,9
gen_ml_python_003,sliding_window_10,ml/python,synthetic,explicit,completed_tasks,7,13,4,0.3077,0.5714,0.4,129,270,2.09,0.0028750000637955964,13
gen_ml_python_003,sliding_window_10,ml/python,synthetic,explicit,pending_tasks,1,13,1,0.0769,1.0,0.1429,129,270,2.09,0.0028750000637955964,13
gen_ml_python_003,sliding_window_10,ml/python,synthetic,explicit,decisions,3,13,1,0.0769,0.3333,0.125,129,270,2.09,0.0028750000637955964,13
gen_ml_python_003,sliding_window_10,ml/python,synthetic,explicit,files,4,13,2,0.1538,0.5,0.2353,129,270,2.09,0.0028750000637955964,13
gen_ml_python_003,sliding_window_10,ml/python,synthetic,explicit,errors,1,13,0,0.0,0.0,0.0,129,270,2.09,0.0028750000637955964,13
gen_ml_python_003,naive_truncation,ml/python,synthetic,explicit,completed_tasks,7,29,7,0.2414,1.0,0.3889,283,270,0.95,0.011456000038378988,29
gen_ml_python_003,naive_truncation,ml/python,synthetic,explicit,pending_tasks,1,29,1,0.0345,1.0,0.0667,283,270,0.95,0.011456000038378988,29
gen_ml_python_003,naive_truncation,ml/python,synthetic,explicit,decisions,3,29,3,0.1379,1.0,0.2424,283,270,0.95,0.011456000038378988,29
gen_ml_python_003,naive_truncation,ml/python,synthetic,explicit,files,4,29,4,0.1379,1.0,0.2424,283,270,0.95,0.011456000038378988,29
gen_ml_python_003,naive_truncation,ml/python,synthetic,explicit,errors,1,29,1,0.0345,1.0,0.0667,283,270,0.95,0.011456000038378988,29
gen_ml_python_003,naive_summary,ml/python,synthetic,explicit,completed_tasks,7,22,5,0.2273,0.7143,0.3448,206,270,1.31,0.04158000001552864,22
gen_ml_python_003,naive_summary,ml/python,synthetic,explicit,pending_tasks,1,22,0,0.0,0.0,0.0,206,270,1.31,0.04158000001552864,22
gen_ml_python_003,naive_summary,ml/python,synthetic,explicit,decisions,3,22,2,0.1364,0.6667,0.2264,206,270,1.31,0.04158000001552864,22
gen_ml_python_003,naive_summary,ml/python,synthetic,explicit,files,4,22,3,0.1364,0.75,0.2308,206,270,1.31,0.04158000001552864,22
gen_ml_python_003,naive_summary,ml/python,synthetic,explicit,errors,1,22,1,0.0455,1.0,0.087,206,270,1.31,0.04158000001552864,22
gen_ml_python_004,tokenmizer_v0.5.2,ml/python,synthetic,explicit,completed_tasks,4,4,4,1.0,1.0,1.0,157,312,1.99,46.67476700001316,17
gen_ml_python_004,tokenmizer_v0.5.2,ml/python,synthetic,explicit,pending_tasks,2,2,2,1.0,1.0,1.0,157,312,1.99,46.67476700001316,17
gen_ml_python_004,tokenmizer_v0.5.2,ml/python,synthetic,explicit,decisions,6,6,5,0.8333,0.8333,0.8333,157,312,1.99,46.67476700001316,17
gen_ml_python_004,tokenmizer_v0.5.2,ml/python,synthetic,explicit,files,5,5,5,1.0,1.0,1.0,157,312,1.99,46.67476700001316,17
gen_ml_python_004,tokenmizer_v0.5.2,ml/python,synthetic,explicit,errors,2,0,0,1.0,0.0,0.0,157,312,1.99,46.67476700001316,17
gen_ml_python_004,graphiti_style,ml/python,synthetic,explicit,completed_tasks,4,9,3,0.3333,0.75,0.4615,192,312,1.62,0.7850780000353552,26
gen_ml_python_004,graphiti_style,ml/python,synthetic,explicit,pending_tasks,2,3,2,0.6667,1.0,0.8,192,312,1.62,0.7850780000353552,26
gen_ml_python_004,graphiti_style,ml/python,synthetic,explicit,decisions,6,7,6,0.8571,1.0,0.9231,192,312,1.62,0.7850780000353552,26
gen_ml_python_004,graphiti_style,ml/python,synthetic,explicit,files,5,5,4,0.8,0.8,0.8,192,312,1.62,0.7850780000353552,26
gen_ml_python_004,graphiti_style,ml/python,synthetic,explicit,errors,2,2,2,1.0,1.0,1.0,192,312,1.62,0.7850780000353552,26
gen_ml_python_004,graphrag_style,ml/python,synthetic,explicit,completed_tasks,4,4,3,0.75,0.75,0.75,172,312,1.81,0.4992280000806204,19
gen_ml_python_004,graphrag_style,ml/python,synthetic,explicit,pending_tasks,2,2,1,0.5,0.5,0.5,172,312,1.81,0.4992280000806204,19
gen_ml_python_004,graphrag_style,ml/python,synthetic,explicit,decisions,6,6,6,1.0,1.0,1.0,172,312,1.81,0.4992280000806204,19
gen_ml_python_004,graphrag_style,ml/python,synthetic,explicit,files,5,5,4,0.8,0.8,0.8,172,312,1.81,0.4992280000806204,19
gen_ml_python_004,graphrag_style,ml/python,synthetic,explicit,errors,2,2,2,1.0,1.0,1.0,172,312,1.81,0.4992280000806204,19
gen_ml_python_004,mem0_style,ml/python,synthetic,explicit,completed_tasks,4,9,3,0.3333,0.75,0.4615,191,312,1.63,0.8449189999737428,26
gen_ml_python_004,mem0_style,ml/python,synthetic,explicit,pending_tasks,2,3,2,0.6667,1.0,0.8,191,312,1.63,0.8449189999737428,26
gen_ml_python_004,mem0_style,ml/python,synthetic,explicit,decisions,6,7,6,0.8571,1.0,0.9231,191,312,1.63,0.8449189999737428,26
gen_ml_python_004,mem0_style,ml/python,synthetic,explicit,files,5,5,4,0.8,0.8,0.8,191,312,1.63,0.8449189999737428,26
gen_ml_python_004,mem0_style,ml/python,synthetic,explicit,errors,2,2,2,1.0,1.0,1.0,191,312,1.63,0.8449189999737428,26
gen_ml_python_004,memgpt_style,ml/python,synthetic,explicit,completed_tasks,4,4,1,0.25,0.25,0.25,92,312,3.39,0.2642289998675551,11
gen_ml_python_004,memgpt_style,ml/python,synthetic,explicit,pending_tasks,2,1,1,1.0,0.5,0.6667,92,312,3.39,0.2642289998675551,11
gen_ml_python_004,memgpt_style,ml/python,synthetic,explicit,decisions,6,3,2,0.6667,0.3333,0.4444,92,312,3.39,0.2642289998675551,11
gen_ml_python_004,memgpt_style,ml/python,synthetic,explicit,files,5,2,2,1.0,0.4,0.5714,92,312,3.39,0.2642289998675551,11
gen_ml_python_004,memgpt_style,ml/python,synthetic,explicit,errors,2,1,1,1.0,0.5,0.6667,92,312,3.39,0.2642289998675551,11
gen_ml_python_004,sliding_window_10,ml/python,synthetic,explicit,completed_tasks,4,12,2,0.1667,0.5,0.25,111,312,2.81,0.0030700000479555456,12
gen_ml_python_004,sliding_window_10,ml/python,synthetic,explicit,pending_tasks,2,12,1,0.0833,0.5,0.1429,111,312,2.81,0.0030700000479555456,12
gen_ml_python_004,sliding_window_10,ml/python,synthetic,explicit,decisions,6,12,2,0.1667,0.3333,0.2222,111,312,2.81,0.0030700000479555456,12
gen_ml_python_004,sliding_window_10,ml/python,synthetic,explicit,files,5,12,1,0.0833,0.2,0.1176,111,312,2.81,0.0030700000479555456,12
gen_ml_python_004,sliding_window_10,ml/python,synthetic,explicit,errors,2,12,1,0.0833,0.5,0.1429,111,312,2.81,0.0030700000479555456,12
gen_ml_python_004,naive_truncation,ml/python,synthetic,explicit,completed_tasks,4,33,4,0.1212,1.0,0.2162,307,312,1.02,0.016086999949038727,33
gen_ml_python_004,naive_truncation,ml/python,synthetic,explicit,pending_tasks,2,33,2,0.0606,1.0,0.1143,307,312,1.02,0.016086999949038727,33
gen_ml_python_004,naive_truncation,ml/python,synthetic,explicit,decisions,6,33,6,0.1818,1.0,0.3077,307,312,1.02,0.016086999949038727,33
gen_ml_python_004,naive_truncation,ml/python,synthetic,explicit,files,5,33,5,0.1515,1.0,0.2632,307,312,1.02,0.016086999949038727,33
gen_ml_python_004,naive_truncation,ml/python,synthetic,explicit,errors,2,33,2,0.0606,1.0,0.1143,307,312,1.02,0.016086999949038727,33
gen_ml_python_004,naive_summary,ml/python,synthetic,explicit,completed_tasks,4,20,2,0.1,0.5,0.1667,194,312,1.61,0.038402000200221664,20
gen_ml_python_004,naive_summary,ml/python,synthetic,explicit,pending_tasks,2,20,1,0.05,0.5,0.0909,194,312,1.61,0.038402000200221664,20
gen_ml_python_004,naive_summary,ml/python,synthetic,explicit,decisions,6,20,4,0.2,0.6667,0.3077,194,312,1.61,0.038402000200221664,20
gen_ml_python_004,naive_summary,ml/python,synthetic,explicit,files,5,20,2,0.1,0.4,0.16,194,312,1.61,0.038402000200221664,20
gen_ml_python_004,naive_summary,ml/python,synthetic,explicit,errors,2,20,1,0.05,0.5,0.0909,194,312,1.61,0.038402000200221664,20
gen_ml_python_005,tokenmizer_v0.5.2,ml/python,synthetic,explicit,completed_tasks,7,7,7,1.0,1.0,1.0,148,303,2.05,40.85875000009764,16
gen_ml_python_005,tokenmizer_v0.5.2,ml/python,synthetic,explicit,pending_tasks,2,2,2,1.0,1.0,1.0,148,303,2.05,40.85875000009764,16
gen_ml_python_005,tokenmizer_v0.5.2,ml/python,synthetic,explicit,decisions,4,3,2,0.6667,0.5,0.5714,148,303,2.05,40.85875000009764,16
gen_ml_python_005,tokenmizer_v0.5.2,ml/python,synthetic,explicit,files,4,4,4,1.0,1.0,1.0,148,303,2.05,40.85875000009764,16
gen_ml_python_005,graphiti_style,ml/python,synthetic,explicit,completed_tasks,7,9,7,0.7778,1.0,0.875,169,303,1.79,0.7690630000070087,19
gen_ml_python_005,graphiti_style,ml/python,synthetic,explicit,pending_tasks,2,2,2,1.0,1.0,1.0,169,303,1.79,0.7690630000070087,19
gen_ml_python_005,graphiti_style,ml/python,synthetic,explicit,decisions,4,4,4,1.0,1.0,1.0,169,303,1.79,0.7690630000070087,19
gen_ml_python_005,graphiti_style,ml/python,synthetic,explicit,files,4,4,3,0.75,0.75,0.75,169,303,1.79,0.7690630000070087,19
gen_ml_python_005,graphrag_style,ml/python,synthetic,explicit,completed_tasks,7,4,4,1.0,0.5714,0.7273,110,303,2.75,0.45272100010151917,12
gen_ml_python_005,graphrag_style,ml/python,synthetic,explicit,pending_tasks,2,0,0,1.0,0.0,0.0,110,303,2.75,0.45272100010151917,12
gen_ml_python_005,graphrag_style,ml/python,synthetic,explicit,decisions,4,4,4,1.0,1.0,1.0,110,303,2.75,0.45272100010151917,12
gen_ml_python_005,graphrag_style,ml/python,synthetic,explicit,files,4,4,3,0.75,0.75,0.75,110,303,2.75,0.45272100010151917,12
gen_ml_python_005,mem0_style,ml/python,synthetic,explicit,completed_tasks,7,9,7,0.7778,1.0,0.875,168,303,1.8,0.7980319999205676,19
gen_ml_python_005,mem0_style,ml/python,synthetic,explicit,pending_tasks,2,2,2,1.0,1.0,1.0,168,303,1.8,0.7980319999205676,19
gen_ml_python_005,mem0_style,ml/python,synthetic,explicit,decisions,4,4,4,1.0,1.0,1.0,168,303,1.8,0.7980319999205676,19
gen_ml_python_005,mem0_style,ml/python,synthetic,explicit,files,4,4,3,0.75,0.75,0.75,168,303,1.8,0.7980319999205676,19
gen_ml_python_005,memgpt_style,ml/python,synthetic,explicit,completed_tasks,7,5,4,0.8,0.5714,0.6667,77,303,3.94,0.26905699996859767,9
gen_ml_python_005,memgpt_style,ml/python,synthetic,explicit,pending_tasks,2,0,0,1.0,0.0,0.0,77,303,3.94,0.26905699996859767,9
gen_ml_python_005,memgpt_style,ml/python,synthetic,explicit,decisions,4,1,1,1.0,0.25,0.4,77,303,3.94,0.26905699996859767,9
gen_ml_python_005,memgpt_style,ml/python,synthetic,explicit,files,4,3,2,0.6667,0.5,0.5714,77,303,3.94,0.26905699996859767,9
gen_ml_python_005,sliding_window_10,ml/python,synthetic,explicit,completed_tasks,7,11,4,0.3636,0.5714,0.4444,115,303,2.63,0.002728000026763766,11
gen_ml_python_005,sliding_window_10,ml/python,synthetic,explicit,pending_tasks,2,11,0,0.0,0.0,0.0,115,303,2.63,0.002728000026763766,11
gen_ml_python_005,sliding_window_10,ml/python,synthetic,explicit,decisions,4,11,1,0.0909,0.25,0.1333,115,303,2.63,0.002728000026763766,11
gen_ml_python_005,sliding_window_10,ml/python,synthetic,explicit,files,4,11,1,0.0909,0.25,0.1333,115,303,2.63,0.002728000026763766,11
gen_ml_python_005,sliding_window_10,ml/python,synthetic,explicit,errors,0,11,0,0.0,1.0,0.0,115,303,2.63,0.002728000026763766,11
gen_ml_python_005,naive_truncation,ml/python,synthetic,explicit,completed_tasks,7,31,7,0.2258,1.0,0.3684,308,303,0.98,0.0143849999858503,31
gen_ml_python_005,naive_truncation,ml/python,synthetic,explicit,pending_tasks,2,31,2,0.0645,1.0,0.1212,308,303,0.98,0.0143849999858503,31
gen_ml_python_005,naive_truncation,ml/python,synthetic,explicit,decisions,4,31,4,0.129,1.0,0.2286,308,303,0.98,0.0143849999858503,31
gen_ml_python_005,naive_truncation,ml/python,synthetic,explicit,files,4,31,4,0.129,1.0,0.2286,308,303,0.98,0.0143849999858503,31
gen_ml_python_005,naive_truncation,ml/python,synthetic,explicit,errors,0,31,0,0.0,1.0,0.0,308,303,0.98,0.0143849999858503,31
gen_ml_python_005,naive_summary,ml/python,synthetic,explicit,completed_tasks,7,20,3,0.15,0.4286,0.2222,192,303,1.58,0.05866800006515405,20
gen_ml_python_005,naive_summary,ml/python,synthetic,explicit,pending_tasks,2,20,2,0.1,1.0,0.1818,192,303,1.58,0.05866800006515405,20
gen_ml_python_005,naive_summary,ml/python,synthetic,explicit,decisions,4,20,3,0.15,0.75,0.25,192,303,1.58,0.05866800006515405,20
gen_ml_python_005,naive_summary,ml/python,synthetic,explicit,files,4,20,1,0.05,0.25,0.0833,192,303,1.58,0.05866800006515405,20
gen_ml_python_005,naive_summary,ml/python,synthetic,explicit,errors,0,20,0,0.0,1.0,0.0,192,303,1.58,0.05866800006515405,20
gen_ml_python_006,tokenmizer_v0.5.2,ml/python,synthetic,explicit,completed_tasks,7,7,7,1.0,1.0,1.0,116,282,2.43,41.112102000170125,15
gen_ml_python_006,tokenmizer_v0.5.2,ml/python,synthetic,explicit,pending_tasks,1,1,1,1.0,1.0,1.0,116,282,2.43,41.112102000170125,15
gen_ml_python_006,tokenmizer_v0.5.2,ml/python,synthetic,explicit,decisions,2,2,2,1.0,1.0,1.0,116,282,2.43,41.112102000170125,15
gen_ml_python_006,tokenmizer_v0.5.2,ml/python,synthetic,explicit,files,5,5,5,1.0,1.0,1.0,116,282,2.43,41.112102000170125,15
gen_ml_python_006,tokenmizer_v0.5.2,ml/python,synthetic,explicit,errors,3,0,0,1.0,0.0,0.0,116,282,2.43,41.112102000170125,15
gen_ml_python_006,graphiti_style,ml/python,synthetic,explicit,completed_tasks,7,11,6,0.5455,0.8571,0.6667,148,282,1.91,0.709044999894104,21
gen_ml_python_006,graphiti_style,ml/python,synthetic,explicit,pending_tasks,1,1,1,1.0,1.0,1.0,148,282,1.91,0.709044999894104,21
gen_ml_python_006,graphiti_style,ml/python,synthetic,explicit,decisions,2,2,2,1.0,1.0,1.0,148,282,1.91,0.709044999894104,21
gen_ml_python_006,graphiti_style,ml/python,synthetic,explicit,files,5,4,4,1.0,0.8,0.8889,148,282,1.91,0.709044999894104,21
gen_ml_python_006,graphiti_style,ml/python,synthetic,explicit,errors,3,3,3,1.0,1.0,1.0,148,282,1.91,0.709044999894104,21
gen_ml_python_006,graphrag_style,ml/python,synthetic,explicit,completed_tasks,7,2,1,0.5,0.1429,0.2222,108,282,2.61,0.5200429998239997,12
gen_ml_python_006,graphrag_style,ml/python,synthetic,explicit,pending_tasks,1,1,1,1.0,1.0,1.0,108,282,2.61,0.5200429998239997,12
gen_ml_python_006,graphrag_style,ml/python,synthetic,explicit,decisions,2,2,2,1.0,1.0,1.0,108,282,2.61,0.5200429998239997,12
gen_ml_python_006,graphrag_style,ml/python,synthetic,explicit,files,5,4,4,1.0,0.8,0.8889,108,282,2.61,0.5200429998239997,12
gen_ml_python_006,graphrag_style,ml/python,synthetic,explicit,errors,3,3,3,1.0,1.0,1.0,108,282,2.61,0.5200429998239997,12
gen_ml_python_006,mem0_style,ml/python,synthetic,explicit,completed_tasks,7,11,6,0.5455,0.8571,0.6667,147,282,1.92,0.9103390000291256,21
gen_ml_python_006,mem0_style,ml/python,synthetic,explicit,pending_tasks,1,1,1,1.0,1.0,1.0,147,282,1.92,0.9103390000291256,21
gen_ml_python_006,mem0_style,ml/python,synthetic,explicit,decisions,2,2,2,1.0,1.0,1.0,147,282,1.92,0.9103390000291256,21
gen_ml_python_006,mem0_style,ml/python,synthetic,explicit,files,5,4,4,1.0,0.8,0.8889,147,282,1.92,0.9103390000291256,21
gen_ml_python_006,mem0_style,ml/python,synthetic,explicit,errors,3,3,3,1.0,1.0,1.0,147,282,1.92,0.9103390000291256,21
gen_ml_python_006,memgpt_style,ml/python,synthetic,explicit,completed_tasks,7,5,2,0.4,0.2857,0.3333,80,282,3.52,0.2596849999463302,10
gen_ml_python_006,memgpt_style,ml/python,synthetic,explicit,pending_tasks,1,0,0,1.0,0.0,0.0,80,282,3.52,0.2596849999463302,10
gen_ml_python_006,memgpt_style,ml/python,synthetic,explicit,decisions,2,1,1,1.0,0.5,0.6667,80,282,3.52,0.2596849999463302,10
gen_ml_python_006,memgpt_style,ml/python,synthetic,explicit,files,5,3,3,1.0,0.6,0.75,80,282,3.52,0.2596849999463302,10
gen_ml_python_006,memgpt_style,ml/python,synthetic,explicit,errors,3,1,1,1.0,0.3333,0.5,80,282,3.52,0.2596849999463302,10
gen_ml_python_006,sliding_window_10,ml/python,synthetic,explicit,completed_tasks,7,12,3,0.25,0.4286,0.3158,108,282,2.61,0.00251999995271035,12
gen_ml_python_006,sliding_window_10,ml/python,synthetic,explicit,pending_tasks,1,12,0,0.0,0.0,0.0,108,282,2.61,0.00251999995271035,12
gen_ml_python_006,sliding_window_10,ml/python,synthetic,explicit,decisions,2,12,2,0.1667,1.0,0.2857,108,282,2.61,0.00251999995271035,12
gen_ml_python_006,sliding_window_10,ml/python,synthetic,explicit,files,5,12,2,0.1667,0.4,0.2353,108,282,2.61,0.00251999995271035,12
gen_ml_python_006,sliding_window_10,ml/python,synthetic,explicit,errors,3,12,1,0.0833,0.3333,0.1333,108,282,2.61,0.00251999995271035,12
gen_ml_python_006,naive_truncation,ml/python,synthetic,explicit,completed_tasks,7,34,7,0.2059,1.0,0.3415,300,282,0.94,0.014561999932993785,34
gen_ml_python_006,naive_truncation,ml/python,synthetic,explicit,pending_tasks,1,34,1,0.0294,1.0,0.0571,300,282,0.94,0.014561999932993785,34
gen_ml_python_006,naive_truncation,ml/python,synthetic,explicit,decisions,2,34,2,0.0882,1.0,0.1622,300,282,0.94,0.014561999932993785,34
gen_ml_python_006,naive_truncation,ml/python,synthetic,explicit,files,5,34,5,0.1471,1.0,0.2564,300,282,0.94,0.014561999932993785,34
gen_ml_python_006,naive_truncation,ml/python,synthetic,explicit,errors,3,34,3,0.0882,1.0,0.1622,300,282,0.94,0.014561999932993785,34
gen_ml_python_006,naive_summary,ml/python,synthetic,explicit,completed_tasks,7,24,4,0.1667,0.5714,0.2581,210,282,1.34,0.030309000067063607,24
gen_ml_python_006,naive_summary,ml/python,synthetic,explicit,pending_tasks,1,24,1,0.0417,1.0,0.08,210,282,1.34,0.030309000067063607,24
gen_ml_python_006,naive_summary,ml/python,synthetic,explicit,decisions,2,24,1,0.0833,0.5,0.1429,210,282,1.34,0.030309000067063607,24
gen_ml_python_006,naive_summary,ml/python,synthetic,explicit,files,5,24,3,0.125,0.6,0.2069,210,282,1.34,0.030309000067063607,24
gen_ml_python_006,naive_summary,ml/python,synthetic,explicit,errors,3,24,2,0.0833,0.6667,0.1481,210,282,1.34,0.030309000067063607,24
gen_mobile_ios_001,tokenmizer_v0.5.2,mobile/ios,synthetic,explicit,completed_tasks,6,6,6,1.0,1.0,1.0,146,299,2.05,41.57272699990244,17
gen_mobile_ios_001,tokenmizer_v0.5.2,mobile/ios,synthetic,explicit,pending_tasks,2,3,2,0.6667,1.0,0.8,146,299,2.05,41.57272699990244,17
gen_mobile_ios_001,tokenmizer_v0.5.2,mobile/ios,synthetic,explicit,decisions,3,3,2,0.6667,0.6667,0.6667,146,299,2.05,41.57272699990244,17
gen_mobile_ios_001,tokenmizer_v0.5.2,mobile/ios,synthetic,explicit,files,3,3,3,1.0,1.0,1.0,146,299,2.05,41.57272699990244,17
gen_mobile_ios_001,tokenmizer_v0.5.2,mobile/ios,synthetic,explicit,errors,3,2,0,0.0,0.0,0.0,146,299,2.05,41.57272699990244,17
gen_mobile_ios_001,graphiti_style,mobile/ios,synthetic,explicit,completed_tasks,6,8,6,0.75,1.0,0.8571,190,299,1.57,0.7760399998915091,21
gen_mobile_ios_001,graphiti_style,mobile/ios,synthetic,explicit,pending_tasks,2,3,2,0.6667,1.0,0.8,190,299,1.57,0.7760399998915091,21
gen_mobile_ios_001,graphiti_style,mobile/ios,synthetic,explicit,decisions,3,4,3,0.75,1.0,0.8571,190,299,1.57,0.7760399998915091,21
gen_mobile_ios_001,graphiti_style,mobile/ios,synthetic,explicit,files,3,3,3,1.0,1.0,1.0,190,299,1.57,0.7760399998915091,21
gen_mobile_ios_001,graphiti_style,mobile/ios,synthetic,explicit,errors,3,3,3,1.0,1.0,1.0,190,299,1.57,0.7760399998915091,21
gen_mobile_ios_001,graphrag_style,mobile/ios,synthetic,explicit,completed_tasks,6,3,3,1.0,0.5,0.6667,145,299,2.06,0.44022899987794517,16
gen_mobile_ios_001,graphrag_style,mobile/ios,synthetic,explicit,pending_tasks,2,2,1,0.5,0.5,0.5,145,299,2.06,0.44022899987794517,16
gen_mobile_ios_001,graphrag_style,mobile/ios,synthetic,explicit,decisions,3,4,3,0.75,1.0,0.8571,145,299,2.06,0.44022899987794517,16
gen_mobile_ios_001,graphrag_style,mobile/ios,synthetic,explicit,files,3,3,3,1.0,1.0,1.0,145,299,2.06,0.44022899987794517,16
gen_mobile_ios_001,graphrag_style,mobile/ios,synthetic,explicit,errors,3,4,3,0.75,1.0,0.8571,145,299,2.06,0.44022899987794517,16
gen_mobile_ios_001,mem0_style,mobile/ios,synthetic,explicit,completed_tasks,6,8,6,0.75,1.0,0.8571,189,299,1.58,0.806523000164816,21
gen_mobile_ios_001,mem0_style,mobile/ios,synthetic,explicit,pending_tasks,2,3,2,0.6667,1.0,0.8,189,299,1.58,0.806523000164816,21
gen_mobile_ios_001,mem0_style,mobile/ios,synthetic,explicit,decisions,3,4,3,0.75,1.0,0.8571,189,299,1.58,0.806523000164816,21
gen_mobile_ios_001,mem0_style,mobile/ios,synthetic,explicit,files,3,3,3,1.0,1.0,1.0,189,299,1.58,0.806523000164816,21
gen_mobile_ios_001,mem0_style,mobile/ios,synthetic,explicit,errors,3,3,3,1.0,1.0,1.0,189,299,1.58,0.806523000164816,21
gen_mobile_ios_001,memgpt_style,mobile/ios,synthetic,explicit,completed_tasks,6,4,4,1.0,0.6667,0.8,85,299,3.52,0.29694899990317936,8
gen_mobile_ios_001,memgpt_style,mobile/ios,synthetic,explicit,pending_tasks,2,1,1,1.0,0.5,0.6667,85,299,3.52,0.29694899990317936,8
gen_mobile_ios_001,memgpt_style,mobile/ios,synthetic,explicit,decisions,3,1,1,1.0,0.3333,0.5,85,299,3.52,0.29694899990317936,8
gen_mobile_ios_001,memgpt_style,mobile/ios,synthetic,explicit,files,3,1,1,1.0,0.3333,0.5,85,299,3.52,0.29694899990317936,8
gen_mobile_ios_001,memgpt_style,mobile/ios,synthetic,explicit,errors,3,1,1,1.0,0.3333,0.5,85,299,3.52,0.29694899990317936,8
gen_mobile_ios_001,sliding_window_10,mobile/ios,synthetic,explicit,completed_tasks,6,13,4,0.3077,0.6667,0.4211,138,299,2.17,0.002668999968591379,13
gen_mobile_ios_001,sliding_window_10,mobile/ios,synthetic,explicit,pending_tasks,2,13,1,0.0769,0.5,0.1333,138,299,2.17,0.002668999968591379,13
gen_mobile_ios_001,sliding_window_10,mobile/ios,synthetic,explicit,decisions,3,13,1,0.0769,0.3333,0.125,138,299,2.17,0.002668999968591379,13
gen_mobile_ios_001,sliding_window_10,mobile/ios,synthetic,explicit,files,3,13,1,0.0769,0.3333,0.125,138,299,2.17,0.002668999968591379,13
gen_mobile_ios_001,sliding_window_10,mobile/ios,synthetic,explicit,errors,3,13,1,0.0769,0.3333,0.125,138,299,2.17,0.002668999968591379,13
gen_mobile_ios_001,naive_truncation,mobile/ios,synthetic,explicit,completed_tasks,6,30,6,0.2,1.0,0.3333,315,299,0.95,0.013724000154979876,30
gen_mobile_ios_001,naive_truncation,mobile/ios,synthetic,explicit,pending_tasks,2,30,2,0.0667,1.0,0.125,315,299,0.95,0.013724000154979876,30
gen_mobile_ios_001,naive_truncation,mobile/ios,synthetic,explicit,decisions,3,30,3,0.1,1.0,0.1818,315,299,0.95,0.013724000154979876,30
gen_mobile_ios_001,naive_truncation,mobile/ios,synthetic,explicit,files,3,30,3,0.1,1.0,0.1818,315,299,0.95,0.013724000154979876,30
gen_mobile_ios_001,naive_truncation,mobile/ios,synthetic,explicit,errors,3,30,3,0.1,1.0,0.1818,315,299,0.95,0.013724000154979876,30
gen_mobile_ios_001,naive_summary,mobile/ios,synthetic,explicit,completed_tasks,6,20,2,0.1,0.3333,0.1538,204,299,1.47,0.030099000014160993,20
gen_mobile_ios_001,naive_summary,mobile/ios,synthetic,explicit,pending_tasks,2,20,1,0.05,0.5,0.0909,204,299,1.47,0.030099000014160993,20
gen_mobile_ios_001,naive_summary,mobile/ios,synthetic,explicit,decisions,3,20,2,0.1,0.6667,0.1739,204,299,1.47,0.030099000014160993,20
gen_mobile_ios_001,naive_summary,mobile/ios,synthetic,explicit,files,3,20,2,0.1,0.6667,0.1739,204,299,1.47,0.030099000014160993,20
gen_mobile_ios_001,naive_summary,mobile/ios,synthetic,explicit,errors,3,20,3,0.15,1.0,0.2609,204,299,1.47,0.030099000014160993,20
gen_mobile_ios_002,tokenmizer_v0.5.2,mobile/ios,synthetic,explicit,completed_tasks,7,7,7,1.0,1.0,1.0,182,357,1.96,43.73795500009692,19
gen_mobile_ios_002,tokenmizer_v0.5.2,mobile/ios,synthetic,explicit,pending_tasks,2,1,1,1.0,0.5,0.6667,182,357,1.96,43.73795500009692,19
gen_mobile_ios_002,tokenmizer_v0.5.2,mobile/ios,synthetic,explicit,decisions,6,7,5,0.7143,0.8333,0.7692,182,357,1.96,43.73795500009692,19
gen_mobile_ios_002,tokenmizer_v0.5.2,mobile/ios,synthetic,explicit,files,3,2,2,1.0,0.6667,0.8,182,357,1.96,43.73795500009692,19
gen_mobile_ios_002,tokenmizer_v0.5.2,mobile/ios,synthetic,explicit,errors,3,2,0,0.0,0.0,0.0,182,357,1.96,43.73795500009692,19
gen_mobile_ios_002,graphiti_style,mobile/ios,synthetic,explicit,completed_tasks,7,10,7,0.7,1.0,0.8235,194,357,1.84,0.9186970000882866,23
gen_mobile_ios_002,graphiti_style,mobile/ios,synthetic,explicit,pending_tasks,2,2,2,1.0,1.0,1.0,194,357,1.84,0.9186970000882866,23
gen_mobile_ios_002,graphiti_style,mobile/ios,synthetic,explicit,decisions,6,6,6,1.0,1.0,1.0,194,357,1.84,0.9186970000882866,23
gen_mobile_ios_002,graphiti_style,mobile/ios,synthetic,explicit,files,3,2,2,1.0,0.6667,0.8,194,357,1.84,0.9186970000882866,23
gen_mobile_ios_002,graphiti_style,mobile/ios,synthetic,explicit,errors,3,3,3,1.0,1.0,1.0,194,357,1.84,0.9186970000882866,23
gen_mobile_ios_002,graphrag_style,mobile/ios,synthetic,explicit,completed_tasks,7,2,2,1.0,0.2857,0.4444,140,357,2.55,0.5107570000291162,14
gen_mobile_ios_002,graphrag_style,mobile/ios,synthetic,explicit,pending_tasks,2,0,0,1.0,0.0,0.0,140,357,2.55,0.5107570000291162,14
gen_mobile_ios_002,graphrag_style,mobile/ios,synthetic,explicit,decisions,6,6,6,1.0,1.0,1.0,140,357,2.55,0.5107570000291162,14
gen_mobile_ios_002,graphrag_style,mobile/ios,synthetic,explicit,files,3,2,2,1.0,0.6667,0.8,140,357,2.55,0.5107570000291162,14
gen_mobile_ios_002,graphrag_style,mobile/ios,synthetic,explicit,errors,3,4,3,0.75,1.0,0.8571,140,357,2.55,0.5107570000291162,14
gen_mobile_ios_002,mem0_style,mobile/ios,synthetic,explicit,completed_tasks,7,10,7,0.7,1.0,0.8235,193,357,1.85,1.008976999855804,23
gen_mobile_ios_002,mem0_style,mobile/ios,synthetic,explicit,pending_tasks,2,2,2,1.0,1.0,1.0,193,357,1.85,1.008976999855804,23
gen_mobile_ios_002,mem0_style,mobile/ios,synthetic,explicit,decisions,6,6,6,1.0,1.0,1.0,193,357,1.85,1.008976999855804,23
gen_mobile_ios_002,mem0_style,mobile/ios,synthetic,explicit,files,3,2,2,1.0,0.6667,0.8,193,357,1.85,1.008976999855804,23
gen_mobile_ios_002,mem0_style,mobile/ios,synthetic,explicit,errors,3,3,3,1.0,1.0,1.0,193,357,1.85,1.008976999855804,23
gen_mobile_ios_002,memgpt_style,mobile/ios,synthetic,explicit,completed_tasks,7,5,4,0.8,0.5714,0.6667,99,357,3.61,0.37245500016069855,10
gen_mobile_ios_002,memgpt_style,mobile/ios,synthetic,explicit,pending_tasks,2,0,0,1.0,0.0,0.0,99,357,3.61,0.37245500016069855,10
gen_mobile_ios_002,memgpt_style,mobile/ios,synthetic,explicit,decisions,6,4,4,1.0,0.6667,0.8,99,357,3.61,0.37245500016069855,10
gen_mobile_ios_002,memgpt_style,mobile/ios,synthetic,explicit,files,3,0,0,1.0,0.0,0.0,99,357,3.61,0.37245500016069855,10
gen_mobile_ios_002,memgpt_style,mobile/ios,synthetic,explicit,errors,3,1,1,1.0,0.3333,0.5,99,357,3.61,0.37245500016069855,10
gen_mobile_ios_002,sliding_window_10,mobile/ios,synthetic,explicit,completed_tasks,7,12,4,0.3333,0.5714,0.4211,114,357,3.13,0.002902999995058053,12
gen_mobile_ios_002,sliding_window_10,mobile/ios,synthetic,explicit,pending_tasks,2,12,0,0.0,0.0,0.0,114,357,3.13,0.002902999995058053,12
gen_mobile_ios_002,sliding_window_10,mobile/ios,synthetic,explicit,decisions,6,12,2,0.1667,0.3333,0.2222,114,357,3.13,0.002902999995058053,12
gen_mobile_ios_002,sliding_window_10,mobile/ios,synthetic,explicit,files,3,12,0,0.0,0.0,0.0,114,357,3.13,0.002902999995058053,12
gen_mobile_ios_002,sliding_window_10,mobile/ios,synthetic,explicit,errors,3,12,1,0.0833,0.3333,0.1333,114,357,3.13,0.002902999995058053,12
gen_mobile_ios_002,naive_truncation,mobile/ios,synthetic,explicit,completed_tasks,7,34,7,0.2059,1.0,0.3415,314,357,1.14,0.02147200007129868,34
gen_mobile_ios_002,naive_truncation,mobile/ios,synthetic,explicit,pending_tasks,2,34,1,0.0294,0.5,0.0556,314,357,1.14,0.02147200007129868,34
gen_mobile_ios_002,naive_truncation,mobile/ios,synthetic,explicit,decisions,6,34,5,0.1471,0.8333,0.25,314,357,1.14,0.02147200007129868,34
gen_mobile_ios_002,naive_truncation,mobile/ios,synthetic,explicit,files,3,34,3,0.0882,1.0,0.1622,314,357,1.14,0.02147200007129868,34
gen_mobile_ios_002,naive_truncation,mobile/ios,synthetic,explicit,errors,3,34,3,0.0882,1.0,0.1622,314,357,1.14,0.02147200007129868,34
gen_mobile_ios_002,naive_summary,mobile/ios,synthetic,explicit,completed_tasks,7,22,2,0.0909,0.2857,0.1379,206,357,1.73,0.05509099992195843,22
gen_mobile_ios_002,naive_summary,mobile/ios,synthetic,explicit,pending_tasks,2,22,2,0.0909,1.0,0.1667,206,357,1.73,0.05509099992195843,22
gen_mobile_ios_002,naive_summary,mobile/ios,synthetic,explicit,decisions,6,22,2,0.0909,0.3333,0.1429,206,357,1.73,0.05509099992195843,22
gen_mobile_ios_002,naive_summary,mobile/ios,synthetic,explicit,files,3,22,2,0.0909,0.6667,0.16,206,357,1.73,0.05509099992195843,22
gen_mobile_ios_002,naive_summary,mobile/ios,synthetic,explicit,errors,3,22,2,0.0909,0.6667,0.16,206,357,1.73,0.05509099992195843,22
gen_mobile_ios_003,tokenmizer_v0.5.2,mobile/ios,synthetic,explicit,completed_tasks,6,6,6,1.0,1.0,1.0,154,381,2.47,46.41448699999273,18
gen_mobile_ios_003,tokenmizer_v0.5.2,mobile/ios,synthetic,explicit,pending_tasks,3,0,0,1.0,0.0,0.0,154,381,2.47,46.41448699999273,18
gen_mobile_ios_003,tokenmizer_v0.5.2,mobile/ios,synthetic,explicit,decisions,6,7,4,0.5714,0.6667,0.6154,154,381,2.47,46.41448699999273,18
gen_mobile_ios_003,tokenmizer_v0.5.2,mobile/ios,synthetic,explicit,files,6,5,5,1.0,0.8333,0.9091,154,381,2.47,46.41448699999273,18
gen_mobile_ios_003,tokenmizer_v0.5.2,mobile/ios,synthetic,explicit,errors,2,0,0,1.0,0.0,0.0,154,381,2.47,46.41448699999273,18
gen_mobile_ios_003,graphiti_style,mobile/ios,synthetic,explicit,completed_tasks,6,10,6,0.6,1.0,0.75,220,381,1.73,1.0081890000037674,27
gen_mobile_ios_003,graphiti_style,mobile/ios,synthetic,explicit,pending_tasks,3,4,3,0.75,1.0,0.8571,220,381,1.73,1.0081890000037674,27
gen_mobile_ios_003,graphiti_style,mobile/ios,synthetic,explicit,decisions,6,7,6,0.8571,1.0,0.9231,220,381,1.73,1.0081890000037674,27
gen_mobile_ios_003,graphiti_style,mobile/ios,synthetic,explicit,files,6,4,4,1.0,0.6667,0.8,220,381,1.73,1.0081890000037674,27
gen_mobile_ios_003,graphiti_style,mobile/ios,synthetic,explicit,errors,2,2,2,1.0,1.0,1.0,220,381,1.73,1.0081890000037674,27
gen_mobile_ios_003,graphrag_style,mobile/ios,synthetic,explicit,completed_tasks,6,2,2,1.0,0.3333,0.5,182,381,2.09,0.6443229999604227,20
gen_mobile_ios_003,graphrag_style,mobile/ios,synthetic,explicit,pending_tasks,3,4,3,0.75,1.0,0.8571,182,381,2.09,0.6443229999604227,20
gen_mobile_ios_003,graphrag_style,mobile/ios,synthetic,explicit,decisions,6,7,6,0.8571,1.0,0.9231,182,381,2.09,0.6443229999604227,20
gen_mobile_ios_003,graphrag_style,mobile/ios,synthetic,explicit,files,6,4,4,1.0,0.6667,0.8,182,381,2.09,0.6443229999604227,20
gen_mobile_ios_003,graphrag_style,mobile/ios,synthetic,explicit,errors,2,3,2,0.6667,1.0,0.8,182,381,2.09,0.6443229999604227,20
gen_mobile_ios_003,mem0_style,mobile/ios,synthetic,explicit,completed_tasks,6,10,6,0.6,1.0,0.75,219,381,1.74,1.0480189998816059,27
gen_mobile_ios_003,mem0_style,mobile/ios,synthetic,explicit,pending_tasks,3,4,3,0.75,1.0,0.8571,219,381,1.74,1.0480189998816059,27
gen_mobile_ios_003,mem0_style,mobile/ios,synthetic,explicit,decisions,6,7,6,0.8571,1.0,0.9231,219,381,1.74,1.0480189998816059,27
gen_mobile_ios_003,mem0_style,mobile/ios,synthetic,explicit,files,6,4,4,1.0,0.6667,0.8,219,381,1.74,1.0480189998816059,27
gen_mobile_ios_003,mem0_style,mobile/ios,synthetic,explicit,errors,2,2,2,1.0,1.0,1.0,219,381,1.74,1.0480189998816059,27
gen_mobile_ios_003,memgpt_style,mobile/ios,synthetic,explicit,completed_tasks,6,6,4,0.6667,0.6667,0.6667,96,381,3.97,0.3694619999805582,11
gen_mobile_ios_003,memgpt_style,mobile/ios,synthetic,explicit,pending_tasks,3,0,0,1.0,0.0,0.0,96,381,3.97,0.3694619999805582,11
gen_mobile_ios_003,memgpt_style,mobile/ios,synthetic,explicit,decisions,6,2,2,1.0,0.3333,0.5,96,381,3.97,0.3694619999805582,11
gen_mobile_ios_003,memgpt_style,mobile/ios,synthetic,explicit,files,6,3,3,1.0,0.5,0.6667,96,381,3.97,0.3694619999805582,11
gen_mobile_ios_003,memgpt_style,mobile/ios,synthetic,explicit,errors,2,0,0,1.0,0.0,0.0,96,381,3.97,0.3694619999805582,11
gen_mobile_ios_003,sliding_window_10,mobile/ios,synthetic,explicit,completed_tasks,6,10,3,0.3,0.5,0.375,81,381,4.7,0.002789000063785352,10
gen_mobile_ios_003,sliding_window_10,mobile/ios,synthetic,explicit,pending_tasks,3,10,0,0.0,0.0,0.0,81,381,4.7,0.002789000063785352,10
gen_mobile_ios_003,sliding_window_10,mobile/ios,synthetic,explicit,decisions,6,10,0,0.0,0.0,0.0,81,381,4.7,0.002789000063785352,10
gen_mobile_ios_003,sliding_window_10,mobile/ios,synthetic,explicit,files,6,10,2,0.2,0.3333,0.25,81,381,4.7,0.002789000063785352,10
gen_mobile_ios_003,sliding_window_10,mobile/ios,synthetic,explicit,errors,2,10,0,0.0,0.0,0.0,81,381,4.7,0.002789000063785352,10
gen_mobile_ios_003,naive_truncation,mobile/ios,synthetic,explicit,completed_tasks,6,38,5,0.1579,0.8333,0.2655,324,381,1.18,0.021204999939072877,38
gen_mobile_ios_003,naive_truncation,mobile/ios,synthetic,explicit,pending_tasks,3,38,3,0.0789,1.0,0.1463,324,381,1.18,0.021204999939072877,38
gen_mobile_ios_003,naive_truncation,mobile/ios,synthetic,explicit,decisions,6,38,4,0.1053,0.6667,0.1818,324,381,1.18,0.021204999939072877,38
gen_mobile_ios_003,naive_truncation,mobile/ios,synthetic,explicit,files,6,38,6,0.1579,1.0,0.2727,324,381,1.18,0.021204999939072877,38
gen_mobile_ios_003,naive_truncation,mobile/ios,synthetic,explicit,errors,2,38,2,0.0526,1.0,0.1,324,381,1.18,0.021204999939072877,38
gen_mobile_ios_003,naive_summary,mobile/ios,synthetic,explicit,completed_tasks,6,22,1,0.0455,0.1667,0.0714,201,381,1.9,0.05295999994814338,22
gen_mobile_ios_003,naive_summary,mobile/ios,synthetic,explicit,pending_tasks,3,22,3,0.1364,1.0,0.24,201,381,1.9,0.05295999994814338,22
gen_mobile_ios_003,naive_summary,mobile/ios,synthetic,explicit,decisions,6,22,4,0.1818,0.6667,0.2857,201,381,1.9,0.05295999994814338,22
gen_mobile_ios_003,naive_summary,mobile/ios,synthetic,explicit,files,6,22,2,0.0909,0.3333,0.1429,201,381,1.9,0.05295999994814338,22
gen_mobile_ios_003,naive_summary,mobile/ios,synthetic,explicit,errors,2,22,0,0.0,0.0,0.0,201,381,1.9,0.05295999994814338,22
gen_mobile_ios_004,tokenmizer_v0.5.2,mobile/ios,synthetic,explicit,completed_tasks,5,5,5,1.0,1.0,1.0,107,273,2.55,40.015058999870234,14
gen_mobile_ios_004,tokenmizer_v0.5.2,mobile/ios,synthetic,explicit,pending_tasks,1,1,1,1.0,1.0,1.0,107,273,2.55,40.015058999870234,14
gen_mobile_ios_004,tokenmizer_v0.5.2,mobile/ios,synthetic,explicit,decisions,2,2,1,0.5,0.5,0.5,107,273,2.55,40.015058999870234,14
gen_mobile_ios_004,tokenmizer_v0.5.2,mobile/ios,synthetic,explicit,files,6,6,6,1.0,1.0,1.0,107,273,2.55,40.015058999870234,14
gen_mobile_ios_004,tokenmizer_v0.5.2,mobile/ios,synthetic,explicit,errors,3,0,0,1.0,0.0,0.0,107,273,2.55,40.015058999870234,14
gen_mobile_ios_004,graphiti_style,mobile/ios,synthetic,explicit,completed_tasks,5,8,5,0.625,1.0,0.7692,164,273,1.66,0.7221200000913086,21
gen_mobile_ios_004,graphiti_style,mobile/ios,synthetic,explicit,pending_tasks,1,2,1,0.5,1.0,0.6667,164,273,1.66,0.7221200000913086,21
gen_mobile_ios_004,graphiti_style,mobile/ios,synthetic,explicit,decisions,2,3,2,0.6667,1.0,0.8,164,273,1.66,0.7221200000913086,21
gen_mobile_ios_004,graphiti_style,mobile/ios,synthetic,explicit,files,6,5,5,1.0,0.8333,0.9091,164,273,1.66,0.7221200000913086,21
gen_mobile_ios_004,graphiti_style,mobile/ios,synthetic,explicit,errors,3,3,3,1.0,1.0,1.0,164,273,1.66,0.7221200000913086,21
gen_mobile_ios_004,graphrag_style,mobile/ios,synthetic,explicit,completed_tasks,5,1,1,1.0,0.2,0.3333,106,273,2.58,0.5112100000133069,13
gen_mobile_ios_004,graphrag_style,mobile/ios,synthetic,explicit,pending_tasks,1,1,0,0.0,0.0,0.0,106,273,2.58,0.5112100000133069,13
gen_mobile_ios_004,graphrag_style,mobile/ios,synthetic,explicit,decisions,2,3,2,0.6667,1.0,0.8,106,273,2.58,0.5112100000133069,13
gen_mobile_ios_004,graphrag_style,mobile/ios,synthetic,explicit,files,6,5,5,1.0,0.8333,0.9091,106,273,2.58,0.5112100000133069,13
gen_mobile_ios_004,graphrag_style,mobile/ios,synthetic,explicit,errors,3,3,3,1.0,1.0,1.0,106,273,2.58,0.5112100000133069,13
gen_mobile_ios_004,mem0_style,mobile/ios,synthetic,explicit,completed_tasks,5,8,5,0.625,1.0,0.7692,163,273,1.67,0.7499209998513834,21
gen_mobile_ios_004,mem0_style,mobile/ios,synthetic,explicit,pending_tasks,1,2,1,0.5,1.0,0.6667,163,273,1.67,0.7499209998513834,21
gen_mobile_ios_004,mem0_style,mobile/ios,synthetic,explicit,decisions,2,3,2,0.6667,1.0,0.8,163,273,1.67,0.7499209998513834,21
gen_mobile_ios_004,mem0_style,mobile/ios,synthetic,explicit,files,6,5,5,1.0,0.8333,0.9091,163,273,1.67,0.7499209998513834,21
gen_mobile_ios_004,mem0_style,mobile/ios,synthetic,explicit,errors,3,3,3,1.0,1.0,1.0,163,273,1.67,0.7499209998513834,21
gen_mobile_ios_004,memgpt_style,mobile/ios,synthetic,explicit,completed_tasks,5,4,2,0.5,0.4,0.4444,86,273,3.17,0.31273399986275763,10
gen_mobile_ios_004,memgpt_style,mobile/ios,synthetic,explicit,pending_tasks,1,0,0,1.0,0.0,0.0,86,273,3.17,0.31273399986275763,10
gen_mobile_ios_004,memgpt_style,mobile/ios,synthetic,explicit,decisions,2,0,0,1.0,0.0,0.0,86,273,3.17,0.31273399986275763,10
gen_mobile_ios_004,memgpt_style,mobile/ios,synthetic,explicit,files,6,4,4,1.0,0.6667,0.8,86,273,3.17,0.31273399986275763,10
gen_mobile_ios_004,memgpt_style,mobile/ios,synthetic,explicit,errors,3,2,2,1.0,0.6667,0.8,86,273,3.17,0.31273399986275763,10
gen_mobile_ios_004,sliding_window_10,mobile/ios,synthetic,explicit,completed_tasks,5,11,2,0.1818,0.4,0.25,110,273,2.48,0.0036100000215810724,11
gen_mobile_ios_004,sliding_window_10,mobile/ios,synthetic,explicit,pending_tasks,1,11,0,0.0,0.0,0.0,110,273,2.48,0.0036100000215810724,11
gen_mobile_ios_004,sliding_window_10,mobile/ios,synthetic,explicit,decisions,2,11,0,0.0,0.0,0.0,110,273,2.48,0.0036100000215810724,11
gen_mobile_ios_004,sliding_window_10,mobile/ios,synthetic,explicit,files,6,11,3,0.2727,0.5,0.3529,110,273,2.48,0.0036100000215810724,11
gen_mobile_ios_004,sliding_window_10,mobile/ios,synthetic,explicit,errors,3,11,1,0.0909,0.3333,0.1429,110,273,2.48,0.0036100000215810724,11
gen_mobile_ios_004,naive_truncation,mobile/ios,synthetic,explicit,completed_tasks,5,32,5,0.1562,1.0,0.2703,288,273,0.95,0.016142000049512717,32
gen_mobile_ios_004,naive_truncation,mobile/ios,synthetic,explicit,pending_tasks,1,32,1,0.0312,1.0,0.0606,288,273,0.95,0.016142000049512717,32
gen_mobile_ios_004,naive_truncation,mobile/ios,synthetic,explicit,decisions,2,32,2,0.0625,1.0,0.1176,288,273,0.95,0.016142000049512717,32
gen_mobile_ios_004,naive_truncation,mobile/ios,synthetic,explicit,files,6,32,6,0.2188,1.0,0.359,288,273,0.95,0.016142000049512717,32
gen_mobile_ios_004,naive_truncation,mobile/ios,synthetic,explicit,errors,3,32,3,0.0938,1.0,0.1714,288,273,0.95,0.016142000049512717,32
gen_mobile_ios_004,naive_summary,mobile/ios,synthetic,explicit,completed_tasks,5,23,4,0.1739,0.8,0.2857,199,273,1.37,0.02854299987120612,23
gen_mobile_ios_004,naive_summary,mobile/ios,synthetic,explicit,pending_tasks,1,23,1,0.0435,1.0,0.0833,199,273,1.37,0.02854299987120612,23
gen_mobile_ios_004,naive_summary,mobile/ios,synthetic,explicit,decisions,2,23,2,0.087,1.0,0.16,199,273,1.37,0.02854299987120612,23
gen_mobile_ios_004,naive_summary,mobile/ios,synthetic,explicit,files,6,23,3,0.1739,0.5,0.2581,199,273,1.37,0.02854299987120612,23
gen_mobile_ios_004,naive_summary,mobile/ios,synthetic,explicit,errors,3,23,2,0.087,0.6667,0.1538,199,273,1.37,0.02854299987120612,23
gen_mobile_ios_005,tokenmizer_v0.5.2,mobile/ios,synthetic,explicit,completed_tasks,5,5,5,1.0,1.0,1.0,125,270,2.16,40.16966800008959,14
gen_mobile_ios_005,tokenmizer_v0.5.2,mobile/ios,synthetic,explicit,pending_tasks,2,2,2,1.0,1.0,1.0,125,270,2.16,40.16966800008959,14
gen_mobile_ios_005,tokenmizer_v0.5.2,mobile/ios,synthetic,explicit,decisions,3,2,2,1.0,0.6667,0.8,125,270,2.16,40.16966800008959,14
gen_mobile_ios_005,tokenmizer_v0.5.2,mobile/ios,synthetic,explicit,files,6,5,5,1.0,0.8333,0.9091,125,270,2.16,40.16966800008959,14
gen_mobile_ios_005,graphiti_style,mobile/ios,synthetic,explicit,completed_tasks,5,8,5,0.625,1.0,0.7692,150,270,1.8,0.7583219999105495,19
gen_mobile_ios_005,graphiti_style,mobile/ios,synthetic,explicit,pending_tasks,2,2,2,1.0,1.0,1.0,150,270,1.8,0.7583219999105495,19
gen_mobile_ios_005,graphiti_style,mobile/ios,synthetic,explicit,decisions,3,4,3,0.75,1.0,0.8571,150,270,1.8,0.7583219999105495,19
gen_mobile_ios_005,graphiti_style,mobile/ios,synthetic,explicit,files,6,5,5,1.0,0.8333,0.9091,150,270,1.8,0.7583219999105495,19
gen_mobile_ios_005,graphrag_style,mobile/ios,synthetic,explicit,completed_tasks,5,2,2,1.0,0.4,0.5714,91,270,2.97,0.3941749998830346,11
gen_mobile_ios_005,graphrag_style,mobile/ios,synthetic,explicit,pending_tasks,2,0,0,1.0,0.0,0.0,91,270,2.97,0.3941749998830346,11
gen_mobile_ios_005,graphrag_style,mobile/ios,synthetic,explicit,decisions,3,4,3,0.75,1.0,0.8571,91,270,2.97,0.3941749998830346,11
gen_mobile_ios_005,graphrag_style,mobile/ios,synthetic,explicit,files,6,5,5,1.0,0.8333,0.9091,91,270,2.97,0.3941749998830346,11
gen_mobile_ios_005,mem0_style,mobile/ios,synthetic,explicit,completed_tasks,5,8,5,0.625,1.0,0.7692,149,270,1.81,0.7603740000377002,19
gen_mobile_ios_005,mem0_style,mobile/ios,synthetic,explicit,pending_tasks,2,2,2,1.0,1.0,1.0,149,270,1.81,0.7603740000377002,19
gen_mobile_ios_005,mem0_style,mobile/ios,synthetic,explicit,decisions,3,4,3,0.75,1.0,0.8571,149,270,1.81,0.7603740000377002,19
gen_mobile_ios_005,mem0_style,mobile/ios,synthetic,explicit,files,6,5,5,1.0,0.8333,0.9091,149,270,1.81,0.7603740000377002,19
gen_mobile_ios_005,memgpt_style,mobile/ios,synthetic,explicit,completed_tasks,5,4,2,0.5,0.4,0.4444,75,270,3.6,0.22670699991067522,9
gen_mobile_ios_005,memgpt_style,mobile/ios,synthetic,explicit,pending_tasks,2,1,1,1.0,0.5,0.6667,75,270,3.6,0.22670699991067522,9
gen_mobile_ios_005,memgpt_style,mobile/ios,synthetic,explicit,decisions,3,2,2,1.0,0.6667,0.8,75,270,3.6,0.22670699991067522,9
gen_mobile_ios_005,memgpt_style,mobile/ios,synthetic,explicit,files,6,2,2,1.0,0.3333,0.5,75,270,3.6,0.22670699991067522,9
gen_mobile_ios_005,sliding_window_10,mobile/ios,synthetic,explicit,completed_tasks,5,11,1,0.0909,0.2,0.125,93,270,2.9,0.003898000159097137,11
gen_mobile_ios_005,sliding_window_10,mobile/ios,synthetic,explicit,pending_tasks,2,11,1,0.0909,0.5,0.1538,93,270,2.9,0.003898000159097137,11
gen_mobile_ios_005,sliding_window_10,mobile/ios,synthetic,explicit,decisions,3,11,2,0.1818,0.6667,0.2857,93,270,2.9,0.003898000159097137,11
gen_mobile_ios_005,sliding_window_10,mobile/ios,synthetic,explicit,files,6,11,2,0.1818,0.3333,0.2353,93,270,2.9,0.003898000159097137,11
gen_mobile_ios_005,sliding_window_10,mobile/ios,synthetic,explicit,errors,0,11,0,0.0,1.0,0.0,93,270,2.9,0.003898000159097137,11
gen_mobile_ios_005,naive_truncation,mobile/ios,synthetic,explicit,completed_tasks,5,31,5,0.1613,1.0,0.2778,289,270,0.93,0.012728999990940792,31
gen_mobile_ios_005,naive_truncation,mobile/ios,synthetic,explicit,pending_tasks,2,31,2,0.0645,1.0,0.1212,289,270,0.93,0.012728999990940792,31
gen_mobile_ios_005,naive_truncation,mobile/ios,synthetic,explicit,decisions,3,31,3,0.0968,1.0,0.1765,289,270,0.93,0.012728999990940792,31
gen_mobile_ios_005,naive_truncation,mobile/ios,synthetic,explicit,files,6,31,6,0.1935,1.0,0.3243,289,270,0.93,0.012728999990940792,31
gen_mobile_ios_005,naive_truncation,mobile/ios,synthetic,explicit,errors,0,31,0,0.0,1.0,0.0,289,270,0.93,0.012728999990940792,31
gen_mobile_ios_005,naive_summary,mobile/ios,synthetic,explicit,completed_tasks,5,21,4,0.1905,0.8,0.3077,207,270,1.3,0.03483199998299824,21
gen_mobile_ios_005,naive_summary,mobile/ios,synthetic,explicit,pending_tasks,2,21,1,0.0476,0.5,0.087,207,270,1.3,0.03483199998299824,21
gen_mobile_ios_005,naive_summary,mobile/ios,synthetic,explicit,decisions,3,21,1,0.0476,0.3333,0.0833,207,270,1.3,0.03483199998299824,21
gen_mobile_ios_005,naive_summary,mobile/ios,synthetic,explicit,files,6,21,4,0.1905,0.6667,0.2963,207,270,1.3,0.03483199998299824,21
gen_mobile_ios_005,naive_summary,mobile/ios,synthetic,explicit,errors,0,21,0,0.0,1.0,0.0,207,270,1.3,0.03483199998299824,21
gen_platform_api_001,tokenmizer_v0.5.2,platform/api,synthetic,semi,completed_tasks,3,2,2,1.0,0.6667,0.8,95,316,3.33,41.61973300006139,11
gen_platform_api_001,tokenmizer_v0.5.2,platform/api,synthetic,semi,pending_tasks,4,3,3,1.0,0.75,0.8571,95,316,3.33,41.61973300006139,11
gen_platform_api_001,tokenmizer_v0.5.2,platform/api,synthetic,semi,decisions,2,1,1,1.0,0.5,0.6667,95,316,3.33,41.61973300006139,11
gen_platform_api_001,tokenmizer_v0.5.2,platform/api,synthetic,semi,files,5,5,5,1.0,1.0,1.0,95,316,3.33,41.61973300006139,11
gen_platform_api_001,tokenmizer_v0.5.2,platform/api,synthetic,semi,errors,1,0,0,1.0,0.0,0.0,95,316,3.33,41.61973300006139,11
gen_platform_api_001,graphiti_style,platform/api,synthetic,semi,completed_tasks,3,3,3,1.0,1.0,1.0,157,316,2.01,0.8180820000234235,18
gen_platform_api_001,graphiti_style,platform/api,synthetic,semi,pending_tasks,4,6,3,0.5,0.75,0.6,157,316,2.01,0.8180820000234235,18
gen_platform_api_001,graphiti_style,platform/api,synthetic,semi,decisions,2,2,1,0.5,0.5,0.5,157,316,2.01,0.8180820000234235,18
gen_platform_api_001,graphiti_style,platform/api,synthetic,semi,files,5,5,5,1.0,1.0,1.0,157,316,2.01,0.8180820000234235,18
gen_platform_api_001,graphiti_style,platform/api,synthetic,semi,errors,1,2,1,0.5,1.0,0.6667,157,316,2.01,0.8180820000234235,18
gen_platform_api_001,graphrag_style,platform/api,synthetic,semi,completed_tasks,3,0,0,1.0,0.0,0.0,59,316,5.36,0.4184750000604254,9
gen_platform_api_001,graphrag_style,platform/api,synthetic,semi,pending_tasks,4,2,0,0.0,0.0,0.0,59,316,5.36,0.4184750000604254,9
gen_platform_api_001,graphrag_style,platform/api,synthetic,semi,decisions,2,1,1,1.0,0.5,0.6667,59,316,5.36,0.4184750000604254,9
gen_platform_api_001,graphrag_style,platform/api,synthetic,semi,files,5,5,5,1.0,1.0,1.0,59,316,5.36,0.4184750000604254,9
gen_platform_api_001,graphrag_style,platform/api,synthetic,semi,errors,1,1,0,0.0,0.0,0.0,59,316,5.36,0.4184750000604254,9
gen_platform_api_001,mem0_style,platform/api,synthetic,semi,completed_tasks,3,3,3,1.0,1.0,1.0,155,316,2.04,0.841204999915135,17
gen_platform_api_001,mem0_style,platform/api,synthetic,semi,pending_tasks,4,5,3,0.6,0.75,0.6667,155,316,2.04,0.841204999915135,17
gen_platform_api_001,mem0_style,platform/api,synthetic,semi,decisions,2,2,1,0.5,0.5,0.5,155,316,2.04,0.841204999915135,17
gen_platform_api_001,mem0_style,platform/api,synthetic,semi,files,5,5,5,1.0,1.0,1.0,155,316,2.04,0.841204999915135,17
gen_platform_api_001,mem0_style,platform/api,synthetic,semi,errors,1,2,1,0.5,1.0,0.6667,155,316,2.04,0.841204999915135,17
gen_platform_api_001,memgpt_style,platform/api,synthetic,semi,completed_tasks,3,2,2,1.0,0.6667,0.8,87,316,3.63,0.2946320000773994,9
gen_platform_api_001,memgpt_style,platform/api,synthetic,semi,pending_tasks,4,1,1,1.0,0.25,0.4,87,316,3.63,0.2946320000773994,9
gen_platform_api_001,memgpt_style,platform/api,synthetic,semi,decisions,2,2,1,0.5,0.5,0.5,87,316,3.63,0.2946320000773994,9
gen_platform_api_001,memgpt_style,platform/api,synthetic,semi,files,5,3,3,1.0,0.6,0.75,87,316,3.63,0.2946320000773994,9
gen_platform_api_001,memgpt_style,platform/api,synthetic,semi,errors,1,1,0,0.0,0.0,0.0,87,316,3.63,0.2946320000773994,9
gen_platform_api_001,sliding_window_10,platform/api,synthetic,semi,completed_tasks,3,11,1,0.0909,0.3333,0.1429,112,316,2.82,0.0026200000320386607,11
gen_platform_api_001,sliding_window_10,platform/api,synthetic,semi,pending_tasks,4,11,1,0.0909,0.25,0.1333,112,316,2.82,0.0026200000320386607,11
gen_platform_api_001,sliding_window_10,platform/api,synthetic,semi,decisions,2,11,1,0.0909,0.5,0.1538,112,316,2.82,0.0026200000320386607,11
gen_platform_api_001,sliding_window_10,platform/api,synthetic,semi,files,5,11,3,0.2727,0.6,0.375,112,316,2.82,0.0026200000320386607,11
gen_platform_api_001,sliding_window_10,platform/api,synthetic,semi,errors,1,11,0,0.0,0.0,0.0,112,316,2.82,0.0026200000320386607,11
gen_platform_api_001,naive_truncation,platform/api,synthetic,semi,completed_tasks,3,28,3,0.1071,1.0,0.1935,307,316,1.03,0.014666999959445093,28
gen_platform_api_001,naive_truncation,platform/api,synthetic,semi,pending_tasks,4,28,4,0.1429,1.0,0.25,307,316,1.03,0.014666999959445093,28
gen_platform_api_001,naive_truncation,platform/api,synthetic,semi,decisions,2,28,2,0.0714,1.0,0.1333,307,316,1.03,0.014666999959445093,28
gen_platform_api_001,naive_truncation,platform/api,synthetic,semi,files,5,28,5,0.1786,1.0,0.303,307,316,1.03,0.014666999959445093,28
gen_platform_api_001,naive_truncation,platform/api,synthetic,semi,errors,1,28,1,0.0357,1.0,0.069,307,316,1.03,0.014666999959445093,28
gen_platform_api_001,naive_summary,platform/api,synthetic,semi,completed_tasks,3,15,1,0.0667,0.3333,0.1111,174,316,1.82,0.03206199994565395,15
gen_platform_api_001,naive_summary,platform/api,synthetic,semi,pending_tasks,4,15,3,0.2,0.75,0.3158,174,316,1.82,0.03206199994565395,15
gen_platform_api_001,naive_summary,platform/api,synthetic,semi,decisions,2,15,0,0.0,0.0,0.0,174,316,1.82,0.03206199994565395,15
gen_platform_api_001,naive_summary,platform/api,synthetic,semi,files,5,15,2,0.1333,0.4,0.2,174,316,1.82,0.03206199994565395,15
gen_platform_api_001,naive_summary,platform/api,synthetic,semi,errors,1,15,1,0.0667,1.0,0.125,174,316,1.82,0.03206199994565395,15
gen_platform_api_002,tokenmizer_v0.5.2,platform/api,synthetic,semi,completed_tasks,6,4,4,1.0,0.6667,0.8,101,309,3.06,47.24695899994913,9
gen_platform_api_002,tokenmizer_v0.5.2,platform/api,synthetic,semi,pending_tasks,3,1,1,1.0,0.3333,0.5,101,309,3.06,47.24695899994913,9
gen_platform_api_002,tokenmizer_v0.5.2,platform/api,synthetic,semi,decisions,3,2,2,1.0,0.6667,0.8,101,309,3.06,47.24695899994913,9
gen_platform_api_002,tokenmizer_v0.5.2,platform/api,synthetic,semi,files,2,2,2,1.0,1.0,1.0,101,309,3.06,47.24695899994913,9
gen_platform_api_002,tokenmizer_v0.5.2,platform/api,synthetic,semi,errors,1,0,0,1.0,0.0,0.0,101,309,3.06,47.24695899994913,9
gen_platform_api_002,graphiti_style,platform/api,synthetic,semi,completed_tasks,6,4,4,1.0,0.6667,0.8,157,309,1.97,0.7992580001427996,16
gen_platform_api_002,graphiti_style,platform/api,synthetic,semi,pending_tasks,3,4,1,0.25,0.3333,0.2857,157,309,1.97,0.7992580001427996,16
gen_platform_api_002,graphiti_style,platform/api,synthetic,semi,decisions,3,4,3,0.75,1.0,0.8571,157,309,1.97,0.7992580001427996,16
gen_platform_api_002,graphiti_style,platform/api,synthetic,semi,files,2,2,2,1.0,1.0,1.0,157,309,1.97,0.7992580001427996,16
gen_platform_api_002,graphiti_style,platform/api,synthetic,semi,errors,1,2,1,0.5,1.0,0.6667,157,309,1.97,0.7992580001427996,16
gen_platform_api_002,graphrag_style,platform/api,synthetic,semi,completed_tasks,6,0,0,1.0,0.0,0.0,75,309,4.12,0.448171000016373,8
gen_platform_api_002,graphrag_style,platform/api,synthetic,semi,pending_tasks,3,2,0,0.0,0.0,0.0,75,309,4.12,0.448171000016373,8
gen_platform_api_002,graphrag_style,platform/api,synthetic,semi,decisions,3,3,3,1.0,1.0,1.0,75,309,4.12,0.448171000016373,8
gen_platform_api_002,graphrag_style,platform/api,synthetic,semi,files,2,2,2,1.0,1.0,1.0,75,309,4.12,0.448171000016373,8
gen_platform_api_002,graphrag_style,platform/api,synthetic,semi,errors,1,1,0,0.0,0.0,0.0,75,309,4.12,0.448171000016373,8
gen_platform_api_002,mem0_style,platform/api,synthetic,semi,completed_tasks,6,4,4,1.0,0.6667,0.8,153,309,2.02,0.8729840001251432,15
gen_platform_api_002,mem0_style,platform/api,synthetic,semi,pending_tasks,3,3,1,0.3333,0.3333,0.3333,153,309,2.02,0.8729840001251432,15
gen_platform_api_002,mem0_style,platform/api,synthetic,semi,decisions,3,4,3,0.75,1.0,0.8571,153,309,2.02,0.8729840001251432,15
gen_platform_api_002,mem0_style,platform/api,synthetic,semi,files,2,2,2,1.0,1.0,1.0,153,309,2.02,0.8729840001251432,15
gen_platform_api_002,mem0_style,platform/api,synthetic,semi,errors,1,2,1,0.5,1.0,0.6667,153,309,2.02,0.8729840001251432,15
gen_platform_api_002,memgpt_style,platform/api,synthetic,semi,completed_tasks,6,2,2,1.0,0.3333,0.5,71,309,4.35,0.22912999997970473,5
gen_platform_api_002,memgpt_style,platform/api,synthetic,semi,pending_tasks,3,0,0,1.0,0.0,0.0,71,309,4.35,0.22912999997970473,5
gen_platform_api_002,memgpt_style,platform/api,synthetic,semi,decisions,3,0,0,1.0,0.0,0.0,71,309,4.35,0.22912999997970473,5
gen_platform_api_002,memgpt_style,platform/api,synthetic,semi,files,2,1,1,1.0,0.5,0.6667,71,309,4.35,0.22912999997970473,5
gen_platform_api_002,memgpt_style,platform/api,synthetic,semi,errors,1,2,1,0.5,1.0,0.6667,71,309,4.35,0.22912999997970473,5
gen_platform_api_002,sliding_window_10,platform/api,synthetic,semi,completed_tasks,6,10,3,0.3,0.5,0.375,106,309,2.92,0.0028459999157348648,10
gen_platform_api_002,sliding_window_10,platform/api,synthetic,semi,pending_tasks,3,10,0,0.0,0.0,0.0,106,309,2.92,0.0028459999157348648,10
gen_platform_api_002,sliding_window_10,platform/api,synthetic,semi,decisions,3,10,0,0.0,0.0,0.0,106,309,2.92,0.0028459999157348648,10
gen_platform_api_002,sliding_window_10,platform/api,synthetic,semi,files,2,10,1,0.1,0.5,0.1667,106,309,2.92,0.0028459999157348648,10
gen_platform_api_002,sliding_window_10,platform/api,synthetic,semi,errors,1,10,1,0.1,1.0,0.1818,106,309,2.92,0.0028459999157348648,10
gen_platform_api_002,naive_truncation,platform/api,synthetic,semi,completed_tasks,6,28,6,0.2143,1.0,0.3529,314,309,0.98,0.017479999996794504,28
gen_platform_api_002,naive_truncation,platform/api,synthetic,semi,pending_tasks,3,28,3,0.1071,1.0,0.1935,314,309,0.98,0.017479999996794504,28
gen_platform_api_002,naive_truncation,platform/api,synthetic,semi,decisions,3,28,3,0.1071,1.0,0.1935,314,309,0.98,0.017479999996794504,28
gen_platform_api_002,naive_truncation,platform/api,synthetic,semi,files,2,28,2,0.0714,1.0,0.1333,314,309,0.98,0.017479999996794504,28
gen_platform_api_002,naive_truncation,platform/api,synthetic,semi,errors,1,28,1,0.0357,1.0,0.069,314,309,0.98,0.017479999996794504,28
gen_platform_api_002,naive_summary,platform/api,synthetic,semi,completed_tasks,6,16,3,0.1875,0.5,0.2727,175,309,1.77,0.036378000004333444,16
gen_platform_api_002,naive_summary,platform/api,synthetic,semi,pending_tasks,3,16,2,0.125,0.6667,0.2105,175,309,1.77,0.036378000004333444,16
gen_platform_api_002,naive_summary,platform/api,synthetic,semi,decisions,3,16,1,0.0625,0.3333,0.1053,175,309,1.77,0.036378000004333444,16
gen_platform_api_002,naive_summary,platform/api,synthetic,semi,files,2,16,1,0.0625,0.5,0.1111,175,309,1.77,0.036378000004333444,16
gen_platform_api_002,naive_summary,platform/api,synthetic,semi,errors,1,16,0,0.0,0.0,0.0,175,309,1.77,0.036378000004333444,16
gen_platform_api_003,tokenmizer_v0.5.2,platform/api,synthetic,semi,completed_tasks,7,5,5,1.0,0.7143,0.8333,159,476,2.99,47.84805700001016,14
gen_platform_api_003,tokenmizer_v0.5.2,platform/api,synthetic,semi,pending_tasks,4,1,1,1.0,0.25,0.4,159,476,2.99,47.84805700001016,14
gen_platform_api_003,tokenmizer_v0.5.2,platform/api,synthetic,semi,decisions,6,5,5,1.0,0.8333,0.9091,159,476,2.99,47.84805700001016,14
gen_platform_api_003,tokenmizer_v0.5.2,platform/api,synthetic,semi,files,3,3,3,1.0,1.0,1.0,159,476,2.99,47.84805700001016,14
gen_platform_api_003,tokenmizer_v0.5.2,platform/api,synthetic,semi,errors,3,0,0,1.0,0.0,0.0,159,476,2.99,47.84805700001016,14
gen_platform_api_003,graphiti_style,platform/api,synthetic,semi,completed_tasks,7,5,5,1.0,0.7143,0.8333,203,476,2.34,1.1634689999482362,21
gen_platform_api_003,graphiti_style,platform/api,synthetic,semi,pending_tasks,4,4,1,0.25,0.25,0.25,203,476,2.34,1.1634689999482362,21
gen_platform_api_003,graphiti_style,platform/api,synthetic,semi,decisions,6,5,3,0.6,0.5,0.5455,203,476,2.34,1.1634689999482362,21
gen_platform_api_003,graphiti_style,platform/api,synthetic,semi,files,3,3,3,1.0,1.0,1.0,203,476,2.34,1.1634689999482362,21
gen_platform_api_003,graphiti_style,platform/api,synthetic,semi,errors,3,4,3,0.75,1.0,0.8571,203,476,2.34,1.1634689999482362,21
gen_platform_api_003,graphrag_style,platform/api,synthetic,semi,completed_tasks,7,0,0,1.0,0.0,0.0,113,476,4.21,0.6548619999193761,13
gen_platform_api_003,graphrag_style,platform/api,synthetic,semi,pending_tasks,4,2,0,0.0,0.0,0.0,113,476,4.21,0.6548619999193761,13
gen_platform_api_003,graphrag_style,platform/api,synthetic,semi,decisions,6,5,4,0.8,0.6667,0.7273,113,476,4.21,0.6548619999193761,13
gen_platform_api_003,graphrag_style,platform/api,synthetic,semi,files,3,3,3,1.0,1.0,1.0,113,476,4.21,0.6548619999193761,13
gen_platform_api_003,graphrag_style,platform/api,synthetic,semi,errors,3,3,2,0.6667,0.6667,0.6667,113,476,4.21,0.6548619999193761,13
gen_platform_api_003,mem0_style,platform/api,synthetic,semi,completed_tasks,7,5,5,1.0,0.7143,0.8333,198,476,2.4,1.2840609999784647,20
gen_platform_api_003,mem0_style,platform/api,synthetic,semi,pending_tasks,4,3,1,0.3333,0.25,0.2857,198,476,2.4,1.2840609999784647,20
gen_platform_api_003,mem0_style,platform/api,synthetic,semi,decisions,6,5,3,0.6,0.5,0.5455,198,476,2.4,1.2840609999784647,20
gen_platform_api_003,mem0_style,platform/api,synthetic,semi,files,3,3,3,1.0,1.0,1.0,198,476,2.4,1.2840609999784647,20
gen_platform_api_003,mem0_style,platform/api,synthetic,semi,errors,3,4,3,0.75,1.0,0.8571,198,476,2.4,1.2840609999784647,20
gen_platform_api_003,memgpt_style,platform/api,synthetic,semi,completed_tasks,7,2,2,1.0,0.2857,0.4444,115,476,4.14,0.5308060001425474,9
gen_platform_api_003,memgpt_style,platform/api,synthetic,semi,pending_tasks,4,3,1,0.3333,0.25,0.2857,115,476,4.14,0.5308060001425474,9
gen_platform_api_003,memgpt_style,platform/api,synthetic,semi,decisions,6,0,0,1.0,0.0,0.0,115,476,4.14,0.5308060001425474,9
gen_platform_api_003,memgpt_style,platform/api,synthetic,semi,files,3,0,0,1.0,0.0,0.0,115,476,4.14,0.5308060001425474,9
gen_platform_api_003,memgpt_style,platform/api,synthetic,semi,errors,3,4,3,0.75,1.0,0.8571,115,476,4.14,0.5308060001425474,9
gen_platform_api_003,sliding_window_10,platform/api,synthetic,semi,completed_tasks,7,13,2,0.1538,0.2857,0.2,155,476,3.07,0.003370000058566802,13
gen_platform_api_003,sliding_window_10,platform/api,synthetic,semi,pending_tasks,4,13,3,0.2308,0.75,0.3529,155,476,3.07,0.003370000058566802,13
gen_platform_api_003,sliding_window_10,platform/api,synthetic,semi,decisions,6,13,1,0.0769,0.1667,0.1053,155,476,3.07,0.003370000058566802,13
gen_platform_api_003,sliding_window_10,platform/api,synthetic,semi,files,3,13,0,0.0,0.0,0.0,155,476,3.07,0.003370000058566802,13
gen_platform_api_003,sliding_window_10,platform/api,synthetic,semi,errors,3,13,2,0.1538,0.6667,0.25,155,476,3.07,0.003370000058566802,13
gen_platform_api_003,naive_truncation,platform/api,synthetic,semi,completed_tasks,7,23,6,0.2609,0.8571,0.4,296,476,1.61,0.011642999879768468,23
gen_platform_api_003,naive_truncation,platform/api,synthetic,semi,pending_tasks,4,23,3,0.1304,0.75,0.2222,296,476,1.61,0.011642999879768468,23
gen_platform_api_003,naive_truncation,platform/api,synthetic,semi,decisions,6,23,2,0.087,0.3333,0.1379,296,476,1.61,0.011642999879768468,23
gen_platform_api_003,naive_truncation,platform/api,synthetic,semi,files,3,23,0,0.0,0.0,0.0,296,476,1.61,0.011642999879768468,23
gen_platform_api_003,naive_truncation,platform/api,synthetic,semi,errors,3,23,3,0.1304,1.0,0.2308,296,476,1.61,0.011642999879768468,23
gen_platform_api_003,naive_summary,platform/api,synthetic,semi,completed_tasks,7,17,1,0.0588,0.1429,0.0833,176,476,2.7,0.04977999992661353,17
gen_platform_api_003,naive_summary,platform/api,synthetic,semi,pending_tasks,4,17,1,0.0588,0.25,0.0952,176,476,2.7,0.04977999992661353,17
gen_platform_api_003,naive_summary,platform/api,synthetic,semi,decisions,6,17,3,0.1765,0.5,0.2609,176,476,2.7,0.04977999992661353,17
gen_platform_api_003,naive_summary,platform/api,synthetic,semi,files,3,17,2,0.1176,0.6667,0.2,176,476,2.7,0.04977999992661353,17
gen_platform_api_003,naive_summary,platform/api,synthetic,semi,errors,3,17,0,0.0,0.0,0.0,176,476,2.7,0.04977999992661353,17
gen_platform_api_004,tokenmizer_v0.5.2,platform/api,synthetic,semi,completed_tasks,6,3,2,0.6667,0.3333,0.4444,101,404,4.0,44.46286200004579,12
gen_platform_api_004,tokenmizer_v0.5.2,platform/api,synthetic,semi,pending_tasks,2,0,0,1.0,0.0,0.0,101,404,4.0,44.46286200004579,12
gen_platform_api_004,tokenmizer_v0.5.2,platform/api,synthetic,semi,decisions,5,4,3,0.75,0.6,0.6667,101,404,4.0,44.46286200004579,12
gen_platform_api_004,tokenmizer_v0.5.2,platform/api,synthetic,semi,files,5,5,5,1.0,1.0,1.0,101,404,4.0,44.46286200004579,12
gen_platform_api_004,tokenmizer_v0.5.2,platform/api,synthetic,semi,errors,3,0,0,1.0,0.0,0.0,101,404,4.0,44.46286200004579,12
gen_platform_api_004,graphiti_style,platform/api,synthetic,semi,completed_tasks,6,5,4,0.8,0.6667,0.7273,162,404,2.49,1.1260019998644566,19
gen_platform_api_004,graphiti_style,platform/api,synthetic,semi,pending_tasks,2,3,0,0.0,0.0,0.0,162,404,2.49,1.1260019998644566,19
gen_platform_api_004,graphiti_style,platform/api,synthetic,semi,decisions,5,3,2,0.6667,0.4,0.5,162,404,2.49,1.1260019998644566,19
gen_platform_api_004,graphiti_style,platform/api,synthetic,semi,files,5,5,5,1.0,1.0,1.0,162,404,2.49,1.1260019998644566,19
gen_platform_api_004,graphiti_style,platform/api,synthetic,semi,errors,3,3,3,1.0,1.0,1.0,162,404,2.49,1.1260019998644566,19
gen_platform_api_004,graphrag_style,platform/api,synthetic,semi,completed_tasks,6,0,0,1.0,0.0,0.0,69,404,5.86,0.5257379998511169,11
gen_platform_api_004,graphrag_style,platform/api,synthetic,semi,pending_tasks,2,2,0,0.0,0.0,0.0,69,404,5.86,0.5257379998511169,11
gen_platform_api_004,graphrag_style,platform/api,synthetic,semi,decisions,5,3,2,0.6667,0.4,0.5,69,404,5.86,0.5257379998511169,11
gen_platform_api_004,graphrag_style,platform/api,synthetic,semi,files,5,5,5,1.0,1.0,1.0,69,404,5.86,0.5257379998511169,11
gen_platform_api_004,graphrag_style,platform/api,synthetic,semi,errors,3,1,1,1.0,0.3333,0.5,69,404,5.86,0.5257379998511169,11
gen_platform_api_004,mem0_style,platform/api,synthetic,semi,completed_tasks,6,5,4,0.8,0.6667,0.7273,158,404,2.56,1.088541999934023,18
gen_platform_api_004,mem0_style,platform/api,synthetic,semi,pending_tasks,2,2,0,0.0,0.0,0.0,158,404,2.56,1.088541999934023,18
gen_platform_api_004,mem0_style,platform/api,synthetic,semi,decisions,5,3,2,0.6667,0.4,0.5,158,404,2.56,1.088541999934023,18
gen_platform_api_004,mem0_style,platform/api,synthetic,semi,files,5,5,5,1.0,1.0,1.0,158,404,2.56,1.088541999934023,18
gen_platform_api_004,mem0_style,platform/api,synthetic,semi,errors,3,3,3,1.0,1.0,1.0,158,404,2.56,1.088541999934023,18
gen_platform_api_004,memgpt_style,platform/api,synthetic,semi,completed_tasks,6,3,2,0.6667,0.3333,0.4444,77,404,5.25,0.4055710001011903,7
gen_platform_api_004,memgpt_style,platform/api,synthetic,semi,pending_tasks,2,0,0,1.0,0.0,0.0,77,404,5.25,0.4055710001011903,7
gen_platform_api_004,memgpt_style,platform/api,synthetic,semi,decisions,5,2,1,0.5,0.2,0.2857,77,404,5.25,0.4055710001011903,7
gen_platform_api_004,memgpt_style,platform/api,synthetic,semi,files,5,1,1,1.0,0.2,0.3333,77,404,5.25,0.4055710001011903,7
gen_platform_api_004,memgpt_style,platform/api,synthetic,semi,errors,3,1,1,1.0,0.3333,0.5,77,404,5.25,0.4055710001011903,7
gen_platform_api_004,sliding_window_10,platform/api,synthetic,semi,completed_tasks,6,12,3,0.25,0.5,0.3333,145,404,2.79,0.0032529999316466274,12
gen_platform_api_004,sliding_window_10,platform/api,synthetic,semi,pending_tasks,2,12,0,0.0,0.0,0.0,145,404,2.79,0.0032529999316466274,12
gen_platform_api_004,sliding_window_10,platform/api,synthetic,semi,decisions,5,12,3,0.25,0.6,0.3529,145,404,2.79,0.0032529999316466274,12
gen_platform_api_004,sliding_window_10,platform/api,synthetic,semi,files,5,12,0,0.0,0.0,0.0,145,404,2.79,0.0032529999316466274,12
gen_platform_api_004,sliding_window_10,platform/api,synthetic,semi,errors,3,12,1,0.0833,0.3333,0.1333,145,404,2.79,0.0032529999316466274,12
gen_platform_api_004,naive_truncation,platform/api,synthetic,semi,completed_tasks,6,27,6,0.2222,1.0,0.3636,313,404,1.29,0.014165000038701692,27
gen_platform_api_004,naive_truncation,platform/api,synthetic,semi,pending_tasks,2,27,1,0.037,0.5,0.069,313,404,1.29,0.014165000038701692,27
gen_platform_api_004,naive_truncation,platform/api,synthetic,semi,decisions,5,27,4,0.1481,0.8,0.25,313,404,1.29,0.014165000038701692,27
gen_platform_api_004,naive_truncation,platform/api,synthetic,semi,files,5,27,3,0.1111,0.6,0.1875,313,404,1.29,0.014165000038701692,27
gen_platform_api_004,naive_truncation,platform/api,synthetic,semi,errors,3,27,2,0.0741,0.6667,0.1333,313,404,1.29,0.014165000038701692,27
gen_platform_api_004,naive_summary,platform/api,synthetic,semi,completed_tasks,6,18,1,0.0556,0.1667,0.0833,178,404,2.27,0.04327500005274487,18
gen_platform_api_004,naive_summary,platform/api,synthetic,semi,pending_tasks,2,18,2,0.1111,1.0,0.2,178,404,2.27,0.04327500005274487,18
gen_platform_api_004,naive_summary,platform/api,synthetic,semi,decisions,5,18,1,0.0556,0.2,0.087,178,404,2.27,0.04327500005274487,18
gen_platform_api_004,naive_summary,platform/api,synthetic,semi,files,5,18,3,0.1667,0.6,0.2609,178,404,2.27,0.04327500005274487,18
gen_platform_api_004,naive_summary,platform/api,synthetic,semi,errors,3,18,2,0.1111,0.6667,0.1905,178,404,2.27,0.04327500005274487,18
gen_platform_api_005,tokenmizer_v0.5.2,platform/api,synthetic,semi,completed_tasks,7,2,2,1.0,0.2857,0.4444,82,386,4.71,42.602948999956425,9
gen_platform_api_005,tokenmizer_v0.5.2,platform/api,synthetic,semi,pending_tasks,4,1,1,1.0,0.25,0.4,82,386,4.71,42.602948999956425,9
gen_platform_api_005,tokenmizer_v0.5.2,platform/api,synthetic,semi,decisions,2,1,1,1.0,0.5,0.6667,82,386,4.71,42.602948999956425,9
gen_platform_api_005,tokenmizer_v0.5.2,platform/api,synthetic,semi,files,5,5,5,1.0,1.0,1.0,82,386,4.71,42.602948999956425,9
gen_platform_api_005,graphiti_style,platform/api,synthetic,semi,completed_tasks,7,3,3,1.0,0.4286,0.6,132,386,2.92,0.9549609999339737,13
gen_platform_api_005,graphiti_style,platform/api,synthetic,semi,pending_tasks,4,1,1,1.0,0.25,0.4,132,386,2.92,0.9549609999339737,13
gen_platform_api_005,graphiti_style,platform/api,synthetic,semi,decisions,2,3,2,0.6667,1.0,0.8,132,386,2.92,0.9549609999339737,13
gen_platform_api_005,graphiti_style,platform/api,synthetic,semi,files,5,5,5,1.0,1.0,1.0,132,386,2.92,0.9549609999339737,13
gen_platform_api_005,graphiti_style,platform/api,synthetic,semi,errors,0,1,0,0.0,1.0,0.0,132,386,2.92,0.9549609999339737,13
gen_platform_api_005,graphrag_style,platform/api,synthetic,semi,completed_tasks,7,0,0,1.0,0.0,0.0,70,386,5.51,0.5751779999627615,8
gen_platform_api_005,graphrag_style,platform/api,synthetic,semi,pending_tasks,4,0,0,1.0,0.0,0.0,70,386,5.51,0.5751779999627615,8
gen_platform_api_005,graphrag_style,platform/api,synthetic,semi,decisions,2,2,2,1.0,1.0,1.0,70,386,5.51,0.5751779999627615,8
gen_platform_api_005,graphrag_style,platform/api,synthetic,semi,files,5,5,5,1.0,1.0,1.0,70,386,5.51,0.5751779999627615,8
gen_platform_api_005,graphrag_style,platform/api,synthetic,semi,errors,0,1,0,0.0,1.0,0.0,70,386,5.51,0.5751779999627615,8
gen_platform_api_005,mem0_style,platform/api,synthetic,semi,completed_tasks,7,3,3,1.0,0.4286,0.6,131,386,2.95,0.9671400000570429,13
gen_platform_api_005,mem0_style,platform/api,synthetic,semi,pending_tasks,4,1,1,1.0,0.25,0.4,131,386,2.95,0.9671400000570429,13
gen_platform_api_005,mem0_style,platform/api,synthetic,semi,decisions,2,3,2,0.6667,1.0,0.8,131,386,2.95,0.9671400000570429,13
gen_platform_api_005,mem0_style,platform/api,synthetic,semi,files,5,5,5,1.0,1.0,1.0,131,386,2.95,0.9671400000570429,13
gen_platform_api_005,mem0_style,platform/api,synthetic,semi,errors,0,1,0,0.0,1.0,0.0,131,386,2.95,0.9671400000570429,13
gen_platform_api_005,memgpt_style,platform/api,synthetic,semi,completed_tasks,7,1,1,1.0,0.1429,0.25,45,386,8.58,0.2877960000660096,5
gen_platform_api_005,memgpt_style,platform/api,synthetic,semi,pending_tasks,4,0,0,1.0,0.0,0.0,45,386,8.58,0.2877960000660096,5
gen_platform_api_005,memgpt_style,platform/api,synthetic,semi,decisions,2,1,1,1.0,0.5,0.6667,45,386,8.58,0.2877960000660096,5
gen_platform_api_005,memgpt_style,platform/api,synthetic,semi,files,5,3,3,1.0,0.6,0.75,45,386,8.58,0.2877960000660096,5
gen_platform_api_005,sliding_window_10,platform/api,synthetic,semi,completed_tasks,7,11,1,0.0909,0.1429,0.1111,110,386,3.51,0.003834999915852677,11
gen_platform_api_005,sliding_window_10,platform/api,synthetic,semi,pending_tasks,4,11,1,0.0909,0.25,0.1333,110,386,3.51,0.003834999915852677,11
gen_platform_api_005,sliding_window_10,platform/api,synthetic,semi,decisions,2,11,1,0.0909,0.5,0.1538,110,386,3.51,0.003834999915852677,11
gen_platform_api_005,sliding_window_10,platform/api,synthetic,semi,files,5,11,3,0.2727,0.6,0.375,110,386,3.51,0.003834999915852677,11
gen_platform_api_005,sliding_window_10,platform/api,synthetic,semi,errors,0,11,0,0.0,1.0,0.0,110,386,3.51,0.003834999915852677,11
gen_platform_api_005,naive_truncation,platform/api,synthetic,semi,completed_tasks,7,27,5,0.1852,0.7143,0.2941,307,386,1.26,0.01385700011269364,27
gen_platform_api_005,naive_truncation,platform/api,synthetic,semi,pending_tasks,4,27,3,0.1111,0.75,0.1935,307,386,1.26,0.01385700011269364,27
gen_platform_api_005,naive_truncation,platform/api,synthetic,semi,decisions,2,27,2,0.0741,1.0,0.1379,307,386,1.26,0.01385700011269364,27
gen_platform_api_005,naive_truncation,platform/api,synthetic,semi,files,5,27,5,0.1852,1.0,0.3125,307,386,1.26,0.01385700011269364,27
gen_platform_api_005,naive_truncation,platform/api,synthetic,semi,errors,0,27,0,0.0,1.0,0.0,307,386,1.26,0.01385700011269364,27
gen_platform_api_005,naive_summary,platform/api,synthetic,semi,completed_tasks,7,16,3,0.1875,0.4286,0.2609,192,386,2.01,0.04679199992096983,16
gen_platform_api_005,naive_summary,platform/api,synthetic,semi,pending_tasks,4,16,3,0.1875,0.75,0.3,192,386,2.01,0.04679199992096983,16
gen_platform_api_005,naive_summary,platform/api,synthetic,semi,decisions,2,16,0,0.0,0.0,0.0,192,386,2.01,0.04679199992096983,16
gen_platform_api_005,naive_summary,platform/api,synthetic,semi,files,5,16,1,0.0625,0.2,0.0952,192,386,2.01,0.04679199992096983,16
gen_platform_api_005,naive_summary,platform/api,synthetic,semi,errors,0,16,0,0.0,1.0,0.0,192,386,2.01,0.04679199992096983,16
gen_product_analytics_001,tokenmizer_v0.5.2,product/analytics,synthetic,mixed,completed_tasks,5,1,1,1.0,0.2,0.3333,72,408,5.67,46.6631619999589,6
gen_product_analytics_001,tokenmizer_v0.5.2,product/analytics,synthetic,mixed,pending_tasks,3,0,0,1.0,0.0,0.0,72,408,5.67,46.6631619999589,6
gen_product_analytics_001,tokenmizer_v0.5.2,product/analytics,synthetic,mixed,decisions,4,3,2,0.6667,0.5,0.5714,72,408,5.67,46.6631619999589,6
gen_product_analytics_001,tokenmizer_v0.5.2,product/analytics,synthetic,mixed,files,2,2,2,1.0,1.0,1.0,72,408,5.67,46.6631619999589,6
gen_product_analytics_001,tokenmizer_v0.5.2,product/analytics,synthetic,mixed,errors,2,0,0,1.0,0.0,0.0,72,408,5.67,46.6631619999589,6
gen_product_analytics_001,graphiti_style,product/analytics,synthetic,mixed,completed_tasks,5,2,2,1.0,0.4,0.5714,91,408,4.48,1.183127000103923,9
gen_product_analytics_001,graphiti_style,product/analytics,synthetic,mixed,pending_tasks,3,0,0,1.0,0.0,0.0,91,408,4.48,1.183127000103923,9
gen_product_analytics_001,graphiti_style,product/analytics,synthetic,mixed,decisions,4,4,2,0.5,0.5,0.5,91,408,4.48,1.183127000103923,9
gen_product_analytics_001,graphiti_style,product/analytics,synthetic,mixed,files,2,2,1,0.5,0.5,0.5,91,408,4.48,1.183127000103923,9
gen_product_analytics_001,graphiti_style,product/analytics,synthetic,mixed,errors,2,1,1,1.0,0.5,0.6667,91,408,4.48,1.183127000103923,9
gen_product_analytics_001,graphrag_style,product/analytics,synthetic,mixed,completed_tasks,5,1,1,1.0,0.2,0.3333,71,408,5.75,0.5355069999950501,7
gen_product_analytics_001,graphrag_style,product/analytics,synthetic,mixed,pending_tasks,3,0,0,1.0,0.0,0.0,71,408,5.75,0.5355069999950501,7
gen_product_analytics_001,graphrag_style,product/analytics,synthetic,mixed,decisions,4,3,2,0.6667,0.5,0.5714,71,408,5.75,0.5355069999950501,7
gen_product_analytics_001,graphrag_style,product/analytics,synthetic,mixed,files,2,2,1,0.5,0.5,0.5,71,408,5.75,0.5355069999950501,7
gen_product_analytics_001,graphrag_style,product/analytics,synthetic,mixed,errors,2,1,1,1.0,0.5,0.6667,71,408,5.75,0.5355069999950501,7
gen_product_analytics_001,mem0_style,product/analytics,synthetic,mixed,completed_tasks,5,2,2,1.0,0.4,0.5714,90,408,4.53,1.0747989999799756,9
gen_product_analytics_001,mem0_style,product/analytics,synthetic,mixed,pending_tasks,3,0,0,1.0,0.0,0.0,90,408,4.53,1.0747989999799756,9
gen_product_analytics_001,mem0_style,product/analytics,synthetic,mixed,decisions,4,4,2,0.5,0.5,0.5,90,408,4.53,1.0747989999799756,9
gen_product_analytics_001,mem0_style,product/analytics,synthetic,mixed,files,2,2,1,0.5,0.5,0.5,90,408,4.53,1.0747989999799756,9
gen_product_analytics_001,mem0_style,product/analytics,synthetic,mixed,errors,2,1,1,1.0,0.5,0.6667,90,408,4.53,1.0747989999799756,9
gen_product_analytics_001,memgpt_style,product/analytics,synthetic,mixed,completed_tasks,5,0,0,1.0,0.0,0.0,25,408,16.32,0.6095890000779036,2
gen_product_analytics_001,memgpt_style,product/analytics,synthetic,mixed,pending_tasks,3,0,0,1.0,0.0,0.0,25,408,16.32,0.6095890000779036,2
gen_product_analytics_001,memgpt_style,product/analytics,synthetic,mixed,decisions,4,0,0,1.0,0.0,0.0,25,408,16.32,0.6095890000779036,2
gen_product_analytics_001,memgpt_style,product/analytics,synthetic,mixed,files,2,1,1,1.0,0.5,0.6667,25,408,16.32,0.6095890000779036,2
gen_product_analytics_001,memgpt_style,product/analytics,synthetic,mixed,errors,2,1,1,1.0,0.5,0.6667,25,408,16.32,0.6095890000779036,2
gen_product_analytics_001,sliding_window_10,product/analytics,synthetic,mixed,completed_tasks,5,13,1,0.0769,0.2,0.1111,207,408,1.97,0.0038240000321820844,13
gen_product_analytics_001,sliding_window_10,product/analytics,synthetic,mixed,pending_tasks,3,13,3,0.2308,1.0,0.375,207,408,1.97,0.0038240000321820844,13
gen_product_analytics_001,sliding_window_10,product/analytics,synthetic,mixed,decisions,4,13,1,0.0769,0.25,0.1176,207,408,1.97,0.0038240000321820844,13
gen_product_analytics_001,sliding_window_10,product/analytics,synthetic,mixed,files,2,13,1,0.0769,0.5,0.1333,207,408,1.97,0.0038240000321820844,13
gen_product_analytics_001,sliding_window_10,product/analytics,synthetic,mixed,errors,2,13,2,0.1538,1.0,0.2667,207,408,1.97,0.0038240000321820844,13
gen_product_analytics_001,naive_truncation,product/analytics,synthetic,mixed,completed_tasks,5,21,2,0.0952,0.4,0.1538,310,408,1.32,0.014245999864215264,21
gen_product_analytics_001,naive_truncation,product/analytics,synthetic,mixed,pending_tasks,3,21,3,0.1429,1.0,0.25,310,408,1.32,0.014245999864215264,21
gen_product_analytics_001,naive_truncation,product/analytics,synthetic,mixed,decisions,4,21,3,0.1429,0.75,0.24,310,408,1.32,0.014245999864215264,21
gen_product_analytics_001,naive_truncation,product/analytics,synthetic,mixed,files,2,21,2,0.0952,1.0,0.1739,310,408,1.32,0.014245999864215264,21
gen_product_analytics_001,naive_truncation,product/analytics,synthetic,mixed,errors,2,21,2,0.0952,1.0,0.1739,310,408,1.32,0.014245999864215264,21
gen_product_analytics_001,naive_summary,product/analytics,synthetic,mixed,completed_tasks,5,16,3,0.1875,0.6,0.2857,190,408,2.15,0.048946000106298015,16
gen_product_analytics_001,naive_summary,product/analytics,synthetic,mixed,pending_tasks,3,16,0,0.0,0.0,0.0,190,408,2.15,0.048946000106298015,16
gen_product_analytics_001,naive_summary,product/analytics,synthetic,mixed,decisions,4,16,3,0.1875,0.75,0.3,190,408,2.15,0.048946000106298015,16
gen_product_analytics_001,naive_summary,product/analytics,synthetic,mixed,files,2,16,1,0.0625,0.5,0.1111,190,408,2.15,0.048946000106298015,16
gen_product_analytics_001,naive_summary,product/analytics,synthetic,mixed,errors,2,16,0,0.0,0.0,0.0,190,408,2.15,0.048946000106298015,16
gen_product_analytics_002,tokenmizer_v0.5.2,product/analytics,synthetic,mixed,completed_tasks,4,1,1,1.0,0.25,0.4,62,406,6.55,42.88081100003183,6
gen_product_analytics_002,tokenmizer_v0.5.2,product/analytics,synthetic,mixed,pending_tasks,1,0,0,1.0,0.0,0.0,62,406,6.55,42.88081100003183,6
gen_product_analytics_002,tokenmizer_v0.5.2,product/analytics,synthetic,mixed,decisions,4,1,0,0.0,0.0,0.0,62,406,6.55,42.88081100003183,6
gen_product_analytics_002,tokenmizer_v0.5.2,product/analytics,synthetic,mixed,files,4,4,4,1.0,1.0,1.0,62,406,6.55,42.88081100003183,6
gen_product_analytics_002,tokenmizer_v0.5.2,product/analytics,synthetic,mixed,errors,3,0,0,1.0,0.0,0.0,62,406,6.55,42.88081100003183,6
gen_product_analytics_002,graphiti_style,product/analytics,synthetic,mixed,completed_tasks,4,3,1,0.3333,0.25,0.2857,85,406,4.78,1.121084000033079,10
gen_product_analytics_002,graphiti_style,product/analytics,synthetic,mixed,pending_tasks,1,1,0,0.0,0.0,0.0,85,406,4.78,1.121084000033079,10
gen_product_analytics_002,graphiti_style,product/analytics,synthetic,mixed,decisions,4,1,0,0.0,0.0,0.0,85,406,4.78,1.121084000033079,10
gen_product_analytics_002,graphiti_style,product/analytics,synthetic,mixed,files,4,3,2,0.6667,0.5,0.5714,85,406,4.78,1.121084000033079,10
gen_product_analytics_002,graphiti_style,product/analytics,synthetic,mixed,errors,3,2,2,1.0,0.6667,0.8,85,406,4.78,1.121084000033079,10
gen_product_analytics_002,graphrag_style,product/analytics,synthetic,mixed,completed_tasks,4,1,1,1.0,0.25,0.4,60,406,6.77,0.6313919998319761,7
gen_product_analytics_002,graphrag_style,product/analytics,synthetic,mixed,pending_tasks,1,1,0,0.0,0.0,0.0,60,406,6.77,0.6313919998319761,7
gen_product_analytics_002,graphrag_style,product/analytics,synthetic,mixed,decisions,4,1,0,0.0,0.0,0.0,60,406,6.77,0.6313919998319761,7
gen_product_analytics_002,graphrag_style,product/analytics,synthetic,mixed,files,4,3,2,0.6667,0.5,0.5714,60,406,6.77,0.6313919998319761,7
gen_product_analytics_002,graphrag_style,product/analytics,synthetic,mixed,errors,3,1,1,1.0,0.3333,0.5,60,406,6.77,0.6313919998319761,7
gen_product_analytics_002,mem0_style,product/analytics,synthetic,mixed,completed_tasks,4,3,1,0.3333,0.25,0.2857,84,406,4.83,1.1124079999262904,10
gen_product_analytics_002,mem0_style,product/analytics,synthetic,mixed,pending_tasks,1,1,0,0.0,0.0,0.0,84,406,4.83,1.1124079999262904,10
gen_product_analytics_002,mem0_style,product/analytics,synthetic,mixed,decisions,4,1,0,0.0,0.0,0.0,84,406,4.83,1.1124079999262904,10
gen_product_analytics_002,mem0_style,product/analytics,synthetic,mixed,files,4,3,2,0.6667,0.5,0.5714,84,406,4.83,1.1124079999262904,10
gen_product_analytics_002,mem0_style,product/analytics,synthetic,mixed,errors,3,2,2,1.0,0.6667,0.8,84,406,4.83,1.1124079999262904,10
gen_product_analytics_002,memgpt_style,product/analytics,synthetic,mixed,completed_tasks,4,1,1,1.0,0.25,0.4,43,406,9.44,0.4252789999554807,4
gen_product_analytics_002,memgpt_style,product/analytics,synthetic,mixed,pending_tasks,1,0,0,1.0,0.0,0.0,43,406,9.44,0.4252789999554807,4
gen_product_analytics_002,memgpt_style,product/analytics,synthetic,mixed,decisions,4,1,0,0.0,0.0,0.0,43,406,9.44,0.4252789999554807,4
gen_product_analytics_002,memgpt_style,product/analytics,synthetic,mixed,files,4,1,0,0.0,0.0,0.0,43,406,9.44,0.4252789999554807,4
gen_product_analytics_002,memgpt_style,product/analytics,synthetic,mixed,errors,3,1,1,1.0,0.3333,0.5,43,406,9.44,0.4252789999554807,4
gen_product_analytics_002,sliding_window_10,product/analytics,synthetic,mixed,completed_tasks,4,12,2,0.1667,0.5,0.25,176,406,2.31,0.003302000095573021,12
gen_product_analytics_002,sliding_window_10,product/analytics,synthetic,mixed,pending_tasks,1,12,1,0.0833,1.0,0.1538,176,406,2.31,0.003302000095573021,12
gen_product_analytics_002,sliding_window_10,product/analytics,synthetic,mixed,decisions,4,12,1,0.0833,0.25,0.125,176,406,2.31,0.003302000095573021,12
gen_product_analytics_002,sliding_window_10,product/analytics,synthetic,mixed,files,4,12,1,0.0833,0.25,0.125,176,406,2.31,0.003302000095573021,12
gen_product_analytics_002,sliding_window_10,product/analytics,synthetic,mixed,errors,3,12,2,0.1667,0.6667,0.2667,176,406,2.31,0.003302000095573021,12
gen_product_analytics_002,naive_truncation,product/analytics,synthetic,mixed,completed_tasks,4,21,3,0.1429,0.75,0.24,308,406,1.32,0.018498000144973048,21
gen_product_analytics_002,naive_truncation,product/analytics,synthetic,mixed,pending_tasks,1,21,1,0.0476,1.0,0.0909,308,406,1.32,0.018498000144973048,21
gen_product_analytics_002,naive_truncation,product/analytics,synthetic,mixed,decisions,4,21,3,0.1429,0.75,0.24,308,406,1.32,0.018498000144973048,21
gen_product_analytics_002,naive_truncation,product/analytics,synthetic,mixed,files,4,21,3,0.1429,0.75,0.24,308,406,1.32,0.018498000144973048,21
gen_product_analytics_002,naive_truncation,product/analytics,synthetic,mixed,errors,3,21,3,0.1429,1.0,0.25,308,406,1.32,0.018498000144973048,21
gen_product_analytics_002,naive_summary,product/analytics,synthetic,mixed,completed_tasks,4,14,1,0.0714,0.25,0.1111,198,406,2.05,0.0379629998406017,14
gen_product_analytics_002,naive_summary,product/analytics,synthetic,mixed,pending_tasks,1,14,0,0.0,0.0,0.0,198,406,2.05,0.0379629998406017,14
gen_product_analytics_002,naive_summary,product/analytics,synthetic,mixed,decisions,4,14,3,0.2143,0.75,0.3333,198,406,2.05,0.0379629998406017,14
gen_product_analytics_002,naive_summary,product/analytics,synthetic,mixed,files,4,14,3,0.2143,0.75,0.3333,198,406,2.05,0.0379629998406017,14
gen_product_analytics_002,naive_summary,product/analytics,synthetic,mixed,errors,3,14,0,0.0,0.0,0.0,198,406,2.05,0.0379629998406017,14
gen_product_analytics_003,tokenmizer_v0.5.2,product/analytics,synthetic,mixed,completed_tasks,4,1,1,1.0,0.25,0.4,81,300,3.7,40.10431500000777,8
gen_product_analytics_003,tokenmizer_v0.5.2,product/analytics,synthetic,mixed,pending_tasks,2,1,1,1.0,0.5,0.6667,81,300,3.7,40.10431500000777,8
gen_product_analytics_003,tokenmizer_v0.5.2,product/analytics,synthetic,mixed,decisions,2,2,2,1.0,1.0,1.0,81,300,3.7,40.10431500000777,8
gen_product_analytics_003,tokenmizer_v0.5.2,product/analytics,synthetic,mixed,files,4,4,4,1.0,1.0,1.0,81,300,3.7,40.10431500000777,8
gen_product_analytics_003,tokenmizer_v0.5.2,product/analytics,synthetic,mixed,errors,2,0,0,1.0,0.0,0.0,81,300,3.7,40.10431500000777,8
gen_product_analytics_003,graphiti_style,product/analytics,synthetic,mixed,completed_tasks,4,2,1,0.5,0.25,0.3333,118,300,2.54,0.9177710001040396,12
gen_product_analytics_003,graphiti_style,product/analytics,synthetic,mixed,pending_tasks,2,2,1,0.5,0.5,0.5,118,300,2.54,0.9177710001040396,12
gen_product_analytics_003,graphiti_style,product/analytics,synthetic,mixed,decisions,2,2,2,1.0,1.0,1.0,118,300,2.54,0.9177710001040396,12
gen_product_analytics_003,graphiti_style,product/analytics,synthetic,mixed,files,4,4,3,0.75,0.75,0.75,118,300,2.54,0.9177710001040396,12
gen_product_analytics_003,graphiti_style,product/analytics,synthetic,mixed,errors,2,2,2,1.0,1.0,1.0,118,300,2.54,0.9177710001040396,12
gen_product_analytics_003,graphrag_style,product/analytics,synthetic,mixed,completed_tasks,4,0,0,1.0,0.0,0.0,99,300,3.03,0.39657199999965087,10
gen_product_analytics_003,graphrag_style,product/analytics,synthetic,mixed,pending_tasks,2,2,1,0.5,0.5,0.5,99,300,3.03,0.39657199999965087,10
gen_product_analytics_003,graphrag_style,product/analytics,synthetic,mixed,decisions,2,2,2,1.0,1.0,1.0,99,300,3.03,0.39657199999965087,10
gen_product_analytics_003,graphrag_style,product/analytics,synthetic,mixed,files,4,4,3,0.75,0.75,0.75,99,300,3.03,0.39657199999965087,10
gen_product_analytics_003,graphrag_style,product/analytics,synthetic,mixed,errors,2,2,2,1.0,1.0,1.0,99,300,3.03,0.39657199999965087,10
gen_product_analytics_003,mem0_style,product/analytics,synthetic,mixed,completed_tasks,4,2,1,0.5,0.25,0.3333,117,300,2.56,0.7742880000023433,12
gen_product_analytics_003,mem0_style,product/analytics,synthetic,mixed,pending_tasks,2,2,1,0.5,0.5,0.5,117,300,2.56,0.7742880000023433,12
gen_product_analytics_003,mem0_style,product/analytics,synthetic,mixed,decisions,2,2,2,1.0,1.0,1.0,117,300,2.56,0.7742880000023433,12
gen_product_analytics_003,mem0_style,product/analytics,synthetic,mixed,files,4,4,3,0.75,0.75,0.75,117,300,2.56,0.7742880000023433,12
gen_product_analytics_003,mem0_style,product/analytics,synthetic,mixed,errors,2,2,2,1.0,1.0,1.0,117,300,2.56,0.7742880000023433,12
gen_product_analytics_003,memgpt_style,product/analytics,synthetic,mixed,completed_tasks,4,1,1,1.0,0.25,0.4,70,300,4.29,0.3475850000995706,5
gen_product_analytics_003,memgpt_style,product/analytics,synthetic,mixed,pending_tasks,2,1,1,1.0,0.5,0.6667,70,300,4.29,0.3475850000995706,5
gen_product_analytics_003,memgpt_style,product/analytics,synthetic,mixed,decisions,2,1,1,1.0,0.5,0.6667,70,300,4.29,0.3475850000995706,5
gen_product_analytics_003,memgpt_style,product/analytics,synthetic,mixed,files,4,1,1,1.0,0.25,0.4,70,300,4.29,0.3475850000995706,5
gen_product_analytics_003,memgpt_style,product/analytics,synthetic,mixed,errors,2,1,1,1.0,0.5,0.6667,70,300,4.29,0.3475850000995706,5
gen_product_analytics_003,sliding_window_10,product/analytics,synthetic,mixed,completed_tasks,4,12,2,0.1667,0.5,0.25,151,300,1.99,0.002514000016162754,12
gen_product_analytics_003,sliding_window_10,product/analytics,synthetic,mixed,pending_tasks,2,12,2,0.1667,1.0,0.2857,151,300,1.99,0.002514000016162754,12
gen_product_analytics_003,sliding_window_10,product/analytics,synthetic,mixed,decisions,2,12,1,0.0833,0.5,0.1429,151,300,1.99,0.002514000016162754,12
gen_product_analytics_003,sliding_window_10,product/analytics,synthetic,mixed,files,4,12,1,0.0833,0.25,0.125,151,300,1.99,0.002514000016162754,12
gen_product_analytics_003,sliding_window_10,product/analytics,synthetic,mixed,errors,2,12,1,0.0833,0.5,0.1429,151,300,1.99,0.002514000016162754,12
gen_product_analytics_003,naive_truncation,product/analytics,synthetic,mixed,completed_tasks,4,27,4,0.1481,1.0,0.2581,313,300,0.96,0.014892999843141297,27
gen_product_analytics_003,naive_truncation,product/analytics,synthetic,mixed,pending_tasks,2,27,2,0.0741,1.0,0.1379,313,300,0.96,0.014892999843141297,27
gen_product_analytics_003,naive_truncation,product/analytics,synthetic,mixed,decisions,2,27,2,0.0741,1.0,0.1379,313,300,0.96,0.014892999843141297,27
gen_product_analytics_003,naive_truncation,product/analytics,synthetic,mixed,files,4,27,4,0.1481,1.0,0.2581,313,300,0.96,0.014892999843141297,27
gen_product_analytics_003,naive_truncation,product/analytics,synthetic,mixed,errors,2,27,2,0.0741,1.0,0.1379,313,300,0.96,0.014892999843141297,27
gen_product_analytics_003,naive_summary,product/analytics,synthetic,mixed,completed_tasks,4,18,3,0.1667,0.75,0.2727,198,300,1.52,0.02061899999716843,18
gen_product_analytics_003,naive_summary,product/analytics,synthetic,mixed,pending_tasks,2,18,0,0.0,0.0,0.0,198,300,1.52,0.02061899999716843,18
gen_product_analytics_003,naive_summary,product/analytics,synthetic,mixed,decisions,2,18,1,0.0556,0.5,0.1,198,300,1.52,0.02061899999716843,18
gen_product_analytics_003,naive_summary,product/analytics,synthetic,mixed,files,4,18,3,0.1667,0.75,0.2727,198,300,1.52,0.02061899999716843,18
gen_product_analytics_003,naive_summary,product/analytics,synthetic,mixed,errors,2,18,1,0.0556,0.5,0.1,198,300,1.52,0.02061899999716843,18
gen_product_analytics_004,tokenmizer_v0.5.2,product/analytics,synthetic,mixed,completed_tasks,5,3,3,1.0,0.6,0.75,127,438,3.45,44.99288099987098,12
gen_product_analytics_004,tokenmizer_v0.5.2,product/analytics,synthetic,mixed,pending_tasks,3,2,2,1.0,0.6667,0.8,127,438,3.45,44.99288099987098,12
gen_product_analytics_004,tokenmizer_v0.5.2,product/analytics,synthetic,mixed,decisions,4,3,3,1.0,0.75,0.8571,127,438,3.45,44.99288099987098,12
gen_product_analytics_004,tokenmizer_v0.5.2,product/analytics,synthetic,mixed,files,4,4,4,1.0,1.0,1.0,127,438,3.45,44.99288099987098,12
gen_product_analytics_004,tokenmizer_v0.5.2,product/analytics,synthetic,mixed,errors,2,0,0,1.0,0.0,0.0,127,438,3.45,44.99288099987098,12
gen_product_analytics_004,graphiti_style,product/analytics,synthetic,mixed,completed_tasks,5,4,4,1.0,0.8,0.8889,163,438,2.69,1.298441000017192,14
gen_product_analytics_004,graphiti_style,product/analytics,synthetic,mixed,pending_tasks,3,2,2,1.0,0.6667,0.8,163,438,2.69,1.298441000017192,14
gen_product_analytics_004,graphiti_style,product/analytics,synthetic,mixed,decisions,4,3,3,1.0,0.75,0.8571,163,438,2.69,1.298441000017192,14
gen_product_analytics_004,graphiti_style,product/analytics,synthetic,mixed,files,4,4,4,1.0,1.0,1.0,163,438,2.69,1.298441000017192,14
gen_product_analytics_004,graphiti_style,product/analytics,synthetic,mixed,errors,2,1,1,1.0,0.5,0.6667,163,438,2.69,1.298441000017192,14
gen_product_analytics_004,graphrag_style,product/analytics,synthetic,mixed,completed_tasks,5,1,1,1.0,0.2,0.3333,101,438,4.34,0.6137209998087201,10
gen_product_analytics_004,graphrag_style,product/analytics,synthetic,mixed,pending_tasks,3,2,2,1.0,0.6667,0.8,101,438,4.34,0.6137209998087201,10
gen_product_analytics_004,graphrag_style,product/analytics,synthetic,mixed,decisions,4,3,3,1.0,0.75,0.8571,101,438,4.34,0.6137209998087201,10
gen_product_analytics_004,graphrag_style,product/analytics,synthetic,mixed,files,4,4,4,1.0,1.0,1.0,101,438,4.34,0.6137209998087201,10
gen_product_analytics_004,graphrag_style,product/analytics,synthetic,mixed,errors,2,0,0,1.0,0.0,0.0,101,438,4.34,0.6137209998087201,10
gen_product_analytics_004,mem0_style,product/analytics,synthetic,mixed,completed_tasks,5,4,4,1.0,0.8,0.8889,162,438,2.7,1.2194119999549002,14
gen_product_analytics_004,mem0_style,product/analytics,synthetic,mixed,pending_tasks,3,2,2,1.0,0.6667,0.8,162,438,2.7,1.2194119999549002,14
gen_product_analytics_004,mem0_style,product/analytics,synthetic,mixed,decisions,4,3,3,1.0,0.75,0.8571,162,438,2.7,1.2194119999549002,14
gen_product_analytics_004,mem0_style,product/analytics,synthetic,mixed,files,4,4,4,1.0,1.0,1.0,162,438,2.7,1.2194119999549002,14
gen_product_analytics_004,mem0_style,product/analytics,synthetic,mixed,errors,2,1,1,1.0,0.5,0.6667,162,438,2.7,1.2194119999549002,14
gen_product_analytics_004,memgpt_style,product/analytics,synthetic,mixed,completed_tasks,5,2,2,1.0,0.4,0.5714,78,438,5.62,0.4583009999805654,6
gen_product_analytics_004,memgpt_style,product/analytics,synthetic,mixed,pending_tasks,3,0,0,1.0,0.0,0.0,78,438,5.62,0.4583009999805654,6
gen_product_analytics_004,memgpt_style,product/analytics,synthetic,mixed,decisions,4,2,2,1.0,0.5,0.6667,78,438,5.62,0.4583009999805654,6
gen_product_analytics_004,memgpt_style,product/analytics,synthetic,mixed,files,4,2,2,1.0,0.5,0.6667,78,438,5.62,0.4583009999805654,6
gen_product_analytics_004,memgpt_style,product/analytics,synthetic,mixed,errors,2,0,0,1.0,0.0,0.0,78,438,5.62,0.4583009999805654,6
gen_product_analytics_004,sliding_window_10,product/analytics,synthetic,mixed,completed_tasks,5,13,3,0.2308,0.6,0.3333,191,438,2.29,0.0031790000321052503,13
gen_product_analytics_004,sliding_window_10,product/analytics,synthetic,mixed,pending_tasks,3,13,1,0.0769,0.3333,0.125,191,438,2.29,0.0031790000321052503,13
gen_product_analytics_004,sliding_window_10,product/analytics,synthetic,mixed,decisions,4,13,2,0.1538,0.5,0.2353,191,438,2.29,0.0031790000321052503,13
gen_product_analytics_004,sliding_window_10,product/analytics,synthetic,mixed,files,4,13,2,0.1538,0.5,0.2353,191,438,2.29,0.0031790000321052503,13
gen_product_analytics_004,sliding_window_10,product/analytics,synthetic,mixed,errors,2,13,0,0.0,0.0,0.0,191,438,2.29,0.0031790000321052503,13
gen_product_analytics_004,naive_truncation,product/analytics,synthetic,mixed,completed_tasks,5,22,4,0.1818,0.8,0.2963,313,438,1.4,0.013839000075677177,22
gen_product_analytics_004,naive_truncation,product/analytics,synthetic,mixed,pending_tasks,3,22,2,0.0909,0.6667,0.16,313,438,1.4,0.013839000075677177,22
gen_product_analytics_004,naive_truncation,product/analytics,synthetic,mixed,decisions,4,22,2,0.0909,0.5,0.1538,313,438,1.4,0.013839000075677177,22
gen_product_analytics_004,naive_truncation,product/analytics,synthetic,mixed,files,4,22,4,0.1818,1.0,0.3077,313,438,1.4,0.013839000075677177,22
gen_product_analytics_004,naive_truncation,product/analytics,synthetic,mixed,errors,2,22,1,0.0455,0.5,0.0833,313,438,1.4,0.013839000075677177,22
gen_product_analytics_004,naive_summary,product/analytics,synthetic,mixed,completed_tasks,5,13,1,0.0769,0.2,0.1111,188,438,2.33,0.0488499999846681,13
gen_product_analytics_004,naive_summary,product/analytics,synthetic,mixed,pending_tasks,3,13,1,0.0769,0.3333,0.125,188,438,2.33,0.0488499999846681,13
gen_product_analytics_004,naive_summary,product/analytics,synthetic,mixed,decisions,4,13,2,0.1538,0.5,0.2353,188,438,2.33,0.0488499999846681,13
gen_product_analytics_004,naive_summary,product/analytics,synthetic,mixed,files,4,13,0,0.0,0.0,0.0,188,438,2.33,0.0488499999846681,13
gen_product_analytics_004,naive_summary,product/analytics,synthetic,mixed,errors,2,13,2,0.1538,1.0,0.2667,188,438,2.33,0.0488499999846681,13
gen_product_analytics_005,tokenmizer_v0.5.2,product/analytics,synthetic,mixed,completed_tasks,6,3,3,1.0,0.5,0.6667,116,427,3.68,44.7058190000007,12
gen_product_analytics_005,tokenmizer_v0.5.2,product/analytics,synthetic,mixed,pending_tasks,3,1,1,1.0,0.3333,0.5,116,427,3.68,44.7058190000007,12
gen_product_analytics_005,tokenmizer_v0.5.2,product/analytics,synthetic,mixed,decisions,6,3,3,1.0,0.5,0.6667,116,427,3.68,44.7058190000007,12
gen_product_analytics_005,tokenmizer_v0.5.2,product/analytics,synthetic,mixed,files,5,5,5,1.0,1.0,1.0,116,427,3.68,44.7058190000007,12
gen_product_analytics_005,graphiti_style,product/analytics,synthetic,mixed,completed_tasks,6,4,3,0.75,0.5,0.6,128,427,3.34,1.2364520000573975,15
gen_product_analytics_005,graphiti_style,product/analytics,synthetic,mixed,pending_tasks,3,2,1,0.5,0.3333,0.4,128,427,3.34,1.2364520000573975,15
gen_product_analytics_005,graphiti_style,product/analytics,synthetic,mixed,decisions,6,5,4,0.8,0.6667,0.7273,128,427,3.34,1.2364520000573975,15
gen_product_analytics_005,graphiti_style,product/analytics,synthetic,mixed,files,5,4,4,1.0,0.8,0.8889,128,427,3.34,1.2364520000573975,15
gen_product_analytics_005,graphrag_style,product/analytics,synthetic,mixed,completed_tasks,6,1,1,1.0,0.1667,0.2857,98,427,4.36,0.6236799999896903,11
gen_product_analytics_005,graphrag_style,product/analytics,synthetic,mixed,pending_tasks,3,2,1,0.5,0.3333,0.4,98,427,4.36,0.6236799999896903,11
gen_product_analytics_005,graphrag_style,product/analytics,synthetic,mixed,decisions,6,4,4,1.0,0.6667,0.8,98,427,4.36,0.6236799999896903,11
gen_product_analytics_005,graphrag_style,product/analytics,synthetic,mixed,files,5,4,4,1.0,0.8,0.8889,98,427,4.36,0.6236799999896903,11
gen_product_analytics_005,mem0_style,product/analytics,synthetic,mixed,completed_tasks,6,4,3,0.75,0.5,0.6,127,427,3.36,1.2062480000167852,15
gen_product_analytics_005,mem0_style,product/analytics,synthetic,mixed,pending_tasks,3,2,1,0.5,0.3333,0.4,127,427,3.36,1.2062480000167852,15
gen_product_analytics_005,mem0_style,product/analytics,synthetic,mixed,decisions,6,5,4,0.8,0.6667,0.7273,127,427,3.36,1.2062480000167852,15
gen_product_analytics_005,mem0_style,product/analytics,synthetic,mixed,files,5,4,4,1.0,0.8,0.8889,127,427,3.36,1.2062480000167852,15
gen_product_analytics_005,memgpt_style,product/analytics,synthetic,mixed,completed_tasks,6,2,2,1.0,0.3333,0.5,76,427,5.62,0.4077790001701942,7
gen_product_analytics_005,memgpt_style,product/analytics,synthetic,mixed,pending_tasks,3,1,1,1.0,0.3333,0.5,76,427,5.62,0.4077790001701942,7
gen_product_analytics_005,memgpt_style,product/analytics,synthetic,mixed,decisions,6,4,3,0.75,0.5,0.6,76,427,5.62,0.4077790001701942,7
gen_product_analytics_005,memgpt_style,product/analytics,synthetic,mixed,files,5,0,0,1.0,0.0,0.0,76,427,5.62,0.4077790001701942,7
gen_product_analytics_005,sliding_window_10,product/analytics,synthetic,mixed,completed_tasks,6,13,4,0.3077,0.6667,0.4211,178,427,2.4,0.0026720001642388524,13
gen_product_analytics_005,sliding_window_10,product/analytics,synthetic,mixed,pending_tasks,3,13,1,0.0769,0.3333,0.125,178,427,2.4,0.0026720001642388524,13
gen_product_analytics_005,sliding_window_10,product/analytics,synthetic,mixed,decisions,6,13,3,0.2308,0.5,0.3158,178,427,2.4,0.0026720001642388524,13
gen_product_analytics_005,sliding_window_10,product/analytics,synthetic,mixed,files,5,13,0,0.0,0.0,0.0,178,427,2.4,0.0026720001642388524,13
gen_product_analytics_005,sliding_window_10,product/analytics,synthetic,mixed,errors,0,13,0,0.0,1.0,0.0,178,427,2.4,0.0026720001642388524,13
gen_product_analytics_005,naive_truncation,product/analytics,synthetic,mixed,completed_tasks,6,22,4,0.1818,0.6667,0.2857,309,427,1.38,0.011788999927375698,22
gen_product_analytics_005,naive_truncation,product/analytics,synthetic,mixed,pending_tasks,3,22,3,0.1364,1.0,0.24,309,427,1.38,0.011788999927375698,22
gen_product_analytics_005,naive_truncation,product/analytics,synthetic,mixed,decisions,6,22,5,0.2273,0.8333,0.3571,309,427,1.38,0.011788999927375698,22
gen_product_analytics_005,naive_truncation,product/analytics,synthetic,mixed,files,5,22,2,0.0909,0.4,0.1481,309,427,1.38,0.011788999927375698,22
gen_product_analytics_005,naive_truncation,product/analytics,synthetic,mixed,errors,0,22,0,0.0,1.0,0.0,309,427,1.38,0.011788999927375698,22
gen_product_analytics_005,naive_summary,product/analytics,synthetic,mixed,completed_tasks,6,19,2,0.1053,0.3333,0.16,202,427,2.11,0.04285899990463804,19
gen_product_analytics_005,naive_summary,product/analytics,synthetic,mixed,pending_tasks,3,19,2,0.1053,0.6667,0.1818,202,427,2.11,0.04285899990463804,19
gen_product_analytics_005,naive_summary,product/analytics,synthetic,mixed,decisions,6,19,1,0.0526,0.1667,0.08,202,427,2.11,0.04285899990463804,19
gen_product_analytics_005,naive_summary,product/analytics,synthetic,mixed,files,5,19,4,0.2105,0.8,0.3333,202,427,2.11,0.04285899990463804,19
gen_product_analytics_005,naive_summary,product/analytics,synthetic,mixed,errors,0,19,0,0.0,1.0,0.0,202,427,2.11,0.04285899990463804,19
gen_research_writing_001,tokenmizer_v0.5.2,research/writing,synthetic,mixed,completed_tasks,4,2,2,1.0,0.5,0.6667,96,295,3.07,48.73086699990381,11
gen_research_writing_001,tokenmizer_v0.5.2,research/writing,synthetic,mixed,pending_tasks,2,1,1,1.0,0.5,0.6667,96,295,3.07,48.73086699990381,11
gen_research_writing_001,tokenmizer_v0.5.2,research/writing,synthetic,mixed,decisions,3,3,3,1.0,1.0,1.0,96,295,3.07,48.73086699990381,11
gen_research_writing_001,tokenmizer_v0.5.2,research/writing,synthetic,mixed,files,5,5,5,1.0,1.0,1.0,96,295,3.07,48.73086699990381,11
gen_research_writing_001,graphiti_style,research/writing,synthetic,mixed,completed_tasks,4,4,2,0.5,0.5,0.5,109,295,2.71,0.7962579998093133,14
gen_research_writing_001,graphiti_style,research/writing,synthetic,mixed,pending_tasks,2,3,1,0.3333,0.5,0.4,109,295,2.71,0.7962579998093133,14
gen_research_writing_001,graphiti_style,research/writing,synthetic,mixed,decisions,3,3,3,1.0,1.0,1.0,109,295,2.71,0.7962579998093133,14
gen_research_writing_001,graphiti_style,research/writing,synthetic,mixed,files,5,4,4,1.0,0.8,0.8889,109,295,2.71,0.7962579998093133,14
gen_research_writing_001,graphrag_style,research/writing,synthetic,mixed,completed_tasks,4,2,2,1.0,0.5,0.6667,92,295,3.21,0.4972589999852062,11
gen_research_writing_001,graphrag_style,research/writing,synthetic,mixed,pending_tasks,2,2,0,0.0,0.0,0.0,92,295,3.21,0.4972589999852062,11
gen_research_writing_001,graphrag_style,research/writing,synthetic,mixed,decisions,3,3,3,1.0,1.0,1.0,92,295,3.21,0.4972589999852062,11
gen_research_writing_001,graphrag_style,research/writing,synthetic,mixed,files,5,4,4,1.0,0.8,0.8889,92,295,3.21,0.4972589999852062,11
gen_research_writing_001,mem0_style,research/writing,synthetic,mixed,completed_tasks,4,4,2,0.5,0.5,0.5,108,295,2.73,0.8002409999789961,14
gen_research_writing_001,mem0_style,research/writing,synthetic,mixed,pending_tasks,2,3,1,0.3333,0.5,0.4,108,295,2.73,0.8002409999789961,14
gen_research_writing_001,mem0_style,research/writing,synthetic,mixed,decisions,3,3,3,1.0,1.0,1.0,108,295,2.73,0.8002409999789961,14
gen_research_writing_001,mem0_style,research/writing,synthetic,mixed,files,5,4,4,1.0,0.8,0.8889,108,295,2.73,0.8002409999789961,14
gen_research_writing_001,memgpt_style,research/writing,synthetic,mixed,completed_tasks,4,2,1,0.5,0.25,0.3333,49,295,6.02,0.4180730002190103,6
gen_research_writing_001,memgpt_style,research/writing,synthetic,mixed,pending_tasks,2,1,0,0.0,0.0,0.0,49,295,6.02,0.4180730002190103,6
gen_research_writing_001,memgpt_style,research/writing,synthetic,mixed,decisions,3,1,1,1.0,0.3333,0.5,49,295,6.02,0.4180730002190103,6
gen_research_writing_001,memgpt_style,research/writing,synthetic,mixed,files,5,2,2,1.0,0.4,0.5714,49,295,6.02,0.4180730002190103,6
gen_research_writing_001,sliding_window_10,research/writing,synthetic,mixed,completed_tasks,4,11,2,0.1818,0.5,0.2667,136,295,2.17,0.0034049999158014543,11
gen_research_writing_001,sliding_window_10,research/writing,synthetic,mixed,pending_tasks,2,11,1,0.0909,0.5,0.1538,136,295,2.17,0.0034049999158014543,11
gen_research_writing_001,sliding_window_10,research/writing,synthetic,mixed,decisions,3,11,1,0.0909,0.3333,0.1429,136,295,2.17,0.0034049999158014543,11
gen_research_writing_001,sliding_window_10,research/writing,synthetic,mixed,files,5,11,2,0.1818,0.4,0.25,136,295,2.17,0.0034049999158014543,11
gen_research_writing_001,sliding_window_10,research/writing,synthetic,mixed,errors,0,11,0,0.0,1.0,0.0,136,295,2.17,0.0034049999158014543,11
gen_research_writing_001,naive_truncation,research/writing,synthetic,mixed,completed_tasks,4,27,4,0.1481,1.0,0.2581,309,295,0.95,0.014426000007006223,27
gen_research_writing_001,naive_truncation,research/writing,synthetic,mixed,pending_tasks,2,27,2,0.0741,1.0,0.1379,309,295,0.95,0.014426000007006223,27
gen_research_writing_001,naive_truncation,research/writing,synthetic,mixed,decisions,3,27,3,0.1111,1.0,0.2,309,295,0.95,0.014426000007006223,27
gen_research_writing_001,naive_truncation,research/writing,synthetic,mixed,files,5,27,5,0.1852,1.0,0.3125,309,295,0.95,0.014426000007006223,27
gen_research_writing_001,naive_truncation,research/writing,synthetic,mixed,errors,0,27,0,0.0,1.0,0.0,309,295,0.95,0.014426000007006223,27
gen_research_writing_001,naive_summary,research/writing,synthetic,mixed,completed_tasks,4,18,2,0.1111,0.5,0.1818,182,295,1.62,0.04000400008408178,18
gen_research_writing_001,naive_summary,research/writing,synthetic,mixed,pending_tasks,2,18,1,0.0556,0.5,0.1,182,295,1.62,0.04000400008408178,18
gen_research_writing_001,naive_summary,research/writing,synthetic,mixed,decisions,3,18,2,0.1111,0.6667,0.1905,182,295,1.62,0.04000400008408178,18
gen_research_writing_001,naive_summary,research/writing,synthetic,mixed,files,5,18,3,0.1667,0.6,0.2609,182,295,1.62,0.04000400008408178,18
gen_research_writing_001,naive_summary,research/writing,synthetic,mixed,errors,0,18,0,0.0,1.0,0.0,182,295,1.62,0.04000400008408178,18
gen_research_writing_002,tokenmizer_v0.5.2,research/writing,synthetic,mixed,completed_tasks,6,3,2,0.6667,0.3333,0.4444,110,307,2.79,40.659685000036916,11
gen_research_writing_002,tokenmizer_v0.5.2,research/writing,synthetic,mixed,pending_tasks,1,1,1,1.0,1.0,1.0,110,307,2.79,40.659685000036916,11
gen_research_writing_002,tokenmizer_v0.5.2,research/writing,synthetic,mixed,decisions,5,3,3,1.0,0.6,0.75,110,307,2.79,40.659685000036916,11
gen_research_writing_002,tokenmizer_v0.5.2,research/writing,synthetic,mixed,files,4,4,4,1.0,1.0,1.0,110,307,2.79,40.659685000036916,11
gen_research_writing_002,graphiti_style,research/writing,synthetic,mixed,completed_tasks,6,5,2,0.4,0.3333,0.3636,103,307,2.98,0.8492080000905844,11
gen_research_writing_002,graphiti_style,research/writing,synthetic,mixed,pending_tasks,1,1,1,1.0,1.0,1.0,103,307,2.98,0.8492080000905844,11
gen_research_writing_002,graphiti_style,research/writing,synthetic,mixed,decisions,5,3,3,1.0,0.6,0.75,103,307,2.98,0.8492080000905844,11
gen_research_writing_002,graphiti_style,research/writing,synthetic,mixed,files,4,2,2,1.0,0.5,0.6667,103,307,2.98,0.8492080000905844,11
gen_research_writing_002,graphrag_style,research/writing,synthetic,mixed,completed_tasks,6,0,0,1.0,0.0,0.0,54,307,5.69,0.5389499999637337,5
gen_research_writing_002,graphrag_style,research/writing,synthetic,mixed,pending_tasks,1,0,0,1.0,0.0,0.0,54,307,5.69,0.5389499999637337,5
gen_research_writing_002,graphrag_style,research/writing,synthetic,mixed,decisions,5,3,3,1.0,0.6,0.75,54,307,5.69,0.5389499999637337,5
gen_research_writing_002,graphrag_style,research/writing,synthetic,mixed,files,4,2,2,1.0,0.5,0.6667,54,307,5.69,0.5389499999637337,5
gen_research_writing_002,mem0_style,research/writing,synthetic,mixed,completed_tasks,6,5,2,0.4,0.3333,0.3636,102,307,3.01,0.8775179999247484,11
gen_research_writing_002,mem0_style,research/writing,synthetic,mixed,pending_tasks,1,1,1,1.0,1.0,1.0,102,307,3.01,0.8775179999247484,11
gen_research_writing_002,mem0_style,research/writing,synthetic,mixed,decisions,5,3,3,1.0,0.6,0.75,102,307,3.01,0.8775179999247484,11
gen_research_writing_002,mem0_style,research/writing,synthetic,mixed,files,4,2,2,1.0,0.5,0.6667,102,307,3.01,0.8775179999247484,11
gen_research_writing_002,memgpt_style,research/writing,synthetic,mixed,completed_tasks,6,2,1,0.5,0.1667,0.25,36,307,8.53,0.2723039999636967,3
gen_research_writing_002,memgpt_style,research/writing,synthetic,mixed,pending_tasks,1,0,0,1.0,0.0,0.0,36,307,8.53,0.2723039999636967,3
gen_research_writing_002,memgpt_style,research/writing,synthetic,mixed,decisions,5,1,1,1.0,0.2,0.3333,36,307,8.53,0.2723039999636967,3
gen_research_writing_002,memgpt_style,research/writing,synthetic,mixed,files,4,0,0,1.0,0.0,0.0,36,307,8.53,0.2723039999636967,3
gen_research_writing_002,sliding_window_10,research/writing,synthetic,mixed,completed_tasks,6,12,4,0.3333,0.6667,0.4444,114,307,2.69,0.003857999899992137,12
gen_research_writing_002,sliding_window_10,research/writing,synthetic,mixed,pending_tasks,1,12,0,0.0,0.0,0.0,114,307,2.69,0.003857999899992137,12
gen_research_writing_002,sliding_window_10,research/writing,synthetic,mixed,decisions,5,12,1,0.0833,0.2,0.1176,114,307,2.69,0.003857999899992137,12
gen_research_writing_002,sliding_window_10,research/writing,synthetic,mixed,files,4,12,2,0.1667,0.5,0.25,114,307,2.69,0.003857999899992137,12
gen_research_writing_002,sliding_window_10,research/writing,synthetic,mixed,errors,0,12,0,0.0,1.0,0.0,114,307,2.69,0.003857999899992137,12
gen_research_writing_002,naive_truncation,research/writing,synthetic,mixed,completed_tasks,6,28,6,0.2143,1.0,0.3529,315,307,0.97,0.01402099996994366,28
gen_research_writing_002,naive_truncation,research/writing,synthetic,mixed,pending_tasks,1,28,1,0.0357,1.0,0.069,315,307,0.97,0.01402099996994366,28
gen_research_writing_002,naive_truncation,research/writing,synthetic,mixed,decisions,5,28,5,0.1786,1.0,0.303,315,307,0.97,0.01402099996994366,28
gen_research_writing_002,naive_truncation,research/writing,synthetic,mixed,files,4,28,4,0.1429,1.0,0.25,315,307,0.97,0.01402099996994366,28
gen_research_writing_002,naive_truncation,research/writing,synthetic,mixed,errors,0,28,0,0.0,1.0,0.0,315,307,0.97,0.01402099996994366,28
gen_research_writing_002,naive_summary,research/writing,synthetic,mixed,completed_tasks,6,15,1,0.0667,0.1667,0.0952,185,307,1.66,0.03689599998324411,15
gen_research_writing_002,naive_summary,research/writing,synthetic,mixed,pending_tasks,1,15,1,0.0667,1.0,0.125,185,307,1.66,0.03689599998324411,15
gen_research_writing_002,naive_summary,research/writing,synthetic,mixed,decisions,5,15,4,0.2667,0.8,0.4,185,307,1.66,0.03689599998324411,15
gen_research_writing_002,naive_summary,research/writing,synthetic,mixed,files,4,15,2,0.1333,0.5,0.2105,185,307,1.66,0.03689599998324411,15
gen_research_writing_002,naive_summary,research/writing,synthetic,mixed,errors,0,15,0,0.0,1.0,0.0,185,307,1.66,0.03689599998324411,15
gen_research_writing_003,tokenmizer_v0.5.2,research/writing,synthetic,mixed,completed_tasks,6,3,3,1.0,0.5,0.6667,102,477,4.68,46.36192900011338,12
gen_research_writing_003,tokenmizer_v0.5.2,research/writing,synthetic,mixed,pending_tasks,2,1,0,0.0,0.0,0.0,102,477,4.68,46.36192900011338,12
gen_research_writing_003,tokenmizer_v0.5.2,research/writing,synthetic,mixed,decisions,6,1,1,1.0,0.1667,0.2857,102,477,4.68,46.36192900011338,12
gen_research_writing_003,tokenmizer_v0.5.2,research/writing,synthetic,mixed,files,6,6,6,1.0,1.0,1.0,102,477,4.68,46.36192900011338,12
gen_research_writing_003,tokenmizer_v0.5.2,research/writing,synthetic,mixed,errors,2,1,0,0.0,0.0,0.0,102,477,4.68,46.36192900011338,12
gen_research_writing_003,graphiti_style,research/writing,synthetic,mixed,completed_tasks,6,6,3,0.5,0.5,0.5,179,477,2.66,1.251344000138488,21
gen_research_writing_003,graphiti_style,research/writing,synthetic,mixed,pending_tasks,2,4,1,0.25,0.5,0.3333,179,477,2.66,1.251344000138488,21
gen_research_writing_003,graphiti_style,research/writing,synthetic,mixed,decisions,6,4,3,0.75,0.5,0.6,179,477,2.66,1.251344000138488,21
gen_research_writing_003,graphiti_style,research/writing,synthetic,mixed,files,6,5,5,1.0,0.8333,0.9091,179,477,2.66,1.251344000138488,21
gen_research_writing_003,graphiti_style,research/writing,synthetic,mixed,errors,2,2,2,1.0,1.0,1.0,179,477,2.66,1.251344000138488,21
gen_research_writing_003,graphrag_style,research/writing,synthetic,mixed,completed_tasks,6,1,1,1.0,0.1667,0.2857,122,477,3.91,0.7971510001425486,13
gen_research_writing_003,graphrag_style,research/writing,synthetic,mixed,pending_tasks,2,2,0,0.0,0.0,0.0,122,477,3.91,0.7971510001425486,13
gen_research_writing_003,graphrag_style,research/writing,synthetic,mixed,decisions,6,3,3,1.0,0.5,0.6667,122,477,3.91,0.7971510001425486,13
gen_research_writing_003,graphrag_style,research/writing,synthetic,mixed,files,6,5,5,1.0,0.8333,0.9091,122,477,3.91,0.7971510001425486,13
gen_research_writing_003,graphrag_style,research/writing,synthetic,mixed,errors,2,2,2,1.0,1.0,1.0,122,477,3.91,0.7971510001425486,13
gen_research_writing_003,mem0_style,research/writing,synthetic,mixed,completed_tasks,6,6,3,0.5,0.5,0.5,175,477,2.73,1.3327060000847268,20
gen_research_writing_003,mem0_style,research/writing,synthetic,mixed,pending_tasks,2,3,1,0.3333,0.5,0.4,175,477,2.73,1.3327060000847268,20
gen_research_writing_003,mem0_style,research/writing,synthetic,mixed,decisions,6,4,3,0.75,0.5,0.6,175,477,2.73,1.3327060000847268,20
gen_research_writing_003,mem0_style,research/writing,synthetic,mixed,files,6,5,5,1.0,0.8333,0.9091,175,477,2.73,1.3327060000847268,20
gen_research_writing_003,mem0_style,research/writing,synthetic,mixed,errors,2,2,2,1.0,1.0,1.0,175,477,2.73,1.3327060000847268,20
gen_research_writing_003,memgpt_style,research/writing,synthetic,mixed,completed_tasks,6,3,1,0.3333,0.1667,0.2222,81,477,5.89,0.4054070000165666,9
gen_research_writing_003,memgpt_style,research/writing,synthetic,mixed,pending_tasks,2,0,0,1.0,0.0,0.0,81,477,5.89,0.4054070000165666,9
gen_research_writing_003,memgpt_style,research/writing,synthetic,mixed,decisions,6,3,2,0.6667,0.3333,0.4444,81,477,5.89,0.4054070000165666,9
gen_research_writing_003,memgpt_style,research/writing,synthetic,mixed,files,6,2,2,1.0,0.3333,0.5,81,477,5.89,0.4054070000165666,9
gen_research_writing_003,memgpt_style,research/writing,synthetic,mixed,errors,2,1,1,1.0,0.5,0.6667,81,477,5.89,0.4054070000165666,9
gen_research_writing_003,sliding_window_10,research/writing,synthetic,mixed,completed_tasks,6,10,2,0.2,0.3333,0.25,99,477,4.82,0.005287000021780841,10
gen_research_writing_003,sliding_window_10,research/writing,synthetic,mixed,pending_tasks,2,10,0,0.0,0.0,0.0,99,477,4.82,0.005287000021780841,10
gen_research_writing_003,sliding_window_10,research/writing,synthetic,mixed,decisions,6,10,1,0.1,0.1667,0.125,99,477,4.82,0.005287000021780841,10
gen_research_writing_003,sliding_window_10,research/writing,synthetic,mixed,files,6,10,1,0.1,0.1667,0.125,99,477,4.82,0.005287000021780841,10
gen_research_writing_003,sliding_window_10,research/writing,synthetic,mixed,errors,2,10,1,0.1,0.5,0.1667,99,477,4.82,0.005287000021780841,10
gen_research_writing_003,naive_truncation,research/writing,synthetic,mixed,completed_tasks,6,26,4,0.1538,0.6667,0.25,295,477,1.62,0.015263000022969209,26
gen_research_writing_003,naive_truncation,research/writing,synthetic,mixed,pending_tasks,2,26,1,0.0385,0.5,0.0714,295,477,1.62,0.015263000022969209,26
gen_research_writing_003,naive_truncation,research/writing,synthetic,mixed,decisions,6,26,5,0.1923,0.8333,0.3125,295,477,1.62,0.015263000022969209,26
gen_research_writing_003,naive_truncation,research/writing,synthetic,mixed,files,6,26,3,0.1154,0.5,0.1875,295,477,1.62,0.015263000022969209,26
gen_research_writing_003,naive_truncation,research/writing,synthetic,mixed,errors,2,26,1,0.0385,0.5,0.0714,295,477,1.62,0.015263000022969209,26
gen_research_writing_003,naive_summary,research/writing,synthetic,mixed,completed_tasks,6,15,2,0.1333,0.3333,0.1905,182,477,2.62,0.0533919999270438,15
gen_research_writing_003,naive_summary,research/writing,synthetic,mixed,pending_tasks,2,15,0,0.0,0.0,0.0,182,477,2.62,0.0533919999270438,15
gen_research_writing_003,naive_summary,research/writing,synthetic,mixed,decisions,6,15,1,0.0667,0.1667,0.0952,182,477,2.62,0.0533919999270438,15
gen_research_writing_003,naive_summary,research/writing,synthetic,mixed,files,6,15,3,0.2,0.5,0.2857,182,477,2.62,0.0533919999270438,15
gen_research_writing_003,naive_summary,research/writing,synthetic,mixed,errors,2,15,1,0.0667,0.5,0.1176,182,477,2.62,0.0533919999270438,15
gen_research_writing_004,tokenmizer_v0.5.2,research/writing,synthetic,mixed,completed_tasks,4,3,2,0.6667,0.5,0.5714,134,324,2.42,42.96797599999991,13
gen_research_writing_004,tokenmizer_v0.5.2,research/writing,synthetic,mixed,pending_tasks,1,2,1,0.5,1.0,0.6667,134,324,2.42,42.96797599999991,13
gen_research_writing_004,tokenmizer_v0.5.2,research/writing,synthetic,mixed,decisions,5,3,3,1.0,0.6,0.75,134,324,2.42,42.96797599999991,13
gen_research_writing_004,tokenmizer_v0.5.2,research/writing,synthetic,mixed,files,4,4,4,1.0,1.0,1.0,134,324,2.42,42.96797599999991,13
gen_research_writing_004,tokenmizer_v0.5.2,research/writing,synthetic,mixed,errors,1,1,0,0.0,0.0,0.0,134,324,2.42,42.96797599999991,13
gen_research_writing_004,graphiti_style,research/writing,synthetic,mixed,completed_tasks,4,3,2,0.6667,0.5,0.5714,111,324,2.92,0.9100579998175817,12
gen_research_writing_004,graphiti_style,research/writing,synthetic,mixed,pending_tasks,1,1,1,1.0,1.0,1.0,111,324,2.92,0.9100579998175817,12
gen_research_writing_004,graphiti_style,research/writing,synthetic,mixed,decisions,5,5,4,0.8,0.8,0.8,111,324,2.92,0.9100579998175817,12
gen_research_writing_004,graphiti_style,research/writing,synthetic,mixed,files,4,3,3,1.0,0.75,0.8571,111,324,2.92,0.9100579998175817,12
gen_research_writing_004,graphiti_style,research/writing,synthetic,mixed,errors,1,0,0,1.0,0.0,0.0,111,324,2.92,0.9100579998175817,12
gen_research_writing_004,graphrag_style,research/writing,synthetic,mixed,completed_tasks,4,0,0,1.0,0.0,0.0,74,324,4.38,0.45101199998498487,8
gen_research_writing_004,graphrag_style,research/writing,synthetic,mixed,pending_tasks,1,0,0,1.0,0.0,0.0,74,324,4.38,0.45101199998498487,8
gen_research_writing_004,graphrag_style,research/writing,synthetic,mixed,decisions,5,5,4,0.8,0.8,0.8,74,324,4.38,0.45101199998498487,8
gen_research_writing_004,graphrag_style,research/writing,synthetic,mixed,files,4,3,3,1.0,0.75,0.8571,74,324,4.38,0.45101199998498487,8
gen_research_writing_004,graphrag_style,research/writing,synthetic,mixed,errors,1,0,0,1.0,0.0,0.0,74,324,4.38,0.45101199998498487,8
gen_research_writing_004,mem0_style,research/writing,synthetic,mixed,completed_tasks,4,3,2,0.6667,0.5,0.5714,110,324,2.95,0.9144109999397187,12
gen_research_writing_004,mem0_style,research/writing,synthetic,mixed,pending_tasks,1,1,1,1.0,1.0,1.0,110,324,2.95,0.9144109999397187,12
gen_research_writing_004,mem0_style,research/writing,synthetic,mixed,decisions,5,5,4,0.8,0.8,0.8,110,324,2.95,0.9144109999397187,12
gen_research_writing_004,mem0_style,research/writing,synthetic,mixed,files,4,3,3,1.0,0.75,0.8571,110,324,2.95,0.9144109999397187,12
gen_research_writing_004,mem0_style,research/writing,synthetic,mixed,errors,1,0,0,1.0,0.0,0.0,110,324,2.95,0.9144109999397187,12
gen_research_writing_004,memgpt_style,research/writing,synthetic,mixed,completed_tasks,4,1,1,1.0,0.25,0.4,46,324,7.04,0.44962700007999956,4
gen_research_writing_004,memgpt_style,research/writing,synthetic,mixed,pending_tasks,1,0,0,1.0,0.0,0.0,46,324,7.04,0.44962700007999956,4
gen_research_writing_004,memgpt_style,research/writing,synthetic,mixed,decisions,5,2,2,1.0,0.4,0.5714,46,324,7.04,0.44962700007999956,4
gen_research_writing_004,memgpt_style,research/writing,synthetic,mixed,files,4,1,1,1.0,0.25,0.4,46,324,7.04,0.44962700007999956,4
gen_research_writing_004,memgpt_style,research/writing,synthetic,mixed,errors,1,0,0,1.0,0.0,0.0,46,324,7.04,0.44962700007999956,4
gen_research_writing_004,sliding_window_10,research/writing,synthetic,mixed,completed_tasks,4,13,3,0.2308,0.75,0.3529,171,324,1.89,0.004324999963500886,13
gen_research_writing_004,sliding_window_10,research/writing,synthetic,mixed,pending_tasks,1,13,0,0.0,0.0,0.0,171,324,1.89,0.004324999963500886,13
gen_research_writing_004,sliding_window_10,research/writing,synthetic,mixed,decisions,5,13,2,0.1538,0.4,0.2222,171,324,1.89,0.004324999963500886,13
gen_research_writing_004,sliding_window_10,research/writing,synthetic,mixed,files,4,13,2,0.1538,0.5,0.2353,171,324,1.89,0.004324999963500886,13
gen_research_writing_004,sliding_window_10,research/writing,synthetic,mixed,errors,1,13,1,0.0769,1.0,0.1429,171,324,1.89,0.004324999963500886,13
gen_research_writing_004,naive_truncation,research/writing,synthetic,mixed,completed_tasks,4,26,4,0.1538,1.0,0.2667,311,324,1.04,0.014324999938253313,26
gen_research_writing_004,naive_truncation,research/writing,synthetic,mixed,pending_tasks,1,26,1,0.0385,1.0,0.0741,311,324,1.04,0.014324999938253313,26
gen_research_writing_004,naive_truncation,research/writing,synthetic,mixed,decisions,5,26,5,0.1923,1.0,0.3226,311,324,1.04,0.014324999938253313,26
gen_research_writing_004,naive_truncation,research/writing,synthetic,mixed,files,4,26,4,0.1538,1.0,0.2667,311,324,1.04,0.014324999938253313,26
gen_research_writing_004,naive_truncation,research/writing,synthetic,mixed,errors,1,26,1,0.0385,1.0,0.0741,311,324,1.04,0.014324999938253313,26
gen_research_writing_004,naive_summary,research/writing,synthetic,mixed,completed_tasks,4,19,1,0.0526,0.25,0.087,190,324,1.71,0.04209300004731631,19
gen_research_writing_004,naive_summary,research/writing,synthetic,mixed,pending_tasks,1,19,1,0.0526,1.0,0.1,190,324,1.71,0.04209300004731631,19
gen_research_writing_004,naive_summary,research/writing,synthetic,mixed,decisions,5,19,3,0.1579,0.6,0.25,190,324,1.71,0.04209300004731631,19
gen_research_writing_004,naive_summary,research/writing,synthetic,mixed,files,4,19,3,0.1579,0.75,0.2609,190,324,1.71,0.04209300004731631,19
gen_research_writing_004,naive_summary,research/writing,synthetic,mixed,errors,1,19,0,0.0,0.0,0.0,190,324,1.71,0.04209300004731631,19
gen_research_writing_005,tokenmizer_v0.5.2,research/writing,synthetic,mixed,completed_tasks,7,4,4,1.0,0.5714,0.7273,64,326,5.09,42.240876000050775,6
gen_research_writing_005,tokenmizer_v0.5.2,research/writing,synthetic,mixed,pending_tasks,1,0,0,1.0,0.0,0.0,64,326,5.09,42.240876000050775,6
gen_research_writing_005,tokenmizer_v0.5.2,research/writing,synthetic,mixed,decisions,3,0,0,1.0,0.0,0.0,64,326,5.09,42.240876000050775,6
gen_research_writing_005,tokenmizer_v0.5.2,research/writing,synthetic,mixed,files,2,2,2,1.0,1.0,1.0,64,326,5.09,42.240876000050775,6
gen_research_writing_005,graphiti_style,research/writing,synthetic,mixed,completed_tasks,7,5,5,1.0,0.7143,0.8333,106,326,3.08,1.0084989999086247,10
gen_research_writing_005,graphiti_style,research/writing,synthetic,mixed,pending_tasks,1,2,0,0.0,0.0,0.0,106,326,3.08,1.0084989999086247,10
gen_research_writing_005,graphiti_style,research/writing,synthetic,mixed,decisions,3,1,1,1.0,0.3333,0.5,106,326,3.08,1.0084989999086247,10
gen_research_writing_005,graphiti_style,research/writing,synthetic,mixed,files,2,2,2,1.0,1.0,1.0,106,326,3.08,1.0084989999086247,10
gen_research_writing_005,graphrag_style,research/writing,synthetic,mixed,completed_tasks,7,1,1,1.0,0.1429,0.25,50,326,6.52,0.5759359999046865,6
gen_research_writing_005,graphrag_style,research/writing,synthetic,mixed,pending_tasks,1,2,0,0.0,0.0,0.0,50,326,6.52,0.5759359999046865,6
gen_research_writing_005,graphrag_style,research/writing,synthetic,mixed,decisions,3,1,1,1.0,0.3333,0.5,50,326,6.52,0.5759359999046865,6
gen_research_writing_005,graphrag_style,research/writing,synthetic,mixed,files,2,2,2,1.0,1.0,1.0,50,326,6.52,0.5759359999046865,6
gen_research_writing_005,mem0_style,research/writing,synthetic,mixed,completed_tasks,7,5,5,1.0,0.7143,0.8333,105,326,3.1,1.1738880000393692,10
gen_research_writing_005,mem0_style,research/writing,synthetic,mixed,pending_tasks,1,2,0,0.0,0.0,0.0,105,326,3.1,1.1738880000393692,10
gen_research_writing_005,mem0_style,research/writing,synthetic,mixed,decisions,3,1,1,1.0,0.3333,0.5,105,326,3.1,1.1738880000393692,10
gen_research_writing_005,mem0_style,research/writing,synthetic,mixed,files,2,2,2,1.0,1.0,1.0,105,326,3.1,1.1738880000393692,10
gen_research_writing_005,memgpt_style,research/writing,synthetic,mixed,completed_tasks,7,2,2,1.0,0.2857,0.4444,49,326,6.65,0.2980720000778092,4
gen_research_writing_005,memgpt_style,research/writing,synthetic,mixed,pending_tasks,1,0,0,1.0,0.0,0.0,49,326,6.65,0.2980720000778092,4
gen_research_writing_005,memgpt_style,research/writing,synthetic,mixed,decisions,3,1,1,1.0,0.3333,0.5,49,326,6.65,0.2980720000778092,4
gen_research_writing_005,memgpt_style,research/writing,synthetic,mixed,files,2,1,1,1.0,0.5,0.6667,49,326,6.65,0.2980720000778092,4
gen_research_writing_005,sliding_window_10,research/writing,synthetic,mixed,completed_tasks,7,11,3,0.2727,0.4286,0.3333,142,326,2.3,0.005441999974209466,11
gen_research_writing_005,sliding_window_10,research/writing,synthetic,mixed,pending_tasks,1,11,1,0.0909,1.0,0.1667,142,326,2.3,0.005441999974209466,11
gen_research_writing_005,sliding_window_10,research/writing,synthetic,mixed,decisions,3,11,1,0.0909,0.3333,0.1429,142,326,2.3,0.005441999974209466,11
gen_research_writing_005,sliding_window_10,research/writing,synthetic,mixed,files,2,11,1,0.0909,0.5,0.1538,142,326,2.3,0.005441999974209466,11
gen_research_writing_005,sliding_window_10,research/writing,synthetic,mixed,errors,0,11,0,0.0,1.0,0.0,142,326,2.3,0.005441999974209466,11
gen_research_writing_005,naive_truncation,research/writing,synthetic,mixed,completed_tasks,7,21,7,0.3333,1.0,0.5,287,326,1.14,0.013251999916974455,21
gen_research_writing_005,naive_truncation,research/writing,synthetic,mixed,pending_tasks,1,21,1,0.0476,1.0,0.0909,287,326,1.14,0.013251999916974455,21
gen_research_writing_005,naive_truncation,research/writing,synthetic,mixed,decisions,3,21,2,0.0952,0.6667,0.1667,287,326,1.14,0.013251999916974455,21
gen_research_writing_005,naive_truncation,research/writing,synthetic,mixed,files,2,21,2,0.0952,1.0,0.1739,287,326,1.14,0.013251999916974455,21
gen_research_writing_005,naive_truncation,research/writing,synthetic,mixed,errors,0,21,0,0.0,1.0,0.0,287,326,1.14,0.013251999916974455,21
gen_research_writing_005,naive_summary,research/writing,synthetic,mixed,completed_tasks,7,13,3,0.2308,0.4286,0.3,179,326,1.82,0.04560599995784287,13
gen_research_writing_005,naive_summary,research/writing,synthetic,mixed,pending_tasks,1,13,0,0.0,0.0,0.0,179,326,1.82,0.04560599995784287,13
gen_research_writing_005,naive_summary,research/writing,synthetic,mixed,decisions,3,13,2,0.1538,0.6667,0.25,179,326,1.82,0.04560599995784287,13
gen_research_writing_005,naive_summary,research/writing,synthetic,mixed,files,2,13,1,0.0769,0.5,0.1333,179,326,1.82,0.04560599995784287,13
gen_research_writing_005,naive_summary,research/writing,synthetic,mixed,errors,0,13,0,0.0,1.0,0.0,179,326,1.82,0.04560599995784287,13
gen_security_appsec_001,tokenmizer_v0.5.2,security/appsec,synthetic,mixed,completed_tasks,7,4,4,1.0,0.5714,0.7273,97,337,3.47,47.753204999935406,11
gen_security_appsec_001,tokenmizer_v0.5.2,security/appsec,synthetic,mixed,pending_tasks,3,3,3,1.0,1.0,1.0,97,337,3.47,47.753204999935406,11
gen_security_appsec_001,tokenmizer_v0.5.2,security/appsec,synthetic,mixed,decisions,3,1,1,1.0,0.3333,0.5,97,337,3.47,47.753204999935406,11
gen_security_appsec_001,tokenmizer_v0.5.2,security/appsec,synthetic,mixed,files,3,3,3,1.0,1.0,1.0,97,337,3.47,47.753204999935406,11
gen_security_appsec_001,graphiti_style,security/appsec,synthetic,mixed,completed_tasks,7,5,5,1.0,0.7143,0.8333,125,337,2.7,0.9593849999873783,15
gen_security_appsec_001,graphiti_style,security/appsec,synthetic,mixed,pending_tasks,3,5,3,0.6,1.0,0.75,125,337,2.7,0.9593849999873783,15
gen_security_appsec_001,graphiti_style,security/appsec,synthetic,mixed,decisions,3,2,1,0.5,0.3333,0.4,125,337,2.7,0.9593849999873783,15
gen_security_appsec_001,graphiti_style,security/appsec,synthetic,mixed,files,3,3,3,1.0,1.0,1.0,125,337,2.7,0.9593849999873783,15
gen_security_appsec_001,graphrag_style,security/appsec,synthetic,mixed,completed_tasks,7,3,3,1.0,0.4286,0.6,68,337,4.96,0.4550310000013269,9
gen_security_appsec_001,graphrag_style,security/appsec,synthetic,mixed,pending_tasks,3,2,0,0.0,0.0,0.0,68,337,4.96,0.4550310000013269,9
gen_security_appsec_001,graphrag_style,security/appsec,synthetic,mixed,decisions,3,1,1,1.0,0.3333,0.5,68,337,4.96,0.4550310000013269,9
gen_security_appsec_001,graphrag_style,security/appsec,synthetic,mixed,files,3,3,3,1.0,1.0,1.0,68,337,4.96,0.4550310000013269,9
gen_security_appsec_001,mem0_style,security/appsec,synthetic,mixed,completed_tasks,7,5,5,1.0,0.7143,0.8333,124,337,2.72,0.9497239998381701,15
gen_security_appsec_001,mem0_style,security/appsec,synthetic,mixed,pending_tasks,3,5,3,0.6,1.0,0.75,124,337,2.72,0.9497239998381701,15
gen_security_appsec_001,mem0_style,security/appsec,synthetic,mixed,decisions,3,2,1,0.5,0.3333,0.4,124,337,2.72,0.9497239998381701,15
gen_security_appsec_001,mem0_style,security/appsec,synthetic,mixed,files,3,3,3,1.0,1.0,1.0,124,337,2.72,0.9497239998381701,15
gen_security_appsec_001,memgpt_style,security/appsec,synthetic,mixed,completed_tasks,7,1,1,1.0,0.1429,0.25,49,337,6.88,0.3619849999267899,7
gen_security_appsec_001,memgpt_style,security/appsec,synthetic,mixed,pending_tasks,3,2,1,0.5,0.3333,0.4,49,337,6.88,0.3619849999267899,7
gen_security_appsec_001,memgpt_style,security/appsec,synthetic,mixed,decisions,3,2,1,0.5,0.3333,0.4,49,337,6.88,0.3619849999267899,7
gen_security_appsec_001,memgpt_style,security/appsec,synthetic,mixed,files,3,2,2,1.0,0.6667,0.8,49,337,6.88,0.3619849999267899,7
gen_security_appsec_001,sliding_window_10,security/appsec,synthetic,mixed,completed_tasks,7,11,2,0.1818,0.2857,0.2222,129,337,2.61,0.0030160001642798306,11
gen_security_appsec_001,sliding_window_10,security/appsec,synthetic,mixed,pending_tasks,3,11,1,0.0909,0.3333,0.1429,129,337,2.61,0.0030160001642798306,11
gen_security_appsec_001,sliding_window_10,security/appsec,synthetic,mixed,decisions,3,11,1,0.0909,0.3333,0.1429,129,337,2.61,0.0030160001642798306,11
gen_security_appsec_001,sliding_window_10,security/appsec,synthetic,mixed,files,3,11,2,0.1818,0.6667,0.2857,129,337,2.61,0.0030160001642798306,11
gen_security_appsec_001,sliding_window_10,security/appsec,synthetic,mixed,errors,0,11,0,0.0,1.0,0.0,129,337,2.61,0.0030160001642798306,11
gen_security_appsec_001,naive_truncation,security/appsec,synthetic,mixed,completed_tasks,7,26,7,0.2692,1.0,0.4242,308,337,1.09,0.015329000007113791,26
gen_security_appsec_001,naive_truncation,security/appsec,synthetic,mixed,pending_tasks,3,26,2,0.0769,0.6667,0.1379,308,337,1.09,0.015329000007113791,26
gen_security_appsec_001,naive_truncation,security/appsec,synthetic,mixed,decisions,3,26,3,0.1154,1.0,0.2069,308,337,1.09,0.015329000007113791,26
gen_security_appsec_001,naive_truncation,security/appsec,synthetic,mixed,files,3,26,3,0.1154,1.0,0.2069,308,337,1.09,0.015329000007113791,26
gen_security_appsec_001,naive_truncation,security/appsec,synthetic,mixed,errors,0,26,0,0.0,1.0,0.0,308,337,1.09,0.015329000007113791,26
gen_security_appsec_001,naive_summary,security/appsec,synthetic,mixed,completed_tasks,7,18,5,0.2778,0.7143,0.4,190,337,1.77,0.04233300001033058,18
gen_security_appsec_001,naive_summary,security/appsec,synthetic,mixed,pending_tasks,3,18,2,0.1111,0.6667,0.1905,190,337,1.77,0.04233300001033058,18
gen_security_appsec_001,naive_summary,security/appsec,synthetic,mixed,decisions,3,18,0,0.0,0.0,0.0,190,337,1.77,0.04233300001033058,18
gen_security_appsec_001,naive_summary,security/appsec,synthetic,mixed,files,3,18,1,0.0556,0.3333,0.0952,190,337,1.77,0.04233300001033058,18
gen_security_appsec_001,naive_summary,security/appsec,synthetic,mixed,errors,0,18,0,0.0,1.0,0.0,190,337,1.77,0.04233300001033058,18
gen_security_appsec_002,tokenmizer_v0.5.2,security/appsec,synthetic,mixed,completed_tasks,3,1,1,1.0,0.3333,0.5,47,272,5.79,42.88269600010608,6
gen_security_appsec_002,tokenmizer_v0.5.2,security/appsec,synthetic,mixed,pending_tasks,3,2,2,1.0,0.6667,0.8,47,272,5.79,42.88269600010608,6
gen_security_appsec_002,tokenmizer_v0.5.2,security/appsec,synthetic,mixed,decisions,2,0,0,1.0,0.0,0.0,47,272,5.79,42.88269600010608,6
gen_security_appsec_002,tokenmizer_v0.5.2,security/appsec,synthetic,mixed,files,3,3,3,1.0,1.0,1.0,47,272,5.79,42.88269600010608,6
gen_security_appsec_002,tokenmizer_v0.5.2,security/appsec,synthetic,mixed,errors,2,0,0,1.0,0.0,0.0,47,272,5.79,42.88269600010608,6
gen_security_appsec_002,graphiti_style,security/appsec,synthetic,mixed,completed_tasks,3,3,2,0.6667,0.6667,0.6667,93,272,2.92,0.7265389999702165,11
gen_security_appsec_002,graphiti_style,security/appsec,synthetic,mixed,pending_tasks,3,3,2,0.6667,0.6667,0.6667,93,272,2.92,0.7265389999702165,11
gen_security_appsec_002,graphiti_style,security/appsec,synthetic,mixed,decisions,2,0,0,1.0,0.0,0.0,93,272,2.92,0.7265389999702165,11
gen_security_appsec_002,graphiti_style,security/appsec,synthetic,mixed,files,3,3,3,1.0,1.0,1.0,93,272,2.92,0.7265389999702165,11
gen_security_appsec_002,graphiti_style,security/appsec,synthetic,mixed,errors,2,2,2,1.0,1.0,1.0,93,272,2.92,0.7265389999702165,11
gen_security_appsec_002,graphrag_style,security/appsec,synthetic,mixed,completed_tasks,3,0,0,1.0,0.0,0.0,48,272,5.67,0.34694500004661677,6
gen_security_appsec_002,graphrag_style,security/appsec,synthetic,mixed,pending_tasks,3,2,1,0.5,0.3333,0.4,48,272,5.67,0.34694500004661677,6
gen_security_appsec_002,graphrag_style,security/appsec,synthetic,mixed,decisions,2,0,0,1.0,0.0,0.0,48,272,5.67,0.34694500004661677,6
gen_security_appsec_002,graphrag_style,security/appsec,synthetic,mixed,files,3,3,3,1.0,1.0,1.0,48,272,5.67,0.34694500004661677,6
gen_security_appsec_002,graphrag_style,security/appsec,synthetic,mixed,errors,2,1,1,1.0,0.5,0.6667,48,272,5.67,0.34694500004661677,6
gen_security_appsec_002,mem0_style,security/appsec,synthetic,mixed,completed_tasks,3,3,2,0.6667,0.6667,0.6667,92,272,2.96,0.8133480000651616,11
gen_security_appsec_002,mem0_style,security/appsec,synthetic,mixed,pending_tasks,3,3,2,0.6667,0.6667,0.6667,92,272,2.96,0.8133480000651616,11
gen_security_appsec_002,mem0_style,security/appsec,synthetic,mixed,decisions,2,0,0,1.0,0.0,0.0,92,272,2.96,0.8133480000651616,11
gen_security_appsec_002,mem0_style,security/appsec,synthetic,mixed,files,3,3,3,1.0,1.0,1.0,92,272,2.96,0.8133480000651616,11
gen_security_appsec_002,mem0_style,security/appsec,synthetic,mixed,errors,2,2,2,1.0,1.0,1.0,92,272,2.96,0.8133480000651616,11
gen_security_appsec_002,memgpt_style,security/appsec,synthetic,mixed,completed_tasks,3,2,1,0.5,0.3333,0.4,40,272,6.8,0.27271299995845766,5
gen_security_appsec_002,memgpt_style,security/appsec,synthetic,mixed,pending_tasks,3,1,1,1.0,0.3333,0.5,40,272,6.8,0.27271299995845766,5
gen_security_appsec_002,memgpt_style,security/appsec,synthetic,mixed,decisions,2,0,0,1.0,0.0,0.0,40,272,6.8,0.27271299995845766,5
gen_security_appsec_002,memgpt_style,security/appsec,synthetic,mixed,files,3,2,2,1.0,0.6667,0.8,40,272,6.8,0.27271299995845766,5
gen_security_appsec_002,memgpt_style,security/appsec,synthetic,mixed,errors,2,0,0,1.0,0.0,0.0,40,272,6.8,0.27271299995845766,5
gen_security_appsec_002,sliding_window_10,security/appsec,synthetic,mixed,completed_tasks,3,13,3,0.2308,1.0,0.375,177,272,1.54,0.003631000026871334,13
gen_security_appsec_002,sliding_window_10,security/appsec,synthetic,mixed,pending_tasks,3,13,2,0.3077,0.6667,0.4211,177,272,1.54,0.003631000026871334,13
gen_security_appsec_002,sliding_window_10,security/appsec,synthetic,mixed,decisions,2,13,1,0.0769,0.5,0.1333,177,272,1.54,0.003631000026871334,13
gen_security_appsec_002,sliding_window_10,security/appsec,synthetic,mixed,files,3,13,2,0.1538,0.6667,0.25,177,272,1.54,0.003631000026871334,13
gen_security_appsec_002,sliding_window_10,security/appsec,synthetic,mixed,errors,2,13,0,0.0,0.0,0.0,177,272,1.54,0.003631000026871334,13
gen_security_appsec_002,naive_truncation,security/appsec,synthetic,mixed,completed_tasks,3,23,3,0.1304,1.0,0.2308,283,272,0.96,0.01173900000139838,23
gen_security_appsec_002,naive_truncation,security/appsec,synthetic,mixed,pending_tasks,3,23,3,0.3043,1.0,0.4667,283,272,0.96,0.01173900000139838,23
gen_security_appsec_002,naive_truncation,security/appsec,synthetic,mixed,decisions,2,23,2,0.087,1.0,0.16,283,272,0.96,0.01173900000139838,23
gen_security_appsec_002,naive_truncation,security/appsec,synthetic,mixed,files,3,23,3,0.1304,1.0,0.2308,283,272,0.96,0.01173900000139838,23
gen_security_appsec_002,naive_truncation,security/appsec,synthetic,mixed,errors,2,23,2,0.087,1.0,0.16,283,272,0.96,0.01173900000139838,23
gen_security_appsec_002,naive_summary,security/appsec,synthetic,mixed,completed_tasks,3,16,2,0.125,0.6667,0.2105,186,272,1.46,0.021592000166492653,16
gen_security_appsec_002,naive_summary,security/appsec,synthetic,mixed,pending_tasks,3,16,2,0.3125,0.6667,0.4255,186,272,1.46,0.021592000166492653,16
gen_security_appsec_002,naive_summary,security/appsec,synthetic,mixed,decisions,2,16,1,0.0625,0.5,0.1111,186,272,1.46,0.021592000166492653,16
gen_security_appsec_002,naive_summary,security/appsec,synthetic,mixed,files,3,16,2,0.125,0.6667,0.2105,186,272,1.46,0.021592000166492653,16
gen_security_appsec_002,naive_summary,security/appsec,synthetic,mixed,errors,2,16,2,0.125,1.0,0.2222,186,272,1.46,0.021592000166492653,16
gen_security_appsec_003,tokenmizer_v0.5.2,security/appsec,synthetic,mixed,completed_tasks,6,3,3,1.0,0.5,0.6667,92,321,3.49,43.10466299989457,10
gen_security_appsec_003,tokenmizer_v0.5.2,security/appsec,synthetic,mixed,pending_tasks,3,2,2,1.0,0.6667,0.8,92,321,3.49,43.10466299989457,10
gen_security_appsec_003,tokenmizer_v0.5.2,security/appsec,synthetic,mixed,decisions,3,2,2,1.0,0.6667,0.8,92,321,3.49,43.10466299989457,10
gen_security_appsec_003,tokenmizer_v0.5.2,security/appsec,synthetic,mixed,files,2,2,2,1.0,1.0,1.0,92,321,3.49,43.10466299989457,10
gen_security_appsec_003,tokenmizer_v0.5.2,security/appsec,synthetic,mixed,errors,2,1,0,0.0,0.0,0.0,92,321,3.49,43.10466299989457,10
gen_security_appsec_003,graphiti_style,security/appsec,synthetic,mixed,completed_tasks,6,3,3,1.0,0.5,0.6667,110,321,2.92,0.9598280000773229,13
gen_security_appsec_003,graphiti_style,security/appsec,synthetic,mixed,pending_tasks,3,4,2,0.5,0.6667,0.5714,110,321,2.92,0.9598280000773229,13
gen_security_appsec_003,graphiti_style,security/appsec,synthetic,mixed,decisions,3,2,2,1.0,0.6667,0.8,110,321,2.92,0.9598280000773229,13
gen_security_appsec_003,graphiti_style,security/appsec,synthetic,mixed,files,2,2,2,1.0,1.0,1.0,110,321,2.92,0.9598280000773229,13
gen_security_appsec_003,graphiti_style,security/appsec,synthetic,mixed,errors,2,2,2,1.0,1.0,1.0,110,321,2.92,0.9598280000773229,13
gen_security_appsec_003,graphrag_style,security/appsec,synthetic,mixed,completed_tasks,6,1,1,1.0,0.1667,0.2857,69,321,4.65,0.451199000053748,9
gen_security_appsec_003,graphrag_style,security/appsec,synthetic,mixed,pending_tasks,3,4,2,0.5,0.6667,0.5714,69,321,4.65,0.451199000053748,9
gen_security_appsec_003,graphrag_style,security/appsec,synthetic,mixed,decisions,3,2,2,1.0,0.6667,0.8,69,321,4.65,0.451199000053748,9
gen_security_appsec_003,graphrag_style,security/appsec,synthetic,mixed,files,2,2,2,1.0,1.0,1.0,69,321,4.65,0.451199000053748,9
gen_security_appsec_003,graphrag_style,security/appsec,synthetic,mixed,errors,2,0,0,1.0,0.0,0.0,69,321,4.65,0.451199000053748,9
gen_security_appsec_003,mem0_style,security/appsec,synthetic,mixed,completed_tasks,6,3,3,1.0,0.5,0.6667,109,321,2.94,0.8391329999994923,13
gen_security_appsec_003,mem0_style,security/appsec,synthetic,mixed,pending_tasks,3,4,2,0.5,0.6667,0.5714,109,321,2.94,0.8391329999994923,13
gen_security_appsec_003,mem0_style,security/appsec,synthetic,mixed,decisions,3,2,2,1.0,0.6667,0.8,109,321,2.94,0.8391329999994923,13
gen_security_appsec_003,mem0_style,security/appsec,synthetic,mixed,files,2,2,2,1.0,1.0,1.0,109,321,2.94,0.8391329999994923,13
gen_security_appsec_003,mem0_style,security/appsec,synthetic,mixed,errors,2,2,2,1.0,1.0,1.0,109,321,2.94,0.8391329999994923,13
gen_security_appsec_003,memgpt_style,security/appsec,synthetic,mixed,completed_tasks,6,2,2,1.0,0.3333,0.5,66,321,4.86,0.4149060000600002,7
gen_security_appsec_003,memgpt_style,security/appsec,synthetic,mixed,pending_tasks,3,3,2,0.6667,0.6667,0.6667,66,321,4.86,0.4149060000600002,7
gen_security_appsec_003,memgpt_style,security/appsec,synthetic,mixed,decisions,3,0,0,1.0,0.0,0.0,66,321,4.86,0.4149060000600002,7
gen_security_appsec_003,memgpt_style,security/appsec,synthetic,mixed,files,2,1,1,1.0,0.5,0.6667,66,321,4.86,0.4149060000600002,7
gen_security_appsec_003,memgpt_style,security/appsec,synthetic,mixed,errors,2,1,1,1.0,0.5,0.6667,66,321,4.86,0.4149060000600002,7
gen_security_appsec_003,sliding_window_10,security/appsec,synthetic,mixed,completed_tasks,6,13,4,0.3077,0.6667,0.4211,155,321,2.07,0.0033369999528076733,13
gen_security_appsec_003,sliding_window_10,security/appsec,synthetic,mixed,pending_tasks,3,13,2,0.1538,0.6667,0.25,155,321,2.07,0.0033369999528076733,13
gen_security_appsec_003,sliding_window_10,security/appsec,synthetic,mixed,decisions,3,13,0,0.0,0.0,0.0,155,321,2.07,0.0033369999528076733,13
gen_security_appsec_003,sliding_window_10,security/appsec,synthetic,mixed,files,2,13,1,0.0769,0.5,0.1333,155,321,2.07,0.0033369999528076733,13
gen_security_appsec_003,sliding_window_10,security/appsec,synthetic,mixed,errors,2,13,1,0.0769,0.5,0.1333,155,321,2.07,0.0033369999528076733,13
gen_security_appsec_003,naive_truncation,security/appsec,synthetic,mixed,completed_tasks,6,29,6,0.2069,1.0,0.3429,310,321,1.04,0.01405200009685359,29
gen_security_appsec_003,naive_truncation,security/appsec,synthetic,mixed,pending_tasks,3,29,3,0.1034,1.0,0.1875,310,321,1.04,0.01405200009685359,29
gen_security_appsec_003,naive_truncation,security/appsec,synthetic,mixed,decisions,3,29,3,0.1034,1.0,0.1875,310,321,1.04,0.01405200009685359,29
gen_security_appsec_003,naive_truncation,security/appsec,synthetic,mixed,files,2,29,2,0.069,1.0,0.129,310,321,1.04,0.01405200009685359,29
gen_security_appsec_003,naive_truncation,security/appsec,synthetic,mixed,errors,2,29,2,0.069,1.0,0.129,310,321,1.04,0.01405200009685359,29
gen_security_appsec_003,naive_summary,security/appsec,synthetic,mixed,completed_tasks,6,19,2,0.1053,0.3333,0.16,195,321,1.65,0.04420900017976237,19
gen_security_appsec_003,naive_summary,security/appsec,synthetic,mixed,pending_tasks,3,19,1,0.0526,0.3333,0.0909,195,321,1.65,0.04420900017976237,19
gen_security_appsec_003,naive_summary,security/appsec,synthetic,mixed,decisions,3,19,3,0.1579,1.0,0.2727,195,321,1.65,0.04420900017976237,19
gen_security_appsec_003,naive_summary,security/appsec,synthetic,mixed,files,2,19,1,0.0526,0.5,0.0952,195,321,1.65,0.04420900017976237,19
gen_security_appsec_003,naive_summary,security/appsec,synthetic,mixed,errors,2,19,1,0.0526,0.5,0.0952,195,321,1.65,0.04420900017976237,19
gen_security_appsec_004,tokenmizer_v0.5.2,security/appsec,synthetic,mixed,completed_tasks,5,3,3,1.0,0.6,0.75,91,253,2.78,40.805810000165366,12
gen_security_appsec_004,tokenmizer_v0.5.2,security/appsec,synthetic,mixed,pending_tasks,2,1,1,1.0,0.5,0.6667,91,253,2.78,40.805810000165366,12
gen_security_appsec_004,tokenmizer_v0.5.2,security/appsec,synthetic,mixed,decisions,2,2,2,1.0,1.0,1.0,91,253,2.78,40.805810000165366,12
gen_security_appsec_004,tokenmizer_v0.5.2,security/appsec,synthetic,mixed,files,6,6,6,1.0,1.0,1.0,91,253,2.78,40.805810000165366,12
gen_security_appsec_004,graphiti_style,security/appsec,synthetic,mixed,completed_tasks,5,5,4,0.8,0.8,0.8,104,253,2.43,0.6774339999537915,14
gen_security_appsec_004,graphiti_style,security/appsec,synthetic,mixed,pending_tasks,2,2,1,0.5,0.5,0.5,104,253,2.43,0.6774339999537915,14
gen_security_appsec_004,graphiti_style,security/appsec,synthetic,mixed,decisions,2,1,1,1.0,0.5,0.6667,104,253,2.43,0.6774339999537915,14
gen_security_appsec_004,graphiti_style,security/appsec,synthetic,mixed,files,6,6,5,0.8333,0.8333,0.8333,104,253,2.43,0.6774339999537915,14
gen_security_appsec_004,graphrag_style,security/appsec,synthetic,mixed,completed_tasks,5,0,0,1.0,0.0,0.0,57,253,4.44,0.4722899998341745,9
gen_security_appsec_004,graphrag_style,security/appsec,synthetic,mixed,pending_tasks,2,2,1,0.5,0.5,0.5,57,253,4.44,0.4722899998341745,9
gen_security_appsec_004,graphrag_style,security/appsec,synthetic,mixed,decisions,2,1,1,1.0,0.5,0.6667,57,253,4.44,0.4722899998341745,9
gen_security_appsec_004,graphrag_style,security/appsec,synthetic,mixed,files,6,6,5,0.8333,0.8333,0.8333,57,253,4.44,0.4722899998341745,9
gen_security_appsec_004,mem0_style,security/appsec,synthetic,mixed,completed_tasks,5,5,4,0.8,0.8,0.8,103,253,2.46,0.6591840001419769,14
gen_security_appsec_004,mem0_style,security/appsec,synthetic,mixed,pending_tasks,2,2,1,0.5,0.5,0.5,103,253,2.46,0.6591840001419769,14
gen_security_appsec_004,mem0_style,security/appsec,synthetic,mixed,decisions,2,1,1,1.0,0.5,0.6667,103,253,2.46,0.6591840001419769,14
gen_security_appsec_004,mem0_style,security/appsec,synthetic,mixed,files,6,6,5,0.8333,0.8333,0.8333,103,253,2.46,0.6591840001419769,14
gen_security_appsec_004,memgpt_style,security/appsec,synthetic,mixed,completed_tasks,5,3,2,0.6667,0.4,0.5,56,253,4.52,0.3004019999934826,7
gen_security_appsec_004,memgpt_style,security/appsec,synthetic,mixed,pending_tasks,2,1,1,1.0,0.5,0.6667,56,253,4.52,0.3004019999934826,7
gen_security_appsec_004,memgpt_style,security/appsec,synthetic,mixed,decisions,2,0,0,1.0,0.0,0.0,56,253,4.52,0.3004019999934826,7
gen_security_appsec_004,memgpt_style,security/appsec,synthetic,mixed,files,6,3,3,1.0,0.5,0.6667,56,253,4.52,0.3004019999934826,7
gen_security_appsec_004,sliding_window_10,security/appsec,synthetic,mixed,completed_tasks,5,13,3,0.2308,0.6,0.3333,123,253,2.06,0.002955999889309169,13
gen_security_appsec_004,sliding_window_10,security/appsec,synthetic,mixed,pending_tasks,2,13,2,0.1538,1.0,0.2667,123,253,2.06,0.002955999889309169,13
gen_security_appsec_004,sliding_window_10,security/appsec,synthetic,mixed,decisions,2,13,0,0.0,0.0,0.0,123,253,2.06,0.002955999889309169,13
gen_security_appsec_004,sliding_window_10,security/appsec,synthetic,mixed,files,6,13,3,0.2308,0.5,0.3158,123,253,2.06,0.002955999889309169,13
gen_security_appsec_004,sliding_window_10,security/appsec,synthetic,mixed,errors,0,13,0,0.0,1.0,0.0,123,253,2.06,0.002955999889309169,13
gen_security_appsec_004,naive_truncation,security/appsec,synthetic,mixed,completed_tasks,5,27,5,0.1852,1.0,0.3125,267,253,0.95,0.012190999996164464,27
gen_security_appsec_004,naive_truncation,security/appsec,synthetic,mixed,pending_tasks,2,27,2,0.0741,1.0,0.1379,267,253,0.95,0.012190999996164464,27
gen_security_appsec_004,naive_truncation,security/appsec,synthetic,mixed,decisions,2,27,2,0.0741,1.0,0.1379,267,253,0.95,0.012190999996164464,27
gen_security_appsec_004,naive_truncation,security/appsec,synthetic,mixed,files,6,27,6,0.2222,1.0,0.3636,267,253,0.95,0.012190999996164464,27
gen_security_appsec_004,naive_truncation,security/appsec,synthetic,mixed,errors,0,27,0,0.0,1.0,0.0,267,253,0.95,0.012190999996164464,27
gen_security_appsec_004,naive_summary,security/appsec,synthetic,mixed,completed_tasks,5,19,2,0.1053,0.4,0.1667,177,253,1.43,0.023282999791263137,19
gen_security_appsec_004,naive_summary,security/appsec,synthetic,mixed,pending_tasks,2,19,1,0.0526,0.5,0.0952,177,253,1.43,0.023282999791263137,19
gen_security_appsec_004,naive_summary,security/appsec,synthetic,mixed,decisions,2,19,2,0.1053,1.0,0.1905,177,253,1.43,0.023282999791263137,19
gen_security_appsec_004,naive_summary,security/appsec,synthetic,mixed,files,6,19,4,0.2105,0.6667,0.32,177,253,1.43,0.023282999791263137,19
gen_security_appsec_004,naive_summary,security/appsec,synthetic,mixed,errors,0,19,0,0.0,1.0,0.0,177,253,1.43,0.023282999791263137,19
gen_security_appsec_005,tokenmizer_v0.5.2,security/appsec,synthetic,mixed,completed_tasks,5,3,3,1.0,0.6,0.75,88,360,4.09,46.01419300001908,10
gen_security_appsec_005,tokenmizer_v0.5.2,security/appsec,synthetic,mixed,pending_tasks,2,1,1,1.0,0.5,0.6667,88,360,4.09,46.01419300001908,10
gen_security_appsec_005,tokenmizer_v0.5.2,security/appsec,synthetic,mixed,decisions,3,1,1,1.0,0.3333,0.5,88,360,4.09,46.01419300001908,10
gen_security_appsec_005,tokenmizer_v0.5.2,security/appsec,synthetic,mixed,files,4,4,4,1.0,1.0,1.0,88,360,4.09,46.01419300001908,10
gen_security_appsec_005,tokenmizer_v0.5.2,security/appsec,synthetic,mixed,errors,1,1,0,0.0,0.0,0.0,88,360,4.09,46.01419300001908,10
gen_security_appsec_005,graphiti_style,security/appsec,synthetic,mixed,completed_tasks,5,4,4,1.0,0.8,0.8889,103,360,3.5,1.098552000030395,11
gen_security_appsec_005,graphiti_style,security/appsec,synthetic,mixed,pending_tasks,2,2,1,0.5,0.5,0.5,103,360,3.5,1.098552000030395,11
gen_security_appsec_005,graphiti_style,security/appsec,synthetic,mixed,decisions,3,1,1,1.0,0.3333,0.5,103,360,3.5,1.098552000030395,11
gen_security_appsec_005,graphiti_style,security/appsec,synthetic,mixed,files,4,4,4,1.0,1.0,1.0,103,360,3.5,1.098552000030395,11
gen_security_appsec_005,graphiti_style,security/appsec,synthetic,mixed,errors,1,0,0,1.0,0.0,0.0,103,360,3.5,1.098552000030395,11
gen_security_appsec_005,graphrag_style,security/appsec,synthetic,mixed,completed_tasks,5,0,0,1.0,0.0,0.0,44,360,8.18,0.5874010000752605,6
gen_security_appsec_005,graphrag_style,security/appsec,synthetic,mixed,pending_tasks,2,1,0,0.0,0.0,0.0,44,360,8.18,0.5874010000752605,6
gen_security_appsec_005,graphrag_style,security/appsec,synthetic,mixed,decisions,3,1,1,1.0,0.3333,0.5,44,360,8.18,0.5874010000752605,6
gen_security_appsec_005,graphrag_style,security/appsec,synthetic,mixed,files,4,4,4,1.0,1.0,1.0,44,360,8.18,0.5874010000752605,6
gen_security_appsec_005,graphrag_style,security/appsec,synthetic,mixed,errors,1,0,0,1.0,0.0,0.0,44,360,8.18,0.5874010000752605,6
gen_security_appsec_005,mem0_style,security/appsec,synthetic,mixed,completed_tasks,5,4,4,1.0,0.8,0.8889,102,360,3.53,1.115994999963732,11
gen_security_appsec_005,mem0_style,security/appsec,synthetic,mixed,pending_tasks,2,2,1,0.5,0.5,0.5,102,360,3.53,1.115994999963732,11
gen_security_appsec_005,mem0_style,security/appsec,synthetic,mixed,decisions,3,1,1,1.0,0.3333,0.5,102,360,3.53,1.115994999963732,11
gen_security_appsec_005,mem0_style,security/appsec,synthetic,mixed,files,4,4,4,1.0,1.0,1.0,102,360,3.53,1.115994999963732,11
gen_security_appsec_005,mem0_style,security/appsec,synthetic,mixed,errors,1,0,0,1.0,0.0,0.0,102,360,3.53,1.115994999963732,11
gen_security_appsec_005,memgpt_style,security/appsec,synthetic,mixed,completed_tasks,5,2,2,1.0,0.4,0.5714,45,360,8.0,0.3482550000626361,3
gen_security_appsec_005,memgpt_style,security/appsec,synthetic,mixed,pending_tasks,2,1,1,1.0,0.5,0.6667,45,360,8.0,0.3482550000626361,3
gen_security_appsec_005,memgpt_style,security/appsec,synthetic,mixed,decisions,3,0,0,1.0,0.0,0.0,45,360,8.0,0.3482550000626361,3
gen_security_appsec_005,memgpt_style,security/appsec,synthetic,mixed,files,4,0,0,1.0,0.0,0.0,45,360,8.0,0.3482550000626361,3
gen_security_appsec_005,memgpt_style,security/appsec,synthetic,mixed,errors,1,0,0,1.0,0.0,0.0,45,360,8.0,0.3482550000626361,3
gen_security_appsec_005,sliding_window_10,security/appsec,synthetic,mixed,completed_tasks,5,10,2,0.2,0.4,0.2667,142,360,2.54,0.0036330000057205325,10
gen_security_appsec_005,sliding_window_10,security/appsec,synthetic,mixed,pending_tasks,2,10,2,0.2,1.0,0.3333,142,360,2.54,0.0036330000057205325,10
gen_security_appsec_005,sliding_window_10,security/appsec,synthetic,mixed,decisions,3,10,2,0.2,0.6667,0.3077,142,360,2.54,0.0036330000057205325,10
gen_security_appsec_005,sliding_window_10,security/appsec,synthetic,mixed,files,4,10,0,0.0,0.0,0.0,142,360,2.54,0.0036330000057205325,10
gen_security_appsec_005,sliding_window_10,security/appsec,synthetic,mixed,errors,1,10,0,0.0,0.0,0.0,142,360,2.54,0.0036330000057205325,10
gen_security_appsec_005,naive_truncation,security/appsec,synthetic,mixed,completed_tasks,5,23,4,0.1739,0.8,0.2857,298,360,1.21,0.012714999911622726,23
gen_security_appsec_005,naive_truncation,security/appsec,synthetic,mixed,pending_tasks,2,23,2,0.1304,1.0,0.2308,298,360,1.21,0.012714999911622726,23
gen_security_appsec_005,naive_truncation,security/appsec,synthetic,mixed,decisions,3,23,3,0.1739,1.0,0.2963,298,360,1.21,0.012714999911622726,23
gen_security_appsec_005,naive_truncation,security/appsec,synthetic,mixed,files,4,23,2,0.087,0.5,0.1481,298,360,1.21,0.012714999911622726,23
gen_security_appsec_005,naive_truncation,security/appsec,synthetic,mixed,errors,1,23,1,0.0435,1.0,0.0833,298,360,1.21,0.012714999911622726,23
gen_security_appsec_005,naive_summary,security/appsec,synthetic,mixed,completed_tasks,5,17,2,0.1176,0.4,0.1818,199,360,1.81,0.044651000052908785,17
gen_security_appsec_005,naive_summary,security/appsec,synthetic,mixed,pending_tasks,2,17,1,0.0588,0.5,0.1053,199,360,1.81,0.044651000052908785,17
gen_security_appsec_005,naive_summary,security/appsec,synthetic,mixed,decisions,3,17,2,0.1176,0.6667,0.2,199,360,1.81,0.044651000052908785,17
gen_security_appsec_005,naive_summary,security/appsec,synthetic,mixed,files,4,17,3,0.1765,0.75,0.2857,199,360,1.81,0.044651000052908785,17
gen_security_appsec_005,naive_summary,security/appsec,synthetic,mixed,errors,1,17,1,0.0588,1.0,0.1111,199,360,1.81,0.044651000052908785,17
gen_systems_rust_001,tokenmizer_v0.5.2,systems/rust,synthetic,implicit,completed_tasks,4,0,0,1.0,0.0,0.0,39,394,10.1,45.65373900004488,6
gen_systems_rust_001,tokenmizer_v0.5.2,systems/rust,synthetic,implicit,pending_tasks,2,0,0,1.0,0.0,0.0,39,394,10.1,45.65373900004488,6
gen_systems_rust_001,tokenmizer_v0.5.2,systems/rust,synthetic,implicit,decisions,2,1,0,0.0,0.0,0.0,39,394,10.1,45.65373900004488,6
gen_systems_rust_001,tokenmizer_v0.5.2,systems/rust,synthetic,implicit,files,5,5,5,1.0,1.0,1.0,39,394,10.1,45.65373900004488,6
gen_systems_rust_001,tokenmizer_v0.5.2,systems/rust,synthetic,implicit,errors,2,0,0,1.0,0.0,0.0,39,394,10.1,45.65373900004488,6
gen_systems_rust_001,graphiti_style,systems/rust,synthetic,implicit,completed_tasks,4,0,0,1.0,0.0,0.0,33,394,11.94,1.151373000084277,8
gen_systems_rust_001,graphiti_style,systems/rust,synthetic,implicit,pending_tasks,2,2,0,0.0,0.0,0.0,33,394,11.94,1.151373000084277,8
gen_systems_rust_001,graphiti_style,systems/rust,synthetic,implicit,decisions,2,1,0,0.0,0.0,0.0,33,394,11.94,1.151373000084277,8
gen_systems_rust_001,graphiti_style,systems/rust,synthetic,implicit,files,5,5,5,1.0,1.0,1.0,33,394,11.94,1.151373000084277,8
gen_systems_rust_001,graphiti_style,systems/rust,synthetic,implicit,errors,2,0,0,1.0,0.0,0.0,33,394,11.94,1.151373000084277,8
gen_systems_rust_001,graphrag_style,systems/rust,synthetic,implicit,completed_tasks,4,0,0,1.0,0.0,0.0,29,394,13.59,0.6009999999605498,7
gen_systems_rust_001,graphrag_style,systems/rust,synthetic,implicit,pending_tasks,2,2,0,0.0,0.0,0.0,29,394,13.59,0.6009999999605498,7
gen_systems_rust_001,graphrag_style,systems/rust,synthetic,implicit,decisions,2,0,0,1.0,0.0,0.0,29,394,13.59,0.6009999999605498,7
gen_systems_rust_001,graphrag_style,systems/rust,synthetic,implicit,files,5,5,5,1.0,1.0,1.0,29,394,13.59,0.6009999999605498,7
gen_systems_rust_001,graphrag_style,systems/rust,synthetic,implicit,errors,2,0,0,1.0,0.0,0.0,29,394,13.59,0.6009999999605498,7
gen_systems_rust_001,mem0_style,systems/rust,synthetic,implicit,completed_tasks,4,0,0,1.0,0.0,0.0,32,394,12.31,1.066584000000148,8
gen_systems_rust_001,mem0_style,systems/rust,synthetic,implicit,pending_tasks,2,2,0,0.0,0.0,0.0,32,394,12.31,1.066584000000148,8
gen_systems_rust_001,mem0_style,systems/rust,synthetic,implicit,decisions,2,1,0,0.0,0.0,0.0,32,394,12.31,1.066584000000148,8
gen_systems_rust_001,mem0_style,systems/rust,synthetic,implicit,files,5,5,5,1.0,1.0,1.0,32,394,12.31,1.066584000000148,8
gen_systems_rust_001,mem0_style,systems/rust,synthetic,implicit,errors,2,0,0,1.0,0.0,0.0,32,394,12.31,1.066584000000148,8
gen_systems_rust_001,memgpt_style,systems/rust,synthetic,implicit,completed_tasks,4,0,0,1.0,0.0,0.0,11,394,35.82,0.43314699996699346,2
gen_systems_rust_001,memgpt_style,systems/rust,synthetic,implicit,pending_tasks,2,1,0,0.0,0.0,0.0,11,394,35.82,0.43314699996699346,2
gen_systems_rust_001,memgpt_style,systems/rust,synthetic,implicit,decisions,2,0,0,1.0,0.0,0.0,11,394,35.82,0.43314699996699346,2
gen_systems_rust_001,memgpt_style,systems/rust,synthetic,implicit,files,5,1,1,1.0,0.2,0.3333,11,394,35.82,0.43314699996699346,2
gen_systems_rust_001,memgpt_style,systems/rust,synthetic,implicit,errors,2,0,0,1.0,0.0,0.0,11,394,35.82,0.43314699996699346,2
gen_systems_rust_001,sliding_window_10,systems/rust,synthetic,implicit,completed_tasks,4,11,2,0.1818,0.5,0.2667,167,394,2.36,0.003150999873469118,11
gen_systems_rust_001,sliding_window_10,systems/rust,synthetic,implicit,pending_tasks,2,11,1,0.0909,0.5,0.1538,167,394,2.36,0.003150999873469118,11
gen_systems_rust_001,sliding_window_10,systems/rust,synthetic,implicit,decisions,2,11,0,0.0,0.0,0.0,167,394,2.36,0.003150999873469118,11
gen_systems_rust_001,sliding_window_10,systems/rust,synthetic,implicit,files,5,11,1,0.0909,0.2,0.125,167,394,2.36,0.003150999873469118,11
gen_systems_rust_001,sliding_window_10,systems/rust,synthetic,implicit,errors,2,11,2,0.1818,1.0,0.3077,167,394,2.36,0.003150999873469118,11
gen_systems_rust_001,naive_truncation,systems/rust,synthetic,implicit,completed_tasks,4,20,3,0.15,0.75,0.25,291,394,1.35,0.01293600007556961,20
gen_systems_rust_001,naive_truncation,systems/rust,synthetic,implicit,pending_tasks,2,20,1,0.05,0.5,0.0909,291,394,1.35,0.01293600007556961,20
gen_systems_rust_001,naive_truncation,systems/rust,synthetic,implicit,decisions,2,20,1,0.05,0.5,0.0909,291,394,1.35,0.01293600007556961,20
gen_systems_rust_001,naive_truncation,systems/rust,synthetic,implicit,files,5,20,4,0.2,0.8,0.32,291,394,1.35,0.01293600007556961,20
gen_systems_rust_001,naive_truncation,systems/rust,synthetic,implicit,errors,2,20,2,0.1,1.0,0.1818,291,394,1.35,0.01293600007556961,20
gen_systems_rust_001,naive_summary,systems/rust,synthetic,implicit,completed_tasks,4,13,2,0.1538,0.5,0.2353,171,394,2.3,0.04916699981549755,13
gen_systems_rust_001,naive_summary,systems/rust,synthetic,implicit,pending_tasks,2,13,1,0.0769,0.5,0.1333,171,394,2.3,0.04916699981549755,13
gen_systems_rust_001,naive_summary,systems/rust,synthetic,implicit,decisions,2,13,2,0.1538,1.0,0.2667,171,394,2.3,0.04916699981549755,13
gen_systems_rust_001,naive_summary,systems/rust,synthetic,implicit,files,5,13,1,0.0769,0.2,0.1111,171,394,2.3,0.04916699981549755,13
gen_systems_rust_001,naive_summary,systems/rust,synthetic,implicit,errors,2,13,0,0.0,0.0,0.0,171,394,2.3,0.04916699981549755,13
gen_systems_rust_002,tokenmizer_v0.5.2,systems/rust,synthetic,implicit,completed_tasks,7,0,0,1.0,0.0,0.0,36,506,14.06,48.08375300012813,5
gen_systems_rust_002,tokenmizer_v0.5.2,systems/rust,synthetic,implicit,pending_tasks,1,0,0,1.0,0.0,0.0,36,506,14.06,48.08375300012813,5
gen_systems_rust_002,tokenmizer_v0.5.2,systems/rust,synthetic,implicit,decisions,6,0,0,1.0,0.0,0.0,36,506,14.06,48.08375300012813,5
gen_systems_rust_002,tokenmizer_v0.5.2,systems/rust,synthetic,implicit,files,4,4,4,1.0,1.0,1.0,36,506,14.06,48.08375300012813,5
gen_systems_rust_002,tokenmizer_v0.5.2,systems/rust,synthetic,implicit,errors,1,1,1,1.0,1.0,1.0,36,506,14.06,48.08375300012813,5
gen_systems_rust_002,graphiti_style,systems/rust,synthetic,implicit,completed_tasks,7,0,0,1.0,0.0,0.0,50,506,10.12,1.4686990000427613,8
gen_systems_rust_002,graphiti_style,systems/rust,synthetic,implicit,pending_tasks,1,2,0,0.0,0.0,0.0,50,506,10.12,1.4686990000427613,8
gen_systems_rust_002,graphiti_style,systems/rust,synthetic,implicit,decisions,6,1,0,0.0,0.0,0.0,50,506,10.12,1.4686990000427613,8
gen_systems_rust_002,graphiti_style,systems/rust,synthetic,implicit,files,4,4,4,1.0,1.0,1.0,50,506,10.12,1.4686990000427613,8
gen_systems_rust_002,graphiti_style,systems/rust,synthetic,implicit,errors,1,1,0,0.0,0.0,0.0,50,506,10.12,1.4686990000427613,8
gen_systems_rust_002,graphrag_style,systems/rust,synthetic,implicit,completed_tasks,7,0,0,1.0,0.0,0.0,26,506,19.46,0.7129430000532011,6
gen_systems_rust_002,graphrag_style,systems/rust,synthetic,implicit,pending_tasks,1,2,0,0.0,0.0,0.0,26,506,19.46,0.7129430000532011,6
gen_systems_rust_002,graphrag_style,systems/rust,synthetic,implicit,decisions,6,0,0,1.0,0.0,0.0,26,506,19.46,0.7129430000532011,6
gen_systems_rust_002,graphrag_style,systems/rust,synthetic,implicit,files,4,4,4,1.0,1.0,1.0,26,506,19.46,0.7129430000532011,6
gen_systems_rust_002,graphrag_style,systems/rust,synthetic,implicit,errors,1,0,0,1.0,0.0,0.0,26,506,19.46,0.7129430000532011,6
gen_systems_rust_002,mem0_style,systems/rust,synthetic,implicit,completed_tasks,7,0,0,1.0,0.0,0.0,49,506,10.33,1.2845950000155426,8
gen_systems_rust_002,mem0_style,systems/rust,synthetic,implicit,pending_tasks,1,2,0,0.0,0.0,0.0,49,506,10.33,1.2845950000155426,8
gen_systems_rust_002,mem0_style,systems/rust,synthetic,implicit,decisions,6,1,0,0.0,0.0,0.0,49,506,10.33,1.2845950000155426,8
gen_systems_rust_002,mem0_style,systems/rust,synthetic,implicit,files,4,4,4,1.0,1.0,1.0,49,506,10.33,1.2845950000155426,8
gen_systems_rust_002,mem0_style,systems/rust,synthetic,implicit,errors,1,1,0,0.0,0.0,0.0,49,506,10.33,1.2845950000155426,8
gen_systems_rust_002,memgpt_style,systems/rust,synthetic,implicit,completed_tasks,7,0,0,1.0,0.0,0.0,11,506,46.0,0.6368570000176987,2
gen_systems_rust_002,memgpt_style,systems/rust,synthetic,implicit,pending_tasks,1,1,0,0.0,0.0,0.0,11,506,46.0,0.6368570000176987,2
gen_systems_rust_002,memgpt_style,systems/rust,synthetic,implicit,decisions,6,1,0,0.0,0.0,0.0,11,506,46.0,0.6368570000176987,2
gen_systems_rust_002,memgpt_style,systems/rust,synthetic,implicit,files,4,0,0,1.0,0.0,0.0,11,506,46.0,0.6368570000176987,2
gen_systems_rust_002,memgpt_style,systems/rust,synthetic,implicit,errors,1,0,0,1.0,0.0,0.0,11,506,46.0,0.6368570000176987,2
gen_systems_rust_002,sliding_window_10,systems/rust,synthetic,implicit,completed_tasks,7,10,2,0.2,0.2857,0.2353,145,506,3.49,0.003930999810108915,10
gen_systems_rust_002,sliding_window_10,systems/rust,synthetic,implicit,pending_tasks,1,10,0,0.0,0.0,0.0,145,506,3.49,0.003930999810108915,10
gen_systems_rust_002,sliding_window_10,systems/rust,synthetic,implicit,decisions,6,10,3,0.3,0.5,0.375,145,506,3.49,0.003930999810108915,10
gen_systems_rust_002,sliding_window_10,systems/rust,synthetic,implicit,files,4,10,0,0.0,0.0,0.0,145,506,3.49,0.003930999810108915,10
gen_systems_rust_002,sliding_window_10,systems/rust,synthetic,implicit,errors,1,10,0,0.0,0.0,0.0,145,506,3.49,0.003930999810108915,10
gen_systems_rust_002,naive_truncation,systems/rust,synthetic,implicit,completed_tasks,7,21,4,0.1905,0.5714,0.2857,302,506,1.68,0.016545999869777006,21
gen_systems_rust_002,naive_truncation,systems/rust,synthetic,implicit,pending_tasks,1,21,1,0.0476,1.0,0.0909,302,506,1.68,0.016545999869777006,21
gen_systems_rust_002,naive_truncation,systems/rust,synthetic,implicit,decisions,6,21,4,0.1905,0.6667,0.2963,302,506,1.68,0.016545999869777006,21
gen_systems_rust_002,naive_truncation,systems/rust,synthetic,implicit,files,4,21,2,0.0952,0.5,0.16,302,506,1.68,0.016545999869777006,21
gen_systems_rust_002,naive_truncation,systems/rust,synthetic,implicit,errors,1,21,0,0.0,0.0,0.0,302,506,1.68,0.016545999869777006,21
gen_systems_rust_002,naive_summary,systems/rust,synthetic,implicit,completed_tasks,7,13,2,0.1538,0.2857,0.2,167,506,3.03,0.05734499995924125,13
gen_systems_rust_002,naive_summary,systems/rust,synthetic,implicit,pending_tasks,1,13,0,0.0,0.0,0.0,167,506,3.03,0.05734499995924125,13
gen_systems_rust_002,naive_summary,systems/rust,synthetic,implicit,decisions,6,13,1,0.0769,0.1667,0.1053,167,506,3.03,0.05734499995924125,13
gen_systems_rust_002,naive_summary,systems/rust,synthetic,implicit,files,4,13,2,0.1538,0.5,0.2353,167,506,3.03,0.05734499995924125,13
gen_systems_rust_002,naive_summary,systems/rust,synthetic,implicit,errors,1,13,1,0.0769,1.0,0.1429,167,506,3.03,0.05734499995924125,13
gen_systems_rust_003,tokenmizer_v0.5.2,systems/rust,synthetic,implicit,completed_tasks,3,0,0,1.0,0.0,0.0,91,369,4.05,42.33063400010906,8
gen_systems_rust_003,tokenmizer_v0.5.2,systems/rust,synthetic,implicit,pending_tasks,2,1,1,1.0,0.5,0.6667,91,369,4.05,42.33063400010906,8
gen_systems_rust_003,tokenmizer_v0.5.2,systems/rust,synthetic,implicit,decisions,3,2,0,0.0,0.0,0.0,91,369,4.05,42.33063400010906,8
gen_systems_rust_003,tokenmizer_v0.5.2,systems/rust,synthetic,implicit,files,4,4,4,1.0,1.0,1.0,91,369,4.05,42.33063400010906,8
gen_systems_rust_003,tokenmizer_v0.5.2,systems/rust,synthetic,implicit,errors,2,1,1,1.0,0.5,0.6667,91,369,4.05,42.33063400010906,8
gen_systems_rust_003,graphiti_style,systems/rust,synthetic,implicit,completed_tasks,3,0,0,1.0,0.0,0.0,42,369,8.79,1.1412639998980012,6
gen_systems_rust_003,graphiti_style,systems/rust,synthetic,implicit,pending_tasks,2,2,1,0.5,0.5,0.5,42,369,8.79,1.1412639998980012,6
gen_systems_rust_003,graphiti_style,systems/rust,synthetic,implicit,decisions,3,0,0,1.0,0.0,0.0,42,369,8.79,1.1412639998980012,6
gen_systems_rust_003,graphiti_style,systems/rust,synthetic,implicit,files,4,4,4,1.0,1.0,1.0,42,369,8.79,1.1412639998980012,6
gen_systems_rust_003,graphiti_style,systems/rust,synthetic,implicit,errors,2,0,0,1.0,0.0,0.0,42,369,8.79,1.1412639998980012,6
gen_systems_rust_003,graphrag_style,systems/rust,synthetic,implicit,completed_tasks,3,0,0,1.0,0.0,0.0,28,369,13.18,0.458636000075785,5
gen_systems_rust_003,graphrag_style,systems/rust,synthetic,implicit,pending_tasks,2,1,0,0.0,0.0,0.0,28,369,13.18,0.458636000075785,5
gen_systems_rust_003,graphrag_style,systems/rust,synthetic,implicit,decisions,3,0,0,1.0,0.0,0.0,28,369,13.18,0.458636000075785,5
gen_systems_rust_003,graphrag_style,systems/rust,synthetic,implicit,files,4,4,4,1.0,1.0,1.0,28,369,13.18,0.458636000075785,5
gen_systems_rust_003,graphrag_style,systems/rust,synthetic,implicit,errors,2,0,0,1.0,0.0,0.0,28,369,13.18,0.458636000075785,5
gen_systems_rust_003,mem0_style,systems/rust,synthetic,implicit,completed_tasks,3,0,0,1.0,0.0,0.0,41,369,9.0,0.9319840000898694,6
gen_systems_rust_003,mem0_style,systems/rust,synthetic,implicit,pending_tasks,2,2,1,0.5,0.5,0.5,41,369,9.0,0.9319840000898694,6
gen_systems_rust_003,mem0_style,systems/rust,synthetic,implicit,decisions,3,0,0,1.0,0.0,0.0,41,369,9.0,0.9319840000898694,6
gen_systems_rust_003,mem0_style,systems/rust,synthetic,implicit,files,4,4,4,1.0,1.0,1.0,41,369,9.0,0.9319840000898694,6
gen_systems_rust_003,mem0_style,systems/rust,synthetic,implicit,errors,2,0,0,1.0,0.0,0.0,41,369,9.0,0.9319840000898694,6
gen_systems_rust_003,memgpt_style,systems/rust,synthetic,implicit,completed_tasks,3,0,0,1.0,0.0,0.0,15,369,24.6,0.3747729999759031,2
gen_systems_rust_003,memgpt_style,systems/rust,synthetic,implicit,pending_tasks,2,0,0,1.0,0.0,0.0,15,369,24.6,0.3747729999759031,2
gen_systems_rust_003,memgpt_style,systems/rust,synthetic,implicit,decisions,3,0,0,1.0,0.0,0.0,15,369,24.6,0.3747729999759031,2
gen_systems_rust_003,memgpt_style,systems/rust,synthetic,implicit,files,4,2,2,1.0,0.5,0.6667,15,369,24.6,0.3747729999759031,2
gen_systems_rust_003,memgpt_style,systems/rust,synthetic,implicit,errors,2,0,0,1.0,0.0,0.0,15,369,24.6,0.3747729999759031,2
gen_systems_rust_003,sliding_window_10,systems/rust,synthetic,implicit,completed_tasks,3,11,1,0.0909,0.3333,0.1429,162,369,2.28,0.002603999973871396,11
gen_systems_rust_003,sliding_window_10,systems/rust,synthetic,implicit,pending_tasks,2,11,1,0.0909,0.5,0.1538,162,369,2.28,0.002603999973871396,11
gen_systems_rust_003,sliding_window_10,systems/rust,synthetic,implicit,decisions,3,11,1,0.0909,0.3333,0.1429,162,369,2.28,0.002603999973871396,11
gen_systems_rust_003,sliding_window_10,systems/rust,synthetic,implicit,files,4,11,2,0.1818,0.5,0.2667,162,369,2.28,0.002603999973871396,11
gen_systems_rust_003,sliding_window_10,systems/rust,synthetic,implicit,errors,2,11,1,0.0909,0.5,0.1538,162,369,2.28,0.002603999973871396,11
gen_systems_rust_003,naive_truncation,systems/rust,synthetic,implicit,completed_tasks,3,21,2,0.0952,0.6667,0.1667,304,369,1.21,0.013699999954042141,21
gen_systems_rust_003,naive_truncation,systems/rust,synthetic,implicit,pending_tasks,2,21,1,0.0476,0.5,0.087,304,369,1.21,0.013699999954042141,21
gen_systems_rust_003,naive_truncation,systems/rust,synthetic,implicit,decisions,3,21,3,0.1429,1.0,0.25,304,369,1.21,0.013699999954042141,21
gen_systems_rust_003,naive_truncation,systems/rust,synthetic,implicit,files,4,21,4,0.1905,1.0,0.32,304,369,1.21,0.013699999954042141,21
gen_systems_rust_003,naive_truncation,systems/rust,synthetic,implicit,errors,2,21,2,0.0952,1.0,0.1739,304,369,1.21,0.013699999954042141,21
gen_systems_rust_003,naive_summary,systems/rust,synthetic,implicit,completed_tasks,3,14,2,0.1429,0.6667,0.2353,176,369,2.1,0.05445600004350126,14
gen_systems_rust_003,naive_summary,systems/rust,synthetic,implicit,pending_tasks,2,14,1,0.0714,0.5,0.125,176,369,2.1,0.05445600004350126,14
gen_systems_rust_003,naive_summary,systems/rust,synthetic,implicit,decisions,3,14,1,0.0714,0.3333,0.1176,176,369,2.1,0.05445600004350126,14
gen_systems_rust_003,naive_summary,systems/rust,synthetic,implicit,files,4,14,2,0.1429,0.5,0.2222,176,369,2.1,0.05445600004350126,14
gen_systems_rust_003,naive_summary,systems/rust,synthetic,implicit,errors,2,14,0,0.0,0.0,0.0,176,369,2.1,0.05445600004350126,14
gen_systems_rust_004,tokenmizer_v0.5.2,systems/rust,synthetic,implicit,completed_tasks,5,0,0,1.0,0.0,0.0,29,357,12.31,43.3694349999314,3
gen_systems_rust_004,tokenmizer_v0.5.2,systems/rust,synthetic,implicit,pending_tasks,4,1,1,1.0,0.25,0.4,29,357,12.31,43.3694349999314,3
gen_systems_rust_004,tokenmizer_v0.5.2,systems/rust,synthetic,implicit,decisions,2,0,0,1.0,0.0,0.0,29,357,12.31,43.3694349999314,3
gen_systems_rust_004,tokenmizer_v0.5.2,systems/rust,synthetic,implicit,files,2,2,2,1.0,1.0,1.0,29,357,12.31,43.3694349999314,3
gen_systems_rust_004,graphiti_style,systems/rust,synthetic,implicit,completed_tasks,5,0,0,1.0,0.0,0.0,54,357,6.61,1.3959289999547764,6
gen_systems_rust_004,graphiti_style,systems/rust,synthetic,implicit,pending_tasks,4,2,1,0.5,0.25,0.3333,54,357,6.61,1.3959289999547764,6
gen_systems_rust_004,graphiti_style,systems/rust,synthetic,implicit,decisions,2,1,0,0.0,0.0,0.0,54,357,6.61,1.3959289999547764,6
gen_systems_rust_004,graphiti_style,systems/rust,synthetic,implicit,files,2,2,2,1.0,1.0,1.0,54,357,6.61,1.3959289999547764,6
gen_systems_rust_004,graphiti_style,systems/rust,synthetic,implicit,errors,0,1,0,0.0,1.0,0.0,54,357,6.61,1.3959289999547764,6
gen_systems_rust_004,graphrag_style,systems/rust,synthetic,implicit,completed_tasks,5,0,0,1.0,0.0,0.0,40,357,8.93,0.8214130000396835,5
gen_systems_rust_004,graphrag_style,systems/rust,synthetic,implicit,pending_tasks,4,1,0,0.0,0.0,0.0,40,357,8.93,0.8214130000396835,5
gen_systems_rust_004,graphrag_style,systems/rust,synthetic,implicit,decisions,2,1,0,0.0,0.0,0.0,40,357,8.93,0.8214130000396835,5
gen_systems_rust_004,graphrag_style,systems/rust,synthetic,implicit,files,2,2,2,1.0,1.0,1.0,40,357,8.93,0.8214130000396835,5
gen_systems_rust_004,graphrag_style,systems/rust,synthetic,implicit,errors,0,1,0,0.0,1.0,0.0,40,357,8.93,0.8214130000396835,5
gen_systems_rust_004,mem0_style,systems/rust,synthetic,implicit,completed_tasks,5,0,0,1.0,0.0,0.0,53,357,6.74,1.3887170000543847,6
gen_systems_rust_004,mem0_style,systems/rust,synthetic,implicit,pending_tasks,4,2,1,0.5,0.25,0.3333,53,357,6.74,1.3887170000543847,6
gen_systems_rust_004,mem0_style,systems/rust,synthetic,implicit,decisions,2,1,0,0.0,0.0,0.0,53,357,6.74,1.3887170000543847,6
gen_systems_rust_004,mem0_style,systems/rust,synthetic,implicit,files,2,2,2,1.0,1.0,1.0,53,357,6.74,1.3887170000543847,6
gen_systems_rust_004,mem0_style,systems/rust,synthetic,implicit,errors,0,1,0,0.0,1.0,0.0,53,357,6.74,1.3887170000543847,6
gen_systems_rust_004,memgpt_style,systems/rust,synthetic,implicit,completed_tasks,5,0,0,1.0,0.0,0.0,24,357,14.88,0.6876009999814414,2
gen_systems_rust_004,memgpt_style,systems/rust,synthetic,implicit,pending_tasks,4,0,0,1.0,0.0,0.0,24,357,14.88,0.6876009999814414,2
gen_systems_rust_004,memgpt_style,systems/rust,synthetic,implicit,decisions,2,0,0,1.0,0.0,0.0,24,357,14.88,0.6876009999814414,2
gen_systems_rust_004,memgpt_style,systems/rust,synthetic,implicit,files,2,1,1,1.0,0.5,0.6667,24,357,14.88,0.6876009999814414,2
gen_systems_rust_004,memgpt_style,systems/rust,synthetic,implicit,errors,0,1,0,0.0,1.0,0.0,24,357,14.88,0.6876009999814414,2
gen_systems_rust_004,sliding_window_10,systems/rust,synthetic,implicit,completed_tasks,5,12,2,0.1667,0.4,0.2353,193,357,1.85,0.003982999942309107,12
gen_systems_rust_004,sliding_window_10,systems/rust,synthetic,implicit,pending_tasks,4,12,3,0.25,0.75,0.375,193,357,1.85,0.003982999942309107,12
gen_systems_rust_004,sliding_window_10,systems/rust,synthetic,implicit,decisions,2,12,1,0.0833,0.5,0.1429,193,357,1.85,0.003982999942309107,12
gen_systems_rust_004,sliding_window_10,systems/rust,synthetic,implicit,files,2,12,1,0.0833,0.5,0.1429,193,357,1.85,0.003982999942309107,12
gen_systems_rust_004,sliding_window_10,systems/rust,synthetic,implicit,errors,0,12,0,0.0,1.0,0.0,193,357,1.85,0.003982999942309107,12
gen_systems_rust_004,naive_truncation,systems/rust,synthetic,implicit,completed_tasks,5,20,5,0.25,1.0,0.4,304,357,1.17,0.017502999980933964,20
gen_systems_rust_004,naive_truncation,systems/rust,synthetic,implicit,pending_tasks,4,20,3,0.15,0.75,0.25,304,357,1.17,0.017502999980933964,20
gen_systems_rust_004,naive_truncation,systems/rust,synthetic,implicit,decisions,2,20,2,0.1,1.0,0.1818,304,357,1.17,0.017502999980933964,20
gen_systems_rust_004,naive_truncation,systems/rust,synthetic,implicit,files,2,20,1,0.05,0.5,0.0909,304,357,1.17,0.017502999980933964,20
gen_systems_rust_004,naive_truncation,systems/rust,synthetic,implicit,errors,0,20,0,0.0,1.0,0.0,304,357,1.17,0.017502999980933964,20
gen_systems_rust_004,naive_summary,systems/rust,synthetic,implicit,completed_tasks,5,13,3,0.2308,0.6,0.3333,174,357,2.05,0.05783100004919106,13
gen_systems_rust_004,naive_summary,systems/rust,synthetic,implicit,pending_tasks,4,13,1,0.0769,0.25,0.1176,174,357,2.05,0.05783100004919106,13
gen_systems_rust_004,naive_summary,systems/rust,synthetic,implicit,decisions,2,13,1,0.0769,0.5,0.1333,174,357,2.05,0.05783100004919106,13
gen_systems_rust_004,naive_summary,systems/rust,synthetic,implicit,files,2,13,1,0.0769,0.5,0.1333,174,357,2.05,0.05783100004919106,13
gen_systems_rust_004,naive_summary,systems/rust,synthetic,implicit,errors,0,13,0,0.0,1.0,0.0,174,357,2.05,0.05783100004919106,13
gen_systems_rust_005,tokenmizer_v0.5.2,systems/rust,synthetic,implicit,completed_tasks,6,1,0,0.0,0.0,0.0,54,488,9.04,46.0560600001827,7
gen_systems_rust_005,tokenmizer_v0.5.2,systems/rust,synthetic,implicit,pending_tasks,4,0,0,1.0,0.0,0.0,54,488,9.04,46.0560600001827,7
gen_systems_rust_005,tokenmizer_v0.5.2,systems/rust,synthetic,implicit,decisions,2,0,0,1.0,0.0,0.0,54,488,9.04,46.0560600001827,7
gen_systems_rust_005,tokenmizer_v0.5.2,systems/rust,synthetic,implicit,files,4,4,4,1.0,1.0,1.0,54,488,9.04,46.0560600001827,7
gen_systems_rust_005,tokenmizer_v0.5.2,systems/rust,synthetic,implicit,errors,2,2,2,1.0,1.0,1.0,54,488,9.04,46.0560600001827,7
gen_systems_rust_005,graphiti_style,systems/rust,synthetic,implicit,completed_tasks,6,0,0,1.0,0.0,0.0,51,488,9.57,1.2518169999111706,9
gen_systems_rust_005,graphiti_style,systems/rust,synthetic,implicit,pending_tasks,4,2,0,0.0,0.0,0.0,51,488,9.57,1.2518169999111706,9
gen_systems_rust_005,graphiti_style,systems/rust,synthetic,implicit,decisions,2,2,0,0.0,0.0,0.0,51,488,9.57,1.2518169999111706,9
gen_systems_rust_005,graphiti_style,systems/rust,synthetic,implicit,files,4,4,4,1.0,1.0,1.0,51,488,9.57,1.2518169999111706,9
gen_systems_rust_005,graphiti_style,systems/rust,synthetic,implicit,errors,2,1,0,0.0,0.0,0.0,51,488,9.57,1.2518169999111706,9
gen_systems_rust_005,graphrag_style,systems/rust,synthetic,implicit,completed_tasks,6,0,0,1.0,0.0,0.0,29,488,16.83,0.609788000019762,7
gen_systems_rust_005,graphrag_style,systems/rust,synthetic,implicit,pending_tasks,4,2,0,0.0,0.0,0.0,29,488,16.83,0.609788000019762,7
gen_systems_rust_005,graphrag_style,systems/rust,synthetic,implicit,decisions,2,1,0,0.0,0.0,0.0,29,488,16.83,0.609788000019762,7
gen_systems_rust_005,graphrag_style,systems/rust,synthetic,implicit,files,4,4,4,1.0,1.0,1.0,29,488,16.83,0.609788000019762,7
gen_systems_rust_005,graphrag_style,systems/rust,synthetic,implicit,errors,2,0,0,1.0,0.0,0.0,29,488,16.83,0.609788000019762,7
gen_systems_rust_005,mem0_style,systems/rust,synthetic,implicit,completed_tasks,6,0,0,1.0,0.0,0.0,50,488,9.76,1.1684989999594109,9
gen_systems_rust_005,mem0_style,systems/rust,synthetic,implicit,pending_tasks,4,2,0,0.0,0.0,0.0,50,488,9.76,1.1684989999594109,9
gen_systems_rust_005,mem0_style,systems/rust,synthetic,implicit,decisions,2,2,0,0.0,0.0,0.0,50,488,9.76,1.1684989999594109,9
gen_systems_rust_005,mem0_style,systems/rust,synthetic,implicit,files,4,4,4,1.0,1.0,1.0,50,488,9.76,1.1684989999594109,9
gen_systems_rust_005,mem0_style,systems/rust,synthetic,implicit,errors,2,1,0,0.0,0.0,0.0,50,488,9.76,1.1684989999594109,9
gen_systems_rust_005,memgpt_style,systems/rust,synthetic,implicit,completed_tasks,6,0,0,1.0,0.0,0.0,31,488,15.74,0.4819800001314434,3
gen_systems_rust_005,memgpt_style,systems/rust,synthetic,implicit,pending_tasks,4,0,0,1.0,0.0,0.0,31,488,15.74,0.4819800001314434,3
gen_systems_rust_005,memgpt_style,systems/rust,synthetic,implicit,decisions,2,1,0,0.0,0.0,0.0,31,488,15.74,0.4819800001314434,3
gen_systems_rust_005,memgpt_style,systems/rust,synthetic,implicit,files,4,1,1,1.0,0.25,0.4,31,488,15.74,0.4819800001314434,3
gen_systems_rust_005,memgpt_style,systems/rust,synthetic,implicit,errors,2,1,0,0.0,0.0,0.0,31,488,15.74,0.4819800001314434,3
gen_systems_rust_005,sliding_window_10,systems/rust,synthetic,implicit,completed_tasks,6,12,4,0.3333,0.6667,0.4444,189,488,2.58,0.002843999936885666,12
gen_systems_rust_005,sliding_window_10,systems/rust,synthetic,implicit,pending_tasks,4,12,0,0.0,0.0,0.0,189,488,2.58,0.002843999936885666,12
gen_systems_rust_005,sliding_window_10,systems/rust,synthetic,implicit,decisions,2,12,1,0.0833,0.5,0.1429,189,488,2.58,0.002843999936885666,12
gen_systems_rust_005,sliding_window_10,systems/rust,synthetic,implicit,files,4,12,1,0.0833,0.25,0.125,189,488,2.58,0.002843999936885666,12
gen_systems_rust_005,sliding_window_10,systems/rust,synthetic,implicit,errors,2,12,1,0.0833,0.5,0.1429,189,488,2.58,0.002843999936885666,12
gen_systems_rust_005,naive_truncation,systems/rust,synthetic,implicit,completed_tasks,6,19,5,0.2632,0.8333,0.4,300,488,1.63,0.010897000038312399,19
gen_systems_rust_005,naive_truncation,systems/rust,synthetic,implicit,pending_tasks,4,19,2,0.1053,0.5,0.1739,300,488,1.63,0.010897000038312399,19
gen_systems_rust_005,naive_truncation,systems/rust,synthetic,implicit,decisions,2,19,1,0.0526,0.5,0.0952,300,488,1.63,0.010897000038312399,19
gen_systems_rust_005,naive_truncation,systems/rust,synthetic,implicit,files,4,19,2,0.1053,0.5,0.1739,300,488,1.63,0.010897000038312399,19
gen_systems_rust_005,naive_truncation,systems/rust,synthetic,implicit,errors,2,19,1,0.0526,0.5,0.0952,300,488,1.63,0.010897000038312399,19
gen_systems_rust_005,naive_summary,systems/rust,synthetic,implicit,completed_tasks,6,12,1,0.0833,0.1667,0.1111,166,488,2.94,0.04188600019006117,12
gen_systems_rust_005,naive_summary,systems/rust,synthetic,implicit,pending_tasks,4,12,2,0.1667,0.5,0.25,166,488,2.94,0.04188600019006117,12
gen_systems_rust_005,naive_summary,systems/rust,synthetic,implicit,decisions,2,12,0,0.0,0.0,0.0,166,488,2.94,0.04188600019006117,12
gen_systems_rust_005,naive_summary,systems/rust,synthetic,implicit,files,4,12,2,0.1667,0.5,0.25,166,488,2.94,0.04188600019006117,12
gen_systems_rust_005,naive_summary,systems/rust,synthetic,implicit,errors,2,12,1,0.0833,0.5,0.1429,166,488,2.94,0.04188600019006117,12
go_microservice,tokenmizer_v0.5.2,backend/go,synthetic,unspecified,completed_tasks,4,4,4,1.0,1.0,1.0,142,206,1.45,39.629775000094014,16
go_microservice,tokenmizer_v0.5.2,backend/go,synthetic,unspecified,pending_tasks,1,1,1,1.0,1.0,1.0,142,206,1.45,39.629775000094014,16
go_microservice,tokenmizer_v0.5.2,backend/go,synthetic,unspecified,decisions,4,3,2,0.6667,0.5,0.5714,142,206,1.45,39.629775000094014,16
go_microservice,tokenmizer_v0.5.2,backend/go,synthetic,unspecified,files,6,6,6,1.0,1.0,1.0,142,206,1.45,39.629775000094014,16
go_microservice,tokenmizer_v0.5.2,backend/go,synthetic,unspecified,errors,2,2,2,1.0,1.0,1.0,142,206,1.45,39.629775000094014,16
go_microservice,graphiti_style,backend/go,synthetic,unspecified,completed_tasks,4,2,1,0.5,0.25,0.3333,106,206,1.94,0.5510159999175812,13
go_microservice,graphiti_style,backend/go,synthetic,unspecified,pending_tasks,1,2,1,0.5,1.0,0.6667,106,206,1.94,0.5510159999175812,13
go_microservice,graphiti_style,backend/go,synthetic,unspecified,decisions,4,3,2,0.6667,0.5,0.5714,106,206,1.94,0.5510159999175812,13
go_microservice,graphiti_style,backend/go,synthetic,unspecified,files,6,6,6,1.0,1.0,1.0,106,206,1.94,0.5510159999175812,13
go_microservice,graphiti_style,backend/go,synthetic,unspecified,errors,2,0,0,1.0,0.0,0.0,106,206,1.94,0.5510159999175812,13
go_microservice,graphrag_style,backend/go,synthetic,unspecified,completed_tasks,4,0,0,1.0,0.0,0.0,58,206,3.55,0.2754890001597232,9
go_microservice,graphrag_style,backend/go,synthetic,unspecified,pending_tasks,1,0,0,1.0,0.0,0.0,58,206,3.55,0.2754890001597232,9
go_microservice,graphrag_style,backend/go,synthetic,unspecified,decisions,4,3,2,0.6667,0.5,0.5714,58,206,3.55,0.2754890001597232,9
go_microservice,graphrag_style,backend/go,synthetic,unspecified,files,6,6,6,1.0,1.0,1.0,58,206,3.55,0.2754890001597232,9
go_microservice,graphrag_style,backend/go,synthetic,unspecified,errors,2,0,0,1.0,0.0,0.0,58,206,3.55,0.2754890001597232,9
go_microservice,mem0_style,backend/go,synthetic,unspecified,completed_tasks,4,2,1,0.5,0.25,0.3333,105,206,1.96,0.538905999974304,13
go_microservice,mem0_style,backend/go,synthetic,unspecified,pending_tasks,1,2,1,0.5,1.0,0.6667,105,206,1.96,0.538905999974304,13
go_microservice,mem0_style,backend/go,synthetic,unspecified,decisions,4,3,2,0.6667,0.5,0.5714,105,206,1.96,0.538905999974304,13
go_microservice,mem0_style,backend/go,synthetic,unspecified,files,6,6,6,1.0,1.0,1.0,105,206,1.96,0.538905999974304,13
go_microservice,mem0_style,backend/go,synthetic,unspecified,errors,2,0,0,1.0,0.0,0.0,105,206,1.96,0.538905999974304,13
go_microservice,memgpt_style,backend/go,synthetic,unspecified,completed_tasks,4,1,1,1.0,0.25,0.4,65,206,3.17,0.2890259997911926,6
go_microservice,memgpt_style,backend/go,synthetic,unspecified,pending_tasks,1,2,1,0.5,1.0,0.6667,65,206,3.17,0.2890259997911926,6
go_microservice,memgpt_style,backend/go,synthetic,unspecified,decisions,4,1,1,1.0,0.25,0.4,65,206,3.17,0.2890259997911926,6
go_microservice,memgpt_style,backend/go,synthetic,unspecified,files,6,2,3,1.0,0.5,0.6667,65,206,3.17,0.2890259997911926,6
go_microservice,memgpt_style,backend/go,synthetic,unspecified,errors,2,0,0,1.0,0.0,0.0,65,206,3.17,0.2890259997911926,6
go_microservice,sliding_window_10,backend/go,synthetic,unspecified,completed_tasks,4,15,4,0.2667,1.0,0.4211,212,206,0.97,0.004205000095680589,15
go_microservice,sliding_window_10,backend/go,synthetic,unspecified,pending_tasks,1,15,1,0.0667,1.0,0.125,212,206,0.97,0.004205000095680589,15
go_microservice,sliding_window_10,backend/go,synthetic,unspecified,decisions,4,15,4,0.4,1.0,0.5714,212,206,0.97,0.004205000095680589,15
go_microservice,sliding_window_10,backend/go,synthetic,unspecified,files,6,15,6,0.3333,1.0,0.5,212,206,0.97,0.004205000095680589,15
go_microservice,sliding_window_10,backend/go,synthetic,unspecified,errors,2,15,2,0.0667,1.0,0.125,212,206,0.97,0.004205000095680589,15
go_microservice,naive_truncation,backend/go,synthetic,unspecified,completed_tasks,4,15,4,0.2667,1.0,0.4211,212,206,0.97,0.008664000006319839,15
go_microservice,naive_truncation,backend/go,synthetic,unspecified,pending_tasks,1,15,1,0.0667,1.0,0.125,212,206,0.97,0.008664000006319839,15
go_microservice,naive_truncation,backend/go,synthetic,unspecified,decisions,4,15,4,0.4,1.0,0.5714,212,206,0.97,0.008664000006319839,15
go_microservice,naive_truncation,backend/go,synthetic,unspecified,files,6,15,6,0.3333,1.0,0.5,212,206,0.97,0.008664000006319839,15
go_microservice,naive_truncation,backend/go,synthetic,unspecified,errors,2,15,2,0.0667,1.0,0.125,212,206,0.97,0.008664000006319839,15
go_microservice,naive_summary,backend/go,synthetic,unspecified,completed_tasks,4,15,4,0.2667,1.0,0.4211,212,206,0.97,0.020008000092275324,15
go_microservice,naive_summary,backend/go,synthetic,unspecified,pending_tasks,1,15,1,0.0667,1.0,0.125,212,206,0.97,0.020008000092275324,15
go_microservice,naive_summary,backend/go,synthetic,unspecified,decisions,4,15,4,0.4,1.0,0.5714,212,206,0.97,0.020008000092275324,15
go_microservice,naive_summary,backend/go,synthetic,unspecified,files,6,15,6,0.3333,1.0,0.5,212,206,0.97,0.020008000092275324,15
go_microservice,naive_summary,backend/go,synthetic,unspecified,errors,2,15,2,0.0667,1.0,0.125,212,206,0.97,0.020008000092275324,15
ml_pipeline,tokenmizer_v0.5.2,ml/python,synthetic,unspecified,completed_tasks,4,3,4,1.0,1.0,1.0,135,206,1.53,37.483783999959996,11
ml_pipeline,tokenmizer_v0.5.2,ml/python,synthetic,unspecified,decisions,4,3,4,1.0,1.0,1.0,135,206,1.53,37.483783999959996,11
ml_pipeline,tokenmizer_v0.5.2,ml/python,synthetic,unspecified,files,5,5,5,1.0,1.0,1.0,135,206,1.53,37.483783999959996,11
ml_pipeline,graphiti_style,ml/python,synthetic,unspecified,completed_tasks,4,5,4,0.6,1.0,0.75,117,206,1.76,0.5305979998411203,16
ml_pipeline,graphiti_style,ml/python,synthetic,unspecified,pending_tasks,0,2,0,0.0,1.0,0.0,117,206,1.76,0.5305979998411203,16
ml_pipeline,graphiti_style,ml/python,synthetic,unspecified,decisions,4,4,3,0.75,0.75,0.75,117,206,1.76,0.5305979998411203,16
ml_pipeline,graphiti_style,ml/python,synthetic,unspecified,files,5,5,5,1.0,1.0,1.0,117,206,1.76,0.5305979998411203,16
ml_pipeline,graphrag_style,ml/python,synthetic,unspecified,completed_tasks,4,2,2,1.0,0.5,0.6667,78,206,2.64,0.31442799991054926,11
ml_pipeline,graphrag_style,ml/python,synthetic,unspecified,decisions,4,4,3,0.75,0.75,0.75,78,206,2.64,0.31442799991054926,11
ml_pipeline,graphrag_style,ml/python,synthetic,unspecified,files,5,5,5,1.0,1.0,1.0,78,206,2.64,0.31442799991054926,11
ml_pipeline,mem0_style,ml/python,synthetic,unspecified,completed_tasks,4,5,4,0.6,1.0,0.75,116,206,1.78,0.5153729998710332,16
ml_pipeline,mem0_style,ml/python,synthetic,unspecified,pending_tasks,0,2,0,0.0,1.0,0.0,116,206,1.78,0.5153729998710332,16
ml_pipeline,mem0_style,ml/python,synthetic,unspecified,decisions,4,4,3,0.75,0.75,0.75,116,206,1.78,0.5153729998710332,16
ml_pipeline,mem0_style,ml/python,synthetic,unspecified,files,5,5,5,1.0,1.0,1.0,116,206,1.78,0.5153729998710332,16
ml_pipeline,memgpt_style,ml/python,synthetic,unspecified,completed_tasks,4,4,3,0.5,0.75,0.6,53,206,3.89,0.30580199995711155,9
ml_pipeline,memgpt_style,ml/python,synthetic,unspecified,decisions,4,1,0,0.0,0.0,0.0,53,206,3.89,0.30580199995711155,9
ml_pipeline,memgpt_style,ml/python,synthetic,unspecified,files,5,4,4,1.0,0.8,0.8889,53,206,3.89,0.30580199995711155,9
ml_pipeline,sliding_window_10,ml/python,synthetic,unspecified,completed_tasks,4,12,4,0.25,1.0,0.4,211,206,0.98,0.003375999995114398,12
ml_pipeline,sliding_window_10,ml/python,synthetic,unspecified,pending_tasks,0,12,0,0.0,1.0,0.0,211,206,0.98,0.003375999995114398,12
ml_pipeline,sliding_window_10,ml/python,synthetic,unspecified,decisions,4,12,4,0.25,1.0,0.4,211,206,0.98,0.003375999995114398,12
ml_pipeline,sliding_window_10,ml/python,synthetic,unspecified,files,5,12,5,0.3333,1.0,0.5,211,206,0.98,0.003375999995114398,12
ml_pipeline,sliding_window_10,ml/python,synthetic,unspecified,errors,0,12,0,0.0,1.0,0.0,211,206,0.98,0.003375999995114398,12
ml_pipeline,naive_truncation,ml/python,synthetic,unspecified,completed_tasks,4,12,4,0.25,1.0,0.4,211,206,0.98,0.010458999895490706,12
ml_pipeline,naive_truncation,ml/python,synthetic,unspecified,pending_tasks,0,12,0,0.0,1.0,0.0,211,206,0.98,0.010458999895490706,12
ml_pipeline,naive_truncation,ml/python,synthetic,unspecified,decisions,4,12,4,0.25,1.0,0.4,211,206,0.98,0.010458999895490706,12
ml_pipeline,naive_truncation,ml/python,synthetic,unspecified,files,5,12,5,0.3333,1.0,0.5,211,206,0.98,0.010458999895490706,12
ml_pipeline,naive_truncation,ml/python,synthetic,unspecified,errors,0,12,0,0.0,1.0,0.0,211,206,0.98,0.010458999895490706,12
ml_pipeline,naive_summary,ml/python,synthetic,unspecified,completed_tasks,4,12,4,0.25,1.0,0.4,211,206,0.98,0.0312520000989025,12
ml_pipeline,naive_summary,ml/python,synthetic,unspecified,pending_tasks,0,12,0,0.0,1.0,0.0,211,206,0.98,0.0312520000989025,12
ml_pipeline,naive_summary,ml/python,synthetic,unspecified,decisions,4,12,4,0.25,1.0,0.4,211,206,0.98,0.0312520000989025,12
ml_pipeline,naive_summary,ml/python,synthetic,unspecified,files,5,12,5,0.3333,1.0,0.5,211,206,0.98,0.0312520000989025,12
ml_pipeline,naive_summary,ml/python,synthetic,unspecified,errors,0,12,0,0.0,1.0,0.0,211,206,0.98,0.0312520000989025,12
react_dashboard,tokenmizer_v0.5.2,frontend/typescript,synthetic,unspecified,completed_tasks,4,3,3,1.0,0.75,0.8571,185,205,1.11,45.253301000002466,17
react_dashboard,tokenmizer_v0.5.2,frontend/typescript,synthetic,unspecified,decisions,6,5,6,1.0,1.0,1.0,185,205,1.11,45.253301000002466,17
react_dashboard,tokenmizer_v0.5.2,frontend/typescript,synthetic,unspecified,files,7,7,7,1.0,1.0,1.0,185,205,1.11,45.253301000002466,17
react_dashboard,tokenmizer_v0.5.2,frontend/typescript,synthetic,unspecified,errors,2,2,2,1.0,1.0,1.0,185,205,1.11,45.253301000002466,17
react_dashboard,graphiti_style,frontend/typescript,synthetic,unspecified,completed_tasks,4,5,4,0.6,1.0,0.75,171,205,1.2,0.5376350000005914,18
react_dashboard,graphiti_style,frontend/typescript,synthetic,unspecified,pending_tasks,0,2,0,0.0,1.0,0.0,171,205,1.2,0.5376350000005914,18
react_dashboard,graphiti_style,frontend/typescript,synthetic,unspecified,decisions,6,5,5,0.8,0.8333,0.8163,171,205,1.2,0.5376350000005914,18
react_dashboard,graphiti_style,frontend/typescript,synthetic,unspecified,files,7,6,5,0.8333,0.7143,0.7692,171,205,1.2,0.5376350000005914,18
react_dashboard,graphiti_style,frontend/typescript,synthetic,unspecified,errors,2,0,0,1.0,0.0,0.0,171,205,1.2,0.5376350000005914,18
react_dashboard,graphrag_style,frontend/typescript,synthetic,unspecified,completed_tasks,4,2,2,1.0,0.5,0.6667,119,205,1.72,0.2758269999958429,13
react_dashboard,graphrag_style,frontend/typescript,synthetic,unspecified,decisions,6,5,5,0.8,0.8333,0.8163,119,205,1.72,0.2758269999958429,13
react_dashboard,graphrag_style,frontend/typescript,synthetic,unspecified,files,7,6,5,0.8333,0.7143,0.7692,119,205,1.72,0.2758269999958429,13
react_dashboard,graphrag_style,frontend/typescript,synthetic,unspecified,errors,2,0,0,1.0,0.0,0.0,119,205,1.72,0.2758269999958429,13
react_dashboard,mem0_style,frontend/typescript,synthetic,unspecified,completed_tasks,4,5,4,0.6,1.0,0.75,170,205,1.21,0.5646820000038133,18
react_dashboard,mem0_style,frontend/typescript,synthetic,unspecified,pending_tasks,0,2,0,0.0,1.0,0.0,170,205,1.21,0.5646820000038133,18
react_dashboard,mem0_style,frontend/typescript,synthetic,unspecified,decisions,6,5,5,0.8,0.8333,0.8163,170,205,1.21,0.5646820000038133,18
react_dashboard,mem0_style,frontend/typescript,synthetic,unspecified,files,7,6,5,0.8333,0.7143,0.7692,170,205,1.21,0.5646820000038133,18
react_dashboard,mem0_style,frontend/typescript,synthetic,unspecified,errors,2,0,0,1.0,0.0,0.0,170,205,1.21,0.5646820000038133,18
react_dashboard,memgpt_style,frontend/typescript,synthetic,unspecified,completed_tasks,4,4,3,0.5,0.75,0.6,108,205,1.9,0.28510100014500495,11
react_dashboard,memgpt_style,frontend/typescript,synthetic,unspecified,pending_tasks,0,1,0,0.0,1.0,0.0,108,205,1.9,0.28510100014500495,11
react_dashboard,memgpt_style,frontend/typescript,synthetic,unspecified,decisions,6,2,2,1.0,0.3333,0.5,108,205,1.9,0.28510100014500495,11
react_dashboard,memgpt_style,frontend/typescript,synthetic,unspecified,files,7,4,4,1.0,0.5714,0.7273,108,205,1.9,0.28510100014500495,11
react_dashboard,memgpt_style,frontend/typescript,synthetic,unspecified,errors,2,0,0,1.0,0.0,0.0,108,205,1.9,0.28510100014500495,11
react_dashboard,sliding_window_10,frontend/typescript,synthetic,unspecified,completed_tasks,4,12,4,0.3333,1.0,0.5,212,205,0.97,0.0035530001696315594,12
react_dashboard,sliding_window_10,frontend/typescript,synthetic,unspecified,pending_tasks,0,12,0,0.0,1.0,0.0,212,205,0.97,0.0035530001696315594,12
react_dashboard,sliding_window_10,frontend/typescript,synthetic,unspecified,decisions,6,12,6,0.4167,1.0,0.5882,212,205,0.97,0.0035530001696315594,12
react_dashboard,sliding_window_10,frontend/typescript,synthetic,unspecified,files,7,12,7,0.4167,1.0,0.5882,212,205,0.97,0.0035530001696315594,12
react_dashboard,sliding_window_10,frontend/typescript,synthetic,unspecified,errors,2,12,2,0.0833,1.0,0.1538,212,205,0.97,0.0035530001696315594,12
react_dashboard,naive_truncation,frontend/typescript,synthetic,unspecified,completed_tasks,4,12,4,0.3333,1.0,0.5,212,205,0.97,0.008701000069777365,12
react_dashboard,naive_truncation,frontend/typescript,synthetic,unspecified,pending_tasks,0,12,0,0.0,1.0,0.0,212,205,0.97,0.008701000069777365,12
react_dashboard,naive_truncation,frontend/typescript,synthetic,unspecified,decisions,6,12,6,0.4167,1.0,0.5882,212,205,0.97,0.008701000069777365,12
react_dashboard,naive_truncation,frontend/typescript,synthetic,unspecified,files,7,12,7,0.4167,1.0,0.5882,212,205,0.97,0.008701000069777365,12
react_dashboard,naive_truncation,frontend/typescript,synthetic,unspecified,errors,2,12,2,0.0833,1.0,0.1538,212,205,0.97,0.008701000069777365,12
react_dashboard,naive_summary,frontend/typescript,synthetic,unspecified,completed_tasks,4,12,4,0.3333,1.0,0.5,212,205,0.97,0.02743699997154181,12
react_dashboard,naive_summary,frontend/typescript,synthetic,unspecified,pending_tasks,0,12,0,0.0,1.0,0.0,212,205,0.97,0.02743699997154181,12
react_dashboard,naive_summary,frontend/typescript,synthetic,unspecified,decisions,6,12,6,0.4167,1.0,0.5882,212,205,0.97,0.02743699997154181,12
react_dashboard,naive_summary,frontend/typescript,synthetic,unspecified,files,7,12,7,0.4167,1.0,0.5882,212,205,0.97,0.02743699997154181,12
react_dashboard,naive_summary,frontend/typescript,synthetic,unspecified,errors,2,12,2,0.0833,1.0,0.1538,212,205,0.97,0.02743699997154181,12
real_audit_concurrency,tokenmizer_v0.5.2,audit/systems,real,unspecified,completed_tasks,3,3,3,1.0,1.0,1.0,107,237,2.21,40.98486800012324,9
real_audit_concurrency,tokenmizer_v0.5.2,audit/systems,real,unspecified,pending_tasks,1,1,1,1.0,1.0,1.0,107,237,2.21,40.98486800012324,9
real_audit_concurrency,tokenmizer_v0.5.2,audit/systems,real,unspecified,decisions,1,1,1,1.0,1.0,1.0,107,237,2.21,40.98486800012324,9
real_audit_concurrency,tokenmizer_v0.5.2,audit/systems,real,unspecified,files,2,2,2,1.0,1.0,1.0,107,237,2.21,40.98486800012324,9
real_audit_concurrency,tokenmizer_v0.5.2,audit/systems,real,unspecified,errors,2,2,2,1.0,1.0,1.0,107,237,2.21,40.98486800012324,9
real_audit_concurrency,graphiti_style,audit/systems,real,unspecified,completed_tasks,3,4,1,0.25,0.3333,0.2857,91,237,2.6,0.7941579999624082,8
real_audit_concurrency,graphiti_style,audit/systems,real,unspecified,pending_tasks,1,1,1,1.0,1.0,1.0,91,237,2.6,0.7941579999624082,8
real_audit_concurrency,graphiti_style,audit/systems,real,unspecified,decisions,1,1,1,1.0,1.0,1.0,91,237,2.6,0.7941579999624082,8
real_audit_concurrency,graphiti_style,audit/systems,real,unspecified,files,2,2,2,1.0,1.0,1.0,91,237,2.6,0.7941579999624082,8
real_audit_concurrency,graphiti_style,audit/systems,real,unspecified,errors,2,0,0,1.0,0.0,0.0,91,237,2.6,0.7941579999624082,8
real_audit_concurrency,graphrag_style,audit/systems,real,unspecified,completed_tasks,3,1,1,1.0,0.3333,0.5,55,237,4.31,0.489610999920842,4
real_audit_concurrency,graphrag_style,audit/systems,real,unspecified,pending_tasks,1,0,0,1.0,0.0,0.0,55,237,4.31,0.489610999920842,4
real_audit_concurrency,graphrag_style,audit/systems,real,unspecified,decisions,1,1,1,1.0,1.0,1.0,55,237,4.31,0.489610999920842,4
real_audit_concurrency,graphrag_style,audit/systems,real,unspecified,files,2,2,2,1.0,1.0,1.0,55,237,4.31,0.489610999920842,4
real_audit_concurrency,graphrag_style,audit/systems,real,unspecified,errors,2,0,0,1.0,0.0,0.0,55,237,4.31,0.489610999920842,4
real_audit_concurrency,mem0_style,audit/systems,real,unspecified,completed_tasks,3,4,1,0.25,0.3333,0.2857,90,237,2.63,0.8046529999319318,8
real_audit_concurrency,mem0_style,audit/systems,real,unspecified,pending_tasks,1,1,1,1.0,1.0,1.0,90,237,2.63,0.8046529999319318,8
real_audit_concurrency,mem0_style,audit/systems,real,unspecified,decisions,1,1,1,1.0,1.0,1.0,90,237,2.63,0.8046529999319318,8
real_audit_concurrency,mem0_style,audit/systems,real,unspecified,files,2,2,2,1.0,1.0,1.0,90,237,2.63,0.8046529999319318,8
real_audit_concurrency,mem0_style,audit/systems,real,unspecified,errors,2,0,0,1.0,0.0,0.0,90,237,2.63,0.8046529999319318,8
real_audit_concurrency,memgpt_style,audit/systems,real,unspecified,completed_tasks,3,3,1,0.3333,0.3333,0.3333,60,237,3.95,0.3733319999810192,5
real_audit_concurrency,memgpt_style,audit/systems,real,unspecified,pending_tasks,1,1,1,1.0,1.0,1.0,60,237,3.95,0.3733319999810192,5
real_audit_concurrency,memgpt_style,audit/systems,real,unspecified,decisions,1,0,0,1.0,0.0,0.0,60,237,3.95,0.3733319999810192,5
real_audit_concurrency,memgpt_style,audit/systems,real,unspecified,files,2,1,1,1.0,0.5,0.6667,60,237,3.95,0.3733319999810192,5
real_audit_concurrency,memgpt_style,audit/systems,real,unspecified,errors,2,0,0,1.0,0.0,0.0,60,237,3.95,0.3733319999810192,5
real_audit_concurrency,sliding_window_10,audit/systems,real,unspecified,completed_tasks,3,16,3,0.1875,1.0,0.3158,243,237,0.98,0.008987000001070555,16
real_audit_concurrency,sliding_window_10,audit/systems,real,unspecified,pending_tasks,1,16,1,0.0625,1.0,0.1176,243,237,0.98,0.008987000001070555,16
real_audit_concurrency,sliding_window_10,audit/systems,real,unspecified,decisions,1,16,1,0.0625,1.0,0.1176,243,237,0.98,0.008987000001070555,16
real_audit_concurrency,sliding_window_10,audit/systems,real,unspecified,files,2,16,2,0.125,1.0,0.2222,243,237,0.98,0.008987000001070555,16
real_audit_concurrency,sliding_window_10,audit/systems,real,unspecified,errors,2,16,2,0.125,1.0,0.2222,243,237,0.98,0.008987000001070555,16
real_audit_concurrency,naive_truncation,audit/systems,real,unspecified,completed_tasks,3,16,3,0.1875,1.0,0.3158,243,237,0.98,0.008512000022165012,16
real_audit_concurrency,naive_truncation,audit/systems,real,unspecified,pending_tasks,1,16,1,0.0625,1.0,0.1176,243,237,0.98,0.008512000022165012,16
real_audit_concurrency,naive_truncation,audit/systems,real,unspecified,decisions,1,16,1,0.0625,1.0,0.1176,243,237,0.98,0.008512000022165012,16
real_audit_concurrency,naive_truncation,audit/systems,real,unspecified,files,2,16,2,0.125,1.0,0.2222,243,237,0.98,0.008512000022165012,16
real_audit_concurrency,naive_truncation,audit/systems,real,unspecified,errors,2,16,2,0.125,1.0,0.2222,243,237,0.98,0.008512000022165012,16
real_audit_concurrency,naive_summary,audit/systems,real,unspecified,completed_tasks,3,13,3,0.2308,1.0,0.375,191,237,1.24,0.025796000045374967,13
real_audit_concurrency,naive_summary,audit/systems,real,unspecified,pending_tasks,1,13,0,0.0,0.0,0.0,191,237,1.24,0.025796000045374967,13
real_audit_concurrency,naive_summary,audit/systems,real,unspecified,decisions,1,13,1,0.0769,1.0,0.1429,191,237,1.24,0.025796000045374967,13
real_audit_concurrency,naive_summary,audit/systems,real,unspecified,files,2,13,2,0.1538,1.0,0.2667,191,237,1.24,0.025796000045374967,13
real_audit_concurrency,naive_summary,audit/systems,real,unspecified,errors,2,13,1,0.0769,0.5,0.1333,191,237,1.24,0.025796000045374967,13
real_audit_corruption,tokenmizer_v0.5.2,audit/storage,real,unspecified,completed_tasks,2,2,2,1.0,1.0,1.0,120,231,1.93,40.1513619999605,11
real_audit_corruption,tokenmizer_v0.5.2,audit/storage,real,unspecified,decisions,2,2,2,1.0,1.0,1.0,120,231,1.93,40.1513619999605,11
real_audit_corruption,tokenmizer_v0.5.2,audit/storage,real,unspecified,files,2,2,2,1.0,1.0,1.0,120,231,1.93,40.1513619999605,11
real_audit_corruption,tokenmizer_v0.5.2,audit/storage,real,unspecified,errors,5,5,5,0.8,1.0,0.8889,120,231,1.93,40.1513619999605,11
real_audit_corruption,graphiti_style,audit/storage,real,unspecified,completed_tasks,2,2,2,1.0,1.0,1.0,115,231,2.01,0.5771359999471315,7
real_audit_corruption,graphiti_style,audit/storage,real,unspecified,pending_tasks,0,1,0,0.0,1.0,0.0,115,231,2.01,0.5771359999471315,7
real_audit_corruption,graphiti_style,audit/storage,real,unspecified,decisions,2,2,2,1.0,1.0,1.0,115,231,2.01,0.5771359999471315,7
real_audit_corruption,graphiti_style,audit/storage,real,unspecified,files,2,1,1,1.0,0.5,0.6667,115,231,2.01,0.5771359999471315,7
real_audit_corruption,graphiti_style,audit/storage,real,unspecified,errors,5,1,2,1.0,0.4,0.5714,115,231,2.01,0.5771359999471315,7
real_audit_corruption,graphrag_style,audit/storage,real,unspecified,completed_tasks,2,1,1,1.0,0.5,0.6667,74,231,3.12,0.28792000011890195,5
real_audit_corruption,graphrag_style,audit/storage,real,unspecified,pending_tasks,0,1,0,0.0,1.0,0.0,74,231,3.12,0.28792000011890195,5
real_audit_corruption,graphrag_style,audit/storage,real,unspecified,decisions,2,2,2,1.0,1.0,1.0,74,231,3.12,0.28792000011890195,5
real_audit_corruption,graphrag_style,audit/storage,real,unspecified,files,2,1,1,1.0,0.5,0.6667,74,231,3.12,0.28792000011890195,5
real_audit_corruption,graphrag_style,audit/storage,real,unspecified,errors,5,0,0,1.0,0.0,0.0,74,231,3.12,0.28792000011890195,5
real_audit_corruption,mem0_style,audit/storage,real,unspecified,completed_tasks,2,2,2,1.0,1.0,1.0,114,231,2.03,0.5409949999375385,7
real_audit_corruption,mem0_style,audit/storage,real,unspecified,pending_tasks,0,1,0,0.0,1.0,0.0,114,231,2.03,0.5409949999375385,7
real_audit_corruption,mem0_style,audit/storage,real,unspecified,decisions,2,2,2,1.0,1.0,1.0,114,231,2.03,0.5409949999375385,7
real_audit_corruption,mem0_style,audit/storage,real,unspecified,files,2,1,1,1.0,0.5,0.6667,114,231,2.03,0.5409949999375385,7
real_audit_corruption,mem0_style,audit/storage,real,unspecified,errors,5,1,2,1.0,0.4,0.5714,114,231,2.03,0.5409949999375385,7
real_audit_corruption,memgpt_style,audit/storage,real,unspecified,completed_tasks,2,2,2,1.0,1.0,1.0,101,231,2.29,0.2968569999666215,6
real_audit_corruption,memgpt_style,audit/storage,real,unspecified,decisions,2,2,2,1.0,1.0,1.0,101,231,2.29,0.2968569999666215,6
real_audit_corruption,memgpt_style,audit/storage,real,unspecified,files,2,1,1,1.0,0.5,0.6667,101,231,2.29,0.2968569999666215,6
real_audit_corruption,memgpt_style,audit/storage,real,unspecified,errors,5,1,2,1.0,0.4,0.5714,101,231,2.29,0.2968569999666215,6
real_audit_corruption,sliding_window_10,audit/storage,real,unspecified,completed_tasks,2,11,2,0.1818,1.0,0.3077,236,231,0.98,0.0032810000902827596,11
real_audit_corruption,sliding_window_10,audit/storage,real,unspecified,pending_tasks,0,11,0,0.0,1.0,0.0,236,231,0.98,0.0032810000902827596,11
real_audit_corruption,sliding_window_10,audit/storage,real,unspecified,decisions,2,11,2,0.1818,1.0,0.3077,236,231,0.98,0.0032810000902827596,11
real_audit_corruption,sliding_window_10,audit/storage,real,unspecified,files,2,11,2,0.1818,1.0,0.3077,236,231,0.98,0.0032810000902827596,11
real_audit_corruption,sliding_window_10,audit/storage,real,unspecified,errors,5,11,5,0.3636,1.0,0.5333,236,231,0.98,0.0032810000902827596,11
real_audit_corruption,naive_truncation,audit/storage,real,unspecified,completed_tasks,2,11,2,0.1818,1.0,0.3077,236,231,0.98,0.009093000016946462,11
real_audit_corruption,naive_truncation,audit/storage,real,unspecified,pending_tasks,0,11,0,0.0,1.0,0.0,236,231,0.98,0.009093000016946462,11
real_audit_corruption,naive_truncation,audit/storage,real,unspecified,decisions,2,11,2,0.1818,1.0,0.3077,236,231,0.98,0.009093000016946462,11
real_audit_corruption,naive_truncation,audit/storage,real,unspecified,files,2,11,2,0.1818,1.0,0.3077,236,231,0.98,0.009093000016946462,11
real_audit_corruption,naive_truncation,audit/storage,real,unspecified,errors,5,11,5,0.3636,1.0,0.5333,236,231,0.98,0.009093000016946462,11
real_audit_corruption,naive_summary,audit/storage,real,unspecified,completed_tasks,2,11,1,0.0909,0.5,0.1538,208,231,1.11,0.028545000077428995,11
real_audit_corruption,naive_summary,audit/storage,real,unspecified,pending_tasks,0,11,0,0.0,1.0,0.0,208,231,1.11,0.028545000077428995,11
real_audit_corruption,naive_summary,audit/storage,real,unspecified,decisions,2,11,2,0.1818,1.0,0.3077,208,231,1.11,0.028545000077428995,11
real_audit_corruption,naive_summary,audit/storage,real,unspecified,files,2,11,2,0.1818,1.0,0.3077,208,231,1.11,0.028545000077428995,11
real_audit_corruption,naive_summary,audit/storage,real,unspecified,errors,5,11,5,0.3636,1.0,0.5333,208,231,1.11,0.028545000077428995,11
real_audit_extraction,tokenmizer_v0.5.2,audit/nlp,real,unspecified,completed_tasks,3,5,3,0.6,1.0,0.75,169,333,1.97,42.80204499991669,13
real_audit_extraction,tokenmizer_v0.5.2,audit/nlp,real,unspecified,decisions,2,2,2,1.0,1.0,1.0,169,333,1.97,42.80204499991669,13
real_audit_extraction,tokenmizer_v0.5.2,audit/nlp,real,unspecified,files,4,4,4,1.0,1.0,1.0,169,333,1.97,42.80204499991669,13
real_audit_extraction,tokenmizer_v0.5.2,audit/nlp,real,unspecified,errors,3,2,2,1.0,0.6667,0.8,169,333,1.97,42.80204499991669,13
real_audit_extraction,graphiti_style,audit/nlp,real,unspecified,completed_tasks,3,5,2,0.4,0.6667,0.5,175,333,1.9,0.8091080001122464,15
real_audit_extraction,graphiti_style,audit/nlp,real,unspecified,decisions,2,3,2,0.6667,1.0,0.8,175,333,1.9,0.8091080001122464,15
real_audit_extraction,graphiti_style,audit/nlp,real,unspecified,files,4,4,4,1.0,1.0,1.0,175,333,1.9,0.8091080001122464,15
real_audit_extraction,graphiti_style,audit/nlp,real,unspecified,errors,3,3,1,0.3333,0.3333,0.3333,175,333,1.9,0.8091080001122464,15
real_audit_extraction,graphrag_style,audit/nlp,real,unspecified,completed_tasks,3,2,0,0.0,0.0,0.0,143,333,2.33,0.4166879998592776,12
real_audit_extraction,graphrag_style,audit/nlp,real,unspecified,decisions,2,3,2,0.6667,1.0,0.8,143,333,2.33,0.4166879998592776,12
real_audit_extraction,graphrag_style,audit/nlp,real,unspecified,files,4,4,4,1.0,1.0,1.0,143,333,2.33,0.4166879998592776,12
real_audit_extraction,graphrag_style,audit/nlp,real,unspecified,errors,3,3,1,0.3333,0.3333,0.3333,143,333,2.33,0.4166879998592776,12
real_audit_extraction,mem0_style,audit/nlp,real,unspecified,completed_tasks,3,5,2,0.4,0.6667,0.5,174,333,1.91,0.8730639999612322,15
real_audit_extraction,mem0_style,audit/nlp,real,unspecified,decisions,2,3,2,0.6667,1.0,0.8,174,333,1.91,0.8730639999612322,15
real_audit_extraction,mem0_style,audit/nlp,real,unspecified,files,4,4,4,1.0,1.0,1.0,174,333,1.91,0.8730639999612322,15
real_audit_extraction,mem0_style,audit/nlp,real,unspecified,errors,3,3,1,0.3333,0.3333,0.3333,174,333,1.91,0.8730639999612322,15
real_audit_extraction,memgpt_style,audit/nlp,real,unspecified,completed_tasks,3,3,1,0.3333,0.3333,0.3333,76,333,4.38,0.3794090000610595,6
real_audit_extraction,memgpt_style,audit/nlp,real,unspecified,decisions,2,2,1,0.5,0.5,0.5,76,333,4.38,0.3794090000610595,6
real_audit_extraction,memgpt_style,audit/nlp,real,unspecified,files,4,1,1,1.0,0.25,0.4,76,333,4.38,0.3794090000610595,6
real_audit_extraction,memgpt_style,audit/nlp,real,unspecified,errors,3,0,0,1.0,0.0,0.0,76,333,4.38,0.3794090000610595,6
real_audit_extraction,sliding_window_10,audit/nlp,real,unspecified,completed_tasks,3,14,3,0.2143,1.0,0.3529,271,333,1.23,0.0029180000638007186,14
real_audit_extraction,sliding_window_10,audit/nlp,real,unspecified,pending_tasks,0,14,0,0.0,1.0,0.0,271,333,1.23,0.0029180000638007186,14
real_audit_extraction,sliding_window_10,audit/nlp,real,unspecified,decisions,2,14,1,0.0714,0.5,0.125,271,333,1.23,0.0029180000638007186,14
real_audit_extraction,sliding_window_10,audit/nlp,real,unspecified,files,4,14,2,0.1429,0.5,0.2222,271,333,1.23,0.0029180000638007186,14
real_audit_extraction,sliding_window_10,audit/nlp,real,unspecified,errors,3,14,3,0.2857,1.0,0.4444,271,333,1.23,0.0029180000638007186,14
real_audit_extraction,naive_truncation,audit/nlp,real,unspecified,completed_tasks,3,14,3,0.2143,1.0,0.3529,271,333,1.23,0.009347000059278798,14
real_audit_extraction,naive_truncation,audit/nlp,real,unspecified,pending_tasks,0,14,0,0.0,1.0,0.0,271,333,1.23,0.009347000059278798,14
real_audit_extraction,naive_truncation,audit/nlp,real,unspecified,decisions,2,14,1,0.0714,0.5,0.125,271,333,1.23,0.009347000059278798,14
real_audit_extraction,naive_truncation,audit/nlp,real,unspecified,files,4,14,2,0.1429,0.5,0.2222,271,333,1.23,0.009347000059278798,14
real_audit_extraction,naive_truncation,audit/nlp,real,unspecified,errors,3,14,3,0.2857,1.0,0.4444,271,333,1.23,0.009347000059278798,14
real_audit_extraction,naive_summary,audit/nlp,real,unspecified,completed_tasks,3,10,2,0.2,0.6667,0.3077,188,333,1.77,0.032672000088496134,10
real_audit_extraction,naive_summary,audit/nlp,real,unspecified,pending_tasks,0,10,0,0.0,1.0,0.0,188,333,1.77,0.032672000088496134,10
real_audit_extraction,naive_summary,audit/nlp,real,unspecified,decisions,2,10,1,0.1,0.5,0.1667,188,333,1.77,0.032672000088496134,10
real_audit_extraction,naive_summary,audit/nlp,real,unspecified,files,4,10,3,0.2,0.75,0.3158,188,333,1.77,0.032672000088496134,10
real_audit_extraction,naive_summary,audit/nlp,real,unspecified,errors,3,10,1,0.2,0.3333,0.25,188,333,1.77,0.032672000088496134,10
real_audit_persistence,tokenmizer_v0.5.2,audit/python,real,unspecified,completed_tasks,3,3,3,1.0,1.0,1.0,124,322,2.6,41.50326600006338,9
real_audit_persistence,tokenmizer_v0.5.2,audit/python,real,unspecified,decisions,2,2,2,1.0,1.0,1.0,124,322,2.6,41.50326600006338,9
real_audit_persistence,tokenmizer_v0.5.2,audit/python,real,unspecified,files,3,3,3,1.0,1.0,1.0,124,322,2.6,41.50326600006338,9
real_audit_persistence,tokenmizer_v0.5.2,audit/python,real,unspecified,errors,1,1,1,1.0,1.0,1.0,124,322,2.6,41.50326600006338,9
real_audit_persistence,graphiti_style,audit/python,real,unspecified,completed_tasks,3,4,2,0.5,0.6667,0.5714,128,322,2.52,0.7902759998614783,12
real_audit_persistence,graphiti_style,audit/python,real,unspecified,pending_tasks,0,2,0,0.0,1.0,0.0,128,322,2.52,0.7902759998614783,12
real_audit_persistence,graphiti_style,audit/python,real,unspecified,decisions,2,2,2,1.0,1.0,1.0,128,322,2.52,0.7902759998614783,12
real_audit_persistence,graphiti_style,audit/python,real,unspecified,files,3,4,3,0.75,1.0,0.8571,128,322,2.52,0.7902759998614783,12
real_audit_persistence,graphiti_style,audit/python,real,unspecified,errors,1,0,0,1.0,0.0,0.0,128,322,2.52,0.7902759998614783,12
real_audit_persistence,graphrag_style,audit/python,real,unspecified,completed_tasks,3,1,1,1.0,0.3333,0.5,74,322,4.35,0.40000500007408846,7
real_audit_persistence,graphrag_style,audit/python,real,unspecified,decisions,2,2,2,1.0,1.0,1.0,74,322,4.35,0.40000500007408846,7
real_audit_persistence,graphrag_style,audit/python,real,unspecified,files,3,4,3,0.75,1.0,0.8571,74,322,4.35,0.40000500007408846,7
real_audit_persistence,graphrag_style,audit/python,real,unspecified,errors,1,0,0,1.0,0.0,0.0,74,322,4.35,0.40000500007408846,7
real_audit_persistence,mem0_style,audit/python,real,unspecified,completed_tasks,3,4,2,0.5,0.6667,0.5714,127,322,2.54,0.8635100000446982,12
real_audit_persistence,mem0_style,audit/python,real,unspecified,pending_tasks,0,2,0,0.0,1.0,0.0,127,322,2.54,0.8635100000446982,12
real_audit_persistence,mem0_style,audit/python,real,unspecified,decisions,2,2,2,1.0,1.0,1.0,127,322,2.54,0.8635100000446982,12
real_audit_persistence,mem0_style,audit/python,real,unspecified,files,3,4,3,0.75,1.0,0.8571,127,322,2.54,0.8635100000446982,12
real_audit_persistence,mem0_style,audit/python,real,unspecified,errors,1,0,0,1.0,0.0,0.0,127,322,2.54,0.8635100000446982,12
real_audit_persistence,memgpt_style,audit/python,real,unspecified,completed_tasks,3,3,2,0.6667,0.6667,0.6667,76,322,4.24,0.2835880000020552,7
real_audit_persistence,memgpt_style,audit/python,real,unspecified,pending_tasks,0,1,0,0.0,1.0,0.0,76,322,4.24,0.2835880000020552,7
real_audit_persistence,memgpt_style,audit/python,real,unspecified,decisions,2,0,0,1.0,0.0,0.0,76,322,4.24,0.2835880000020552,7
real_audit_persistence,memgpt_style,audit/python,real,unspecified,files,3,3,2,0.6667,0.6667,0.6667,76,322,4.24,0.2835880000020552,7
real_audit_persistence,memgpt_style,audit/python,real,unspecified,errors,1,0,0,1.0,0.0,0.0,76,322,4.24,0.2835880000020552,7
real_audit_persistence,sliding_window_10,audit/python,real,unspecified,completed_tasks,3,15,3,0.2,1.0,0.3333,270,322,1.19,0.002945000005638576,15
real_audit_persistence,sliding_window_10,audit/python,real,unspecified,pending_tasks,0,15,0,0.0,1.0,0.0,270,322,1.19,0.002945000005638576,15
real_audit_persistence,sliding_window_10,audit/python,real,unspecified,decisions,2,15,2,0.1333,1.0,0.2353,270,322,1.19,0.002945000005638576,15
real_audit_persistence,sliding_window_10,audit/python,real,unspecified,files,3,15,2,0.1333,0.6667,0.2222,270,322,1.19,0.002945000005638576,15
real_audit_persistence,sliding_window_10,audit/python,real,unspecified,errors,1,15,1,0.0667,1.0,0.125,270,322,1.19,0.002945000005638576,15
real_audit_persistence,naive_truncation,audit/python,real,unspecified,completed_tasks,3,15,3,0.2,1.0,0.3333,270,322,1.19,0.009137000006376184,15
real_audit_persistence,naive_truncation,audit/python,real,unspecified,pending_tasks,0,15,0,0.0,1.0,0.0,270,322,1.19,0.009137000006376184,15
real_audit_persistence,naive_truncation,audit/python,real,unspecified,decisions,2,15,2,0.1333,1.0,0.2353,270,322,1.19,0.009137000006376184,15
real_audit_persistence,naive_truncation,audit/python,real,unspecified,files,3,15,2,0.1333,0.6667,0.2222,270,322,1.19,0.009137000006376184,15
real_audit_persistence,naive_truncation,audit/python,real,unspecified,errors,1,15,1,0.0667,1.0,0.125,270,322,1.19,0.009137000006376184,15
real_audit_persistence,naive_summary,audit/python,real,unspecified,completed_tasks,3,10,0,0.0,0.0,0.0,178,322,1.81,0.03298999990875018,10
real_audit_persistence,naive_summary,audit/python,real,unspecified,pending_tasks,0,10,0,0.0,1.0,0.0,178,322,1.81,0.03298999990875018,10
real_audit_persistence,naive_summary,audit/python,real,unspecified,decisions,2,10,2,0.2,1.0,0.3333,178,322,1.81,0.03298999990875018,10
real_audit_persistence,naive_summary,audit/python,real,unspecified,files,3,10,1,0.1,0.3333,0.1538,178,322,1.81,0.03298999990875018,10
real_audit_persistence,naive_summary,audit/python,real,unspecified,errors,1,10,1,0.1,1.0,0.1818,178,322,1.81,0.03298999990875018,10
real_audit_security,tokenmizer_v0.5.2,audit/security,real,unspecified,completed_tasks,3,3,3,1.0,1.0,1.0,100,240,2.4,41.29545099999632,9
real_audit_security,tokenmizer_v0.5.2,audit/security,real,unspecified,decisions,3,3,3,1.0,1.0,1.0,100,240,2.4,41.29545099999632,9
real_audit_security,tokenmizer_v0.5.2,audit/security,real,unspecified,files,2,2,2,1.0,1.0,1.0,100,240,2.4,41.29545099999632,9
real_audit_security,tokenmizer_v0.5.2,audit/security,real,unspecified,errors,1,1,1,1.0,1.0,1.0,100,240,2.4,41.29545099999632,9
real_audit_security,graphiti_style,audit/security,real,unspecified,completed_tasks,3,3,1,0.3333,0.3333,0.3333,82,240,2.93,0.6074430000353459,9
real_audit_security,graphiti_style,audit/security,real,unspecified,decisions,3,4,3,0.75,1.0,0.8571,82,240,2.93,0.6074430000353459,9
real_audit_security,graphiti_style,audit/security,real,unspecified,files,2,2,2,1.0,1.0,1.0,82,240,2.93,0.6074430000353459,9
real_audit_security,graphiti_style,audit/security,real,unspecified,errors,1,0,0,1.0,0.0,0.0,82,240,2.93,0.6074430000353459,9
real_audit_security,graphrag_style,audit/security,real,unspecified,completed_tasks,3,2,1,0.5,0.3333,0.4,77,240,3.12,0.31344599983640364,8
real_audit_security,graphrag_style,audit/security,real,unspecified,decisions,3,4,3,0.75,1.0,0.8571,77,240,3.12,0.31344599983640364,8
real_audit_security,graphrag_style,audit/security,real,unspecified,files,2,2,2,1.0,1.0,1.0,77,240,3.12,0.31344599983640364,8
real_audit_security,graphrag_style,audit/security,real,unspecified,errors,1,0,0,1.0,0.0,0.0,77,240,3.12,0.31344599983640364,8
real_audit_security,mem0_style,audit/security,real,unspecified,completed_tasks,3,3,1,0.3333,0.3333,0.3333,81,240,2.96,0.6149529999674996,9
real_audit_security,mem0_style,audit/security,real,unspecified,decisions,3,4,3,0.75,1.0,0.8571,81,240,2.96,0.6149529999674996,9
real_audit_security,mem0_style,audit/security,real,unspecified,files,2,2,2,1.0,1.0,1.0,81,240,2.96,0.6149529999674996,9
real_audit_security,mem0_style,audit/security,real,unspecified,errors,1,0,0,1.0,0.0,0.0,81,240,2.96,0.6149529999674996,9
real_audit_security,memgpt_style,audit/security,real,unspecified,completed_tasks,3,3,1,0.3333,0.3333,0.3333,68,240,3.53,0.31740600002194697,8
real_audit_security,memgpt_style,audit/security,real,unspecified,decisions,3,3,2,0.6667,0.6667,0.6667,68,240,3.53,0.31740600002194697,8
real_audit_security,memgpt_style,audit/security,real,unspecified,files,2,2,2,1.0,1.0,1.0,68,240,3.53,0.31740600002194697,8
real_audit_security,memgpt_style,audit/security,real,unspecified,errors,1,0,0,1.0,0.0,0.0,68,240,3.53,0.31740600002194697,8
real_audit_security,sliding_window_10,audit/security,real,unspecified,completed_tasks,3,14,3,0.2143,1.0,0.3529,246,240,0.98,0.003957999979320448,14
real_audit_security,sliding_window_10,audit/security,real,unspecified,pending_tasks,0,14,0,0.0,1.0,0.0,246,240,0.98,0.003957999979320448,14
real_audit_security,sliding_window_10,audit/security,real,unspecified,decisions,3,14,3,0.2143,1.0,0.3529,246,240,0.98,0.003957999979320448,14
real_audit_security,sliding_window_10,audit/security,real,unspecified,files,2,14,2,0.1429,1.0,0.25,246,240,0.98,0.003957999979320448,14
real_audit_security,sliding_window_10,audit/security,real,unspecified,errors,1,14,1,0.0714,1.0,0.1333,246,240,0.98,0.003957999979320448,14
real_audit_security,naive_truncation,audit/security,real,unspecified,completed_tasks,3,14,3,0.2143,1.0,0.3529,246,240,0.98,0.00814899999568297,14
real_audit_security,naive_truncation,audit/security,real,unspecified,pending_tasks,0,14,0,0.0,1.0,0.0,246,240,0.98,0.00814899999568297,14
real_audit_security,naive_truncation,audit/security,real,unspecified,decisions,3,14,3,0.2143,1.0,0.3529,246,240,0.98,0.00814899999568297,14
real_audit_security,naive_truncation,audit/security,real,unspecified,files,2,14,2,0.1429,1.0,0.25,246,240,0.98,0.00814899999568297,14
real_audit_security,naive_truncation,audit/security,real,unspecified,errors,1,14,1,0.0714,1.0,0.1333,246,240,0.98,0.00814899999568297,14
real_audit_security,naive_summary,audit/security,real,unspecified,completed_tasks,3,11,1,0.0909,0.3333,0.1429,187,240,1.28,0.03593099995669036,11
real_audit_security,naive_summary,audit/security,real,unspecified,pending_tasks,0,11,0,0.0,1.0,0.0,187,240,1.28,0.03593099995669036,11
real_audit_security,naive_summary,audit/security,real,unspecified,decisions,3,11,3,0.2727,1.0,0.4286,187,240,1.28,0.03593099995669036,11
real_audit_security,naive_summary,audit/security,real,unspecified,files,2,11,1,0.0909,0.5,0.1538,187,240,1.28,0.03593099995669036,11
real_audit_security,naive_summary,audit/security,real,unspecified,errors,1,11,1,0.0909,1.0,0.1667,187,240,1.28,0.03593099995669036,11
real_audit_tokenizer,tokenmizer_v0.5.2,audit/infra,real,unspecified,completed_tasks,0,1,0,0.0,1.0,0.0,86,213,2.48,38.638001999970584,8
real_audit_tokenizer,tokenmizer_v0.5.2,audit/infra,real,unspecified,pending_tasks,1,0,0,1.0,0.0,0.0,86,213,2.48,38.638001999970584,8
real_audit_tokenizer,tokenmizer_v0.5.2,audit/infra,real,unspecified,decisions,2,2,2,1.0,1.0,1.0,86,213,2.48,38.638001999970584,8
real_audit_tokenizer,tokenmizer_v0.5.2,audit/infra,real,unspecified,files,2,2,2,1.0,1.0,1.0,86,213,2.48,38.638001999970584,8
real_audit_tokenizer,tokenmizer_v0.5.2,audit/infra,real,unspecified,errors,3,3,3,1.0,1.0,1.0,86,213,2.48,38.638001999970584,8
real_audit_tokenizer,graphiti_style,audit/infra,real,unspecified,completed_tasks,0,1,0,0.0,1.0,0.0,118,213,1.81,0.5367300000216346,7
real_audit_tokenizer,graphiti_style,audit/infra,real,unspecified,pending_tasks,1,1,1,1.0,1.0,1.0,118,213,1.81,0.5367300000216346,7
real_audit_tokenizer,graphiti_style,audit/infra,real,unspecified,decisions,2,3,2,0.6667,1.0,0.8,118,213,1.81,0.5367300000216346,7
real_audit_tokenizer,graphiti_style,audit/infra,real,unspecified,files,2,1,1,1.0,0.5,0.6667,118,213,1.81,0.5367300000216346,7
real_audit_tokenizer,graphiti_style,audit/infra,real,unspecified,errors,3,1,0,0.0,0.0,0.0,118,213,1.81,0.5367300000216346,7
real_audit_tokenizer,graphrag_style,audit/infra,real,unspecified,pending_tasks,1,0,0,1.0,0.0,0.0,105,213,2.03,0.2867410000817472,8
real_audit_tokenizer,graphrag_style,audit/infra,real,unspecified,decisions,2,3,2,0.6667,1.0,0.8,105,213,2.03,0.2867410000817472,8
real_audit_tokenizer,graphrag_style,audit/infra,real,unspecified,files,2,1,1,1.0,0.5,0.6667,105,213,2.03,0.2867410000817472,8
real_audit_tokenizer,graphrag_style,audit/infra,real,unspecified,errors,3,4,1,0.25,0.3333,0.2857,105,213,2.03,0.2867410000817472,8
real_audit_tokenizer,mem0_style,audit/infra,real,unspecified,completed_tasks,0,1,0,0.0,1.0,0.0,117,213,1.82,0.5410670000856044,7
real_audit_tokenizer,mem0_style,audit/infra,real,unspecified,pending_tasks,1,1,1,1.0,1.0,1.0,117,213,1.82,0.5410670000856044,7
real_audit_tokenizer,mem0_style,audit/infra,real,unspecified,decisions,2,3,2,0.6667,1.0,0.8,117,213,1.82,0.5410670000856044,7
real_audit_tokenizer,mem0_style,audit/infra,real,unspecified,files,2,1,1,1.0,0.5,0.6667,117,213,1.82,0.5410670000856044,7
real_audit_tokenizer,mem0_style,audit/infra,real,unspecified,errors,3,1,0,0.0,0.0,0.0,117,213,1.82,0.5410670000856044,7
real_audit_tokenizer,memgpt_style,audit/infra,real,unspecified,completed_tasks,0,1,0,0.0,1.0,0.0,97,213,2.2,0.3901539998878434,6
real_audit_tokenizer,memgpt_style,audit/infra,real,unspecified,pending_tasks,1,1,1,1.0,1.0,1.0,97,213,2.2,0.3901539998878434,6
real_audit_tokenizer,memgpt_style,audit/infra,real,unspecified,decisions,2,2,2,1.0,1.0,1.0,97,213,2.2,0.3901539998878434,6
real_audit_tokenizer,memgpt_style,audit/infra,real,unspecified,files,2,1,1,1.0,0.5,0.6667,97,213,2.2,0.3901539998878434,6
real_audit_tokenizer,memgpt_style,audit/infra,real,unspecified,errors,3,1,0,0.0,0.0,0.0,97,213,2.2,0.3901539998878434,6
real_audit_tokenizer,sliding_window_10,audit/infra,real,unspecified,completed_tasks,0,13,0,0.0,1.0,0.0,218,213,0.98,0.00365999994755839,13
real_audit_tokenizer,sliding_window_10,audit/infra,real,unspecified,pending_tasks,1,13,1,0.0769,1.0,0.1429,218,213,0.98,0.00365999994755839,13
real_audit_tokenizer,sliding_window_10,audit/infra,real,unspecified,decisions,2,13,2,0.1538,1.0,0.2667,218,213,0.98,0.00365999994755839,13
real_audit_tokenizer,sliding_window_10,audit/infra,real,unspecified,files,2,13,2,0.1538,1.0,0.2667,218,213,0.98,0.00365999994755839,13
real_audit_tokenizer,sliding_window_10,audit/infra,real,unspecified,errors,3,13,3,0.2308,1.0,0.375,218,213,0.98,0.00365999994755839,13
real_audit_tokenizer,naive_truncation,audit/infra,real,unspecified,completed_tasks,0,13,0,0.0,1.0,0.0,218,213,0.98,0.0091879999217781,13
real_audit_tokenizer,naive_truncation,audit/infra,real,unspecified,pending_tasks,1,13,1,0.0769,1.0,0.1429,218,213,0.98,0.0091879999217781,13
real_audit_tokenizer,naive_truncation,audit/infra,real,unspecified,decisions,2,13,2,0.1538,1.0,0.2667,218,213,0.98,0.0091879999217781,13
real_audit_tokenizer,naive_truncation,audit/infra,real,unspecified,files,2,13,2,0.1538,1.0,0.2667,218,213,0.98,0.0091879999217781,13
real_audit_tokenizer,naive_truncation,audit/infra,real,unspecified,errors,3,13,3,0.2308,1.0,0.375,218,213,0.98,0.0091879999217781,13
real_audit_tokenizer,naive_summary,audit/infra,real,unspecified,completed_tasks,0,11,0,0.0,1.0,0.0,178,213,1.2,0.027327999987392104,11
real_audit_tokenizer,naive_summary,audit/infra,real,unspecified,pending_tasks,1,11,0,0.0,0.0,0.0,178,213,1.2,0.027327999987392104,11
real_audit_tokenizer,naive_summary,audit/infra,real,unspecified,decisions,2,11,1,0.0909,0.5,0.1538,178,213,1.2,0.027327999987392104,11
real_audit_tokenizer,naive_summary,audit/infra,real,unspecified,files,2,11,1,0.0909,0.5,0.1538,178,213,1.2,0.027327999987392104,11
real_audit_tokenizer,naive_summary,audit/infra,real,unspecified,errors,3,11,3,0.2727,1.0,0.4286,178,213,1.2,0.027327999987392104,11
rust_cli,tokenmizer_v0.5.2,systems/rust,synthetic,unspecified,completed_tasks,3,3,3,1.0,1.0,1.0,95,148,1.56,36.905706999959875,10
rust_cli,tokenmizer_v0.5.2,systems/rust,synthetic,unspecified,pending_tasks,1,1,1,1.0,1.0,1.0,95,148,1.56,36.905706999959875,10
rust_cli,tokenmizer_v0.5.2,systems/rust,synthetic,unspecified,decisions,3,2,3,1.0,1.0,1.0,95,148,1.56,36.905706999959875,10
rust_cli,tokenmizer_v0.5.2,systems/rust,synthetic,unspecified,files,3,3,3,1.0,1.0,1.0,95,148,1.56,36.905706999959875,10
rust_cli,tokenmizer_v0.5.2,systems/rust,synthetic,unspecified,errors,1,1,1,1.0,1.0,1.0,95,148,1.56,36.905706999959875,10
rust_cli,graphiti_style,systems/rust,synthetic,unspecified,completed_tasks,3,4,2,0.5,0.6667,0.5714,109,148,1.36,0.3938569998354069,12
rust_cli,graphiti_style,systems/rust,synthetic,unspecified,pending_tasks,1,1,1,1.0,1.0,1.0,109,148,1.36,0.3938569998354069,12
rust_cli,graphiti_style,systems/rust,synthetic,unspecified,decisions,3,2,3,1.0,1.0,1.0,109,148,1.36,0.3938569998354069,12
rust_cli,graphiti_style,systems/rust,synthetic,unspecified,files,3,3,3,1.0,1.0,1.0,109,148,1.36,0.3938569998354069,12
rust_cli,graphiti_style,systems/rust,synthetic,unspecified,errors,1,2,0,0.0,0.0,0.0,109,148,1.36,0.3938569998354069,12
rust_cli,graphrag_style,systems/rust,synthetic,unspecified,completed_tasks,3,1,0,0.0,0.0,0.0,68,148,2.18,0.21143000003576162,8
rust_cli,graphrag_style,systems/rust,synthetic,unspecified,pending_tasks,1,0,0,1.0,0.0,0.0,68,148,2.18,0.21143000003576162,8
rust_cli,graphrag_style,systems/rust,synthetic,unspecified,decisions,3,2,3,1.0,1.0,1.0,68,148,2.18,0.21143000003576162,8
rust_cli,graphrag_style,systems/rust,synthetic,unspecified,files,3,3,3,1.0,1.0,1.0,68,148,2.18,0.21143000003576162,8
rust_cli,graphrag_style,systems/rust,synthetic,unspecified,errors,1,2,0,0.0,0.0,0.0,68,148,2.18,0.21143000003576162,8
rust_cli,mem0_style,systems/rust,synthetic,unspecified,completed_tasks,3,4,2,0.5,0.6667,0.5714,108,148,1.37,0.40781999996397644,12
rust_cli,mem0_style,systems/rust,synthetic,unspecified,pending_tasks,1,1,1,1.0,1.0,1.0,108,148,1.37,0.40781999996397644,12
rust_cli,mem0_style,systems/rust,synthetic,unspecified,decisions,3,2,3,1.0,1.0,1.0,108,148,1.37,0.40781999996397644,12
rust_cli,mem0_style,systems/rust,synthetic,unspecified,files,3,3,3,1.0,1.0,1.0,108,148,1.37,0.40781999996397644,12
rust_cli,mem0_style,systems/rust,synthetic,unspecified,errors,1,2,0,0.0,0.0,0.0,108,148,1.37,0.40781999996397644,12
rust_cli,memgpt_style,systems/rust,synthetic,unspecified,completed_tasks,3,3,2,0.6667,0.6667,0.6667,80,148,1.85,0.2678769999420183,7
rust_cli,memgpt_style,systems/rust,synthetic,unspecified,pending_tasks,1,1,1,1.0,1.0,1.0,80,148,1.85,0.2678769999420183,7
rust_cli,memgpt_style,systems/rust,synthetic,unspecified,decisions,3,1,1,1.0,0.3333,0.5,80,148,1.85,0.2678769999420183,7
rust_cli,memgpt_style,systems/rust,synthetic,unspecified,files,3,1,1,1.0,0.3333,0.5,80,148,1.85,0.2678769999420183,7
rust_cli,memgpt_style,systems/rust,synthetic,unspecified,errors,1,1,0,0.0,0.0,0.0,80,148,1.85,0.2678769999420183,7
rust_cli,sliding_window_10,systems/rust,synthetic,unspecified,completed_tasks,3,9,3,0.4444,1.0,0.6154,151,148,0.98,0.003431999857639312,9
rust_cli,sliding_window_10,systems/rust,synthetic,unspecified,pending_tasks,1,9,1,0.1111,1.0,0.2,151,148,0.98,0.003431999857639312,9
rust_cli,sliding_window_10,systems/rust,synthetic,unspecified,decisions,3,9,3,0.2222,1.0,0.3636,151,148,0.98,0.003431999857639312,9
rust_cli,sliding_window_10,systems/rust,synthetic,unspecified,files,3,9,3,0.3333,1.0,0.5,151,148,0.98,0.003431999857639312,9
rust_cli,sliding_window_10,systems/rust,synthetic,unspecified,errors,1,9,1,0.1111,1.0,0.2,151,148,0.98,0.003431999857639312,9
rust_cli,naive_truncation,systems/rust,synthetic,unspecified,completed_tasks,3,9,3,0.4444,1.0,0.6154,151,148,0.98,0.007659999937459361,9
rust_cli,naive_truncation,systems/rust,synthetic,unspecified,pending_tasks,1,9,1,0.1111,1.0,0.2,151,148,0.98,0.007659999937459361,9
rust_cli,naive_truncation,systems/rust,synthetic,unspecified,decisions,3,9,3,0.2222,1.0,0.3636,151,148,0.98,0.007659999937459361,9
rust_cli,naive_truncation,systems/rust,synthetic,unspecified,files,3,9,3,0.3333,1.0,0.5,151,148,0.98,0.007659999937459361,9
rust_cli,naive_truncation,systems/rust,synthetic,unspecified,errors,1,9,1,0.1111,1.0,0.2,151,148,0.98,0.007659999937459361,9
rust_cli,naive_summary,systems/rust,synthetic,unspecified,completed_tasks,3,9,3,0.4444,1.0,0.6154,151,148,0.98,0.025580000055924756,9
rust_cli,naive_summary,systems/rust,synthetic,unspecified,pending_tasks,1,9,1,0.1111,1.0,0.2,151,148,0.98,0.025580000055924756,9
rust_cli,naive_summary,systems/rust,synthetic,unspecified,decisions,3,9,3,0.2222,1.0,0.3636,151,148,0.98,0.025580000055924756,9
rust_cli,naive_summary,systems/rust,synthetic,unspecified,files,3,9,3,0.3333,1.0,0.5,151,148,0.98,0.025580000055924756,9
rust_cli,naive_summary,systems/rust,synthetic,unspecified,errors,1,9,1,0.1111,1.0,0.2,151,148,0.98,0.025580000055924756,9
